pdf_page,cet_level,raw_family
21,CET-4,a/an
21,CET-4,abandon
21,CET-6,abbreviation
21,CET-6,abide
21,CET-4,able ability
21,CET-6,abnormal
21,CET-4,aboard
21,CET-4,abolish abolition
21,CET-6,abort abortion
21,CET-4,about
21,CET-4,above
21,CET-6,abreast
21,CET-4,abroad
21,CET-6,abrupt
21,CET-4,absent absence
21,CET-4,absolute
21,CET-4,absorb absorption
21,CET-4,abstract
21,CET-6,absurd absurdity
21,CET-4,abundant abundance
21,CET-4,abuse abusive
21,CET-4,academy academic academician
21,CET-4,accelerate acceleration
21,CET-4,accent
21,CET-4,accept acceptance acceptable
21,CET-4,access accessible
21,CET-6,accessory
21,CET-4,accident accidental
21,CET-6,acclaim
21,CET-4,accommodate accommodation
21,CET-4,accompany
21,CET-4,accomplish accomplishment
21,CET-4,accord
21,CET-4,accordance
21,CET-4,accordingto
21,CET-4,accordingly
21,CET-4,account accounting accountant accountancy
21,CET-4,accountable accountability
21,CET-4,accumulate accumulation accumulative
21,CET-4,accurate accuracy
21,CET-4,accuse accusation
21,CET-4,accustom accustomed
22,CET-4,ace
22,CET-4,ache
22,CET-4,achieve achievement
22,CET-4,acid acidity
22,CET-4,acknowledge acknowledgement
22,CET-4,acquaint acquaintance
22,CET-4,acquire acquisition
22,CET-4,acre
22,CET-4,across
22,CET-4,act action acting
22,CET-6,activate
22,CET-4,active activity activist
22,CET-4,actor actress
22,CET-4,actual actually
22,CET-6,acupuncture
22,CET-4,acute
22,CET-4,adapt adaptation adaptive
22,CET-4,add addition additional
22,CET-4,addict addiction addictive
22,CET-4,address
22,CET-4,adequate adequacy adequately
22,CET-6,adhere adherence
22,CET-6,adjacent
22,CET-4,adjective
22,CET-4,adjust adjustment
22,CET-4,administer/administrate administration administrative
22,CET-4,admire admiration admirable
22,CET-4,admit admission admittance admittedly
22,CET-6,adolescent adolescence
22,CET-4,adopt adoption
22,CET-6,adore adorable
22,CET-4,adult adulthood
22,CET-4,advance advancement advanced
22,CET-4,advantage advantageous
22,CET-6,advent
22,CET-4,adventure adventurer adventurous
22,CET-4,adverb
22,CET-6,adversary
22,CET-6,adverse adversity
22,CET-4,advertise advertisement/ad advertising
22,CET-4,advice
22,CET-4,advise advisor/Ｇer advisory advisable
23,CET-4,advocate advocacy
23,CET-4,aerial
23,CET-6,aesthetic aesthetics
23,CET-4,affair
23,CET-4,affect
23,CET-4,affection affectionate
23,CET-6,affiliate affiliation
23,CET-6,affirm affirmation affirmative
23,CET-6,affix affixation
23,CET-4,affluent affluence
23,CET-4,afford affordable affordability
23,CET-6,afloat
23,CET-4,afraid
23,CET-4,after
23,CET-6,aftermath
23,CET-4,afternoon
23,CET-4,afterward(s)
23,CET-4,again
23,CET-4,against
23,CET-4,age aged ag(e)ing
23,CET-4,agenda
23,CET-4,agent agency
23,CET-6,aggravate aggravation
23,CET-6,aggregate
23,CET-4,aggressive aggression
23,CET-6,agitate agitation
23,CET-4,ago
23,CET-6,agony
23,CET-4,agree agreement agreeable
23,CET-4,agriculture agricultural
23,CET-4,ahead
23,CET-4,aid
23,CET-6,aide
23,CET-4,AIDS
23,CET-6,ail ailment
23,CET-4,aim
23,CET-4,air
23,CET-6,airborne
23,CET-4,airＧconditioning airＧconditioner
23,CET-4,aircraft
23,CET-4,airline
23,CET-4,airplane/aeroplane
24,CET-4,airport
24,CET-4,aisle
24,CET-6,akin
24,CET-4,alarm
24,CET-4,album
24,CET-4,alcohol alcoholic
24,CET-6,ale
24,CET-4,alert
24,CET-4,algebra
24,CET-6,alien alienate alienation
24,CET-6,align alignment
24,CET-4,alike
24,CET-4,alive
24,CET-4,all
24,CET-4,allege allegation alleged allegedly
24,CET-6,allergic allergy
24,CET-6,alleviate alleviation
24,CET-4,alley
24,CET-6,allocate allocation
24,CET-6,allot allotment
24,CET-4,allow
24,CET-4,allowance
24,CET-6,alloy
24,CET-6,allude allusion
24,CET-6,allure allurement
24,CET-4,ally alliance
24,CET-6,almighty
24,CET-4,almost
24,CET-6,aloft
24,CET-4,alone
24,CET-4,along
24,CET-4,alongside
24,CET-4,aloud
24,CET-4,alphabet alphabetic(al)
24,CET-4,already
24,CET-4,also
24,CET-4,alter alteration
24,CET-6,alternate alternation alternately
24,CET-4,alternative
24,CET-4,although
24,CET-4,altitude
24,CET-4,altogether
25,CET-4,alumin(i)um
25,CET-4,always
25,CET-4,am
25,CET-6,amass
25,CET-4,amateur
25,CET-4,amaze amazing amazement
25,CET-4,ambassador
25,CET-6,ambiguous ambiguity
25,CET-4,ambition ambitious
25,CET-4,ambulance
25,CET-6,amend amendment
25,CET-6,amiable
25,CET-4,amid(st)
25,CET-6,ammunition
25,CET-4,among(st)
25,CET-4,amount
25,CET-4,ample
25,CET-6,amplify amplification
25,CET-4,amuse amusing amusement
25,CET-6,analogue analogous
25,CET-6,analogy
25,CET-4,analyze/Ｇyse analysis analytic(al) analyst
25,CET-4,ancestor ancestry
25,CET-4,anchor anchorage
25,CET-4,ancient
25,CET-4,and
25,CET-6,anecdote anecdotal
25,CET-4,anew
25,CET-4,angel
25,CET-4,angle
25,CET-4,angry anger
25,CET-6,anguish
25,CET-4,animal
25,CET-6,animate animated animation
25,CET-4,ankle
25,CET-6,annex annexation
25,CET-4,anniversary
25,CET-4,announce announcement
25,CET-4,annoy annoyance
25,CET-4,annual
25,CET-6,anonymous anonymity
25,CET-4,another
26,CET-4,answer
26,CET-4,ant
26,CET-6,antagonism antagonist antagonistic antagonistically
26,CET-6,antenna
26,CET-6,antibiotic
26,CET-4,anticipate anticipation
26,CET-4,antique
26,CET-6,antonym
26,CET-4,anxious anxiety
26,CET-4,any
26,CET-4,anybody/anyone
26,CET-4,anyhow
26,CET-4,anything
26,CET-4,anyway
26,CET-4,anywhere
26,CET-4,apart
26,CET-4,apartment/apt．
26,CET-6,ape
26,CET-4,apology apologize/Ｇise apologetic
26,CET-4,app
26,CET-6,appal(l) appalling
26,CET-4,apparatus
26,CET-4,apparent apparently
26,CET-4,appeal appealing
26,CET-4,appear appearance
26,CET-6,appease appeasement
26,CET-6,appendix
26,CET-4,appetite
26,CET-4,applaud applause
26,CET-4,apple
26,CET-4,appliance
26,CET-4,apply application applicant applicable
26,CET-4,appoint appointment
26,CET-6,appraise appraisal
26,CET-4,appreciate appreciation appreciative
26,CET-6,apprentice
26,CET-4,approach
26,CET-4,appropriate１
26,CET-6,appropriate２
26,CET-4,approve approval
26,CET-4,approximate approximately approximation
26,CET-4,April
27,CET-6,apron
27,CET-6,apt aptly
27,CET-4,aptitude
27,CET-4,arbitrary arbitrarily
27,CET-6,arbitrate arbitration
27,CET-6,arc
27,CET-6,arch
27,CET-4,architect
27,CET-4,architecture
27,CET-6,archive
27,CET-6,ardent
27,CET-4,area
27,CET-6,arena
27,CET-4,argue argument argumentation argumentative arguable
27,CET-4,arise
27,CET-6,aristocrat aristocratic aristocracy
27,CET-4,arithmetic
27,CET-4,arm armament
27,CET-6,armo(u)r
27,CET-4,army
27,CET-4,around
27,CET-4,arouse arousal
27,CET-4,arrange arrangement
27,CET-6,array
27,CET-4,arrest
27,CET-4,arrive arrival
27,CET-6,arrogant arrogance
27,CET-4,arrow
27,CET-4,art artist artistic artistically
27,CET-6,artery
27,CET-4,article
27,CET-6,articulate articulation
27,CET-6,artifact
27,CET-4,artificial
27,CET-6,artillery
27,CET-4,as
27,CET-6,ascend ascendance
27,CET-6,ascertain
27,CET-6,ascribe
27,CET-4,ash
27,CET-4,ashamed
27,CET-4,ashore
28,CET-4,aside
28,CET-4,ask
28,CET-4,asleep
28,CET-4,aspect
28,CET-6,aspire aspiration
28,CET-4,ass
28,CET-6,assassinate assassination assassin
28,CET-6,assault
28,CET-4,assemble assembly
28,CET-6,assert assertion assertive
28,CET-4,assess assessment
28,CET-4,asset
28,CET-4,assign assignment
28,CET-6,assimilate assimilation
28,CET-4,assist assistance assistant
28,CET-4,associate association
28,CET-6,assorted
28,CET-6,assortment
28,CET-4,assume assumption
28,CET-4,assure assurance
28,CET-4,astonish astonishment
28,CET-6,astray
28,CET-4,astronaut
28,CET-4,astronomy astronomer astronomical
28,CET-6,asylum
28,CET-4,at
28,CET-4,athlete athletic
28,CET-6,atlas
28,CET-4,atmosphere atmospheric
28,CET-4,atom atomic
28,CET-4,atop
28,CET-6,atrocity atrocious
28,CET-4,attach attachment
28,CET-4,attack
28,CET-4,attain attainment
28,CET-4,attempt
28,CET-4,attend attendance attendant
28,CET-4,attention attentive
28,CET-4,attic
28,CET-4,attitude
28,CET-4,attorney
28,CET-4,attract attraction attractive
29,CET-4,attribute attributable attributive
29,CET-6,auction auctioneer
29,CET-4,audience
29,CET-4,audio
29,CET-6,audit auditing auditor
29,CET-4,auditorium
29,CET-6,augment augmentation
29,CET-4,August
29,CET-4,aunt auntie
29,CET-4,authentic authenticity
29,CET-4,author
29,CET-4,authority authoritative
29,CET-4,authorize/Ｇise authorization/Ｇsation
29,CET-4,auto(mobile)
29,CET-6,autobiography autobiographic(al)
29,CET-4,automate automation automatic automatically
29,CET-6,autonomous autonomy
29,CET-4,autumn
29,CET-6,auxiliary
29,CET-6,avail
29,CET-4,available availability
29,CET-6,avenge
29,CET-4,avenue
29,CET-4,average
29,CET-6,avert aversion
29,CET-4,aviation
29,CET-4,avoid avoidance
29,CET-4,await
29,CET-4,awake
29,CET-4,award
29,CET-4,aware awareness
29,CET-4,away
29,CET-4,awe
29,CET-4,awesome
29,CET-4,awful
29,CET-4,awkward
29,CET-4,ax(e)
29,CET-4,axis
29,CET-4,baby
29,CET-4,babyboom babyboomer
29,CET-4,bachelor
29,CET-4,back
30,CET-4,background
30,CET-4,backup
30,CET-4,backward backwards
30,CET-4,backyard
30,CET-4,bacon
30,CET-4,bacteria
30,CET-4,bad
30,CET-4,badge
30,CET-4,badly
30,CET-4,badminton
30,CET-6,baffle
30,CET-4,bag
30,CET-4,baggage
30,CET-4,bail
30,CET-4,bait
30,CET-4,bake bakery
30,CET-4,balance
30,CET-4,balcony
30,CET-6,bald
30,CET-4,ball
30,CET-4,ballet
30,CET-4,balloon
30,CET-4,ballot
30,CET-4,bamboo
30,CET-4,ban
30,CET-4,banana
30,CET-4,band
30,CET-4,bandage
30,CET-4,bang
30,CET-4,bank１
30,CET-4,bank２
30,CET-4,banknote
30,CET-4,bankrupt bankruptcy
30,CET-4,banner
30,CET-4,banquet
30,CET-4,bar
30,CET-4,barbecue/BBQ
30,CET-4,barber
30,CET-4,bare barely
30,CET-4,bargain
30,CET-6,barge
30,CET-4,bark
31,CET-6,barn
31,CET-6,barometer
31,CET-6,barracks
31,CET-4,barrel
31,CET-6,barren
31,CET-4,barrier
31,CET-4,base
31,CET-4,baseball
31,CET-4,basement
31,CET-4,basic basically
31,CET-4,basin
31,CET-4,basis
31,CET-4,basket
31,CET-4,basketball
31,CET-6,bass
31,CET-4,bat
31,CET-4,batch
31,CET-4,bath
31,CET-4,bathe
31,CET-4,bathroom
31,CET-4,battalion
31,CET-6,batter
31,CET-4,battery
31,CET-4,battle
31,CET-4,bay
31,CET-4,be
31,CET-4,beach
31,CET-6,bead
31,CET-6,beak
31,CET-4,beam
31,CET-4,bean
31,CET-4,bear
31,CET-4,beard
31,CET-4,bearing
31,CET-4,beast
31,CET-4,beat
31,CET-4,beauty beautiful beautify
31,CET-4,because
31,CET-6,beckon
31,CET-4,become
31,CET-4,bed bedding
31,CET-4,bee
32,CET-4,beef
32,CET-4,beer
32,CET-6,beetle
32,CET-4,before
32,CET-4,beforehand
32,CET-4,beg beggar
32,CET-4,begin beginning
32,CET-4,behalf
32,CET-4,behave behavio(u)r behavio(u)ral
32,CET-4,behind
32,CET-4,being
32,CET-4,belief
32,CET-4,believe
32,CET-4,bell
32,CET-4,belly
32,CET-4,belong belongings
32,CET-4,beloved
32,CET-4,below
32,CET-4,belt
32,CET-4,bench
32,CET-4,bend
32,CET-4,beneath
32,CET-4,benefit beneficial beneficiary
32,CET-6,benevolent benevolence
32,CET-6,benign
32,CET-4,berry
32,CET-6,beset
32,CET-4,beside
32,CET-4,besides
32,CET-6,besiege
32,CET-4,best
32,CET-4,bestＧseller bestＧselling
32,CET-4,bet
32,CET-4,betray betrayal
32,CET-4,better
32,CET-4,between
32,CET-4,beverage
32,CET-6,beware
32,CET-6,bewilder bewilderment
32,CET-4,beyond
32,CET-4,bias
32,CET-4,Bible Biblical/biblical
33,CET-6,bibliography
33,CET-4,bicycle/bike
33,CET-4,bid
33,CET-4,big
33,CET-6,bilateral
33,CET-4,bill
33,CET-4,billion billionaire
33,CET-4,bin
33,CET-4,bind
33,CET-6,binoculars
33,CET-4,biochemistry biochemical biochemist
33,CET-4,biography biographical biographer
33,CET-4,biology biological biologist
33,CET-4,biotechnology
33,CET-4,bird
33,CET-4,birth
33,CET-4,birthday
33,CET-4,biscuit
33,CET-6,bishop
33,CET-4,bit
33,CET-4,bitch
33,CET-4,bite
33,CET-4,bitter
33,CET-6,bizarre
33,CET-4,black
33,CET-4,blackboard
33,CET-6,blackmail
33,CET-4,blade
33,CET-4,blame
33,CET-4,blank
33,CET-4,blanket
33,CET-4,blast
33,CET-6,blaze
33,CET-6,bleach
33,CET-6,bleak
33,CET-4,bleed
33,CET-4,blend
33,CET-4,bless blessing
33,CET-4,blind
33,CET-6,blink
33,CET-6,bloc
33,CET-4,block
34,CET-4,blog
34,CET-4,blond(e)
34,CET-4,blood bloody
34,CET-4,bloom
34,CET-4,blossom
34,CET-4,blouse
34,CET-4,blow
34,CET-4,blue
34,CET-4,blueprint
34,CET-6,bluff
34,CET-6,blunder
34,CET-6,blunt
34,CET-4,blur
34,CET-6,blush
34,CET-4,board
34,CET-4,boast boastful
34,CET-4,boat
34,CET-4,body bodily
34,CET-4,boil boiler
34,CET-4,bold
34,CET-6,bolster
34,CET-4,bolt
34,CET-4,bomb
34,CET-4,bond bondage
34,CET-4,bone bony
34,CET-4,bonus
34,CET-4,book
34,CET-4,boom
34,CET-4,boost
34,CET-4,boot
34,CET-4,booth
34,CET-4,border
34,CET-4,bore１
34,CET-4,bore２
34,CET-4,born
34,CET-4,borrow
34,CET-4,boss
34,CET-6,botany botanical
34,CET-4,both
34,CET-4,bother
34,CET-4,bottle
34,CET-4,bottom
35,CET-4,bounce
35,CET-4,bound１
35,CET-4,bound２
35,CET-4,bound３
35,CET-4,boundary
35,CET-6,bouquet
35,CET-6,bout
35,CET-4,bow１
35,CET-4,bow２
35,CET-4,bowel
35,CET-4,bowl
35,CET-4,box１
35,CET-4,box２
35,CET-4,boxing
35,CET-4,boy
35,CET-6,boycott
35,CET-6,brace
35,CET-4,bracket
35,CET-4,brag
35,CET-4,brain
35,CET-4,brake
35,CET-4,branch
35,CET-4,brand
35,CET-4,brandＧnew
35,CET-4,brandy
35,CET-4,brass
35,CET-4,brave bravery
35,CET-6,breach
35,CET-4,bread
35,CET-4,break
35,CET-4,breakdown
35,CET-4,breakfast
35,CET-4,breakthrough
35,CET-4,breast
35,CET-4,breath
35,CET-4,breathe
35,CET-4,breed
35,CET-4,breeze
35,CET-6,brew brewery
35,CET-4,bribe bribery
35,CET-4,brick
35,CET-4,bride
36,CET-4,bridegroom
36,CET-4,bridge
36,CET-4,brief briefing
36,CET-4,briefcase
36,CET-6,brigade
36,CET-4,bright brighten
36,CET-4,brilliant brilliance
36,CET-4,bring
36,CET-6,brink
36,CET-6,brisk
36,CET-4,broad broaden breadth
36,CET-4,broadcast
36,CET-4,brochure
36,CET-4,broke
36,CET-4,broker
36,CET-6,bronze
36,CET-6,brood
36,CET-4,broom
36,CET-4,brother
36,CET-4,brow
36,CET-4,brown
36,CET-4,browse browser
36,CET-6,bruise
36,CET-4,brunch
36,CET-4,brush
36,CET-4,brutal brutality
36,CET-4,bubble
36,CET-4,buck
36,CET-4,bucket
36,CET-4,buckle
36,CET-4,bud
36,CET-4,buddy
36,CET-6,Buddhism Buddhist
36,CET-4,budget budgetary
36,CET-6,buffalo
36,CET-6,buffer
36,CET-4,buffet
36,CET-4,bug
36,CET-4,build building
36,CET-4,bulb
36,CET-4,bulk bulky
36,CET-4,bull
37,CET-4,bullet
37,CET-4,bulletin
37,CET-4,bully
37,CET-4,bump
37,CET-4,bumper
37,CET-4,bunch
37,CET-4,bundle
37,CET-4,burden
37,CET-4,bureau
37,CET-6,bureaucrat bureaucratic bureaucracy
37,CET-6,burglar burglary
37,CET-4,burn
37,CET-4,burst
37,CET-4,bury burial
37,CET-4,bus
37,CET-4,bush bushy
37,CET-4,business
37,CET-4,businessman
37,CET-6,bust
37,CET-4,busy
37,CET-4,but
37,CET-4,butcher
37,CET-6,butt
37,CET-4,butter
37,CET-4,butterfly
37,CET-4,button
37,CET-4,buy buyer
37,CET-6,buzz
37,CET-4,by
37,CET-4,bypass
37,CET-4,bystander
37,CET-4,cab
37,CET-4,cabbage
37,CET-4,cabin
37,CET-4,cabinet
37,CET-4,cable
37,CET-4,cafe
37,CET-4,cafeteria
37,CET-4,cage
37,CET-4,cake
37,CET-6,calcium
37,CET-4,calculate calculation calculator calculating
38,CET-4,calendar
38,CET-4,calf
38,CET-4,call
38,CET-4,calling
38,CET-4,calm
38,CET-4,calorie
38,CET-4,camel
38,CET-4,camera
38,CET-4,camp
38,CET-4,campaign
38,CET-4,campus
38,CET-4,can１
38,CET-4,can２
38,CET-4,canal
38,CET-4,cancel cancellation
38,CET-4,cancer
38,CET-4,candidate candidacy
38,CET-4,candle
38,CET-4,candy
38,CET-4,cane
38,CET-6,cannon
38,CET-6,canoe
38,CET-4,canteen
38,CET-6,canvas
38,CET-4,cap
38,CET-4,capable capability
38,CET-4,capacity
38,CET-6,cape
38,CET-4,capital capitalist capitalism
38,CET-6,capsule
38,CET-4,captain
38,CET-6,caption
38,CET-6,captive
38,CET-4,capture
38,CET-4,car
38,CET-6,caravan
38,CET-6,carbohydrate
38,CET-4,carbon
38,CET-4,card
38,CET-4,cardboard
38,CET-6,cardinal
38,CET-4,care careful careless
39,CET-4,career
39,CET-4,cargo
39,CET-4,carpenter
39,CET-4,carpet
39,CET-4,carriage
39,CET-4,carrier
39,CET-4,carrot
39,CET-4,carry
39,CET-4,cart
39,CET-6,carton
39,CET-4,cartoon cartoonist
39,CET-6,carve carving
39,CET-4,case
39,CET-4,cash
39,CET-4,cashier
39,CET-6,casino
39,CET-4,cast
39,CET-4,castle
39,CET-4,casual
39,CET-6,casualty
39,CET-4,cat
39,CET-4,catalog(ue)
39,CET-6,catastrophe catastrophic
39,CET-4,catch
39,CET-4,category
39,CET-4,cater
39,CET-6,cathedral
39,CET-6,Catholic
39,CET-4,cattle
39,CET-6,cauliflower
39,CET-4,cause
39,CET-4,caution cautious
39,CET-4,cave
39,CET-6,cavity
39,CET-4,cease
39,CET-4,ceiling
39,CET-4,celebrate celebration
39,CET-6,celebrity
39,CET-4,cell
39,CET-4,cellar
39,CET-4,cellＧphone
39,CET-4,Celsius/Ｇcius
40,CET-4,cement
40,CET-6,cemetery
40,CET-6,censor censorship
40,CET-6,census
40,CET-4,cent
40,CET-4,center/Ｇtre central centralize/Ｇise
40,CET-4,centigrade
40,CET-4,centimeter/Ｇtre
40,CET-4,century
40,CET-6,ceramic
40,CET-4,cereal
40,CET-4,ceremony ceremonial
40,CET-4,certain certainly certainty
40,CET-4,certificate
40,CET-6,certify certification
40,CET-4,chain
40,CET-4,chair
40,CET-4,chairman/chairperson
40,CET-4,chalk
40,CET-4,challenge challenging
40,CET-6,chamber
40,CET-4,champagne
40,CET-4,champion championship
40,CET-4,chance
40,CET-6,chancellor
40,CET-4,change
40,CET-4,channel
40,CET-6,chant
40,CET-4,chaos chaotic
40,CET-6,chapel
40,CET-4,chapter
40,CET-4,character characteristic characterize/Ｇise
40,CET-4,charge
40,CET-4,charity charitable
40,CET-4,charm charming
40,CET-4,chart
40,CET-4,charter
40,CET-4,chase
40,CET-4,chat
40,CET-4,cheap
40,CET-4,cheat
40,CET-4,check１
41,CET-4,check２/cheque
41,CET-4,cheek
41,CET-4,cheer cheerful
41,CET-4,cheese
41,CET-4,chef
41,CET-4,chemistry chemical chemist
41,CET-4,cherish
41,CET-4,chess
41,CET-4,chest
41,CET-4,chew
41,CET-4,chicken
41,CET-4,chief
41,CET-4,child childish
41,CET-4,chill chilly
41,CET-4,chimney
41,CET-4,chin
41,CET-4,china
41,CET-4,chip
41,CET-4,chocolate
41,CET-4,choice
41,CET-6,choir
41,CET-4,choke
41,CET-4,cholesterol
41,CET-4,choose choosy
41,CET-4,chop
41,CET-4,chopstick
41,CET-6,chord
41,CET-4,chore
41,CET-4,chorus
41,CET-4,Christ Christmas Christian Christianity
41,CET-6,chronic chronically
41,CET-6,chronicle
41,CET-6,chunk
41,CET-4,church
41,CET-4,cigar
41,CET-4,cigaret(te)
41,CET-4,cinema
41,CET-4,circle circular
41,CET-4,circuit
41,CET-4,circulate circulation
41,CET-4,circumstance
41,CET-4,circus
42,CET-4,cite citation
42,CET-4,citizen citizenship
42,CET-4,city
42,CET-6,civic
42,CET-4,civil civilize/Ｇise civilization/Ｇsation
42,CET-4,civilian
42,CET-4,claim
42,CET-6,clamp
42,CET-6,clan
42,CET-4,clap
42,CET-4,clarity clarify clarification
42,CET-4,clash
42,CET-6,clasp
42,CET-4,class
42,CET-4,classic classical
42,CET-4,classify classification classified
42,CET-4,classmate
42,CET-4,classroom
42,CET-4,clause
42,CET-4,claw
42,CET-4,clay
42,CET-4,clean
42,CET-6,cleanse
42,CET-4,clear clearly
42,CET-6,clearance
42,CET-4,clearＧcut
42,CET-6,clearing
42,CET-6,clench
42,CET-6,clergy
42,CET-4,clerk clerical
42,CET-4,clever
42,CET-6,cliché
42,CET-4,click
42,CET-4,client
42,CET-4,cliff
42,CET-4,climate climatic
42,CET-4,climax
42,CET-4,climb
42,CET-4,cling
42,CET-4,clinic clinical
42,CET-4,clip
42,CET-6,cloak
43,CET-4,clock
43,CET-4,clockwise
43,CET-6,clog
43,CET-4,clone
43,CET-4,close
43,CET-6,closet
43,CET-4,cloth
43,CET-4,clothe clothing
43,CET-4,clothes
43,CET-4,cloud cloudy
43,CET-4,clown
43,CET-4,club
43,CET-4,clue
43,CET-4,clumsy
43,CET-6,cluster
43,CET-6,clutch
43,CET-4,coach
43,CET-4,coal
43,CET-6,coalition
43,CET-4,coarse
43,CET-4,coast coastal
43,CET-4,coat
43,CET-6,cocaine
43,CET-4,cock
43,CET-6,cockpit
43,CET-6,cocktail
43,CET-6,coconut
43,CET-4,code
43,CET-6,coexist coexistence
43,CET-4,coffee
43,CET-6,cognitive cognition
43,CET-4,coherent coherence
43,CET-4,cohesion cohesive
43,CET-4,coil
43,CET-4,coin coinage
43,CET-6,coincide coincidence
43,CET-4,cold
43,CET-4,collaborate collaboration collaborative
43,CET-4,collapse
43,CET-4,collar
43,CET-4,colleague
43,CET-4,collect collection
44,CET-4,collective
44,CET-4,college
44,CET-6,collide collision
44,CET-4,colon semiＧcolon
44,CET-6,colonel
44,CET-4,colony colonial colonialism colonize/Ｇise
44,CET-4,colo(u)r colo(u)rful
44,CET-4,column columnist
44,CET-4,comb
44,CET-4,combat combative
44,CET-4,combine combination
44,CET-4,come
44,CET-4,comedy
44,CET-6,comet
44,CET-4,comfort comfortable
44,CET-6,comic
44,CET-4,comma
44,CET-4,command commander
44,CET-6,commemorate commemoration
44,CET-4,commence commencement
44,CET-6,commend commendation
44,CET-4,comment commentary commentator
44,CET-4,commerce commercial commercialize/Ｇise
44,CET-4,commission
44,CET-4,commit commitment
44,CET-4,committee
44,CET-4,commodity
44,CET-4,common
44,CET-4,commonplace
44,CET-6,commonwealth
44,CET-4,communicate communication communicative
44,CET-4,commune communist communism
44,CET-4,community
44,CET-4,commute commuter
44,CET-4,compact
44,CET-4,companion companionship
44,CET-4,company
44,CET-4,compare comparison comparative comparable
44,CET-6,compartment
44,CET-4,compass
44,CET-6,compassion compassionate
44,CET-4,compatible compatibility
45,CET-4,compel compelling
45,CET-4,compensate compensation compensatory
45,CET-4,compete competition competitive competitor
45,CET-4,competent competence
45,CET-6,compile compilation
45,CET-6,complacent complacency
45,CET-4,complain complaint
45,CET-6,complement complementary
45,CET-4,complete completion
45,CET-4,complex complexity
45,CET-6,complexion
45,CET-4,complicate complicated complication
45,CET-6,compliment complimentary
45,CET-4,comply compliance
45,CET-4,component
45,CET-4,compose composition composer
45,CET-6,composite
45,CET-4,compound１
45,CET-4,compound２
45,CET-4,comprehend comprehension
45,CET-4,comprehensive
45,CET-6,compress compression
45,CET-4,comprise
45,CET-4,compromise
45,CET-4,compulsory
45,CET-4,compute computer computerize/Ｇise computation
45,CET-4,comrade
45,CET-4,conceal concealment
45,CET-6,concede concession
45,CET-6,conceit conceited
45,CET-6,conceive conception
45,CET-4,concentrate concentration
45,CET-4,concept conceptual
45,CET-4,concern concerned concerning
45,CET-4,concert concerted
45,CET-6,concise
45,CET-4,conclude conclusion conclusive
45,CET-4,concrete
45,CET-6,concurrent
45,CET-4,condemn condemnation
45,CET-4,condense condensation
45,CET-4,condition conditional conditioner
46,CET-6,condolence
46,CET-6,conducive
46,CET-4,conduct conductor
46,CET-6,confederation confederate
46,CET-6,confer
46,CET-4,conference
46,CET-4,confess confession
46,CET-6,confide
46,CET-4,confidence confident confidential
46,CET-6,configuration
46,CET-4,confine confinement
46,CET-4,confirm confirmation
46,CET-4,conflict
46,CET-4,conform conformity
46,CET-4,confront confrontation
46,CET-4,Confucian Confucianism
46,CET-4,confuse confusion
46,CET-4,congratulate congratulation congratulatory
46,CET-6,congregate congregation
46,CET-4,congress congressional
46,CET-4,conjunction
46,CET-4,connect connection/Ｇxion
46,CET-6,connotation
46,CET-4,conquer conqueror conquest
46,CET-4,conscience
46,CET-4,conscientious
46,CET-4,conscious consciousness
46,CET-6,consecutive
46,CET-4,consensus
46,CET-4,consent
46,CET-4,consequence consequent consequently
46,CET-4,conservative
46,CET-6,conserve conservation
46,CET-4,consider consideration considering
46,CET-4,considerable
46,CET-4,considerate
46,CET-4,consist
46,CET-4,consistent consistency
46,CET-6,console consolation
46,CET-4,consolidate consolidation
46,CET-6,conspicuous
46,CET-6,conspire conspiracy
47,CET-4,constant
47,CET-6,constituent constituency
47,CET-4,constitute
47,CET-4,constitution constitutional
47,CET-6,constrain constraint
47,CET-4,construct construction
47,CET-6,consulate consul
47,CET-4,consult consultation consultative consultant
47,CET-4,consume consumer consumption
47,CET-4,contact
47,CET-6,contagious
47,CET-4,contain container containment
47,CET-4,contaminate contamination
47,CET-6,contemplate contemplation contemplative
47,CET-4,contemporary
47,CET-4,contempt contemptible
47,CET-4,contend contention contentious
47,CET-4,content１
47,CET-4,content２
47,CET-4,contest contestant
47,CET-4,context contextual
47,CET-4,continent continental
47,CET-6,contingent
47,CET-4,continue continuation continual continuous continuity
47,CET-4,contract１
47,CET-4,contract２
47,CET-4,contradict contradiction contradictory
47,CET-4,contrary
47,CET-4,contrast
47,CET-4,contribute contribution contributor
47,CET-6,contrive
47,CET-4,control
47,CET-4,controversy controversial
47,CET-6,convene
47,CET-4,convenient convenience
47,CET-4,convention conventional
47,CET-6,converge convergence
47,CET-4,converse１
47,CET-6,converse２
47,CET-4,convert conversion convertible
47,CET-4,convey conveyance
47,CET-6,convict conviction
48,CET-4,convince convincing
48,CET-6,convoy
48,CET-4,cook cooker
48,CET-4,cookie
48,CET-4,cool
48,CET-4,cooperate cooperation cooperative
48,CET-4,coordinate coordination coordinator
48,CET-4,cop
48,CET-4,cope
48,CET-4,copper
48,CET-4,copy
48,CET-4,copyright
48,CET-6,coral
48,CET-4,cord
48,CET-6,cordial cordiality
48,CET-4,core
48,CET-6,cork
48,CET-4,corn
48,CET-4,corner
48,CET-4,cornerstone
48,CET-6,corporal
48,CET-4,corporation corporate
48,CET-4,corps
48,CET-6,corpse
48,CET-4,correct correction corrective
48,CET-6,correlate correlation correlative
48,CET-4,correspond correspondence correspondent corresponding
48,CET-4,corridor
48,CET-6,corrode corrosion
48,CET-4,corrupt corruption
48,CET-6,cosmetic
48,CET-6,cosmopolitan
48,CET-4,cosmos cosmic
48,CET-4,cost costly
48,CET-4,costume
48,CET-4,cottage
48,CET-4,cotton
48,CET-4,couch
48,CET-4,cough
48,CET-4,could
48,CET-4,council council(l)or
48,CET-4,counsel counsel(l)or
49,CET-4,count
49,CET-4,countdown
49,CET-4,counter
49,CET-6,counteract counteraction
49,CET-6,counterfeit
49,CET-4,counterpart
49,CET-4,country
49,CET-4,countryside
49,CET-4,county
49,CET-6,coup(d􀆳état)
49,CET-4,couple
49,CET-4,coupon
49,CET-4,courage courageous
49,CET-4,course
49,CET-4,court１
49,CET-4,court２
49,CET-6,courtesy
49,CET-4,courtyard
49,CET-4,cousin
49,CET-4,cover coverage
49,CET-4,cow
49,CET-4,coward cowardly cowardice
49,CET-4,cowboy
49,CET-6,cozy/Ｇsy
49,CET-4,crab
49,CET-4,crack
49,CET-6,crackdown
49,CET-4,cracker
49,CET-6,cradle
49,CET-4,craft
49,CET-6,cram
49,CET-4,crane
49,CET-4,crash
49,CET-6,crate
49,CET-6,crave
49,CET-4,crawl
49,CET-4,crazy craze
49,CET-4,cream creamy
49,CET-4,create creation creative creator
49,CET-4,creature
49,CET-6,credential
49,CET-6,credible credibility
50,CET-4,credit creditable
50,CET-4,creep
50,CET-4,crew
50,CET-6,cricket
50,CET-4,crime criminal
50,CET-6,cripple
50,CET-4,crisis
50,CET-6,crisp
50,CET-4,criterion
50,CET-4,criticize/Ｇise criticism critic critical
50,CET-4,crocodile
50,CET-4,crop
50,CET-4,cross crossing
50,CET-6,crouch
50,CET-6,crow
50,CET-4,crowd crowded
50,CET-4,crown
50,CET-4,crucial
50,CET-6,crude
50,CET-4,cruel cruelty
50,CET-4,cruise cruiser
50,CET-6,crumble
50,CET-6,crunch
50,CET-4,crush
50,CET-6,crust
50,CET-4,cry
50,CET-4,crystal
50,CET-6,cub
50,CET-4,cube cubic
50,CET-4,cucumber
50,CET-4,cue
50,CET-6,cuisine
50,CET-6,culminate culmination
50,CET-6,cult
50,CET-4,cultivate cultivation
50,CET-4,culture cultural
50,CET-6,cumulative
50,CET-6,cunning
50,CET-4,cup
50,CET-4,cupboard
50,CET-4,curb
50,CET-4,cure curable
51,CET-6,curfew
51,CET-4,curious curiosity
51,CET-4,curl
51,CET-4,currency
51,CET-4,current currently
51,CET-4,curriculum
51,CET-4,curse
51,CET-6,curtail
51,CET-4,curtain
51,CET-4,curve
51,CET-4,cushion
51,CET-6,custody
51,CET-4,custom customary
51,CET-4,customer
51,CET-4,customs
51,CET-4,cut
51,CET-4,cute
51,CET-4,cyberspace
51,CET-4,cycle cycling cyclist
51,CET-6,cylinder
51,CET-6,cynical cynicism
51,CET-4,dad(dy)
51,CET-4,daily
51,CET-4,dairy
51,CET-4,dam
51,CET-4,damage
51,CET-4,damn
51,CET-4,damp dampen
51,CET-4,dance
51,CET-4,danger dangerous
51,CET-4,dare daring
51,CET-4,dark darkness darken
51,CET-4,darling
51,CET-6,dart
51,CET-4,dash
51,CET-4,data datum
51,CET-4,database
51,CET-4,date１
51,CET-4,date２
51,CET-4,daughter
51,CET-4,dawn
51,CET-4,day daily
52,CET-4,daylight
52,CET-6,dazzle
52,CET-4,dead
52,CET-4,deadline
52,CET-6,deadlock
52,CET-4,deadly
52,CET-4,deaf
52,CET-4,deal１
52,CET-4,deal２
52,CET-4,dean
52,CET-4,dear
52,CET-4,death
52,CET-4,debate
52,CET-6,debris
52,CET-4,debt debtor
52,CET-6,debut
52,CET-4,decade
52,CET-4,decay
52,CET-4,deceive deceit deception deceptive
52,CET-4,December
52,CET-4,decent
52,CET-4,decide decision decisive
52,CET-6,decimal
52,CET-4,deck
52,CET-4,declare declaration declarative
52,CET-4,decline
52,CET-4,decorate decoration decorative
52,CET-4,decrease
52,CET-6,decree
52,CET-6,dedicate dedication
52,CET-6,deduce deducible
52,CET-6,deduct deduction deductive deductible
52,CET-4,deed
52,CET-4,deem
52,CET-4,deep deeply depth
52,CET-4,deer
52,CET-6,default
52,CET-4,defeat
52,CET-4,defect１
52,CET-4,defect２
52,CET-4,defend defense/Ｇce defensive defendant
52,CET-6,defer
53,CET-4,deficient deficiency
53,CET-4,deficit
53,CET-4,define definition
53,CET-4,definite definitely
53,CET-4,defy defiance defiant
53,CET-6,degenerate degeneration
53,CET-6,degrade degradation
53,CET-4,degree
53,CET-4,delay
53,CET-4,delegate delegation
53,CET-4,delete deletion
53,CET-4,deliberate deliberation
53,CET-6,delicacy
53,CET-4,delicate
53,CET-4,delicious
53,CET-4,delight delightful
53,CET-4,deliver delivery
53,CET-6,delude delusion
53,CET-4,demand demanding
53,CET-4,democracy democratic democrat
53,CET-6,demographic
53,CET-4,demonstrate demonstration/demo demonstrative
53,CET-6,denote denotation
53,CET-6,denounce denunciation
53,CET-4,dense density
53,CET-4,dent
53,CET-4,dental
53,CET-4,dentist
53,CET-4,deny denial
53,CET-4,depart departure
53,CET-4,department
53,CET-4,depend dependent dependence dependable
53,CET-6,depict depiction
53,CET-6,deplete depletion
53,CET-6,deplore
53,CET-6,deploy deployment
53,CET-6,deport deportation
53,CET-4,deposit
53,CET-6,depot
53,CET-6,depreciate depreciation
53,CET-4,depress depression
53,CET-4,deprive deprivation
54,CET-4,depth
54,CET-4,deputy
54,CET-6,derail derailment
54,CET-6,deregulate deregulation
54,CET-4,derive derivative derivation
54,CET-4,descend descent descendant
54,CET-4,describe description descriptive
54,CET-4,desert１
54,CET-4,desert２
54,CET-4,deserve
54,CET-4,design designer
54,CET-6,designate designation
54,CET-4,desire desirable desirability desirous
54,CET-4,desk
54,CET-4,desktop
54,CET-6,desolate
54,CET-4,despair desperate
54,CET-4,despatch
54,CET-6,despise
54,CET-4,despite
54,CET-4,dessert
54,CET-4,destination
54,CET-6,destiny destined
54,CET-4,destroy destruction destructive
54,CET-6,detach detached detachment
54,CET-4,detail detailed
54,CET-6,detain detention
54,CET-4,detect detection detective
54,CET-6,deter deterrent
54,CET-6,detergent
54,CET-4,deteriorate deterioration
54,CET-4,determine determination determined
54,CET-6,detriment detrimental
54,CET-6,devastate devastating devastation
54,CET-4,develop development developmental developer
54,CET-6,deviate deviation
54,CET-4,device
54,CET-4,devil
54,CET-4,devise
54,CET-4,devote devotion
54,CET-6,devour
54,CET-4,dew
55,CET-4,diabetes
55,CET-4,diagnose diagnosis
55,CET-4,diagram
55,CET-4,dial
55,CET-4,dialect
55,CET-4,dialog(ue)
55,CET-4,diameter
55,CET-4,diamond
55,CET-4,diary
55,CET-4,dictate dictation dictator
55,CET-4,dictionary
55,CET-4,die dying
55,CET-6,diesel
55,CET-4,diet dietary
55,CET-4,differ difference different
55,CET-6,differentiate differentiation
55,CET-4,difficult difficulty
55,CET-6,diffuse diffusion
55,CET-4,dig
55,CET-4,digest digestion digestive
55,CET-4,digit digital
55,CET-4,dignity dignify
55,CET-4,dilemma
55,CET-4,diligent diligence
55,CET-6,dilute dilution
55,CET-4,dim
55,CET-4,dime
55,CET-4,dimension dimensional
55,CET-6,diminish
55,CET-4,dine diner
55,CET-4,dinner
55,CET-6,dinosaur
55,CET-4,dioxide
55,CET-4,dip
55,CET-4,diploma
55,CET-4,diplomat diplomatic diplomacy
55,CET-4,direct direction director
55,CET-6,directory
55,CET-4,dirt dirty
55,CET-4,disable disabled disability
55,CET-4,disagree disagreement
55,CET-4,disappear disappearance
56,CET-4,disappoint disappointment disappointing
56,CET-4,disapprove disapproval
56,CET-6,disarm disarmament
56,CET-4,disaster disastrous
56,CET-4,discard
56,CET-6,discern
56,CET-4,discharge
56,CET-4,discipline disciplined disciplinary
56,CET-6,disclose disclosure
56,CET-4,disco
56,CET-6,discord
56,CET-4,discount
56,CET-4,discourage
56,CET-6,discourse
56,CET-4,discover discovery
56,CET-6,discreet
56,CET-6,discrepancy
56,CET-4,discriminate discrimination discriminatory
56,CET-4,discuss discussion
56,CET-4,disease
56,CET-4,disguise
56,CET-4,disgust disgusting
56,CET-4,dish
56,CET-4,disintegrate disintegration
56,CET-4,disk/disc
56,CET-4,dislike
56,CET-6,dismantle
56,CET-6,dismay
56,CET-4,dismiss dismissal
56,CET-4,disorder
56,CET-6,dispatch/despatch
56,CET-6,dispense
56,CET-6,disperse
56,CET-6,displace displacement
56,CET-4,display
56,CET-4,dispose disposal
56,CET-6,disposition
56,CET-4,dispute disputable
56,CET-6,disregard
56,CET-4,disrupt disruptive disruption
56,CET-6,dissent
56,CET-6,dissertation
57,CET-6,dissident
57,CET-4,dissolve
57,CET-4,distance distant
57,CET-6,distil(l)
57,CET-4,distinct distinction distinctive
57,CET-4,distinguish distinguishable
57,CET-6,distort distortion
57,CET-4,distract distraction
57,CET-4,distress distressful
57,CET-4,distribute distribution distributive
57,CET-4,district
57,CET-4,disturb disturbance
57,CET-4,ditch
57,CET-4,dive
57,CET-4,diverse diversify diversity
57,CET-6,divert diversion
57,CET-4,divide division divisive
57,CET-6,dividend
57,CET-6,divine
57,CET-4,divorce
57,CET-4,dizzy
57,CET-4,do
57,CET-4,dock
57,CET-4,doctor doctorate doctoral
57,CET-6,doctrine
57,CET-4,document documentary
57,CET-6,dodge
57,CET-4,dog
57,CET-6,dogma
57,CET-6,dole
57,CET-4,doll
57,CET-4,dollar
57,CET-4,dolphin
57,CET-6,domain
57,CET-6,dome
57,CET-4,domestic
57,CET-4,dominate domination dominance dominant
57,CET-4,donate donation donor
57,CET-4,donkey
57,CET-4,doom
57,CET-4,door
57,CET-4,dormitory/dorm
58,CET-4,dose dosage
58,CET-4,dot
58,CET-4,double
58,CET-4,doubt doubtful doubtless
58,CET-6,dough
58,CET-4,dove
58,CET-4,down
58,CET-6,downgrade
58,CET-4,download
58,CET-4,downstairs
58,CET-4,downtown
58,CET-4,downward downwards
58,CET-6,doze
58,CET-4,dozen
58,CET-4,draft
58,CET-4,drag
58,CET-4,dragon
58,CET-4,drain drainage
58,CET-4,drama dramatic dramatically
58,CET-4,drastic drastically
58,CET-4,draw drawing
58,CET-6,drawback
58,CET-4,drawer
58,CET-6,dread dreadful
58,CET-4,dream dreamy
58,CET-4,dress
58,CET-6,dressing
58,CET-4,drift
58,CET-4,drill
58,CET-4,drink
58,CET-4,drip
58,CET-4,drive driver
58,CET-4,drop
58,CET-4,dropout
58,CET-4,drought
58,CET-4,drown
58,CET-4,drug
58,CET-4,drum
58,CET-4,drunk drunken drunkard
58,CET-4,dry dryer
58,CET-4,dual
58,CET-6,dub
59,CET-6,dubious
59,CET-4,duck
59,CET-4,due duly
59,CET-4,dull
59,CET-4,dumb
59,CET-4,dump
59,CET-6,duplicate duplication
59,CET-4,durable durability
59,CET-4,duration
59,CET-4,during
59,CET-4,dusk
59,CET-4,dust dusty
59,CET-4,duty
59,CET-6,dwarf
59,CET-6,dwell dweller dwelling
59,CET-4,dye
59,CET-4,dynamic dynamics
59,CET-4,dynasty
59,CET-4,each
59,CET-4,eager
59,CET-4,eagle
59,CET-4,ear
59,CET-4,early
59,CET-4,earn earnings
59,CET-4,earnest
59,CET-4,earth
59,CET-4,earthquake
59,CET-4,ease
59,CET-4,east eastern
59,CET-6,Easter
59,CET-4,easy easily
59,CET-4,easyＧgoing
59,CET-4,eat
59,CET-6,eccentric
59,CET-4,echo
59,CET-6,eclipse
59,CET-4,ecology ecological
59,CET-4,economics economist
59,CET-4,economy economic economical
59,CET-6,ecosystem
59,CET-4,edge
59,CET-6,edible
60,CET-4,edit editor edition
60,CET-4,editorial
60,CET-4,educate education educational educator
60,CET-4,effect effective
60,CET-4,efficient efficiency
60,CET-4,effort
60,CET-4,egg
60,CET-4,eggplant
60,CET-6,ego egoism egoist
60,CET-4,eight
60,CET-4,eighteen
60,CET-4,eighth
60,CET-4,eighty
60,CET-4,either
60,CET-6,eject ejection
60,CET-6,elaborate elaboration
60,CET-6,elapse
60,CET-6,elastic elasticity
60,CET-4,elbow
60,CET-4,elder elderly
60,CET-4,elect election elective
60,CET-6,electoral electorate
60,CET-4,electricity electric(al) electrician
60,CET-4,electron electronic electronically electronics
60,CET-4,elegant elegance
60,CET-4,element
60,CET-4,elementary
60,CET-4,elephant
60,CET-4,elevate elevation elevator
60,CET-4,eleven
60,CET-6,elicit
60,CET-6,eligible eligibility
60,CET-4,eliminate elimination
60,CET-4,elite
60,CET-6,eloquent eloquence
60,CET-4,else
60,CET-4,elsewhere
60,CET-4,email
60,CET-6,emancipate emancipation
60,CET-6,embargo
60,CET-6,embark
60,CET-4,embarrass embarrassment
61,CET-4,embassy
61,CET-6,embed
61,CET-6,embody embodiment
61,CET-4,embrace
61,CET-6,embroidery
61,CET-4,emerge emergence
61,CET-4,emergency
61,CET-6,emigrate emigration emigrant
61,CET-6,eminent eminence
61,CET-4,emit emission
61,CET-4,emotion emotional
61,CET-4,emperor empress
61,CET-4,emphasis emphasize/Ｇise emphatic
61,CET-4,empire
61,CET-6,empirical
61,CET-4,employ employment employer employee
61,CET-4,empty emptiness
61,CET-6,emulate emulation
61,CET-4,enable
61,CET-6,enact enactment
61,CET-6,enclose enclosure
61,CET-4,encounter
61,CET-4,encourage encouragement encouraging
61,CET-6,encyclop(a)edia
61,CET-4,end ending endless
61,CET-4,endanger
61,CET-6,endeavo(u)r
61,CET-6,endorse endorsement
61,CET-6,endow endowment
61,CET-4,endure endurance
61,CET-4,enemy
61,CET-4,energy energetic energetically
61,CET-4,enforce enforcement
61,CET-4,engage engagement
61,CET-4,engine
61,CET-4,engineer engineering
61,CET-4,enhance enhancement
61,CET-4,enjoy enjoyable enjoyment
61,CET-4,enlarge
61,CET-4,enlighten enlightenment enlightening
61,CET-6,enlist
61,CET-4,enormous
62,CET-4,enough
62,CET-4,enquire enquiry
62,CET-4,enrich
62,CET-4,enrol(l) enrol(l)ment
62,CET-6,ensue
62,CET-4,ensure
62,CET-6,entail
62,CET-4,enter entrance entry
62,CET-4,enterprise enterprising
62,CET-4,entertain entertainment entertaining
62,CET-4,enthusiasm enthusiastic enthusiastically enthusiast
62,CET-4,entire entirety
62,CET-4,entitle
62,CET-6,entity
62,CET-4,entrepreneur entrepreneurial
62,CET-6,entrust
62,CET-6,envelop
62,CET-4,envelope
62,CET-4,environment environmental environmentalist
62,CET-6,envisage
62,CET-6,envoy
62,CET-4,envy envious
62,CET-6,epic
62,CET-6,epidemic
62,CET-4,episode
62,CET-6,epoch
62,CET-4,equal equally equality
62,CET-6,equate equation
62,CET-6,equator
62,CET-4,equip equipment
62,CET-6,equity equitable
62,CET-4,equivalent equivalence
62,CET-4,era
62,CET-6,eradicate eradication
62,CET-4,erase eraser
62,CET-6,erect erection
62,CET-6,erode erosion erosive
62,CET-4,err error erroneous
62,CET-6,errand
62,CET-6,erupt eruption
62,CET-6,escalate escalation escalator
62,CET-4,escape
63,CET-6,escort
63,CET-4,especially
63,CET-4,essay essayist
63,CET-4,essence essential
63,CET-4,establish establishment
63,CET-4,estate
63,CET-6,esteem
63,CET-6,esthetic/aesthetic esthetics/aesthetics
63,CET-4,estimate estimation
63,CET-4,eternal eternity
63,CET-4,ethic ethics
63,CET-4,ethnic
63,CET-6,etiquette
63,CET-4,euro
63,CET-6,evacuate evacuation
63,CET-6,evade evasive evasion
63,CET-4,evaluate evaluation
63,CET-6,evaporate evaporation
63,CET-4,eve
63,CET-4,even evenly
63,CET-4,evening
63,CET-4,event eventful
63,CET-4,eventually eventual eventuality
63,CET-4,ever
63,CET-4,every
63,CET-4,everybody
63,CET-4,everyday
63,CET-4,everyone
63,CET-4,everything
63,CET-4,everywhere
63,CET-4,evident evidence
63,CET-4,evil
63,CET-6,evoke
63,CET-4,evolve evolution evolutionary
63,CET-4,exact
63,CET-4,exaggerate exaggeration
63,CET-4,examine exam(ination) examiner examinee
63,CET-4,example exemplary exemplify
63,CET-4,exceed exceedingly
63,CET-4,excel
63,CET-4,excellent excellence
63,CET-4,except
64,CET-4,exception exceptional
64,CET-6,excerpt
64,CET-4,excess excessive
64,CET-4,exchange
64,CET-4,excite exciting excitement
64,CET-4,exclaim exclamation exclamatory
64,CET-4,exclude exclusion exclusive
64,CET-4,excursion
64,CET-4,excuse
64,CET-4,execute execution executive
64,CET-6,exempt exemption
64,CET-4,exercise
64,CET-4,exert exertion
64,CET-4,exhaust exhaustion exhaustive
64,CET-4,exhibit exhibition
64,CET-4,exile
64,CET-4,exist existence existent existing
64,CET-4,exit
64,CET-6,exotic
64,CET-4,expand expansion expansive
64,CET-4,expect expectation expectancy
64,CET-6,expedition
64,CET-4,expel
64,CET-4,expend expenditure
64,CET-4,expense expensive
64,CET-4,experience experienced
64,CET-4,experiment experimental
64,CET-4,expert
64,CET-4,expertise
64,CET-6,expire expiration
64,CET-4,explain explanation explanatory
64,CET-4,explicit
64,CET-4,explode explosion explosive
64,CET-4,exploit exploitation
64,CET-4,explore exploration
64,CET-6,exponent
64,CET-4,export exportation
64,CET-4,expose exposure
64,CET-6,exposition
64,CET-4,express expression expressive
64,CET-4,expressway
64,CET-6,exquisite
65,CET-4,extend extension extensive extended
65,CET-4,extent
65,CET-4,exterior
65,CET-4,external
65,CET-6,extinct extinction
65,CET-4,extinguish
65,CET-4,extra
65,CET-6,extract extraction
65,CET-4,extraordinary
65,CET-6,extravagant extravagance
65,CET-4,extreme extremity
65,CET-4,eye
65,CET-4,eyebrow
65,CET-4,eyesight
65,CET-4,fable
65,CET-4,fabric
65,CET-6,fabricate fabrication
65,CET-6,fabulous
65,CET-4,face facial
65,CET-6,facet
65,CET-4,facility facilitate facilitation
65,CET-4,fact factual
65,CET-6,faction
65,CET-4,factor
65,CET-4,factory
65,CET-4,faculty
65,CET-4,fade
65,CET-4,fail failure
65,CET-4,faint
65,CET-4,fair１
65,CET-4,fair２
65,CET-4,fairy
65,CET-4,faith faithful
65,CET-4,fake
65,CET-4,fall１
65,CET-4,fall２
65,CET-4,false falsehood
65,CET-4,fame famous
65,CET-4,familiar familiarity familiarize/Ｇise
65,CET-4,family
65,CET-4,famine
65,CET-4,fan
66,CET-4,fancy
66,CET-4,fantasy fantastic
66,CET-4,far
66,CET-4,fare
66,CET-4,farewell
66,CET-4,farm farmer farming
66,CET-4,farther
66,CET-4,fascinate fascinating fascination
66,CET-6,fascist fascism
66,CET-4,fashion fashionable
66,CET-4,fast
66,CET-4,fasten
66,CET-4,fat
66,CET-4,fatal fatality
66,CET-4,fate
66,CET-4,father fatherly
66,CET-4,fatigue
66,CET-4,fault faulty
66,CET-4,favo(u)r favo(u)rable favo(u)rite
66,CET-4,fax
66,CET-4,fear fearful
66,CET-4,feasible feasibility
66,CET-6,feast
66,CET-6,feat
66,CET-4,feather
66,CET-4,feature
66,CET-4,February
66,CET-4,federal
66,CET-4,federation
66,CET-4,fee
66,CET-6,feeble
66,CET-4,feed
66,CET-4,feedback
66,CET-4,feel feeling
66,CET-4,fellow fellowship
66,CET-4,female
66,CET-6,feminine feminism feminist
66,CET-4,fence
66,CET-4,ferry
66,CET-4,fertile fertility fertilizer/Ｇiser
66,CET-4,festival
66,CET-4,fetch
67,CET-4,fever feverish
67,CET-4,few
67,CET-4,fiber/Ｇbre
67,CET-4,fiction fictional
67,CET-4,field
67,CET-4,fierce
67,CET-4,fifteen
67,CET-4,fifth
67,CET-4,fifty
67,CET-4,fight
67,CET-4,figure figurative
67,CET-4,file
67,CET-4,fill filling
67,CET-4,film
67,CET-4,filter
67,CET-4,final finally finalize/Ｇise
67,CET-4,finance financial
67,CET-4,find finding
67,CET-4,fine１
67,CET-4,fine２
67,CET-4,finger
67,CET-4,fingerprint
67,CET-4,finish
67,CET-6,finite
67,CET-4,fire
67,CET-4,fireman
67,CET-4,fireplace
67,CET-4,fireworks
67,CET-4,firm１
67,CET-4,firm２
67,CET-4,first firstly
67,CET-6,fiscal
67,CET-4,fish fishing fisherman
67,CET-4,fist
67,CET-4,fit
67,CET-4,five
67,CET-4,fix fixed fixture fixation
67,CET-4,flag
67,CET-4,flame
67,CET-6,flank
67,CET-6,flap
67,CET-6,flare
68,CET-4,flash
68,CET-4,flat１
68,CET-4,flat２
68,CET-6,flatter flattery
68,CET-4,flavo(u)r
68,CET-4,flaw flawless
68,CET-4,flee
68,CET-4,fleet
68,CET-4,flesh
68,CET-4,flexible flexibility
68,CET-6,fling
68,CET-6,flip
68,CET-6,flirt flirtation
68,CET-4,float
68,CET-4,flock
68,CET-4,flood
68,CET-4,floor
68,CET-4,flour
68,CET-4,flourish
68,CET-4,flow
68,CET-4,flower
68,CET-4,fluctuate fluctuation
68,CET-4,fluent fluency
68,CET-4,fluid
68,CET-6,flush
68,CET-6,flutter
68,CET-4,fly１
68,CET-4,fly２
68,CET-6,foam
68,CET-4,focus
68,CET-6,foe
68,CET-4,fog foggy
68,CET-6,foil
68,CET-4,fold
68,CET-4,folk
68,CET-6,folklore
68,CET-4,follow following
68,CET-4,fond
68,CET-4,food
68,CET-4,fool foolish
68,CET-4,foot
68,CET-4,football
69,CET-4,footprint
69,CET-4,for
69,CET-4,forbid
69,CET-4,force forceful
69,CET-4,forecast
69,CET-4,forehead
69,CET-4,foreign foreigner
69,CET-4,foremost
69,CET-4,foresee foreseeable
69,CET-4,foresight
69,CET-4,forest forestry
69,CET-6,foretell
69,CET-4,forever
69,CET-6,forfeit
69,CET-4,forge forgery
69,CET-4,forget forgetful forgettable
69,CET-4,forgive forgiving
69,CET-4,fork
69,CET-4,form formation
69,CET-4,formal formality
69,CET-4,format
69,CET-4,former
69,CET-6,formidable
69,CET-4,formula
69,CET-4,formulate formulation
69,CET-6,fort
69,CET-4,forth
69,CET-4,forthcoming
69,CET-6,fortify fortification
69,CET-6,fortnight
69,CET-4,fortune fortunate
69,CET-4,forty
69,CET-4,forum
69,CET-4,forward
69,CET-4,fossil
69,CET-6,foster
69,CET-6,foul
69,CET-4,found founding founder
69,CET-4,foundation
69,CET-4,fountain
69,CET-4,four
69,CET-4,fourteen
70,CET-4,fox
70,CET-4,fraction
70,CET-6,fracture
70,CET-6,fragile fragility
70,CET-4,fragment fragmentation fragmentary
70,CET-6,fragrant fragrance
70,CET-4,frame
70,CET-4,framework
70,CET-6,franchise
70,CET-4,frank
70,CET-6,frantic frantically
70,CET-6,fraud fraudulent
70,CET-4,free freedom
70,CET-4,freeway
70,CET-4,freeze
70,CET-4,freight
70,CET-4,frequent frequency
70,CET-4,fresh
70,CET-4,freshman
70,CET-6,friction
70,CET-4,Friday
70,CET-4,friend friendly friendship
70,CET-4,fright frighten
70,CET-6,fringe
70,CET-4,frog
70,CET-4,from
70,CET-4,front
70,CET-4,frontier
70,CET-4,frost frosty
70,CET-6,frown
70,CET-4,fruit fruitful
70,CET-4,frustrate frustration frustrating
70,CET-4,fry
70,CET-4,fuck
70,CET-4,fuel
70,CET-4,fulfil(l) fulfil(l)ment
70,CET-4,full
70,CET-4,fun funny
70,CET-4,function functional
70,CET-4,fund funding
70,CET-4,fundamental
70,CET-4,funeral
71,CET-4,fur
71,CET-4,furnace
71,CET-4,furnish
71,CET-4,furniture
71,CET-4,further
71,CET-4,furthermore
71,CET-6,fury furious
71,CET-6,fuse
71,CET-6,fusion
71,CET-4,fuss
71,CET-6,futile futility
71,CET-4,future
71,CET-4,gadget gadgetry
71,CET-4,gain
71,CET-6,galaxy
71,CET-4,gallery
71,CET-4,gallon
71,CET-4,gamble
71,CET-4,game
71,CET-4,gang gangster
71,CET-4,gaol
71,CET-4,gap
71,CET-4,garage
71,CET-4,garbage
71,CET-4,garden gardener gardening
71,CET-6,garlic
71,CET-4,garment
71,CET-4,gas
71,CET-4,gasoline/petrol
71,CET-6,gasp
71,CET-4,gate
71,CET-4,gather gathering
71,CET-6,gauge
71,CET-4,gay
71,CET-4,gaze
71,CET-4,gear
71,CET-4,gender
71,CET-4,gene genetic genetically
71,CET-4,general generally generalize/Ｇise
71,CET-4,generate generator
71,CET-4,generation
71,CET-4,generous generosity
72,CET-4,genius
72,CET-6,genre
72,CET-4,gentle
72,CET-4,gentleman
72,CET-4,genuine
72,CET-4,geography geographic geographically
72,CET-4,geology geological geologically
72,CET-4,geometry geometric geometrically
72,CET-4,germ
72,CET-4,gesture
72,CET-4,get
72,CET-4,ghost
72,CET-4,giant gigantic
72,CET-4,gift gifted
72,CET-6,giggle
72,CET-4,girl
72,CET-4,give
72,CET-4,given
72,CET-6,glacier
72,CET-4,glad
72,CET-6,glamo(u)r glamo(u)rous
72,CET-4,glance
72,CET-6,gland
72,CET-6,glare
72,CET-4,glass
72,CET-6,gleam
72,CET-6,glide glider
72,CET-4,glimpse
72,CET-6,glitter
72,CET-4,globe global globalize/Ｇise
72,CET-4,gloom gloomy
72,CET-4,glory glorious
72,CET-6,glossary
72,CET-4,glove
72,CET-4,glow
72,CET-4,glue
72,CET-4,go
72,CET-4,goal
72,CET-4,goat
72,CET-4,god
72,CET-4,gold golden
72,CET-4,golf
73,CET-4,good
73,CET-4,goodbye
73,CET-4,goodness
73,CET-4,goods
73,CET-4,goose
73,CET-6,gorge
73,CET-4,gorgeous
73,CET-6,gospel
73,CET-4,gossip
73,CET-4,govern government governor
73,CET-4,gown
73,CET-4,grab
73,CET-4,grace graceful gracious
73,CET-4,grade
73,CET-4,gradual gradually
73,CET-4,graduate graduation
73,CET-4,grain
73,CET-4,gram(me)
73,CET-4,grammar grammatical
73,CET-4,grand
73,CET-4,grandchild grandchildren grandson granddaughter
73,CET-4,grandparent grandfather grandmother
73,CET-4,grant granted
73,CET-4,grape
73,CET-4,graph graphic graphically
73,CET-4,grasp
73,CET-4,grass grassy
73,CET-4,grateful
73,CET-4,gratitude
73,CET-4,grave
73,CET-4,gravitation
73,CET-4,gravity
73,CET-4,gray/grey
73,CET-6,graze
73,CET-6,grease greasy
73,CET-4,great
73,CET-6,greed greedy
73,CET-4,green
73,CET-4,greenhouse
73,CET-4,greet greeting
73,CET-6,grid
73,CET-4,grief grieve grievous
74,CET-6,grill
74,CET-6,grim
74,CET-4,grin
74,CET-4,grind
74,CET-4,grip
74,CET-6,groan
74,CET-4,grocer grocery
74,CET-6,groove
74,CET-6,grope
74,CET-4,gross
74,CET-4,ground
74,CET-4,group
74,CET-4,grow growth
74,CET-4,guarantee
74,CET-4,guard guardian
74,CET-4,guess
74,CET-4,guest
74,CET-4,guide guidance
74,CET-4,guideline
74,CET-4,guilt guilty
74,CET-4,guitar guitarist
74,CET-4,gulf
74,CET-4,gum
74,CET-4,gun
74,CET-4,gut
74,CET-4,guy
74,CET-4,gym(nasium)
74,CET-4,habit habitual
74,CET-4,habitat
74,CET-4,hack１
74,CET-4,hack２
74,CET-4,hail１
74,CET-4,hail２
74,CET-4,hair hairy
74,CET-4,half
74,CET-4,halfway
74,CET-4,hall
74,CET-4,halt
74,CET-4,ham
74,CET-4,hamburger/burger
74,CET-4,hammer
74,CET-6,hamper
75,CET-4,hand handful
75,CET-4,handbook
75,CET-4,handicap handicapped
75,CET-6,handicraft
75,CET-4,handle
75,CET-4,handsome
75,CET-4,handwriting
75,CET-4,handy
75,CET-4,hang
75,CET-4,happen
75,CET-4,happy happiness happily
75,CET-6,harass harassment
75,CET-4,harbo(u)r
75,CET-4,hard harden
75,CET-4,hardly
75,CET-4,hardship
75,CET-4,hardware
75,CET-6,hardy
75,CET-4,harm harmful harmless
75,CET-4,harmony harmonious
75,CET-4,harness
75,CET-4,harsh
75,CET-4,harvest
75,CET-4,haste hasty hasten
75,CET-4,hat
75,CET-4,hatch
75,CET-4,hate hatred hateful
75,CET-4,haul
75,CET-4,haunt
75,CET-4,have
75,CET-6,haven
75,CET-6,havoc
75,CET-6,hawk
75,CET-4,hay
75,CET-4,hazard hazardous
75,CET-4,haze hazy
75,CET-4,he
75,CET-4,head
75,CET-4,headache
75,CET-4,heading
75,CET-4,headline
75,CET-4,headmaster headmistress
76,CET-4,headquarters
76,CET-4,heal
76,CET-4,health healthy healthful
76,CET-4,heap
76,CET-4,hear hearing
76,CET-4,heart hearty
76,CET-4,heartfelt
76,CET-4,heat heated heating
76,CET-6,heave
76,CET-4,heaven
76,CET-4,heavy
76,CET-4,hectare
76,CET-6,hectic
76,CET-4,hedge
76,CET-4,heel
76,CET-4,height heighten
76,CET-4,heir heiress
76,CET-4,helicopter
76,CET-4,hell
76,CET-4,hello
76,CET-6,helmet
76,CET-4,help helpful helpless helplessly
76,CET-6,hemisphere
76,CET-4,hen
76,CET-4,hence
76,CET-6,henceforth
76,CET-4,her
76,CET-6,herald
76,CET-6,herb herbal
76,CET-4,herd
76,CET-4,here
76,CET-4,hereby
76,CET-4,heritage
76,CET-4,hero/heroine heroic heroism
76,CET-6,heroin
76,CET-4,hers
76,CET-4,herself
76,CET-4,hesitate hesitation hesitant
76,CET-4,hi
76,CET-6,hibernate hibernation
76,CET-4,hide hiding
76,CET-6,hierarchy hierarchical
77,CET-4,high highly
77,CET-4,highlight
77,CET-4,highＧtech
77,CET-4,highway
77,CET-4,hijack
77,CET-6,hike
77,CET-4,hill hilly
77,CET-4,him
77,CET-4,himself
77,CET-4,hinder hindrance
77,CET-6,hinge
77,CET-4,hint
77,CET-4,hip
77,CET-4,hire
77,CET-4,his
77,CET-4,history historic historical historian
77,CET-4,hit
77,CET-6,hitherto
77,CET-6,hive
77,CET-4,hobby
77,CET-6,hockey
77,CET-6,hoist
77,CET-4,hold
77,CET-4,hole
77,CET-4,holiday
77,CET-4,hollow
77,CET-4,holy holiness
77,CET-4,home homeless homely
77,CET-4,homeland
77,CET-4,homework
77,CET-6,homogeneous
77,CET-4,homosexual/homo
77,CET-4,honest honesty
77,CET-4,honey
77,CET-4,honeymoon
77,CET-4,hono(u)r hono(u)rable hono(u)rary
77,CET-4,hook
77,CET-6,hop
77,CET-4,hope hopeful hopeless
77,CET-4,horizon horizontal
77,CET-4,horn
77,CET-4,horror horrible horrify
78,CET-4,horse
78,CET-4,horsepower
78,CET-6,hose
78,CET-4,hospital hospitalize
78,CET-4,hospitable hospitality
78,CET-4,host１
78,CET-4,host２
78,CET-6,hostage
78,CET-4,hostile hostility
78,CET-4,hot
78,CET-4,hotdog
78,CET-4,hotel
78,CET-6,hound
78,CET-4,hour hourly
78,CET-4,house housing
78,CET-4,household
78,CET-4,housewife
78,CET-4,housework
78,CET-6,hover
78,CET-4,how
78,CET-4,however
78,CET-6,howl
78,CET-6,huddle
78,CET-4,hug
78,CET-4,huge
78,CET-6,hum
78,CET-4,human humanity
78,CET-6,humane humanism humanist humanitarian
78,CET-4,humble humbly
78,CET-6,humid humidity
78,CET-6,humiliate humiliation
78,CET-4,humo(u)r humo(u)rous
78,CET-4,hundred
78,CET-4,hunger hungry
78,CET-4,hunt hunting hunter
78,CET-6,hurdle
78,CET-6,hurl
78,CET-6,hurricane
78,CET-4,hurry hurriedly
78,CET-4,hurt hurtful
78,CET-4,husband
78,CET-4,hut
79,CET-6,hybrid
79,CET-4,hydrogen
79,CET-6,hygiene hygienic
79,CET-4,hyphen
79,CET-6,hypocrisy hypocritical hypocrite
79,CET-6,hypothesis hypothetical
79,CET-6,hysterical hysteria
79,CET-4,I
79,CET-4,ice icy
79,CET-6,iceberg
79,CET-4,iceＧcream
79,CET-6,icon
79,CET-4,idea
79,CET-4,ideal idealistic idealism
79,CET-4,identify identification
79,CET-4,identity identical
79,CET-6,ideology ideological
79,CET-4,idiom idiomatic
79,CET-6,idiot idiotic
79,CET-4,idle idly
79,CET-6,idol
79,CET-4,if
79,CET-6,ignite ignition
79,CET-4,ignorant ignorance
79,CET-4,ignore
79,CET-4,ill illness
79,CET-4,illegal
79,CET-6,illicit
79,CET-6,illiterate illiteracy
79,CET-6,illuminate illumination
79,CET-4,illusion illusory
79,CET-4,illustrate illustration illustrative
79,CET-4,image imaging
79,CET-4,imagine imagination imaginative imaginary
79,CET-4,imitate imitation imitative
79,CET-4,immediate immediately
79,CET-4,immense immensely immensity
79,CET-6,immerse immersion
79,CET-4,immigrate immigration immigrant
79,CET-6,imminent
79,CET-4,immune immunity immunize/Ｇise
79,CET-4,impact
80,CET-6,impair
80,CET-6,impart
80,CET-4,impatient impatience
80,CET-6,imperative
80,CET-4,imperial imperialism imperialist
80,CET-6,impetus
80,CET-4,implement１
80,CET-4,implement２
80,CET-4,implicit
80,CET-4,imply implication
80,CET-4,import importation
80,CET-4,important importance
80,CET-4,impose imposition imposing
80,CET-4,impossible impossibility
80,CET-4,impress impression impressive
80,CET-6,imprison imprisonment
80,CET-6,impromptu
80,CET-4,improve improvement
80,CET-4,impulse impulsive
80,CET-4,in
80,CET-6,inaugurate inauguration
80,CET-6,inborn
80,CET-4,incentive
80,CET-4,inch
80,CET-4,incidence
80,CET-4,incident incidental incidentally
80,CET-4,incline inclined inclination
80,CET-4,include inclusion inclusive including
80,CET-4,income
80,CET-6,incorporate incorporation
80,CET-4,increase increasingly
80,CET-4,incredible incredibly
80,CET-6,incumbent
80,CET-6,incur
80,CET-6,indebted
80,CET-4,indeed
80,CET-6,indefinite
80,CET-4,independent independence
80,CET-4,index
80,CET-4,indicate indication indicative indicator
80,CET-6,indict indictment
80,CET-4,indifferent indifference
81,CET-6,indigenous
81,CET-6,indignant indignation
81,CET-4,indispensable
81,CET-4,individual individualism
81,CET-4,indoor indoors
81,CET-4,induce inducement
81,CET-6,indulge indulgence indulgent
81,CET-4,industry industrial industrialize/Ｇise industrious
81,CET-6,inertia
81,CET-4,inevitable
81,CET-4,infant
81,CET-4,infect infection infectious
81,CET-4,infer inference
81,CET-4,inferior inferiority
81,CET-4,infinite infinity infinitive
81,CET-4,inflate inflation
81,CET-6,inflict infliction
81,CET-4,influence influential
81,CET-4,influenza/flu
81,CET-4,inform information informative informant
81,CET-4,infrastructure
81,CET-6,infringe infringement
81,CET-6,ingenious ingenuity
81,CET-4,ingredient
81,CET-4,inhabit inhabitant
81,CET-6,inherent
81,CET-4,inherit inheritance
81,CET-6,inhibit inhibition
81,CET-4,initial initially
81,CET-4,initiate initiation initiative
81,CET-6,inject injection
81,CET-4,injure injury injurious
81,CET-4,ink
81,CET-4,inland
81,CET-6,inmate
81,CET-4,inn
81,CET-4,inner
81,CET-4,innocent innocence
81,CET-4,innovate innovation innovative
81,CET-6,innumerable
81,CET-4,input
81,CET-4,inquire/enquire inquiry/enquiry inquisitive
82,CET-4,insane insanity
82,CET-4,insect
82,CET-4,insert insertion
82,CET-4,inside insider
82,CET-4,insight insightful
82,CET-4,insist insistence insistent
82,CET-4,inspect inspection inspector
82,CET-4,inspire inspiration inspirational
82,CET-4,instal(l) instal(l)ation
82,CET-4,instal(l)ment
82,CET-4,instance
82,CET-4,instant instantaneous
82,CET-4,instead
82,CET-4,instinct instinctive
82,CET-4,institute
82,CET-4,institution institutional
82,CET-4,instruct instruction instructor instructive
82,CET-4,instrument instrumental
82,CET-6,insulate insulation insulator
82,CET-4,insult
82,CET-4,insure/ensure insurance
82,CET-4,intact
82,CET-4,intake
82,CET-4,intangible
82,CET-6,integral
82,CET-4,integrate integration
82,CET-4,integrity
82,CET-6,intellect
82,CET-4,intellectual
82,CET-4,intelligent intelligence
82,CET-6,intelligible
82,CET-4,intend intention intent intentional
82,CET-4,intense intensity intensify
82,CET-4,intensive
82,CET-4,interact interaction interactive
82,CET-6,intercourse
82,CET-4,interest interesting interested
82,CET-4,interfere interference
82,CET-6,interim
82,CET-4,interior
82,CET-4,intermediate intermediary
82,CET-6,intermittent
83,CET-4,internal
83,CET-4,international
83,CET-4,Internet/internet
83,CET-4,interpret interpretation interpreter
83,CET-6,interrogate interrogation
83,CET-4,interrupt interruption
83,CET-4,interval
83,CET-6,intervene intervention
83,CET-4,interview interviewer interviewee
83,CET-4,intimate intimacy
83,CET-6,intimidate intimidation
83,CET-4,into
83,CET-6,intricate intricacy
83,CET-6,intrigue
83,CET-6,intrinsic intrinsically
83,CET-4,introduce introduction introductory
83,CET-4,intrude intrusion intruder
83,CET-6,intuition intuitive
83,CET-4,invade invasion invader invasive
83,CET-6,invalid１
83,CET-4,invalid２
83,CET-4,invaluable
83,CET-4,invariably
83,CET-4,invent invention inventor
83,CET-6,inventory
83,CET-6,invert inversion
83,CET-4,invest investment investor
83,CET-4,investigate investigation investigator
83,CET-4,invisible
83,CET-4,invite invitation inviting
83,CET-4,involve involvement involved
83,CET-4,inward
83,CET-4,iron
83,CET-4,irony ironic(al) ironically
83,CET-4,irrational
83,CET-4,irregular
83,CET-6,irrespective
83,CET-4,irrigate irrigation
83,CET-6,irritate irritation irritating irritable
83,CET-4,island
83,CET-6,isle
83,CET-4,isolate isolation
84,CET-4,issue
84,CET-4,it
84,CET-4,item
84,CET-4,its
84,CET-4,itself
84,CET-6,ivory
84,CET-6,jack
84,CET-4,jacket
84,CET-4,jail/gaol
84,CET-4,jam１
84,CET-4,jam２
84,CET-4,January
84,CET-4,jar１
84,CET-4,jar２
84,CET-6,jargon
84,CET-4,jaw
84,CET-4,jazz
84,CET-4,jealous jealousy
84,CET-4,jeans
84,CET-4,jeep
84,CET-6,jelly
84,CET-6,jeopardize/Ｇise jeopardy
84,CET-6,jerk
84,CET-4,jet
84,CET-4,jetlag
84,CET-4,jewel jewel(l)ery
84,CET-4,job
84,CET-6,jockey
84,CET-4,jog
84,CET-4,join
84,CET-4,joint
84,CET-4,joke
84,CET-6,jolly
84,CET-4,journal
84,CET-4,journalism journalist
84,CET-4,journey
84,CET-4,joy joyous joyful
84,CET-4,judge judg(e)ment
84,CET-6,judicial
84,CET-6,judiciary
84,CET-4,juice juicy
84,CET-4,July
85,CET-4,jump
85,CET-6,junction
85,CET-4,June
85,CET-4,jungle
85,CET-4,junior
85,CET-4,junk
85,CET-6,jurisdiction
85,CET-4,jury juror
85,CET-4,just１
85,CET-4,just２
85,CET-4,justice
85,CET-4,justify justification
85,CET-6,juvenile
85,CET-4,keen
85,CET-4,keep
85,CET-4,kettle
85,CET-4,key
85,CET-4,keyboard
85,CET-4,kick
85,CET-4,kid
85,CET-6,kidnap
85,CET-6,kidney
85,CET-4,kill
85,CET-4,kilogram(me)/kilo
85,CET-4,kilometer/Ｇtre
85,CET-4,kin
85,CET-4,kind kindness
85,CET-4,kindergarten
85,CET-4,king
85,CET-4,kingdom
85,CET-4,kiss
85,CET-4,kit
85,CET-4,kitchen
85,CET-4,kite
85,CET-4,knee
85,CET-4,kneel
85,CET-4,knife
85,CET-6,knight
85,CET-4,knit
85,CET-6,knob
85,CET-4,knock
85,CET-4,knot knotty
86,CET-4,know knowledge knowledgeable
86,CET-4,knowhow
86,CET-4,label
86,CET-4,labo(u)r laborious
86,CET-4,laboratory/lab
86,CET-4,lace
86,CET-4,lack
86,CET-6,lad
86,CET-4,ladder
86,CET-4,lady
86,CET-4,lag
86,CET-4,lake
86,CET-4,lamb
86,CET-4,lame
86,CET-4,lamp
86,CET-4,land landing
86,CET-4,landlord/landlady
86,CET-6,landmark
86,CET-4,landscape
86,CET-4,lane
86,CET-4,language
86,CET-4,lap
86,CET-4,laptop
86,CET-4,large largely
86,CET-4,laser
86,CET-6,lash
86,CET-4,lass
86,CET-4,last lastly
86,CET-4,late later
86,CET-4,lately
86,CET-6,latitude
86,CET-4,latter
86,CET-4,laugh laughter
86,CET-4,launch
86,CET-4,laundry
86,CET-4,lavatory
86,CET-6,lavish
86,CET-4,law lawful
86,CET-4,lawn
86,CET-6,lawsuit
86,CET-4,lawyer
86,CET-4,lay
87,CET-4,layer
87,CET-6,layman
87,CET-4,layoff
87,CET-4,layout
87,CET-4,lazy laziness
87,CET-4,lead１
87,CET-4,lead２
87,CET-4,leaf
87,CET-6,leaflet
87,CET-4,league
87,CET-4,leak
87,CET-4,lean
87,CET-4,leap
87,CET-4,learn learned learning learner
87,CET-4,lease
87,CET-4,least
87,CET-4,leather
87,CET-4,leave
87,CET-4,lecture lecturer
87,CET-4,left leftist
87,CET-4,leg
87,CET-6,legacy
87,CET-4,legal legalize/Ｇise
87,CET-4,legend legendary
87,CET-4,legislate legislation legislative legislator
87,CET-6,legitimate legitimacy
87,CET-4,leisure leisurely
87,CET-4,lemon lemonade
87,CET-4,lend
87,CET-6,lenient leniency
87,CET-4,lens
87,CET-6,lesbian
87,CET-4,less
87,CET-4,lesson
87,CET-4,lest
87,CET-4,let
87,CET-4,letter
87,CET-4,level
87,CET-6,lever leverage
87,CET-6,levy
87,CET-4,liable liability
87,CET-4,liberal
88,CET-4,liberate liberation
88,CET-4,liberty
88,CET-4,library librarian
88,CET-4,license/Ｇce
88,CET-4,lick
88,CET-4,lid
88,CET-4,lie１
88,CET-4,lie２
88,CET-6,lieutenant
88,CET-4,life
88,CET-4,lift
88,CET-4,light１
88,CET-4,light２
88,CET-4,lightning
88,CET-4,like１
88,CET-4,like２
88,CET-4,likewise
88,CET-4,lily
88,CET-4,limb
88,CET-6,lime
88,CET-6,limelight
88,CET-4,limit limitation limited
88,CET-6,limp
88,CET-4,line linear
88,CET-6,linen
88,CET-6,liner
88,CET-6,linger
88,CET-6,linguistic linguistics
88,CET-4,link linkage
88,CET-4,lion lioness
88,CET-4,lip
88,CET-6,lipstick
88,CET-4,liquid
88,CET-4,liquor
88,CET-4,list
88,CET-4,listen listener
88,CET-4,liter/Ｇtre
88,CET-4,literal literally
88,CET-4,literary literature literate literacy
88,CET-4,litter
88,CET-4,little
88,CET-4,live１
89,CET-4,live２
89,CET-4,livelihood
89,CET-4,lively
89,CET-4,liver
89,CET-6,livestock
89,CET-4,livingＧroom
89,CET-4,load
89,CET-4,loaf
89,CET-4,loan
89,CET-4,lobby lobbyist
89,CET-4,local locality
89,CET-4,locate location
89,CET-4,lock locker
89,CET-6,locomotive
89,CET-4,lodge lodging
89,CET-6,lofty
89,CET-4,log
89,CET-4,logic logical
89,CET-6,logistics logistic(al)
89,CET-4,logo
89,CET-4,lonely loneliness
89,CET-4,long１
89,CET-4,long２
89,CET-6,longevity
89,CET-6,longitude longitudinal
89,CET-4,look
89,CET-6,loom
89,CET-6,loop
89,CET-4,loophole
89,CET-4,loose loosen
89,CET-6,loot
89,CET-4,lord
89,CET-4,lorry
89,CET-4,lose loss
89,CET-4,lot
89,CET-6,lotion
89,CET-6,lottery
89,CET-4,loud loudly
89,CET-6,lounge
89,CET-4,love lovely lover
89,CET-4,low lower
89,CET-4,loyal loyalty
90,CET-6,lubricate lubrication
90,CET-4,luck lucky
90,CET-6,lucrative
90,CET-4,luggage
90,CET-6,luminous
90,CET-4,lump
90,CET-4,lunar
90,CET-4,lunch luncheon
90,CET-4,lung
90,CET-6,lure
90,CET-4,luxury luxurious
90,CET-6,lyric lyrical
90,CET-4,machine machinery
90,CET-4,mad madden
90,CET-4,madam
90,CET-4,magazine
90,CET-4,magic magical
90,CET-6,magistrate
90,CET-4,magnet magnetic
90,CET-4,magnificent magnificence
90,CET-6,magnify
90,CET-6,magnitude
90,CET-4,maid
90,CET-4,maiden
90,CET-4,mail
90,CET-4,main
90,CET-4,mainland
90,CET-4,mainstream
90,CET-4,maintain maintenance
90,CET-6,majesty majestic
90,CET-4,major majority
90,CET-4,make
90,CET-4,makeup
90,CET-4,male
90,CET-6,malice malicious
90,CET-6,malignant
90,CET-4,mall
90,CET-6,malpractice
90,CET-4,mammal
90,CET-4,man manly manhood
90,CET-4,manage management manager managerial
90,CET-6,mandate mandatory
91,CET-6,maneuver/manoeuvre
91,CET-6,manifest manifestation
91,CET-4,manipulate manipulation manipulative
91,CET-4,mankind
91,CET-4,manner
91,CET-6,mansion
91,CET-4,manual
91,CET-4,manufacture manufacturer
91,CET-6,manuscript
91,CET-4,many
91,CET-4,map
91,CET-6,mar
91,CET-4,marathon
91,CET-6,marble
91,CET-4,March
91,CET-4,march
91,CET-4,margin marginal
91,CET-4,marine
91,CET-6,maritime
91,CET-4,mark
91,CET-4,market marketing
91,CET-4,marry marriage marital
91,CET-4,marsh
91,CET-4,marshal
91,CET-6,martyr martyrdom
91,CET-4,marvel marvel(l)ous
91,CET-4,Marxism Marxist
91,CET-6,masculine masculinity
91,CET-4,mask
91,CET-4,mass massive
91,CET-6,massacre
91,CET-4,massage
91,CET-4,master mastery
91,CET-4,masterpiece
91,CET-4,mat
91,CET-4,match
91,CET-4,mate
91,CET-4,material materialism materialist materialize/Ｇise
91,CET-6,maternal maternity
91,CET-4,math(ematics)/maths mathematical
91,CET-4,matter
91,CET-4,mature maturity
92,CET-4,maximum maximize/Ｇise maximal
92,CET-4,May
92,CET-4,may
92,CET-4,maybe
92,CET-4,mayor
92,CET-4,me
92,CET-6,meadow
92,CET-4,meal
92,CET-4,mean１
92,CET-4,mean２
92,CET-4,mean３
92,CET-4,means
92,CET-4,meantime
92,CET-4,meanwhile
92,CET-4,measure measurement measurable
92,CET-4,meat meaty
92,CET-4,mechanic mechanical mechanics mechanism
92,CET-4,mechanize/Ｇise mechanization/Ｇsation
92,CET-4,medal
92,CET-6,mediate mediation mediator
92,CET-4,medical
92,CET-4,Medicare
92,CET-6,medication
92,CET-4,medicine medicinal
92,CET-6,medieval
92,CET-4,medium media
92,CET-4,meet
92,CET-4,meeting
92,CET-6,melody melodious
92,CET-4,melon
92,CET-4,melt
92,CET-4,member membership
92,CET-4,memorandum/memo
92,CET-4,memorial
92,CET-4,memory memorize/Ｇise
92,CET-6,menace
92,CET-4,mend
92,CET-4,mental mentality
92,CET-4,mention
92,CET-6,mentor
92,CET-4,menu
92,CET-6,merchandise
93,CET-4,merchant
93,CET-6,mercury
93,CET-4,mercy merciful
93,CET-4,mere merely
93,CET-6,merge merger
93,CET-4,merit meritorious
93,CET-4,merry merriment
93,CET-4,mess messy
93,CET-4,message messenger
93,CET-6,metabolism metabolic
93,CET-4,metal metallic
93,CET-6,metaphor metaphorical
93,CET-4,meter/Ｇtre metric
93,CET-4,method methodical methodology
93,CET-6,meticulous
93,CET-4,metro
93,CET-6,metropolitan
93,CET-4,microphone
93,CET-4,microscope microscopic
93,CET-4,microwave microwavable
93,CET-4,midday
93,CET-4,middle
93,CET-4,middleＧclass
93,CET-4,midnight
93,CET-6,midst
93,CET-6,midwife
93,CET-4,might mighty
93,CET-4,migrate migration migrant
93,CET-4,mild
93,CET-4,mile mileage
93,CET-6,milestone
93,CET-6,militant militancy
93,CET-4,military
93,CET-6,militia
93,CET-4,milk milky
93,CET-4,mill
93,CET-4,millimeter/Ｇtre
93,CET-4,million millionaire
93,CET-4,mind
93,CET-6,mindset
93,CET-4,mine１
93,CET-4,mine２
94,CET-4,mine３
94,CET-6,mingle
94,CET-6,miniature
94,CET-4,minimum minimal minimize/Ｇise
94,CET-4,minister ministry ministerial
94,CET-4,minor minority
94,CET-6,mint
94,CET-4,minus
94,CET-4,minute１
94,CET-4,minute２
94,CET-4,miracle miraculous
94,CET-4,mirror
94,CET-4,miserable misery
94,CET-4,misfortune
94,CET-4,mislead misleading
94,CET-4,miss１
94,CET-4,miss２
94,CET-4,missile
94,CET-4,missing
94,CET-4,mission
94,CET-6,missionary
94,CET-4,mist misty
94,CET-4,mistake mistaken
94,CET-4,mister
94,CET-4,mistress
94,CET-4,misunderstand misunderstanding
94,CET-4,mix mixture mixer
94,CET-6,moan
94,CET-4,mobile
94,CET-6,mobilize/Ｇise
94,CET-6,mock
94,CET-4,mode
94,CET-4,model
94,CET-4,moderate moderation moderator
94,CET-4,modern modernize/Ｇise modernization/Ｇsation
94,CET-4,modest modesty
94,CET-4,modify modification modifier
94,CET-4,moist moisture
94,CET-4,mo(u)ld mo(u)ldy
94,CET-6,molecule molecular
94,CET-4,mom(my)
94,CET-4,moment momentary momentarily
95,CET-6,momentum momentous
95,CET-6,monarchy monarch
95,CET-4,Monday
95,CET-4,money monetary
95,CET-4,monitor
95,CET-4,monkey
95,CET-6,monopoly monopolize/Ｇise
95,CET-6,monotony monotonous
95,CET-4,monster monstrous
95,CET-4,month monthly
95,CET-4,monument monumental
95,CET-4,mood moody
95,CET-4,moon
95,CET-4,mop
95,CET-4,moral morality
95,CET-6,morale
95,CET-4,more
95,CET-4,moreover
95,CET-4,morning
95,CET-6,mortal mortality
95,CET-4,mortgage
95,CET-6,mosquito
95,CET-4,most mostly
95,CET-4,motel
95,CET-4,mother motherly
95,CET-4,motion
95,CET-4,motivate motivation
95,CET-4,motive
95,CET-4,motor
95,CET-4,motorway
95,CET-4,mount１
95,CET-4,mount２
95,CET-4,mountain mountainous
95,CET-6,mourn mourning
95,CET-4,mouse
95,CET-4,mouth mouthful
95,CET-4,move movement
95,CET-4,movie
95,CET-6,mow
95,CET-4,much
95,CET-4,mud muddy
95,CET-4,mug
96,CET-4,mule
96,CET-6,multilateral
96,CET-4,multiple multiply multiplication
96,CET-6,multitude
96,CET-4,municipal municipality
96,CET-4,murder murderous
96,CET-6,murmur
96,CET-4,muscle muscular
96,CET-4,museum
96,CET-4,mushroom
96,CET-4,music musical musician
96,CET-4,must
96,CET-6,mute
96,CET-6,mutter
96,CET-4,mutual
96,CET-4,my
96,CET-4,myself
96,CET-4,mystery mysterious
96,CET-4,myth mythical mythology
96,CET-4,nail
96,CET-6,naive naivety
96,CET-4,naked
96,CET-4,name
96,CET-4,namely
96,CET-4,nap
96,CET-4,napkin
96,CET-4,narrate narration narrative narrator
96,CET-4,narrow narrowly
96,CET-4,nasty
96,CET-4,nation national nationality nationalist nationalism
96,CET-4,nationwide
96,CET-4,native
96,CET-4,nature natural naturally
96,CET-4,naughty
96,CET-6,navigate navigation
96,CET-4,navy naval
96,CET-4,near nearly
96,CET-4,nearby
96,CET-4,neat
96,CET-4,necessary necessarily
96,CET-4,necessity necessitate
96,CET-4,neck
97,CET-4,necklace
97,CET-4,need needy
97,CET-4,needle
97,CET-4,negate negation negative
97,CET-4,neglect neglectful
97,CET-6,negligent negligence
97,CET-6,negligible
97,CET-4,negotiate negotiation negotiable
97,CET-4,neighbo(u)r neighbo(u)rhood
97,CET-4,neither
97,CET-4,nephew
97,CET-4,nerve nervous
97,CET-4,nest
97,CET-4,net
97,CET-4,network networking
97,CET-4,neutral neutrality neutralize/Ｇise
97,CET-4,never
97,CET-4,nevertheless
97,CET-4,new
97,CET-4,news
97,CET-4,newspaper
97,CET-4,next
97,CET-4,nice nicety
97,CET-4,nickel
97,CET-6,nickname
97,CET-4,niece
97,CET-4,night nightly
97,CET-4,nightmare
97,CET-6,nil
97,CET-4,nine
97,CET-4,nineteen
97,CET-4,ninety
97,CET-4,ninth
97,CET-6,nitrogen
97,CET-4,no
97,CET-4,noble nobility
97,CET-4,nobody
97,CET-4,nod
97,CET-4,noise noisy
97,CET-6,nominal
97,CET-6,nominate nomination nominee
97,CET-4,none
98,CET-6,nonetheless
98,CET-4,nonsense
98,CET-4,noodle
98,CET-4,noon
98,CET-4,nor
98,CET-4,norm
98,CET-4,normal normally normalize/Ｇise normalization/Ｇsation
98,CET-4,north northern
98,CET-4,northeast northeastern
98,CET-4,northwest northwestern
98,CET-4,nose nosy
98,CET-4,not
98,CET-4,note notation notable
98,CET-4,notebook
98,CET-6,noteworthy
98,CET-4,nothing
98,CET-4,notice noticeable
98,CET-4,notify notification
98,CET-4,notion notional
98,CET-6,notorious notoriety
98,CET-6,notwithstanding
98,CET-4,noun
98,CET-4,nourish nourishment
98,CET-4,novel１
98,CET-4,novel２
98,CET-4,November
98,CET-4,now
98,CET-4,nowadays
98,CET-4,nowhere
98,CET-4,nuclear nucleus
98,CET-4,nude nudity
98,CET-4,nuisance
98,CET-6,numb
98,CET-4,number
98,CET-6,numerical
98,CET-4,numerous
98,CET-4,nurse
98,CET-4,nursery
98,CET-6,nurture
98,CET-4,nut
98,CET-4,nutrition nutrient
98,CET-6,oak
99,CET-6,oar
99,CET-6,oath
99,CET-4,obese obesity
99,CET-4,obey obedient obedience
99,CET-4,object１
99,CET-4,object２
99,CET-4,objective
99,CET-4,oblige obligation obliged obligatory
99,CET-6,obscene obscenity
99,CET-6,obscure obscurity
99,CET-6,observatory
99,CET-4,observe observation observer observant
99,CET-6,obsess obsession obsessive
99,CET-4,obstacle
99,CET-6,obstruct obstruction
99,CET-4,obtain obtainment
99,CET-4,obvious obviously
99,CET-4,occasion occasional occasionally
99,CET-4,occupation occupational
99,CET-4,occupy occupancy occupant
99,CET-4,occur occurrence
99,CET-4,ocean oceanic
99,CET-4,o􀆳clock
99,CET-4,October
99,CET-4,odd oddity
99,CET-4,odds
99,CET-4,odo(u)r odorous
99,CET-4,of
99,CET-4,off
99,CET-4,offend offense/Ｇce offensive offender
99,CET-4,offer offering
99,CET-4,office
99,CET-4,officer
99,CET-4,official
99,CET-6,offset
99,CET-6,offspring
99,CET-4,often/oftentimes
99,CET-4,oil oily
99,CET-4,okay
99,CET-4,old
99,CET-4,oldＧfashioned
99,CET-6,olive
100,CET-4,Olympic Olympics Olympiad
100,CET-4,omit omission
100,CET-4,on
100,CET-4,once
100,CET-4,one
100,CET-4,oneself
100,CET-4,ongoing
100,CET-4,onion
100,CET-4,online
100,CET-4,only
100,CET-6,onset
100,CET-4,onto
100,CET-4,onward
100,CET-6,opaque
100,CET-4,open opener opening openly
100,CET-4,opera
100,CET-4,operate operation operational operator
100,CET-6,operative
100,CET-4,opinion
100,CET-4,opportunity
100,CET-4,oppose opposition opponent
100,CET-4,opposite
100,CET-6,oppress oppression oppressive
100,CET-4,opt option optional
100,CET-6,optic optical
100,CET-4,optimism optimistic optimist
100,CET-6,optimum optimal
100,CET-4,or
100,CET-4,oral
100,CET-4,orange
100,CET-4,orbit orbital
100,CET-4,orchestra
100,CET-6,ordeal
100,CET-4,order orderly
100,CET-4,ordinary
100,CET-4,ore
100,CET-4,organ
100,CET-4,organic
100,CET-4,organism
100,CET-4,organize/Ｇise organization/Ｇsation organizational/Ｇsational
100,CET-4,orient１
100,CET-4,orient２
101,CET-4,origin original originality originate
101,CET-4,ornament ornamental
101,CET-4,orphan orphanage
101,CET-6,orthodox
101,CET-4,other
101,CET-4,otherwise
101,CET-4,oughtto
101,CET-4,ounce
101,CET-4,our
101,CET-4,ours
101,CET-4,ourselves
101,CET-4,out
101,CET-4,outbreak
101,CET-4,outcome
101,CET-4,outdated
101,CET-4,outdoor outdoors
101,CET-4,outer
101,CET-6,outfit
101,CET-4,outgoing
101,CET-4,outing
101,CET-6,outlaw
101,CET-4,outlet
101,CET-4,outline
101,CET-4,outlook
101,CET-4,output
101,CET-6,outrage outrageous
101,CET-4,outset
101,CET-4,outside outsider
101,CET-4,outskirts
101,CET-4,outstanding
101,CET-4,outward outwards
101,CET-4,oval
101,CET-4,oven
101,CET-4,over
101,CET-4,overall
101,CET-4,overcoat
101,CET-4,overcome
101,CET-4,overdue
101,CET-6,overflow
101,CET-6,overhaul
101,CET-4,overhead
101,CET-4,overhear
102,CET-6,overlap
102,CET-4,overlook
102,CET-4,overnight
102,CET-6,override
102,CET-4,overseas
102,CET-4,oversee
102,CET-4,oversight
102,CET-6,overstate
102,CET-6,overt
102,CET-4,overtake
102,CET-4,overthrow
102,CET-4,overtime
102,CET-6,overturn
102,CET-4,overwhelm overwhelming overwhelmingly
102,CET-4,owe owingto
102,CET-6,owl
102,CET-4,own owner ownership
102,CET-4,ox
102,CET-6,oxide
102,CET-4,oxygen
102,CET-4,ozone
102,CET-4,pace
102,CET-4,pack
102,CET-4,package
102,CET-4,packet
102,CET-6,pact
102,CET-4,pad
102,CET-4,paddy
102,CET-4,page
102,CET-4,pain painful
102,CET-4,paint painting painter
102,CET-4,pair
102,CET-4,palace
102,CET-4,pale
102,CET-4,palm
102,CET-6,pamphlet
102,CET-4,pan
102,CET-4,panda
102,CET-4,panel
102,CET-4,panic
102,CET-6,panorama panoramic
102,CET-6,pant
103,CET-4,pants
103,CET-4,paper
103,CET-4,paperback
103,CET-6,parachute
103,CET-4,parade
103,CET-6,paradigm
103,CET-6,paradise
103,CET-4,paradox paradoxical
103,CET-4,paragraph
103,CET-4,parallel
103,CET-6,paralyze/Ｇyse paralysis
103,CET-6,parameter
103,CET-6,parasite
103,CET-4,parcel
103,CET-4,pardon
103,CET-4,parent parental parenting
103,CET-6,parish
103,CET-4,park１
103,CET-4,park２
103,CET-4,parliament parliamentary
103,CET-6,parole
103,CET-6,parrot
103,CET-4,part partial partially
103,CET-4,participate participation participant
103,CET-4,particle
103,CET-4,particular particularly
103,CET-6,partisan
103,CET-6,partition
103,CET-4,partly
103,CET-4,partner partnership
103,CET-4,party
103,CET-4,pass
103,CET-4,passage
103,CET-4,passenger
103,CET-6,passerby
103,CET-4,passion passionate
103,CET-4,passive
103,CET-4,passport
103,CET-4,password
103,CET-4,past
103,CET-6,pasta
103,CET-4,paste
104,CET-4,pastime
104,CET-6,pastry
104,CET-6,pasture
104,CET-4,pat
104,CET-4,patch
104,CET-4,patent
104,CET-4,path
104,CET-6,pathetic
104,CET-4,patient１
104,CET-4,patient２
104,CET-6,patriot patriotic patriotism
104,CET-6,patrol
104,CET-6,patron patronize/Ｇise patronage
104,CET-4,pattern
104,CET-4,pause
104,CET-4,pave pavement
104,CET-4,paw
104,CET-4,pay payment
104,CET-4,payroll
104,CET-4,pea
104,CET-4,peace peaceful
104,CET-4,peach
104,CET-4,peak
104,CET-4,peanut
104,CET-4,pear
104,CET-4,pearl
104,CET-4,peasant
104,CET-6,peck
104,CET-4,peculiar peculiarity
104,CET-6,pedal
104,CET-6,peddle
104,CET-4,pedestrian
104,CET-6,peel
104,CET-6,peep
104,CET-4,peer
104,CET-6,peg
104,CET-4,pen
104,CET-4,penalty penalize/Ｇise
104,CET-4,pencil
104,CET-6,pending
104,CET-6,pendulum
104,CET-4,penetrate penetration
105,CET-6,penguin
105,CET-6,peninsula
105,CET-4,penny
105,CET-4,pension pensioner
105,CET-4,people
105,CET-4,pepper
105,CET-4,per
105,CET-4,perceive perception perceptive
105,CET-4,percent percentage
105,CET-6,perch
105,CET-4,perfect perfection
105,CET-4,perform performance performer
105,CET-6,perfume
105,CET-4,perhaps
105,CET-4,peril perilous
105,CET-4,period periodic periodical
105,CET-6,perish
105,CET-4,permanent permanence
105,CET-6,permeate permeation
105,CET-4,permit permission permissible permissive
105,CET-6,perpetual perpetuate
105,CET-6,perplex perplexity
105,CET-6,persecute persecution
105,CET-4,persevere perseverance
105,CET-4,persist persistent persistence
105,CET-4,person personal personally personality
105,CET-4,personnel
105,CET-4,perspective
105,CET-4,persuade persuasion persuasive
105,CET-4,pessimism pessimistic pessimist
105,CET-6,pest
105,CET-6,pesticide
105,CET-4,pet
105,CET-6,petition petitioner
105,CET-6,petrochemical
105,CET-4,petrol
105,CET-4,petroleum
105,CET-4,petty
105,CET-6,pharmacy pharmaceutical
105,CET-4,phase
105,CET-4,phenomenon
105,CET-4,philosophy philosophical philosopher
106,CET-4,photo(graph) photographic photographer photography
106,CET-4,phrase phrasal
106,CET-4,physical
106,CET-4,physician
106,CET-4,physics physicist
106,CET-6,physiological
106,CET-4,piano pianist
106,CET-4,pick picky
106,CET-4,picnic
106,CET-4,picture picturesque
106,CET-4,pie
106,CET-4,piece
106,CET-4,pierce
106,CET-4,pig
106,CET-4,pigeon
106,CET-4,pile
106,CET-6,pilgrim pilgrimage
106,CET-4,pill
106,CET-4,pillar
106,CET-4,pillow
106,CET-4,pilot
106,CET-4,pin
106,CET-4,pinch
106,CET-4,pine
106,CET-4,pink
106,CET-4,pint
106,CET-4,pioneer
106,CET-4,pipe
106,CET-4,pirate piracy
106,CET-4,pistol
106,CET-4,pit
106,CET-4,pitch
106,CET-4,pity
106,CET-4,pizza
106,CET-4,place placement
106,CET-4,plague
106,CET-4,plain
106,CET-6,plaintiff
106,CET-4,plan planning planner
106,CET-4,plane
106,CET-4,planet planetary
106,CET-4,plant plantation
107,CET-4,plastic
107,CET-4,plate
107,CET-6,plateau
107,CET-4,platform
107,CET-6,plausible
107,CET-4,play player
107,CET-4,playground
107,CET-6,plaza
107,CET-6,plea
107,CET-6,plead
107,CET-4,please pleasure pleasant pleasing
107,CET-4,pledge
107,CET-4,plenty plentiful
107,CET-6,plight
107,CET-4,plot
107,CET-4,plough/plow
107,CET-4,plug
107,CET-6,plumber
107,CET-6,plumbing
107,CET-4,plunge
107,CET-4,plural
107,CET-4,plus
107,CET-4,pocket
107,CET-4,podcast
107,CET-4,poem poetry
107,CET-4,poet poetic
107,CET-4,point pointless
107,CET-6,poise poised
107,CET-4,poison poisonous
107,CET-6,poke
107,CET-4,pole polar
107,CET-4,police policeman
107,CET-4,policy
107,CET-4,polish
107,CET-4,polite politeness
107,CET-4,politics political politician
107,CET-4,poll pollster
107,CET-4,pollute pollution pollutant
107,CET-6,polytechnic
107,CET-4,pond
107,CET-6,ponder
107,CET-4,pool
108,CET-4,poor poverty
108,CET-4,pop
108,CET-4,popular popularity
108,CET-4,population populous populate
108,CET-6,porcelain
108,CET-6,porch
108,CET-4,pork
108,CET-6,porridge
108,CET-4,port portable porter
108,CET-6,portfolio
108,CET-4,portion
108,CET-6,portray portrayal portrait
108,CET-4,pose posture
108,CET-4,position
108,CET-4,positive
108,CET-4,possess possession possessive
108,CET-4,possible possibility possibly
108,CET-4,post１
108,CET-4,post２
108,CET-4,postcard
108,CET-4,poster
108,CET-4,postpone postponement
108,CET-4,pot
108,CET-4,potato
108,CET-6,potent
108,CET-4,potential potentiality
108,CET-6,pottery
108,CET-6,poultry
108,CET-4,pound１
108,CET-4,pound２
108,CET-4,pour
108,CET-4,powder
108,CET-4,power powerful
108,CET-4,practise/Ｇice practicable
108,CET-4,practical practicality
108,CET-6,practitioner
108,CET-4,praise
108,CET-4,pray
108,CET-4,preach preacher
108,CET-4,precaution precautionary
108,CET-6,precede preceding precedent
108,CET-4,precious
109,CET-4,precise precision precisely
109,CET-6,predator predatory
109,CET-6,predecessor
109,CET-4,predict prediction predictable
109,CET-6,predominate predominance predominant
109,CET-4,preface
109,CET-4,prefer preferable preference preferential
109,CET-4,pregnant pregnancy
109,CET-4,prejudice
109,CET-4,preliminary
109,CET-6,premature
109,CET-4,premier
109,CET-6,premise
109,CET-6,premium
109,CET-6,preoccupy preoccupied
109,CET-4,prepare preparation preparatory
109,CET-4,preposition
109,CET-6,prerequisite
109,CET-4,prescribe prescription
109,CET-4,present１
109,CET-4,present２
109,CET-4,present３
109,CET-4,preserve preservation preservative
109,CET-6,preside
109,CET-4,president presidency presidential
109,CET-4,press１
109,CET-4,press２
109,CET-6,prestige prestigious
109,CET-6,presume presumption presumably
109,CET-4,pretend pretense/Ｇce
109,CET-6,pretext
109,CET-4,pretty
109,CET-4,prevail prevalence prevalent
109,CET-4,prevent prevention preventive
109,CET-4,preview
109,CET-4,previous
109,CET-6,prey
109,CET-4,price priceless
109,CET-4,pride proud
109,CET-4,priest
109,CET-4,primary primarily
109,CET-4,prime
110,CET-4,primitive
110,CET-4,prince/princess
110,CET-4,principal
110,CET-4,principle
110,CET-4,print printer printing
110,CET-4,prior priority
110,CET-4,prison prisoner
110,CET-4,private privacy privatize/Ｇise privatization/Ｇsation
110,CET-4,privilege privileged
110,CET-4,prize
110,CET-4,probable probability probably
110,CET-6,probe
110,CET-4,problem problematic
110,CET-4,procedure
110,CET-4,proceed proceedings
110,CET-4,process processor
110,CET-4,procession
110,CET-4,proclaim proclamation
110,CET-4,produce production productive productivity
110,CET-4,product
110,CET-4,profession professional
110,CET-4,professor
110,CET-4,proficient proficiency
110,CET-6,profile
110,CET-4,profit profitable
110,CET-4,profound
110,CET-4,program(me)
110,CET-4,progress progressive progression
110,CET-4,prohibit prohibition prohibitive
110,CET-4,project１
110,CET-4,project２
110,CET-6,prolong
110,CET-4,prominent prominence
110,CET-4,promise promising
110,CET-4,promote promotion
110,CET-4,prompt
110,CET-6,prone
110,CET-4,pronoun
110,CET-4,pronounce pronunciation
110,CET-4,proof
110,CET-6,proofread
110,CET-6,prop
111,CET-6,propaganda
111,CET-6,propagate propagation
111,CET-6,propel propeller
111,CET-4,proper
111,CET-4,property
111,CET-4,proportion proportional
111,CET-4,propose proposal proposition
111,CET-4,prose
111,CET-6,prosecute prosecution
111,CET-4,prospect prospective
111,CET-6,prosper prosperity prosperous
111,CET-4,protect protection protective
111,CET-4,protein
111,CET-4,protest
111,CET-6,protocol
111,CET-6,prototype
111,CET-4,prove
111,CET-4,proverb proverbial
111,CET-4,provide provision
111,CET-4,provided
111,CET-4,province provincial
111,CET-4,provoke provocation provocative
111,CET-6,proximate proximity
111,CET-6,psychiatry psychiatric psychiatrist
111,CET-4,psychology psychological psychologist
111,CET-4,pub
111,CET-4,public publicize/Ｇise publicity publicly
111,CET-4,publish publication
111,CET-6,pudding
111,CET-4,pull
111,CET-4,pulse
111,CET-4,pump
111,CET-6,pumpkin
111,CET-4,punch
111,CET-4,punctual punctuality
111,CET-4,punish punishment
111,CET-4,pupil
111,CET-4,purchase
111,CET-4,pure purity purify
111,CET-4,purple
111,CET-4,purpose purposeful
111,CET-4,purse
112,CET-4,pursue pursuit
112,CET-4,push pushy
112,CET-4,put
112,CET-4,puzzle puzzlement
112,CET-6,pyramid
112,CET-4,quake
112,CET-4,qualify qualification
112,CET-4,quality qualitative
112,CET-4,quantify quantification
112,CET-4,quantity quantitative
112,CET-4,quarrel quarrelsome
112,CET-6,quart
112,CET-4,quarter quarterly
112,CET-4,queen
112,CET-6,query
112,CET-6,quest
112,CET-4,question questionnaire
112,CET-4,queue
112,CET-4,quick
112,CET-4,quiet
112,CET-4,quit
112,CET-4,quite
112,CET-6,quiver
112,CET-4,quiz
112,CET-4,quota
112,CET-4,quote quotation
112,CET-4,rabbit
112,CET-4,race１
112,CET-4,race２
112,CET-4,rack
112,CET-4,radar
112,CET-6,radiate radiation radiator radiant
112,CET-4,radical
112,CET-4,radio
112,CET-6,radioactive radioactivity
112,CET-4,rag ragged raggedly
112,CET-4,rage raging
112,CET-4,raid
112,CET-4,rail
112,CET-4,railway/railroad
112,CET-4,rain rainy
112,CET-4,rainbow
113,CET-4,raincoat
113,CET-4,raise
113,CET-4,rally
113,CET-6,ranch
113,CET-6,random
113,CET-4,range
113,CET-4,rank
113,CET-6,rap
113,CET-6,rape
113,CET-4,rapid rapidity
113,CET-4,rare rarely rarity
113,CET-6,rash
113,CET-4,rat
113,CET-4,rate rating
113,CET-4,rather
113,CET-6,ratify ratification
113,CET-4,ratio
113,CET-6,ration
113,CET-4,rational
113,CET-6,rattle
113,CET-4,raw
113,CET-4,ray
113,CET-4,reach
113,CET-4,react reaction reactionary
113,CET-4,read reading reader
113,CET-4,ready readily
113,CET-4,real really reality
113,CET-4,realistic realism
113,CET-4,realize/Ｇise realization/Ｇsation
113,CET-4,realm
113,CET-4,reap
113,CET-4,rear
113,CET-4,reason reasonable
113,CET-6,reassure reassurance
113,CET-4,rebel rebellion rebellious
113,CET-4,recall
113,CET-6,recede
113,CET-4,receive receipt recipient receptive receiver
113,CET-4,recent recently
113,CET-4,reception receptionist
113,CET-4,recession
113,CET-6,recipe
114,CET-6,reciprocal
114,CET-4,recite recitation
114,CET-6,reckless
114,CET-4,reckon
114,CET-4,recognize/Ｇise recognition
114,CET-4,recommend recommendation
114,CET-6,reconcile reconciliation reconciliatory
114,CET-4,record recorder recording
114,CET-4,recover recovery
114,CET-4,recreation recreational
114,CET-4,recruit recruitment
114,CET-6,rectify rectification
114,CET-6,recur recurrence
114,CET-4,recycle recyclable
114,CET-4,red
114,CET-4,reduce reduction
114,CET-6,redundant redundancy
114,CET-6,reel
114,CET-4,refer reference
114,CET-6,referee
114,CET-6,referendum
114,CET-4,refine refinery refinement
114,CET-4,reflect reflection reflective
114,CET-4,reform reformation reformist
114,CET-4,refrain
114,CET-4,refresh
114,CET-4,refreshment
114,CET-4,refrigerator/fridge refrigeration
114,CET-6,refuge refugee
114,CET-6,refund
114,CET-4,refuse refusal
114,CET-6,refute refutation
114,CET-4,regard
114,CET-4,regarding
114,CET-4,regardless
114,CET-6,regime
114,CET-6,regiment regimental
114,CET-4,region regional
114,CET-4,register registration registrar
114,CET-4,regret regrettable regretful
114,CET-4,regular regularity
114,CET-4,regulate regulation regulatory regulator
115,CET-6,rehabilitate rehabilitation
115,CET-6,rehearse rehearsal
115,CET-6,reign
115,CET-6,rein
115,CET-4,reinforce reinforcement
115,CET-4,reject rejection
115,CET-6,rejoice rejoicing
115,CET-4,relate relation relationship
115,CET-4,relative relativity
115,CET-4,relax relaxation
115,CET-4,relay
115,CET-4,release
115,CET-6,relentless
115,CET-4,relevant relevance
115,CET-6,relic
115,CET-4,relieve relief
115,CET-4,religion religious
115,CET-6,relish
115,CET-4,reluctant reluctance
115,CET-4,rely reliance reliable
115,CET-4,remain remainder
115,CET-4,remark remarkable
115,CET-4,remedy remedial
115,CET-4,remember remembrance
115,CET-4,remind reminder
115,CET-6,reminiscent reminiscence
115,CET-6,remnant
115,CET-4,remote
115,CET-4,remove removal
115,CET-6,renaissance
115,CET-4,render rendering
115,CET-4,renew renewal renewable
115,CET-4,renovate renovation
115,CET-6,renown renowned
115,CET-4,rent rental
115,CET-4,repair reparable
115,CET-4,repay repayment
115,CET-4,repeat repetition repetitive repeatedly
115,CET-6,repel
115,CET-6,repertoire
115,CET-4,replace replacement
115,CET-4,reply
116,CET-4,report reporter
116,CET-4,represent representation representative
116,CET-6,repress repression repressive
116,CET-6,reproach
116,CET-4,reproduce reproduction reproductive
116,CET-4,republic republican
116,CET-4,reputation
116,CET-6,repute reputable
116,CET-4,request
116,CET-4,require requirement
116,CET-4,rescue
116,CET-4,research researcher
116,CET-4,resemble resemblance
116,CET-4,resent resentment
116,CET-4,reserve reservation reserved
116,CET-6,reservoir
116,CET-6,reshuffle
116,CET-4,reside residence resident residential
116,CET-4,resign resignation
116,CET-4,resist resistance resistant
116,CET-4,resolve resolution resolute
116,CET-4,resort１
116,CET-4,resort２
116,CET-4,resource resourceful
116,CET-4,respect respectable respectful
116,CET-4,respective respectively
116,CET-4,respond response responsive respondent
116,CET-4,responsible responsibility
116,CET-4,rest１
116,CET-4,rest２
116,CET-4,restaurant
116,CET-6,restless
116,CET-4,restore restoration
116,CET-4,restrain restraint
116,CET-4,restrict restriction restrictive
116,CET-4,result resultant
116,CET-4,resume resumption
116,CET-4,résumé
116,CET-4,retail retailer
116,CET-4,retain retention
116,CET-6,retaliate retaliation
116,CET-6,retarded
117,CET-4,retell retelling
117,CET-4,retire retirement retired
117,CET-6,retort
117,CET-4,retreat
117,CET-6,retrieve retrieval
117,CET-6,retrospect retrospective
117,CET-4,return
117,CET-4,reunite reunification reunion
117,CET-4,reveal revelation
117,CET-6,revenge revengeful
117,CET-4,revenue
117,CET-4,reverse reversal reversible
117,CET-4,review reviewer
117,CET-4,revise revision
117,CET-6,revive revival
117,CET-6,revolt
117,CET-4,revolution revolutionary
117,CET-4,revolve
117,CET-4,reward rewarding
117,CET-6,rhetoric rhetorical
117,CET-4,rhythm rhythmic
117,CET-4,rib
117,CET-4,ribbon
117,CET-4,rice
117,CET-4,rich
117,CET-4,rid
117,CET-4,riddle
117,CET-4,ride rider
117,CET-6,ridge
117,CET-4,ridicule ridiculous
117,CET-4,rifle
117,CET-6,rig
117,CET-4,right
117,CET-6,rigid rigidity
117,CET-6,rigo(u)r rigorous
117,CET-6,rim
117,CET-4,ring
117,CET-4,riot riotous
117,CET-4,rip
117,CET-4,ripe ripen
117,CET-4,rise
117,CET-4,risk risky
118,CET-6,ritual
118,CET-4,rival rivalry
118,CET-4,river
118,CET-4,road
118,CET-4,roar
118,CET-4,roast
118,CET-4,rob robbery
118,CET-4,robot robotic
118,CET-6,robust
118,CET-4,rock rocky
118,CET-4,rocket
118,CET-4,rod
118,CET-4,role
118,CET-4,roll roller
118,CET-4,romance romantic
118,CET-4,roof
118,CET-4,room
118,CET-4,root
118,CET-4,rope
118,CET-4,rose rosy
118,CET-6,rot rotten
118,CET-6,rotate rotation
118,CET-4,rough roughly
118,CET-4,round
118,CET-4,rouse
118,CET-4,route
118,CET-4,routine
118,CET-4,row１
118,CET-4,row２
118,CET-4,royal royalty
118,CET-4,rub
118,CET-4,rubber
118,CET-4,rubbish
118,CET-4,rude
118,CET-4,rug
118,CET-4,ruin ruinous
118,CET-4,rule ruler ruling
118,CET-4,rumo(u)r
118,CET-4,run runner running
118,CET-4,runway
118,CET-4,rural
118,CET-4,rush
119,CET-6,rust rusty
119,CET-6,ruthless
119,CET-4,sack
119,CET-6,sacred
119,CET-4,sacrifice sacrificial
119,CET-4,sad sadness sadden
119,CET-6,saddle
119,CET-4,safe safety
119,CET-6,safeguard
119,CET-4,sail sailing sailor
119,CET-4,saint
119,CET-4,sake
119,CET-4,salad
119,CET-4,salary
119,CET-4,sale
119,CET-4,salesman
119,CET-6,salmon
119,CET-6,salon
119,CET-4,salt salty
119,CET-6,salute salutation
119,CET-6,salvage
119,CET-6,salvation
119,CET-4,same
119,CET-4,sample
119,CET-6,sanction
119,CET-6,sanctuary
119,CET-4,sand
119,CET-4,sandwich
119,CET-6,sanitation sanitary
119,CET-6,sarcasm sarcastic
119,CET-4,satellite
119,CET-6,satire satirical satirist
119,CET-4,satisfy satisfaction satisfactory
119,CET-6,saturate saturation
119,CET-4,Saturday
119,CET-4,sauce
119,CET-4,sausage
119,CET-6,savage
119,CET-4,save saving
119,CET-4,say saying
119,CET-4,scale
119,CET-4,scan scanner
120,CET-4,scandal scandalous
120,CET-4,scar
120,CET-4,scarce scarcity scarcely
120,CET-4,scare scary
120,CET-4,scatter
120,CET-6,scenario
120,CET-4,scene scenery scenic
120,CET-4,scent
120,CET-4,schedule
120,CET-4,scheme
120,CET-4,scholar scholarly scholarship scholastic
120,CET-4,school schooling
120,CET-4,science scientific scientist
120,CET-4,scissors
120,CET-4,scold
120,CET-4,scope
120,CET-4,score
120,CET-6,scorn scornful
120,CET-4,scout
120,CET-6,scramble
120,CET-6,scrap
120,CET-6,scrape
120,CET-4,scratch
120,CET-4,scream
120,CET-4,screen
120,CET-4,screw
120,CET-4,script scripture
120,CET-6,scrub
120,CET-6,scrutiny scrutinize/Ｇise
120,CET-6,sculpture
120,CET-4,sea
120,CET-4,seal
120,CET-4,search
120,CET-4,season seasonal
120,CET-4,seat
120,CET-4,second１
120,CET-4,second２
120,CET-4,secondary
120,CET-4,secondＧhand
120,CET-4,secret secrecy secretive
120,CET-4,secretary secretarial
120,CET-4,section
121,CET-4,sector
121,CET-6,secular
121,CET-4,secure security
121,CET-6,seduce seduction seductive
121,CET-4,see
121,CET-4,seed seedling
121,CET-4,seek
121,CET-4,seem seeming seemingly
121,CET-4,segment segmental
121,CET-6,segregate segregation
121,CET-4,seize seizure
121,CET-4,seldom
121,CET-4,select selection selective
121,CET-4,self selfish selfless
121,CET-4,sell
121,CET-4,semester
121,CET-4,seminar
121,CET-4,senate senator
121,CET-4,send
121,CET-4,senior seniority
121,CET-6,sensation sensational
121,CET-4,sense sensible sensor
121,CET-4,sensitive sensitivity
121,CET-4,sentence
121,CET-6,sentiment sentimental
121,CET-4,separate separation separatist
121,CET-4,September
121,CET-4,sequence sequential
121,CET-6,sergeant
121,CET-6,serial
121,CET-4,series
121,CET-4,serious
121,CET-4,servant
121,CET-4,serve service serving
121,CET-4,session
121,CET-4,set
121,CET-4,setback
121,CET-4,setting
121,CET-4,settle settlement
121,CET-4,seven
121,CET-4,seventeen
121,CET-4,seventy
122,CET-4,several
122,CET-4,severe severity
122,CET-4,sew
122,CET-4,sex sexy sexual
122,CET-6,shabby
122,CET-4,shade shady
122,CET-4,shadow
122,CET-6,shaft
122,CET-4,shake shaky
122,CET-4,shall
122,CET-4,shallow
122,CET-4,shame shameful shameless
122,CET-4,shape
122,CET-4,share
122,CET-6,shark
122,CET-4,sharp sharpen
122,CET-6,shatter
122,CET-4,shave shaver
122,CET-4,she
122,CET-4,shed
122,CET-4,sheep
122,CET-4,sheer
122,CET-4,sheet
122,CET-4,shelf
122,CET-4,shell
122,CET-4,shelter
122,CET-6,shepherd
122,CET-6,shield
122,CET-4,shift
122,CET-4,shine shiny
122,CET-4,ship shipping shipment
122,CET-6,shipyard
122,CET-4,shirt
122,CET-4,shit
122,CET-4,shiver
122,CET-4,shock
122,CET-4,shoe
122,CET-4,shoot
122,CET-4,shop shopping
122,CET-4,shore
122,CET-4,short shortage shorts
122,CET-4,shortcoming
123,CET-6,shorthand
123,CET-4,shortly
123,CET-4,shot
123,CET-4,should
123,CET-4,shoulder
123,CET-4,shout
123,CET-6,shove
123,CET-4,show showy
123,CET-6,showcase
123,CET-4,shower
123,CET-6,shred
123,CET-6,shrewd
123,CET-4,shrimp
123,CET-4,shrink
123,CET-6,shrub shrubbery
123,CET-4,shrug
123,CET-4,shut
123,CET-4,shuttle
123,CET-4,shy shyness shyly
123,CET-4,sick sicken
123,CET-4,side
123,CET-4,sideways
123,CET-4,siege
123,CET-4,sigh
123,CET-4,sight
123,CET-4,sightseeing
123,CET-4,sign signature
123,CET-4,signal
123,CET-4,significant significance
123,CET-6,signify
123,CET-4,silent silence
123,CET-4,silicon
123,CET-4,silk silky
123,CET-4,silver silvery
123,CET-4,similar similarity
123,CET-4,simple simplicity simplify simply
123,CET-6,simulate simulation
123,CET-6,simultaneous
123,CET-4,sin
123,CET-4,since
123,CET-4,sincere sincerity
123,CET-4,sing singer
124,CET-4,single
124,CET-4,singular singularity
124,CET-6,sinister
124,CET-4,sink
124,CET-4,sip
124,CET-4,sir
124,CET-4,sister
124,CET-4,sit sitting
124,CET-4,site
124,CET-4,situation
124,CET-4,situate
124,CET-4,six
124,CET-4,sixteen
124,CET-4,sixty
124,CET-4,size sizable
124,CET-4,skate skating
124,CET-4,skeleton
124,CET-6,skeptical/sceptical skeptic/sceptic skepticism/scepticism
124,CET-4,sketch sketchy
124,CET-4,ski skiing
124,CET-4,skill skil(l)ful skilled
124,CET-6,skim
124,CET-4,skin skinny
124,CET-4,skip
124,CET-4,skirt
124,CET-6,skull
124,CET-4,sky
124,CET-4,skyline
124,CET-4,skyscraper
124,CET-6,slack
124,CET-6,slam
124,CET-4,slap
124,CET-6,slash
124,CET-6,slaughter
124,CET-4,slave slavery
124,CET-4,sleep sleepy sleepiness
124,CET-4,sleeve
124,CET-4,slender
124,CET-4,slice
124,CET-4,slide
124,CET-4,slight slightly
124,CET-4,slim
125,CET-4,slip slippery slipper
125,CET-4,slogan
125,CET-4,slope
125,CET-6,slot
125,CET-4,slow
125,CET-6,slum
125,CET-6,slump
125,CET-4,small
125,CET-4,smart
125,CET-4,smartphone
125,CET-4,smash
125,CET-4,smell smelly
125,CET-4,smile
125,CET-4,smog smoggy
125,CET-4,smoke smoky
125,CET-4,smooth
125,CET-6,smuggle smuggling smuggler
125,CET-4,snack
125,CET-6,snail
125,CET-4,snake
125,CET-6,snap
125,CET-6,snatch
125,CET-6,sneak
125,CET-6,sniff
125,CET-6,snob snobbish
125,CET-4,snow snowy
125,CET-4,so
125,CET-4,soak
125,CET-4,soap
125,CET-4,soar
125,CET-6,sob
125,CET-6,sober/Ｇre
125,CET-4,soＧcalled
125,CET-4,soccer
125,CET-4,society social socialize/Ｇise sociable
125,CET-4,socialism socialist
125,CET-4,sociology sociologist
125,CET-4,sock
125,CET-6,socket
125,CET-4,soda
125,CET-6,sodium
125,CET-4,sofa
126,CET-4,soft soften
126,CET-4,software
126,CET-4,soil
126,CET-4,solar
126,CET-4,soldier
126,CET-4,sole solely
126,CET-4,solemn solemnity
126,CET-6,solicit solicitor
126,CET-4,solid solidity solidify
126,CET-6,solidarity
126,CET-6,solitary solitude
126,CET-6,solo
126,CET-4,solve solution solvent soluble
126,CET-4,some
126,CET-4,somebody
126,CET-4,somehow
126,CET-4,someone
126,CET-4,something
126,CET-4,sometime
126,CET-4,sometimes
126,CET-4,somewhat
126,CET-4,somewhere
126,CET-4,son
126,CET-4,song
126,CET-4,soon
126,CET-6,soothe
126,CET-4,sophisticated sophistication
126,CET-4,sore
126,CET-4,sorrow sorrowful
126,CET-4,sorry
126,CET-4,sort
126,CET-4,soul
126,CET-4,sound１
126,CET-4,sound２
126,CET-4,soup
126,CET-4,sour
126,CET-4,source
126,CET-4,south southern
126,CET-4,southeast southeastern
126,CET-4,southwest southwestern
126,CET-4,souvenir
126,CET-6,sovereign sovereignty
127,CET-4,sow
127,CET-4,space spacious spatial
127,CET-4,spaceship/spacecraft
127,CET-4,spade
127,CET-6,spaghetti
127,CET-4,span
127,CET-4,spare sparingly
127,CET-4,spark
127,CET-4,sparkle
127,CET-4,speak speaker
127,CET-6,spear
127,CET-4,special specialize/Ｇise specialization/Ｇsation specialist
127,CET-6,specialty/speciality
127,CET-4,species
127,CET-4,specific specifically
127,CET-4,specify specification
127,CET-4,specimen
127,CET-6,spectacle spectacular
127,CET-6,spectator
127,CET-6,spectrum
127,CET-4,speculate speculation speculative
127,CET-4,speech speechless
127,CET-4,speed speedy speeding
127,CET-4,spell spelling
127,CET-4,spend spending
127,CET-4,sphere spherical
127,CET-6,spice spicy
127,CET-6,spider
127,CET-4,spill
127,CET-4,spin
127,CET-6,spine spinal
127,CET-6,spiral
127,CET-4,spirit spiritual
127,CET-4,spit
127,CET-4,spite
127,CET-4,splash
127,CET-4,splendid splendo(u)r
127,CET-4,split
127,CET-4,spoil
127,CET-4,spokesman/spokeswoman spokesperson
127,CET-6,sponge spongy
127,CET-4,sponsor sponsorship
128,CET-4,spontaneous spontaneity
128,CET-4,spoon spoonful
128,CET-4,sport
128,CET-4,sportsman/sportswoman
128,CET-4,spot
128,CET-6,spotlight
128,CET-4,spouse
128,CET-6,sprawl
128,CET-4,spray
128,CET-4,spread
128,CET-4,spring
128,CET-6,sprinkle
128,CET-4,spur
128,CET-4,spy
128,CET-6,squad
128,CET-4,square
128,CET-4,squeeze
128,CET-6,stab
128,CET-4,stable stability stabilize/Ｇise
128,CET-4,stack
128,CET-4,stadium
128,CET-4,staff
128,CET-4,stage
128,CET-6,stagger
128,CET-6,stagnate stagnation stagnant
128,CET-4,stain stainless
128,CET-4,stair
128,CET-4,staircase
128,CET-4,stake
128,CET-4,stale
128,CET-6,stalk
128,CET-6,stall
128,CET-6,stammer
128,CET-4,stamp１
128,CET-4,stamp２
128,CET-6,stance
128,CET-4,stand
128,CET-4,standard standardize/Ｇise standardization/Ｇsation
128,CET-6,standby
128,CET-4,standpoint
128,CET-4,staple１
128,CET-6,staple２
129,CET-4,star starry
129,CET-4,stare
129,CET-6,stark
129,CET-4,start starter
129,CET-4,startle
129,CET-4,starve starvation
129,CET-4,state statement
129,CET-4,statesman
129,CET-6,static
129,CET-4,station stationary
129,CET-6,stationery
129,CET-4,statistic statistical
129,CET-4,statue
129,CET-4,status
129,CET-6,statute statutory
129,CET-4,stay
129,CET-4,steady steadily
129,CET-4,steak
129,CET-4,steal
129,CET-4,steam steamy steamer
129,CET-4,steel
129,CET-4,steep
129,CET-4,steer
129,CET-4,stem１
129,CET-4,stem２
129,CET-4,step
129,CET-6,stereotype
129,CET-6,stern
129,CET-6,steward(ess)
129,CET-4,stick１
129,CET-4,stick２
129,CET-4,stiff stiffen
129,CET-6,stifle
129,CET-6,stigma
129,CET-4,still１
129,CET-4,still２
129,CET-4,stimulate stimulation stimulus stimulant
129,CET-4,sting
129,CET-6,stipulate stipulation
129,CET-4,stir
129,CET-6,stitch
129,CET-4,stock
130,CET-4,stocking
130,CET-4,stomach
130,CET-4,stone stony
130,CET-4,stool
130,CET-6,stoop
130,CET-4,stop stoppage
130,CET-4,store１
130,CET-4,store２
130,CET-4,storm stormy
130,CET-4,story１
130,CET-4,stor(e)y２
130,CET-6,stout
130,CET-4,stove
130,CET-4,straight straighten
130,CET-4,straightforward
130,CET-4,strain１
130,CET-4,strain２
130,CET-6,strait
130,CET-6,strand
130,CET-4,strange stranger
130,CET-6,strangle
130,CET-4,strap
130,CET-4,strategy strategic
130,CET-4,straw
130,CET-6,stray
130,CET-6,streak
130,CET-4,stream
130,CET-6,streamline
130,CET-4,street
130,CET-4,stress stressful
130,CET-4,stretch
130,CET-4,strict
130,CET-4,stride
130,CET-4,strike striking
130,CET-4,string
130,CET-4,strip
130,CET-4,stripe
130,CET-4,strive
130,CET-4,stroke１
130,CET-4,stroke２
130,CET-6,stroll
130,CET-4,strong strength strengthen
131,CET-4,structure structural
131,CET-4,struggle
131,CET-6,stubborn
131,CET-4,student
131,CET-4,studio
131,CET-4,study
131,CET-4,stuff stuffy stuffing
131,CET-6,stumble
131,CET-6,stump
131,CET-6,stun stunning
131,CET-4,stupid stupidity
131,CET-6,sturdy
131,CET-4,style stylish
131,CET-4,subject１
131,CET-4,subject２
131,CET-4,subjective
131,CET-6,submarine
131,CET-6,submerge
131,CET-4,submit submission submissive
131,CET-6,subordinate subordination
131,CET-6,subscribe subscription subscriber
131,CET-4,subsequent
131,CET-6,subsidy subsidize/Ｇise
131,CET-6,subsistence
131,CET-4,substance substantial
131,CET-4,substitute substitution
131,CET-6,subtle subtlety
131,CET-4,subtract subtraction
131,CET-4,suburb suburban
131,CET-4,subway
131,CET-4,succeed successor succession successive
131,CET-4,success successful
131,CET-4,such
131,CET-4,suck
131,CET-4,sudden suddenly
131,CET-6,sue
131,CET-4,suffer suffering
131,CET-6,suffice
131,CET-4,sufficient
131,CET-4,sugar
131,CET-4,suggest suggestion suggestive
131,CET-6,suicide suicidal
132,CET-4,suit１
132,CET-4,suit２
132,CET-4,suitcase
132,CET-6,suite
132,CET-6,sulfur/sulphur
132,CET-4,sum
132,CET-4,summary summarize/Ｇise
132,CET-4,summer
132,CET-4,summit
132,CET-6,summon
132,CET-4,sun sunny
132,CET-4,Sunday
132,CET-4,sunlight
132,CET-4,sunrise
132,CET-4,sunset
132,CET-4,sunshine
132,CET-4,super
132,CET-4,superb
132,CET-4,superficial
132,CET-6,superintendent
132,CET-4,superior superiority
132,CET-4,supermarket
132,CET-6,superstition superstitious
132,CET-4,supervise supervision supervisor
132,CET-4,supper
132,CET-4,supplement supplementary
132,CET-4,supply supplier
132,CET-4,support supportive supporter
132,CET-4,suppose supposition supposedly
132,CET-6,suppress suppression suppressive
132,CET-4,supreme supremacy
132,CET-4,sure
132,CET-4,surf surfing
132,CET-4,surface
132,CET-4,surge
132,CET-4,surgery surgical surgeon
132,CET-4,surname
132,CET-6,surpass
132,CET-4,surplus
132,CET-4,surprise
132,CET-4,surrender
132,CET-4,surround surroundings
133,CET-6,surveillance
133,CET-4,survey
133,CET-4,survive survival survivor
133,CET-6,susceptible
133,CET-4,suspect
133,CET-4,suspend suspension suspense
133,CET-4,suspicion suspicious
133,CET-4,sustain sustainable sustainability
133,CET-4,swallow１
133,CET-4,swallow２
133,CET-6,swamp
133,CET-6,swap
133,CET-4,sway
133,CET-4,swear
133,CET-4,sweat sweater
133,CET-4,sweep
133,CET-4,sweet
133,CET-4,swell
133,CET-4,swift
133,CET-4,swim swimming swimmer
133,CET-4,swing
133,CET-4,swipe
133,CET-4,switch
133,CET-4,sword
133,CET-4,symbol symbolic(al)
133,CET-6,symmetry symmetric(al)
133,CET-4,sympathy sympathetic sympathize/Ｇise
133,CET-6,symphony
133,CET-6,symposium
133,CET-4,symptom
133,CET-6,syndicate
133,CET-6,syndrome
133,CET-6,synonym
133,CET-6,synthesis synthetic synthesize/Ｇise
133,CET-4,system systematic systematically
133,CET-4,table
133,CET-4,tablet
133,CET-6,taboo
133,CET-6,tack
133,CET-4,tackle
133,CET-6,tact tactful
133,CET-6,tactic
134,CET-4,tag
134,CET-4,tail
134,CET-4,tailor
134,CET-4,take
134,CET-4,takeoff
134,CET-4,tale
134,CET-4,talent talented
134,CET-4,talk talkative
134,CET-4,tall
134,CET-4,tame
134,CET-6,tan
134,CET-4,tangible
134,CET-6,tangle
134,CET-4,tank
134,CET-6,tanker
134,CET-4,tap
134,CET-4,tape
134,CET-4,target
134,CET-6,tariff
134,CET-4,task
134,CET-4,taste tasty
134,CET-4,tax taxation
134,CET-4,taxi
134,CET-4,tea
134,CET-4,teach teacher teaching
134,CET-4,team
134,CET-4,tear１
134,CET-4,tear２
134,CET-6,tease
134,CET-4,technical technician
134,CET-4,technique
134,CET-4,technology/tech technological
134,CET-4,tedious
134,CET-4,teen
134,CET-4,teenager
134,CET-4,telecommunications
134,CET-4,telephone/phone
134,CET-4,telescope telescopic
134,CET-4,television/TV
134,CET-4,tell telling
134,CET-4,teller
134,CET-4,temper
135,CET-6,temperament
135,CET-4,temperature
135,CET-4,temple
135,CET-6,tempo
135,CET-6,temporal
135,CET-4,temporary temporarily
135,CET-6,tempt temptation
135,CET-4,ten
135,CET-6,tenant
135,CET-4,tend tendency
135,CET-4,tender
135,CET-4,tennis
135,CET-4,tense１
135,CET-4,tense２
135,CET-4,tent
135,CET-6,tentative
135,CET-6,tenure
135,CET-4,term
135,CET-4,terminal
135,CET-6,terminate termination
135,CET-6,terrace
135,CET-6,terrain
135,CET-4,terrible terribly
135,CET-4,terrific
135,CET-4,territory territorial
135,CET-4,terror terrify terrorism terrorist
135,CET-6,tertiary
135,CET-4,test
135,CET-6,testify
135,CET-6,testimony
135,CET-4,text
135,CET-4,textbook
135,CET-4,textile
135,CET-6,texture
135,CET-4,than
135,CET-4,thank thankful
135,CET-4,Thanksgiving
135,CET-4,that
135,CET-4,the
135,CET-4,theater/Ｇtre theatrical
135,CET-4,theft
135,CET-4,their
136,CET-4,theirs
136,CET-4,them
136,CET-4,theme
136,CET-4,themselves
136,CET-4,then
136,CET-4,theory theoretical
136,CET-4,therapy therapist therapeutic(al)
136,CET-4,there
136,CET-4,thereby
136,CET-4,therefore
136,CET-6,thermal
136,CET-4,thermometer
136,CET-4,these
136,CET-4,thesis
136,CET-4,they
136,CET-4,thick
136,CET-4,thief
136,CET-6,thigh
136,CET-4,thin
136,CET-4,thing
136,CET-4,think thinking
136,CET-4,third
136,CET-4,thirst thirsty
136,CET-4,thirteen
136,CET-4,thirty
136,CET-4,this
136,CET-6,thorn thorny
136,CET-4,thorough
136,CET-4,those
136,CET-4,though
136,CET-4,thought thoughtful
136,CET-4,thousand
136,CET-4,thread
136,CET-4,threat threaten
136,CET-4,three
136,CET-6,threshold
136,CET-6,thrift thrifty
136,CET-6,thrill thriller
136,CET-4,thrive
136,CET-4,throat
136,CET-6,throne
136,CET-4,through
137,CET-4,throughout
137,CET-4,throw
137,CET-4,thrust
137,CET-4,thumb
137,CET-4,thunder thunderous
137,CET-4,Thursday
137,CET-4,thus
137,CET-4,tick
137,CET-4,ticket
137,CET-6,tickle
137,CET-4,tide tidal
137,CET-4,tidy
137,CET-4,tie
137,CET-4,tiger tigress
137,CET-4,tight tighten
137,CET-6,tile
137,CET-4,till
137,CET-6,tilt
137,CET-4,timber
137,CET-4,time timely timing
137,CET-6,timid
137,CET-4,tin
137,CET-4,tiny
137,CET-4,tip
137,CET-4,tire tired tiring tireless tiresome
137,CET-4,tissue
137,CET-4,title
137,CET-4,to
137,CET-4,toast
137,CET-4,tobacco
137,CET-4,today
137,CET-4,toe
137,CET-4,together
137,CET-6,toil
137,CET-4,toilet
137,CET-4,token
137,CET-4,tolerate tolerance tolerant tolerable
137,CET-4,toll
137,CET-4,tomato
137,CET-4,tomorrow
137,CET-4,ton tonnage
137,CET-4,tone
138,CET-4,tongue
138,CET-4,tonight
138,CET-4,too
138,CET-4,tool
138,CET-4,tooth
138,CET-4,top
138,CET-4,topic topical
138,CET-6,topple
138,CET-4,torch
138,CET-6,tornado
138,CET-4,torture
138,CET-4,toss
138,CET-4,total
138,CET-4,touch
138,CET-4,tough
138,CET-4,tour tourism tourist
138,CET-6,tournament
138,CET-6,tow
138,CET-4,toward(s)
138,CET-4,towel
138,CET-4,tower
138,CET-4,town township
138,CET-6,toxic
138,CET-4,toy
138,CET-4,trace
138,CET-4,track
138,CET-6,tract
138,CET-4,tractor
138,CET-4,trade
138,CET-4,trademark
138,CET-4,tradition traditional
138,CET-4,traffic trafficking
138,CET-4,tragedy tragic tragically
138,CET-4,trail trailer
138,CET-4,train trainer trainee training
138,CET-6,trait
138,CET-4,tram
138,CET-6,tranquil tranquility
138,CET-4,transaction
138,CET-6,transcend
138,CET-4,transcript
138,CET-4,transfer transference
139,CET-4,transform transformation
139,CET-6,transient
139,CET-6,transistor
139,CET-4,transit
139,CET-6,transition transitional
139,CET-4,translate translation translator
139,CET-4,transmit transmission transmitter
139,CET-4,transparent transparency
139,CET-4,transplant transplantation
139,CET-4,transport transportation
139,CET-4,trap
139,CET-4,trash
139,CET-6,trauma traumatic
139,CET-4,travel
139,CET-4,tray
139,CET-6,tread
139,CET-4,treasure
139,CET-6,treasury treasurer
139,CET-4,treat treatment
139,CET-4,treaty
139,CET-4,tree
139,CET-6,trek
139,CET-4,tremble
139,CET-4,tremendous
139,CET-6,trench
139,CET-4,trend
139,CET-4,trial
139,CET-4,triangle triangular
139,CET-6,tribe tribal
139,CET-6,tribune
139,CET-6,tribute
139,CET-4,trick tricky
139,CET-6,trickle
139,CET-4,trifle
139,CET-4,trigger
139,CET-6,trillion
139,CET-6,trim
139,CET-4,trip
139,CET-4,triple
139,CET-4,triumph triumphant
139,CET-6,trivial
139,CET-4,trolley
140,CET-4,troop
140,CET-6,trophy
140,CET-6,tropic tropical
140,CET-4,trouble troublesome
140,CET-4,trousers
140,CET-4,truck
140,CET-4,true truly
140,CET-6,trumpet
140,CET-4,trunk
140,CET-4,trust trustee
140,CET-4,truth truthful
140,CET-4,try trial trying
140,CET-6,tub
140,CET-4,tube
140,CET-6,tuck
140,CET-4,Tuesday
140,CET-6,tug
140,CET-4,tuition
140,CET-6,tumble
140,CET-4,tumo(u)r
140,CET-4,tune
140,CET-4,tunnel
140,CET-6,turbulent turbulence
140,CET-4,turkey
140,CET-6,turmoil
140,CET-4,turn
140,CET-6,turnout
140,CET-6,turnover
140,CET-6,turtle
140,CET-4,tutor tutorial
140,CET-4,twelve twelfth
140,CET-4,twenty twentieth
140,CET-4,twice
140,CET-4,twin
140,CET-4,twist
140,CET-4,two
140,CET-4,type typist
140,CET-4,typewriter
140,CET-4,typical
140,CET-4,tyre/tire
140,CET-4,ugly ugliness
140,CET-4,ultimate ultimately
141,CET-6,ultra
141,CET-4,umbrella
141,CET-6,unanimous
141,CET-4,uncertain uncertainty
141,CET-4,uncle
141,CET-4,uncover
141,CET-4,under
141,CET-4,underdeveloped
141,CET-4,underestimate
141,CET-4,undergo
141,CET-4,undergraduate
141,CET-4,underground
141,CET-6,underlie underlying
141,CET-4,underline
141,CET-4,undermine
141,CET-4,underneath
141,CET-4,understand understanding
141,CET-4,undertake undertaking
141,CET-4,underwear
141,CET-4,undo
141,CET-4,undoubtedly
141,CET-4,uneasy
141,CET-4,unemployed unemployment
141,CET-6,unfold
141,CET-4,uniform uniformity
141,CET-6,unify unification
141,CET-6,unilateral
141,CET-4,union
141,CET-4,unique
141,CET-4,unit
141,CET-4,unite unity
141,CET-4,universe universal
141,CET-4,university
141,CET-6,unleash
141,CET-4,unless
141,CET-6,unprecedented
141,CET-4,until
141,CET-6,unveil
141,CET-4,up
141,CET-4,update
141,CET-4,upgrade
141,CET-6,uphold
142,CET-4,upload
142,CET-4,upon
142,CET-4,upper
142,CET-4,upright
142,CET-6,uprising
142,CET-4,upset
142,CET-4,upstairs
142,CET-4,upＧtoＧdate
142,CET-4,upward upwards
142,CET-6,uranium
142,CET-4,urban urbanize/Ｇise urbanization/Ｇsation
142,CET-4,urge
142,CET-4,urgent urgency
142,CET-6,urine urinate
142,CET-4,us
142,CET-4,usage
142,CET-4,use user useful useless
142,CET-4,used
142,CET-4,usual usually
142,CET-4,utility
142,CET-4,utilize/Ｇise utilization/Ｇsation
142,CET-4,utmost
142,CET-4,utter１
142,CET-4,utter２
142,CET-4,vacant vacancy
142,CET-4,vacation
142,CET-6,vaccine vaccinate vaccination
142,CET-4,vacuum
142,CET-4,vague
142,CET-4,vain vanity
142,CET-4,valid validate validity
142,CET-4,valley
142,CET-4,value valuable
142,CET-6,valve
142,CET-4,van
142,CET-4,vanish
142,CET-4,vapo(u)r
142,CET-4,various variety
142,CET-4,vary variation variable variant
142,CET-4,vast
142,CET-4,vegetable vegetarian
142,CET-6,vegetation
143,CET-4,vehicle
143,CET-4,veil
143,CET-6,vein
143,CET-6,velocity
143,CET-6,velvet
143,CET-4,vendor
143,CET-6,vent
143,CET-6,ventilate ventilation
143,CET-4,venture
143,CET-6,venue
143,CET-4,verb verbal
143,CET-6,verdict
143,CET-6,verge
143,CET-4,verify verification
143,CET-6,versatile
143,CET-6,verse
143,CET-4,version
143,CET-4,versus
143,CET-4,vertical
143,CET-4,very
143,CET-4,vessel
143,CET-6,vest
143,CET-4,veteran
143,CET-4,veto
143,CET-4,via
143,CET-6,viable
143,CET-6,vibrate vibration
143,CET-6,vice
143,CET-6,vicinity
143,CET-6,vicious
143,CET-4,victim victimize
143,CET-4,victory victorious
143,CET-4,video
143,CET-4,view
143,CET-4,viewpoint
143,CET-4,vigor vigorous
143,CET-4,village villager
143,CET-4,vinegar
143,CET-4,violate violation
143,CET-4,violent violence
143,CET-4,violin violinist
143,CET-6,virgin virginity
144,CET-4,virtual virtually
144,CET-4,virtue virtuous
144,CET-4,virus
144,CET-4,visa
144,CET-4,visible visibility
144,CET-4,vision visionary
144,CET-4,visit visitor
144,CET-4,visual visualize/Ｇise
144,CET-4,vital vitality
144,CET-4,vitamin
144,CET-4,vivid
144,CET-4,vocabulary
144,CET-6,vocal
144,CET-4,vocation vocational
144,CET-6,vogue
144,CET-4,voice
144,CET-6,void
144,CET-6,volatile volatility
144,CET-4,volcano volcanic
144,CET-4,volleyball
144,CET-4,volt voltage
144,CET-4,volume voluminous
144,CET-4,volunteer voluntary
144,CET-4,vote voter
144,CET-6,voucher
144,CET-6,vow
144,CET-4,voyage
144,CET-6,vulgar
144,CET-4,vulnerable vulnerability
144,CET-4,wage
144,CET-4,wag(g)on
144,CET-4,waist
144,CET-4,wait waiter/waitress
144,CET-6,waive waiver
144,CET-4,wake waken
144,CET-4,walk
144,CET-4,wall
144,CET-4,wallet
144,CET-4,wander
144,CET-4,want
144,CET-4,war
144,CET-4,ward
145,CET-6,wardrobe
145,CET-4,ware
145,CET-4,warehouse
145,CET-4,warfare
145,CET-4,warm warmth
145,CET-4,warn warning
145,CET-6,warrant
145,CET-6,warranty
145,CET-4,warrior
145,CET-4,wary
145,CET-4,wash washing
145,CET-4,waste wasteful
145,CET-4,watch watchful
145,CET-4,water
145,CET-4,waterproof
145,CET-4,watertight
145,CET-6,watt
145,CET-4,wave wavy
145,CET-4,wax
145,CET-4,way
145,CET-4,we
145,CET-4,weak weaken weakness
145,CET-4,wealth wealthy
145,CET-4,weapon
145,CET-4,wear
145,CET-6,weary weariness
145,CET-4,weather
145,CET-4,weave
145,CET-4,web
145,CET-4,webcast
145,CET-4,website
145,CET-4,wed wedding
145,CET-6,wedge
145,CET-4,Wednesday
145,CET-4,weed
145,CET-4,week weekly
145,CET-4,weekday
145,CET-4,weekend
145,CET-4,weep
145,CET-4,weigh weight
145,CET-4,weird
145,CET-4,welcome
146,CET-4,welfare
146,CET-4,well１
146,CET-4,well２
146,CET-4,wellＧbeing
146,CET-4,wellＧknown
146,CET-4,wellＧoff
146,CET-4,west western westerner
146,CET-4,wet
146,CET-4,whale
146,CET-6,wharf
146,CET-4,what whatever whatsoever
146,CET-4,wheat
146,CET-4,wheel
146,CET-4,when whenever
146,CET-4,where wherever
146,CET-6,whereabouts
146,CET-4,whereas
146,CET-6,whereby
146,CET-4,whether
146,CET-4,which whichever
146,CET-4,while/whilst
146,CET-4,whip
146,CET-6,whirl
146,CET-4,whisky
146,CET-4,whisper
146,CET-4,whistle
146,CET-4,white
146,CET-4,who whoever
146,CET-4,whole wholly
146,CET-6,wholesale
146,CET-6,wholesome
146,CET-4,whom
146,CET-4,whose
146,CET-4,why
146,CET-6,wicked
146,CET-4,wide width widen
146,CET-4,widespread
146,CET-4,widow widower
146,CET-6,wield
146,CET-4,wife
146,CET-4,wild
146,CET-4,wilderness
147,CET-4,wildlife
147,CET-4,will willing willingness
147,CET-4,willpower
147,CET-4,win winner
147,CET-4,wind１
147,CET-4,wind２
147,CET-4,window
147,CET-4,wine winery
147,CET-4,wing
147,CET-6,wink
147,CET-4,winter
147,CET-4,wipe
147,CET-4,wire wireless
147,CET-4,wise wisdom
147,CET-4,wish
147,CET-4,wit witty
147,CET-6,witch
147,CET-4,with
147,CET-4,withdraw withdrawal
147,CET-6,wither
147,CET-6,withhold
147,CET-4,within
147,CET-4,without
147,CET-4,withstand
147,CET-4,witness
147,CET-4,wolf
147,CET-4,woman
147,CET-4,wonder wonderful
147,CET-4,wood wooden
147,CET-4,wool wool(l)en
147,CET-4,word wording
147,CET-4,work worker
147,CET-4,workforce
147,CET-4,workout
147,CET-4,workshop
147,CET-4,world
147,CET-4,worldwide
147,CET-4,worm
147,CET-4,worry worried
147,CET-4,worse
147,CET-4,worship
147,CET-4,worst
148,CET-4,worth worthless
148,CET-4,worthwhile
148,CET-4,worthy worthiness
148,CET-4,would
148,CET-4,wound
148,CET-4,wrap wrapping
148,CET-4,wreck wreckage
148,CET-6,wrench
148,CET-6,wrestle wrestling
148,CET-6,wretched
148,CET-4,wrinkle
148,CET-4,wrist
148,CET-4,write writer writing
148,CET-4,wrong
148,CET-4,xＧray
148,CET-6,yacht
148,CET-4,yard
148,CET-6,yawn
148,CET-4,year yearly
148,CET-6,yearn yearning
148,CET-4,yell
148,CET-4,yellow
148,CET-4,yes yeah
148,CET-4,yesterday
148,CET-4,yet
148,CET-4,yield
148,CET-4,yoga
148,CET-4,yoghurt
148,CET-4,you
148,CET-4,young
148,CET-4,youngster
148,CET-4,your
148,CET-4,yours
148,CET-4,yourself yourselves
148,CET-4,youth youthful
148,CET-6,zeal zealous
148,CET-4,zero
148,CET-6,zigzag
148,CET-6,zip zipper
148,CET-4,zone
148,CET-4,zoo
148,CET-4,zoology zoological
149,CET-6,zoom
