entry_id,pdf_page,cet_level,canonical_word,word_form,display_form,member_kind,sense_number,source_family,normalization_rule,review_status,review_reason
0001-01,21,CET-4,a,a,a,canonical,,a/an,literal,clean,
0001-02,21,CET-4,a,an,an,canonical_variant,,a/an,slash_alternative:literal,spot_check,斜杠并列形式
0002-01,21,CET-4,abandon,abandon,abandon,canonical,,abandon,literal,clean,
0003-01,21,CET-6,abbreviation,abbreviation,abbreviation,canonical,,abbreviation,literal,clean,
0004-01,21,CET-6,abide,abide,abide,canonical,,abide,literal,clean,
0005-01,21,CET-4,able,able,able,canonical,,able ability,literal,clean,
0005-02,21,CET-4,able,ability,ability,derived,,able ability,literal,clean,
0006-01,21,CET-6,abnormal,abnormal,abnormal,canonical,,abnormal,literal,clean,
0007-01,21,CET-4,aboard,aboard,aboard,canonical,,aboard,literal,clean,
0008-01,21,CET-4,abolish,abolish,abolish,canonical,,abolish abolition,literal,clean,
0008-02,21,CET-4,abolish,abolition,abolition,derived,,abolish abolition,literal,clean,
0009-01,21,CET-6,abort,abort,abort,canonical,,abort abortion,literal,clean,
0009-02,21,CET-6,abort,abortion,abortion,derived,,abort abortion,literal,clean,
0010-01,21,CET-4,about,about,about,canonical,,about,literal,clean,
0011-01,21,CET-4,above,above,above,canonical,,above,literal,clean,
0012-01,21,CET-6,abreast,abreast,abreast,canonical,,abreast,literal,clean,
0013-01,21,CET-4,abroad,abroad,abroad,canonical,,abroad,literal,clean,
0014-01,21,CET-6,abrupt,abrupt,abrupt,canonical,,abrupt,literal,clean,
0015-01,21,CET-4,absent,absent,absent,canonical,,absent absence,literal,clean,
0015-02,21,CET-4,absent,absence,absence,derived,,absent absence,literal,clean,
0016-01,21,CET-4,absolute,absolute,absolute,canonical,,absolute,literal,clean,
0017-01,21,CET-4,absorb,absorb,absorb,canonical,,absorb absorption,literal,clean,
0017-02,21,CET-4,absorb,absorption,absorption,derived,,absorb absorption,literal,clean,
0018-01,21,CET-4,abstract,abstract,abstract,canonical,,abstract,literal,clean,
0019-01,21,CET-6,absurd,absurd,absurd,canonical,,absurd absurdity,literal,clean,
0019-02,21,CET-6,absurd,absurdity,absurdity,derived,,absurd absurdity,literal,clean,
0020-01,21,CET-4,abundant,abundant,abundant,canonical,,abundant abundance,literal,clean,
0020-02,21,CET-4,abundant,abundance,abundance,derived,,abundant abundance,literal,clean,
0021-01,21,CET-4,abuse,abuse,abuse,canonical,,abuse abusive,literal,clean,
0021-02,21,CET-4,abuse,abusive,abusive,derived,,abuse abusive,literal,clean,
0022-01,21,CET-4,academy,academy,academy,canonical,,academy academic academician,literal,clean,
0022-02,21,CET-4,academy,academic,academic,derived,,academy academic academician,literal,clean,
0022-03,21,CET-4,academy,academician,academician,derived,,academy academic academician,literal,clean,
0023-01,21,CET-4,accelerate,accelerate,accelerate,canonical,,accelerate acceleration,literal,clean,
0023-02,21,CET-4,accelerate,acceleration,acceleration,derived,,accelerate acceleration,literal,clean,
0024-01,21,CET-4,accent,accent,accent,canonical,,accent,literal,clean,
0025-01,21,CET-4,accept,accept,accept,canonical,,accept acceptance acceptable,literal,clean,
0025-02,21,CET-4,accept,acceptance,acceptance,derived,,accept acceptance acceptable,literal,clean,
0025-03,21,CET-4,accept,acceptable,acceptable,derived,,accept acceptance acceptable,literal,clean,
0026-01,21,CET-4,access,access,access,canonical,,access accessible,literal,clean,
0026-02,21,CET-4,access,accessible,accessible,derived,,access accessible,literal,clean,
0027-01,21,CET-6,accessory,accessory,accessory,canonical,,accessory,literal,clean,
0028-01,21,CET-4,accident,accident,accident,canonical,,accident accidental,literal,clean,
0028-02,21,CET-4,accident,accidental,accidental,derived,,accident accidental,literal,clean,
0029-01,21,CET-6,acclaim,acclaim,acclaim,canonical,,acclaim,literal,clean,
0030-01,21,CET-4,accommodate,accommodate,accommodate,canonical,,accommodate accommodation,literal,clean,
0030-02,21,CET-4,accommodate,accommodation,accommodation,derived,,accommodate accommodation,literal,clean,
0031-01,21,CET-4,accompany,accompany,accompany,canonical,,accompany,literal,clean,
0032-01,21,CET-4,accomplish,accomplish,accomplish,canonical,,accomplish accomplishment,literal,clean,
0032-02,21,CET-4,accomplish,accomplishment,accomplishment,derived,,accomplish accomplishment,literal,clean,
0033-01,21,CET-4,accord,accord,accord,canonical,,accord,literal,clean,
0034-01,21,CET-4,accordance,accordance,accordance,canonical,,accordance,literal,clean,
0035-01,21,CET-4,according to,according to,according to,canonical,,accordingto,literal,clean,
0036-01,21,CET-4,accordingly,accordingly,accordingly,canonical,,accordingly,literal,clean,
0037-01,21,CET-4,account,account,account,canonical,,account accounting accountant accountancy,literal,clean,
0037-02,21,CET-4,account,accounting,accounting,derived,,account accounting accountant accountancy,literal,clean,
0037-03,21,CET-4,account,accountant,accountant,derived,,account accounting accountant accountancy,literal,clean,
0037-04,21,CET-4,account,accountancy,accountancy,derived,,account accounting accountant accountancy,literal,clean,
0038-01,21,CET-4,accountable,accountable,accountable,canonical,,accountable accountability,literal,clean,
0038-02,21,CET-4,accountable,accountability,accountability,derived,,accountable accountability,literal,clean,
0039-01,21,CET-4,accumulate,accumulate,accumulate,canonical,,accumulate accumulation accumulative,literal,clean,
0039-02,21,CET-4,accumulate,accumulation,accumulation,derived,,accumulate accumulation accumulative,literal,clean,
0039-03,21,CET-4,accumulate,accumulative,accumulative,derived,,accumulate accumulation accumulative,literal,clean,
0040-01,21,CET-4,accurate,accurate,accurate,canonical,,accurate accuracy,literal,clean,
0040-02,21,CET-4,accurate,accuracy,accuracy,derived,,accurate accuracy,literal,clean,
0041-01,21,CET-4,accuse,accuse,accuse,canonical,,accuse accusation,literal,clean,
0041-02,21,CET-4,accuse,accusation,accusation,derived,,accuse accusation,literal,clean,
0042-01,21,CET-4,accustom,accustom,accustom,canonical,,accustom accustomed,literal,clean,
0042-02,21,CET-4,accustom,accustomed,accustomed,derived,,accustom accustomed,literal,clean,
0043-01,22,CET-4,ace,ace,ace,canonical,,ace,literal,clean,
0044-01,22,CET-4,ache,ache,ache,canonical,,ache,literal,clean,
0045-01,22,CET-4,achieve,achieve,achieve,canonical,,achieve achievement,literal,clean,
0045-02,22,CET-4,achieve,achievement,achievement,derived,,achieve achievement,literal,clean,
0046-01,22,CET-4,acid,acid,acid,canonical,,acid acidity,literal,clean,
0046-02,22,CET-4,acid,acidity,acidity,derived,,acid acidity,literal,clean,
0047-01,22,CET-4,acknowledge,acknowledge,acknowledge,canonical,,acknowledge acknowledgement,literal,clean,
0047-02,22,CET-4,acknowledge,acknowledgement,acknowledgement,derived,,acknowledge acknowledgement,literal,clean,
0048-01,22,CET-4,acquaint,acquaint,acquaint,canonical,,acquaint acquaintance,literal,clean,
0048-02,22,CET-4,acquaint,acquaintance,acquaintance,derived,,acquaint acquaintance,literal,clean,
0049-01,22,CET-4,acquire,acquire,acquire,canonical,,acquire acquisition,literal,clean,
0049-02,22,CET-4,acquire,acquisition,acquisition,derived,,acquire acquisition,literal,clean,
0050-01,22,CET-4,acre,acre,acre,canonical,,acre,literal,clean,
0051-01,22,CET-4,across,across,across,canonical,,across,literal,clean,
0052-01,22,CET-4,act,act,act,canonical,,act action acting,literal,clean,
0052-02,22,CET-4,act,action,action,derived,,act action acting,literal,clean,
0052-03,22,CET-4,act,acting,acting,derived,,act action acting,literal,clean,
0053-01,22,CET-6,activate,activate,activate,canonical,,activate,literal,clean,
0054-01,22,CET-4,active,active,active,canonical,,active activity activist,literal,clean,
0054-02,22,CET-4,active,activity,activity,derived,,active activity activist,literal,clean,
0054-03,22,CET-4,active,activist,activist,derived,,active activity activist,literal,clean,
0055-01,22,CET-4,actor,actor,actor,canonical,,actor actress,literal,clean,
0055-02,22,CET-4,actor,actress,actress,derived,,actor actress,literal,clean,
0056-01,22,CET-4,actual,actual,actual,canonical,,actual actually,literal,clean,
0056-02,22,CET-4,actual,actually,actually,derived,,actual actually,literal,clean,
0057-01,22,CET-6,acupuncture,acupuncture,acupuncture,canonical,,acupuncture,literal,clean,
0058-01,22,CET-4,acute,acute,acute,canonical,,acute,literal,clean,
0059-01,22,CET-4,adapt,adapt,adapt,canonical,,adapt adaptation adaptive,literal,clean,
0059-02,22,CET-4,adapt,adaptation,adaptation,derived,,adapt adaptation adaptive,literal,clean,
0059-03,22,CET-4,adapt,adaptive,adaptive,derived,,adapt adaptation adaptive,literal,clean,
0060-01,22,CET-4,add,add,add,canonical,,add addition additional,literal,clean,
0060-02,22,CET-4,add,addition,addition,derived,,add addition additional,literal,clean,
0060-03,22,CET-4,add,additional,additional,derived,,add addition additional,literal,clean,
0061-01,22,CET-4,addict,addict,addict,canonical,,addict addiction addictive,literal,clean,
0061-02,22,CET-4,addict,addiction,addiction,derived,,addict addiction addictive,literal,clean,
0061-03,22,CET-4,addict,addictive,addictive,derived,,addict addiction addictive,literal,clean,
0062-01,22,CET-4,address,address,address,canonical,,address,literal,clean,
0063-01,22,CET-4,adequate,adequate,adequate,canonical,,adequate adequacy adequately,literal,clean,
0063-02,22,CET-4,adequate,adequacy,adequacy,derived,,adequate adequacy adequately,literal,clean,
0063-03,22,CET-4,adequate,adequately,adequately,derived,,adequate adequacy adequately,literal,clean,
0064-01,22,CET-6,adhere,adhere,adhere,canonical,,adhere adherence,literal,clean,
0064-02,22,CET-6,adhere,adherence,adherence,derived,,adhere adherence,literal,clean,
0065-01,22,CET-6,adjacent,adjacent,adjacent,canonical,,adjacent,literal,clean,
0066-01,22,CET-4,adjective,adjective,adjective,canonical,,adjective,literal,clean,
0067-01,22,CET-4,adjust,adjust,adjust,canonical,,adjust adjustment,literal,clean,
0067-02,22,CET-4,adjust,adjustment,adjustment,derived,,adjust adjustment,literal,clean,
0068-01,22,CET-4,administer,administer,administer,canonical,,administer/administrate administration administrative,literal,clean,
0068-02,22,CET-4,administer,administrate,administrate,canonical_variant,,administer/administrate administration administrative,slash_alternative:literal,spot_check,斜杠并列形式
0068-03,22,CET-4,administer,administration,administration,derived,,administer/administrate administration administrative,literal,clean,
0068-04,22,CET-4,administer,administrative,administrative,derived,,administer/administrate administration administrative,literal,clean,
0069-01,22,CET-4,admire,admire,admire,canonical,,admire admiration admirable,literal,clean,
0069-02,22,CET-4,admire,admiration,admiration,derived,,admire admiration admirable,literal,clean,
0069-03,22,CET-4,admire,admirable,admirable,derived,,admire admiration admirable,literal,clean,
0070-01,22,CET-4,admit,admit,admit,canonical,,admit admission admittance admittedly,literal,clean,
0070-02,22,CET-4,admit,admission,admission,derived,,admit admission admittance admittedly,literal,clean,
0070-03,22,CET-4,admit,admittance,admittance,derived,,admit admission admittance admittedly,literal,clean,
0070-04,22,CET-4,admit,admittedly,admittedly,derived,,admit admission admittance admittedly,literal,clean,
0071-01,22,CET-6,adolescent,adolescent,adolescent,canonical,,adolescent adolescence,literal,clean,
0071-02,22,CET-6,adolescent,adolescence,adolescence,derived,,adolescent adolescence,literal,clean,
0072-01,22,CET-4,adopt,adopt,adopt,canonical,,adopt adoption,literal,clean,
0072-02,22,CET-4,adopt,adoption,adoption,derived,,adopt adoption,literal,clean,
0073-01,22,CET-6,adore,adore,adore,canonical,,adore adorable,literal,clean,
0073-02,22,CET-6,adore,adorable,adorable,derived,,adore adorable,literal,clean,
0074-01,22,CET-4,adult,adult,adult,canonical,,adult adulthood,literal,clean,
0074-02,22,CET-4,adult,adulthood,adulthood,derived,,adult adulthood,literal,clean,
0075-01,22,CET-4,advance,advance,advance,canonical,,advance advancement advanced,literal,clean,
0075-02,22,CET-4,advance,advancement,advancement,derived,,advance advancement advanced,literal,clean,
0075-03,22,CET-4,advance,advanced,advanced,derived,,advance advancement advanced,literal,clean,
0076-01,22,CET-4,advantage,advantage,advantage,canonical,,advantage advantageous,literal,clean,
0076-02,22,CET-4,advantage,advantageous,advantageous,derived,,advantage advantageous,literal,clean,
0077-01,22,CET-6,advent,advent,advent,canonical,,advent,literal,clean,
0078-01,22,CET-4,adventure,adventure,adventure,canonical,,adventure adventurer adventurous,literal,clean,
0078-02,22,CET-4,adventure,adventurer,adventurer,derived,,adventure adventurer adventurous,literal,clean,
0078-03,22,CET-4,adventure,adventurous,adventurous,derived,,adventure adventurer adventurous,literal,clean,
0079-01,22,CET-4,adverb,adverb,adverb,canonical,,adverb,literal,clean,
0080-01,22,CET-6,adversary,adversary,adversary,canonical,,adversary,literal,clean,
0081-01,22,CET-6,adverse,adverse,adverse,canonical,,adverse adversity,literal,clean,
0081-02,22,CET-6,adverse,adversity,adversity,derived,,adverse adversity,literal,clean,
0082-01,22,CET-4,advertise,advertise,advertise,canonical,,advertise advertisement/ad advertising,literal,clean,
0082-02,22,CET-4,advertise,advertisement,advertisement,derived,,advertise advertisement/ad advertising,literal,clean,
0082-03,22,CET-4,advertise,ad,ad,derived_variant,,advertise advertisement/ad advertising,slash_alternative:literal,spot_check,斜杠并列形式；缩写形式
0082-04,22,CET-4,advertise,advertising,advertising,derived,,advertise advertisement/ad advertising,literal,clean,
0083-01,22,CET-4,advice,advice,advice,canonical,,advice,literal,clean,
0084-01,22,CET-4,advise,advise,advise,canonical,,advise advisor/Ｇer advisory advisable,literal,spot_check,PDF 连字符/共享词尾字形已恢复
0084-02,22,CET-4,advise,advisor,advisor,derived,,advise advisor/Ｇer advisory advisable,literal,spot_check,PDF 连字符/共享词尾字形已恢复
0084-03,22,CET-4,advise,adviser,adviser,derived_variant,,advise advisor/Ｇer advisory advisable,shared_suffix:-er,spot_check,共享词尾替换；PDF 连字符/共享词尾字形已恢复
0084-04,22,CET-4,advise,advisory,advisory,derived,,advise advisor/Ｇer advisory advisable,literal,spot_check,PDF 连字符/共享词尾字形已恢复
0084-05,22,CET-4,advise,advisable,advisable,derived,,advise advisor/Ｇer advisory advisable,literal,spot_check,PDF 连字符/共享词尾字形已恢复
0085-01,23,CET-4,advocate,advocate,advocate,canonical,,advocate advocacy,literal,clean,
0085-02,23,CET-4,advocate,advocacy,advocacy,derived,,advocate advocacy,literal,clean,
0086-01,23,CET-4,aerial,aerial,aerial,canonical,,aerial,literal,clean,
0087-01,23,CET-6,aesthetic,aesthetic,aesthetic,canonical,,aesthetic aesthetics,literal,clean,
0087-02,23,CET-6,aesthetic,aesthetics,aesthetics,derived,,aesthetic aesthetics,literal,clean,
0088-01,23,CET-4,affair,affair,affair,canonical,,affair,literal,clean,
0089-01,23,CET-4,affect,affect,affect,canonical,,affect,literal,clean,
0090-01,23,CET-4,affection,affection,affection,canonical,,affection affectionate,literal,clean,
0090-02,23,CET-4,affection,affectionate,affectionate,derived,,affection affectionate,literal,clean,
0091-01,23,CET-6,affiliate,affiliate,affiliate,canonical,,affiliate affiliation,literal,clean,
0091-02,23,CET-6,affiliate,affiliation,affiliation,derived,,affiliate affiliation,literal,clean,
0092-01,23,CET-6,affirm,affirm,affirm,canonical,,affirm affirmation affirmative,literal,clean,
0092-02,23,CET-6,affirm,affirmation,affirmation,derived,,affirm affirmation affirmative,literal,clean,
0092-03,23,CET-6,affirm,affirmative,affirmative,derived,,affirm affirmation affirmative,literal,clean,
0093-01,23,CET-6,affix,affix,affix,canonical,,affix affixation,literal,clean,
0093-02,23,CET-6,affix,affixation,affixation,derived,,affix affixation,literal,clean,
0094-01,23,CET-4,affluent,affluent,affluent,canonical,,affluent affluence,literal,clean,
0094-02,23,CET-4,affluent,affluence,affluence,derived,,affluent affluence,literal,clean,
0095-01,23,CET-4,afford,afford,afford,canonical,,afford affordable affordability,literal,clean,
0095-02,23,CET-4,afford,affordable,affordable,derived,,afford affordable affordability,literal,clean,
0095-03,23,CET-4,afford,affordability,affordability,derived,,afford affordable affordability,literal,clean,
0096-01,23,CET-6,afloat,afloat,afloat,canonical,,afloat,literal,clean,
0097-01,23,CET-4,afraid,afraid,afraid,canonical,,afraid,literal,clean,
0098-01,23,CET-4,after,after,after,canonical,,after,literal,clean,
0099-01,23,CET-6,aftermath,aftermath,aftermath,canonical,,aftermath,literal,clean,
0100-01,23,CET-4,afternoon,afternoon,afternoon,canonical,,afternoon,literal,clean,
0101-01,23,CET-4,afterward,afterward,afterward,canonical,,afterward(s),optional_omitted,spot_check,括号可选拼写
0101-02,23,CET-4,afterward,afterwards,afterwards,canonical_variant,,afterward(s),optional_included,spot_check,括号可选拼写
0102-01,23,CET-4,again,again,again,canonical,,again,literal,clean,
0103-01,23,CET-4,against,against,against,canonical,,against,literal,clean,
0104-01,23,CET-4,age,age,age,canonical,,age aged ag(e)ing,literal,clean,
0104-02,23,CET-4,age,aged,aged,derived,,age aged ag(e)ing,literal,clean,
0104-03,23,CET-4,age,aging,aging,derived,,age aged ag(e)ing,optional_omitted,spot_check,括号可选拼写
0104-04,23,CET-4,age,ageing,ageing,derived_variant,,age aged ag(e)ing,optional_included,spot_check,括号可选拼写
0105-01,23,CET-4,agenda,agenda,agenda,canonical,,agenda,literal,clean,
0106-01,23,CET-4,agent,agent,agent,canonical,,agent agency,literal,clean,
0106-02,23,CET-4,agent,agency,agency,derived,,agent agency,literal,clean,
0107-01,23,CET-6,aggravate,aggravate,aggravate,canonical,,aggravate aggravation,literal,clean,
0107-02,23,CET-6,aggravate,aggravation,aggravation,derived,,aggravate aggravation,literal,clean,
0108-01,23,CET-6,aggregate,aggregate,aggregate,canonical,,aggregate,literal,clean,
0109-01,23,CET-4,aggressive,aggressive,aggressive,canonical,,aggressive aggression,literal,clean,
0109-02,23,CET-4,aggressive,aggression,aggression,derived,,aggressive aggression,literal,clean,
0110-01,23,CET-6,agitate,agitate,agitate,canonical,,agitate agitation,literal,clean,
0110-02,23,CET-6,agitate,agitation,agitation,derived,,agitate agitation,literal,clean,
0111-01,23,CET-4,ago,ago,ago,canonical,,ago,literal,clean,
0112-01,23,CET-6,agony,agony,agony,canonical,,agony,literal,clean,
0113-01,23,CET-4,agree,agree,agree,canonical,,agree agreement agreeable,literal,clean,
0113-02,23,CET-4,agree,agreement,agreement,derived,,agree agreement agreeable,literal,clean,
0113-03,23,CET-4,agree,agreeable,agreeable,derived,,agree agreement agreeable,literal,clean,
0114-01,23,CET-4,agriculture,agriculture,agriculture,canonical,,agriculture agricultural,literal,clean,
0114-02,23,CET-4,agriculture,agricultural,agricultural,derived,,agriculture agricultural,literal,clean,
0115-01,23,CET-4,ahead,ahead,ahead,canonical,,ahead,literal,clean,
0116-01,23,CET-4,aid,aid,aid,canonical,,aid,literal,clean,
0117-01,23,CET-6,aide,aide,aide,canonical,,aide,literal,clean,
0118-01,23,CET-4,aids,aids,AIDS,canonical,,AIDS,literal,clean,
0119-01,23,CET-6,ail,ail,ail,canonical,,ail ailment,literal,clean,
0119-02,23,CET-6,ail,ailment,ailment,derived,,ail ailment,literal,clean,
0120-01,23,CET-4,aim,aim,aim,canonical,,aim,literal,clean,
0121-01,23,CET-4,air,air,air,canonical,,air,literal,clean,
0122-01,23,CET-6,airborne,airborne,airborne,canonical,,airborne,literal,clean,
0123-01,23,CET-4,air-conditioning,air-conditioning,air-conditioning,canonical,,airＧconditioning airＧconditioner,literal,spot_check,PDF 连字符/共享词尾字形已恢复
0123-02,23,CET-4,air-conditioning,air-conditioner,air-conditioner,derived,,airＧconditioning airＧconditioner,literal,spot_check,PDF 连字符/共享词尾字形已恢复
0124-01,23,CET-4,aircraft,aircraft,aircraft,canonical,,aircraft,literal,clean,
0125-01,23,CET-4,airline,airline,airline,canonical,,airline,literal,clean,
0126-01,23,CET-4,airplane,airplane,airplane,canonical,,airplane/aeroplane,literal,clean,
0126-02,23,CET-4,airplane,aeroplane,aeroplane,canonical_variant,,airplane/aeroplane,slash_alternative:literal,spot_check,斜杠并列形式
0127-01,24,CET-4,airport,airport,airport,canonical,,airport,literal,clean,
0128-01,24,CET-4,aisle,aisle,aisle,canonical,,aisle,literal,clean,
0129-01,24,CET-6,akin,akin,akin,canonical,,akin,literal,clean,
0130-01,24,CET-4,alarm,alarm,alarm,canonical,,alarm,literal,clean,
0131-01,24,CET-4,album,album,album,canonical,,album,literal,clean,
0132-01,24,CET-4,alcohol,alcohol,alcohol,canonical,,alcohol alcoholic,literal,clean,
0132-02,24,CET-4,alcohol,alcoholic,alcoholic,derived,,alcohol alcoholic,literal,clean,
0133-01,24,CET-6,ale,ale,ale,canonical,,ale,literal,clean,
0134-01,24,CET-4,alert,alert,alert,canonical,,alert,literal,clean,
0135-01,24,CET-4,algebra,algebra,algebra,canonical,,algebra,literal,clean,
0136-01,24,CET-6,alien,alien,alien,canonical,,alien alienate alienation,literal,clean,
0136-02,24,CET-6,alien,alienate,alienate,derived,,alien alienate alienation,literal,clean,
0136-03,24,CET-6,alien,alienation,alienation,derived,,alien alienate alienation,literal,clean,
0137-01,24,CET-6,align,align,align,canonical,,align alignment,literal,clean,
0137-02,24,CET-6,align,alignment,alignment,derived,,align alignment,literal,clean,
0138-01,24,CET-4,alike,alike,alike,canonical,,alike,literal,clean,
0139-01,24,CET-4,alive,alive,alive,canonical,,alive,literal,clean,
0140-01,24,CET-4,all,all,all,canonical,,all,literal,clean,
0141-01,24,CET-4,allege,allege,allege,canonical,,allege allegation alleged allegedly,literal,clean,
0141-02,24,CET-4,allege,allegation,allegation,derived,,allege allegation alleged allegedly,literal,clean,
0141-03,24,CET-4,allege,alleged,alleged,derived,,allege allegation alleged allegedly,literal,clean,
0141-04,24,CET-4,allege,allegedly,allegedly,derived,,allege allegation alleged allegedly,literal,clean,
0142-01,24,CET-6,allergic,allergic,allergic,canonical,,allergic allergy,literal,clean,
0142-02,24,CET-6,allergic,allergy,allergy,derived,,allergic allergy,literal,clean,
0143-01,24,CET-6,alleviate,alleviate,alleviate,canonical,,alleviate alleviation,literal,clean,
0143-02,24,CET-6,alleviate,alleviation,alleviation,derived,,alleviate alleviation,literal,clean,
0144-01,24,CET-4,alley,alley,alley,canonical,,alley,literal,clean,
0145-01,24,CET-6,allocate,allocate,allocate,canonical,,allocate allocation,literal,clean,
0145-02,24,CET-6,allocate,allocation,allocation,derived,,allocate allocation,literal,clean,
0146-01,24,CET-6,allot,allot,allot,canonical,,allot allotment,literal,clean,
0146-02,24,CET-6,allot,allotment,allotment,derived,,allot allotment,literal,clean,
0147-01,24,CET-4,allow,allow,allow,canonical,,allow,literal,clean,
0148-01,24,CET-4,allowance,allowance,allowance,canonical,,allowance,literal,clean,
0149-01,24,CET-6,alloy,alloy,alloy,canonical,,alloy,literal,clean,
0150-01,24,CET-6,allude,allude,allude,canonical,,allude allusion,literal,clean,
0150-02,24,CET-6,allude,allusion,allusion,derived,,allude allusion,literal,clean,
0151-01,24,CET-6,allure,allure,allure,canonical,,allure allurement,literal,clean,
0151-02,24,CET-6,allure,allurement,allurement,derived,,allure allurement,literal,clean,
0152-01,24,CET-4,ally,ally,ally,canonical,,ally alliance,literal,clean,
0152-02,24,CET-4,ally,alliance,alliance,derived,,ally alliance,literal,clean,
0153-01,24,CET-6,almighty,almighty,almighty,canonical,,almighty,literal,clean,
0154-01,24,CET-4,almost,almost,almost,canonical,,almost,literal,clean,
0155-01,24,CET-6,aloft,aloft,aloft,canonical,,aloft,literal,clean,
0156-01,24,CET-4,alone,alone,alone,canonical,,alone,literal,clean,
0157-01,24,CET-4,along,along,along,canonical,,along,literal,clean,
0158-01,24,CET-4,alongside,alongside,alongside,canonical,,alongside,literal,clean,
0159-01,24,CET-4,aloud,aloud,aloud,canonical,,aloud,literal,clean,
0160-01,24,CET-4,alphabet,alphabet,alphabet,canonical,,alphabet alphabetic(al),literal,clean,
0160-02,24,CET-4,alphabet,alphabetic,alphabetic,derived,,alphabet alphabetic(al),optional_omitted,spot_check,括号可选拼写
0160-03,24,CET-4,alphabet,alphabetical,alphabetical,derived_variant,,alphabet alphabetic(al),optional_included,spot_check,括号可选拼写
0161-01,24,CET-4,already,already,already,canonical,,already,literal,clean,
0162-01,24,CET-4,also,also,also,canonical,,also,literal,clean,
0163-01,24,CET-4,alter,alter,alter,canonical,,alter alteration,literal,clean,
0163-02,24,CET-4,alter,alteration,alteration,derived,,alter alteration,literal,clean,
0164-01,24,CET-6,alternate,alternate,alternate,canonical,,alternate alternation alternately,literal,clean,
0164-02,24,CET-6,alternate,alternation,alternation,derived,,alternate alternation alternately,literal,clean,
0164-03,24,CET-6,alternate,alternately,alternately,derived,,alternate alternation alternately,literal,clean,
0165-01,24,CET-4,alternative,alternative,alternative,canonical,,alternative,literal,clean,
0166-01,24,CET-4,although,although,although,canonical,,although,literal,clean,
0167-01,24,CET-4,altitude,altitude,altitude,canonical,,altitude,literal,clean,
0168-01,24,CET-4,altogether,altogether,altogether,canonical,,altogether,literal,clean,
0169-01,25,CET-4,aluminum,aluminum,aluminum,canonical,,alumin(i)um,optional_omitted,spot_check,括号可选拼写
0169-02,25,CET-4,aluminum,aluminium,aluminium,canonical_variant,,alumin(i)um,optional_included,spot_check,括号可选拼写
0170-01,25,CET-4,always,always,always,canonical,,always,literal,clean,
0171-01,25,CET-4,am,am,am,canonical,,am,literal,clean,
0172-01,25,CET-6,amass,amass,amass,canonical,,amass,literal,clean,
0173-01,25,CET-4,amateur,amateur,amateur,canonical,,amateur,literal,clean,
0174-01,25,CET-4,amaze,amaze,amaze,canonical,,amaze amazing amazement,literal,clean,
0174-02,25,CET-4,amaze,amazing,amazing,derived,,amaze amazing amazement,literal,clean,
0174-03,25,CET-4,amaze,amazement,amazement,derived,,amaze amazing amazement,literal,clean,
0175-01,25,CET-4,ambassador,ambassador,ambassador,canonical,,ambassador,literal,clean,
0176-01,25,CET-6,ambiguous,ambiguous,ambiguous,canonical,,ambiguous ambiguity,literal,clean,
0176-02,25,CET-6,ambiguous,ambiguity,ambiguity,derived,,ambiguous ambiguity,literal,clean,
0177-01,25,CET-4,ambition,ambition,ambition,canonical,,ambition ambitious,literal,clean,
0177-02,25,CET-4,ambition,ambitious,ambitious,derived,,ambition ambitious,literal,clean,
0178-01,25,CET-4,ambulance,ambulance,ambulance,canonical,,ambulance,literal,clean,
0179-01,25,CET-6,amend,amend,amend,canonical,,amend amendment,literal,clean,
0179-02,25,CET-6,amend,amendment,amendment,derived,,amend amendment,literal,clean,
0180-01,25,CET-6,amiable,amiable,amiable,canonical,,amiable,literal,clean,
0181-01,25,CET-4,amid,amid,amid,canonical,,amid(st),optional_omitted,spot_check,括号可选拼写
0181-02,25,CET-4,amid,amidst,amidst,canonical_variant,,amid(st),optional_included,spot_check,括号可选拼写
0182-01,25,CET-6,ammunition,ammunition,ammunition,canonical,,ammunition,literal,clean,
0183-01,25,CET-4,among,among,among,canonical,,among(st),optional_omitted,spot_check,括号可选拼写
0183-02,25,CET-4,among,amongst,amongst,canonical_variant,,among(st),optional_included,spot_check,括号可选拼写
0184-01,25,CET-4,amount,amount,amount,canonical,,amount,literal,clean,
0185-01,25,CET-4,ample,ample,ample,canonical,,ample,literal,clean,
0186-01,25,CET-6,amplify,amplify,amplify,canonical,,amplify amplification,literal,clean,
0186-02,25,CET-6,amplify,amplification,amplification,derived,,amplify amplification,literal,clean,
0187-01,25,CET-4,amuse,amuse,amuse,canonical,,amuse amusing amusement,literal,clean,
0187-02,25,CET-4,amuse,amusing,amusing,derived,,amuse amusing amusement,literal,clean,
0187-03,25,CET-4,amuse,amusement,amusement,derived,,amuse amusing amusement,literal,clean,
0188-01,25,CET-6,analogue,analogue,analogue,canonical,,analogue analogous,literal,clean,
0188-02,25,CET-6,analogue,analogous,analogous,derived,,analogue analogous,literal,clean,
0189-01,25,CET-6,analogy,analogy,analogy,canonical,,analogy,literal,clean,
0190-01,25,CET-4,analyze,analyze,analyze,canonical,,analyze/Ｇyse analysis analytic(al) analyst,literal,spot_check,PDF 连字符/共享词尾字形已恢复
0190-02,25,CET-4,analyze,analyse,analyse,canonical_variant,,analyze/Ｇyse analysis analytic(al) analyst,shared_suffix:-yse,spot_check,共享词尾替换；PDF 连字符/共享词尾字形已恢复
0190-03,25,CET-4,analyze,analysis,analysis,derived,,analyze/Ｇyse analysis analytic(al) analyst,literal,spot_check,PDF 连字符/共享词尾字形已恢复
0190-04,25,CET-4,analyze,analytic,analytic,derived,,analyze/Ｇyse analysis analytic(al) analyst,optional_omitted,spot_check,括号可选拼写；PDF 连字符/共享词尾字形已恢复
0190-05,25,CET-4,analyze,analytical,analytical,derived_variant,,analyze/Ｇyse analysis analytic(al) analyst,optional_included,spot_check,括号可选拼写；PDF 连字符/共享词尾字形已恢复
0190-06,25,CET-4,analyze,analyst,analyst,derived,,analyze/Ｇyse analysis analytic(al) analyst,literal,spot_check,PDF 连字符/共享词尾字形已恢复
0191-01,25,CET-4,ancestor,ancestor,ancestor,canonical,,ancestor ancestry,literal,clean,
0191-02,25,CET-4,ancestor,ancestry,ancestry,derived,,ancestor ancestry,literal,clean,
0192-01,25,CET-4,anchor,anchor,anchor,canonical,,anchor anchorage,literal,clean,
0192-02,25,CET-4,anchor,anchorage,anchorage,derived,,anchor anchorage,literal,clean,
0193-01,25,CET-4,ancient,ancient,ancient,canonical,,ancient,literal,clean,
0194-01,25,CET-4,and,and,and,canonical,,and,literal,clean,
0195-01,25,CET-6,anecdote,anecdote,anecdote,canonical,,anecdote anecdotal,literal,clean,
0195-02,25,CET-6,anecdote,anecdotal,anecdotal,derived,,anecdote anecdotal,literal,clean,
0196-01,25,CET-4,anew,anew,anew,canonical,,anew,literal,clean,
0197-01,25,CET-4,angel,angel,angel,canonical,,angel,literal,clean,
0198-01,25,CET-4,angle,angle,angle,canonical,,angle,literal,clean,
0199-01,25,CET-4,angry,angry,angry,canonical,,angry anger,literal,clean,
0199-02,25,CET-4,angry,anger,anger,derived,,angry anger,literal,clean,
0200-01,25,CET-6,anguish,anguish,anguish,canonical,,anguish,literal,clean,
0201-01,25,CET-4,animal,animal,animal,canonical,,animal,literal,clean,
0202-01,25,CET-6,animate,animate,animate,canonical,,animate animated animation,literal,clean,
0202-02,25,CET-6,animate,animated,animated,derived,,animate animated animation,literal,clean,
0202-03,25,CET-6,animate,animation,animation,derived,,animate animated animation,literal,clean,
0203-01,25,CET-4,ankle,ankle,ankle,canonical,,ankle,literal,clean,
0204-01,25,CET-6,annex,annex,annex,canonical,,annex annexation,literal,clean,
0204-02,25,CET-6,annex,annexation,annexation,derived,,annex annexation,literal,clean,
0205-01,25,CET-4,anniversary,anniversary,anniversary,canonical,,anniversary,literal,clean,
0206-01,25,CET-4,announce,announce,announce,canonical,,announce announcement,literal,clean,
0206-02,25,CET-4,announce,announcement,announcement,derived,,announce announcement,literal,clean,
0207-01,25,CET-4,annoy,annoy,annoy,canonical,,annoy annoyance,literal,clean,
0207-02,25,CET-4,annoy,annoyance,annoyance,derived,,annoy annoyance,literal,clean,
0208-01,25,CET-4,annual,annual,annual,canonical,,annual,literal,clean,
0209-01,25,CET-6,anonymous,anonymous,anonymous,canonical,,anonymous anonymity,literal,clean,
0209-02,25,CET-6,anonymous,anonymity,anonymity,derived,,anonymous anonymity,literal,clean,
0210-01,25,CET-4,another,another,another,canonical,,another,literal,clean,
0211-01,26,CET-4,answer,answer,answer,canonical,,answer,literal,clean,
0212-01,26,CET-4,ant,ant,ant,canonical,,ant,literal,clean,
0213-01,26,CET-6,antagonism,antagonism,antagonism,canonical,,antagonism antagonist antagonistic antagonistically,literal,clean,
0213-02,26,CET-6,antagonism,antagonist,antagonist,derived,,antagonism antagonist antagonistic antagonistically,literal,clean,
0213-03,26,CET-6,antagonism,antagonistic,antagonistic,derived,,antagonism antagonist antagonistic antagonistically,literal,clean,
0213-04,26,CET-6,antagonism,antagonistically,antagonistically,derived,,antagonism antagonist antagonistic antagonistically,literal,clean,
0214-01,26,CET-6,antenna,antenna,antenna,canonical,,antenna,literal,clean,
0215-01,26,CET-6,antibiotic,antibiotic,antibiotic,canonical,,antibiotic,literal,clean,
0216-01,26,CET-4,anticipate,anticipate,anticipate,canonical,,anticipate anticipation,literal,clean,
0216-02,26,CET-4,anticipate,anticipation,anticipation,derived,,anticipate anticipation,literal,clean,
0217-01,26,CET-4,antique,antique,antique,canonical,,antique,literal,clean,
0218-01,26,CET-6,antonym,antonym,antonym,canonical,,antonym,literal,clean,
0219-01,26,CET-4,anxious,anxious,anxious,canonical,,anxious anxiety,literal,clean,
0219-02,26,CET-4,anxious,anxiety,anxiety,derived,,anxious anxiety,literal,clean,
0220-01,26,CET-4,any,any,any,canonical,,any,literal,clean,
0221-01,26,CET-4,anybody,anybody,anybody,canonical,,anybody/anyone,literal,clean,
0221-02,26,CET-4,anybody,anyone,anyone,canonical_variant,,anybody/anyone,slash_alternative:literal,spot_check,斜杠并列形式
0222-01,26,CET-4,anyhow,anyhow,anyhow,canonical,,anyhow,literal,clean,
0223-01,26,CET-4,anything,anything,anything,canonical,,anything,literal,clean,
0224-01,26,CET-4,anyway,anyway,anyway,canonical,,anyway,literal,clean,
0225-01,26,CET-4,anywhere,anywhere,anywhere,canonical,,anywhere,literal,clean,
0226-01,26,CET-4,apart,apart,apart,canonical,,apart,literal,clean,
0227-01,26,CET-4,apartment,apartment,apartment,canonical,,apartment/apt．,literal,clean,
0227-02,26,CET-4,apartment,apt.,apt.,canonical_variant,,apartment/apt．,slash_alternative:literal,spot_check,斜杠并列形式；缩写形式
0228-01,26,CET-6,ape,ape,ape,canonical,,ape,literal,clean,
0229-01,26,CET-4,apology,apology,apology,canonical,,apology apologize/Ｇise apologetic,literal,spot_check,PDF 连字符/共享词尾字形已恢复
0229-02,26,CET-4,apology,apologize,apologize,derived,,apology apologize/Ｇise apologetic,literal,spot_check,PDF 连字符/共享词尾字形已恢复
0229-03,26,CET-4,apology,apologise,apologise,derived_variant,,apology apologize/Ｇise apologetic,shared_suffix:-ise,spot_check,共享词尾替换；PDF 连字符/共享词尾字形已恢复
0229-04,26,CET-4,apology,apologetic,apologetic,derived,,apology apologize/Ｇise apologetic,literal,spot_check,PDF 连字符/共享词尾字形已恢复
0230-01,26,CET-4,app,app,app,canonical,,app,literal,clean,
0231-01,26,CET-6,appal,appal,appal,canonical,,appal(l) appalling,optional_omitted,spot_check,括号可选拼写
0231-02,26,CET-6,appal,appall,appall,canonical_variant,,appal(l) appalling,optional_included,spot_check,括号可选拼写
0231-03,26,CET-6,appal,appalling,appalling,derived,,appal(l) appalling,literal,clean,
0232-01,26,CET-4,apparatus,apparatus,apparatus,canonical,,apparatus,literal,clean,
0233-01,26,CET-4,apparent,apparent,apparent,canonical,,apparent apparently,literal,clean,
0233-02,26,CET-4,apparent,apparently,apparently,derived,,apparent apparently,literal,clean,
0234-01,26,CET-4,appeal,appeal,appeal,canonical,,appeal appealing,literal,clean,
0234-02,26,CET-4,appeal,appealing,appealing,derived,,appeal appealing,literal,clean,
0235-01,26,CET-4,appear,appear,appear,canonical,,appear appearance,literal,clean,
0235-02,26,CET-4,appear,appearance,appearance,derived,,appear appearance,literal,clean,
0236-01,26,CET-6,appease,appease,appease,canonical,,appease appeasement,literal,clean,
0236-02,26,CET-6,appease,appeasement,appeasement,derived,,appease appeasement,literal,clean,
0237-01,26,CET-6,appendix,appendix,appendix,canonical,,appendix,literal,clean,
0238-01,26,CET-4,appetite,appetite,appetite,canonical,,appetite,literal,clean,
0239-01,26,CET-4,applaud,applaud,applaud,canonical,,applaud applause,literal,clean,
0239-02,26,CET-4,applaud,applause,applause,derived,,applaud applause,literal,clean,
0240-01,26,CET-4,apple,apple,apple,canonical,,apple,literal,clean,
0241-01,26,CET-4,appliance,appliance,appliance,canonical,,appliance,literal,clean,
0242-01,26,CET-4,apply,apply,apply,canonical,,apply application applicant applicable,literal,clean,
0242-02,26,CET-4,apply,application,application,derived,,apply application applicant applicable,literal,clean,
0242-03,26,CET-4,apply,applicant,applicant,derived,,apply application applicant applicable,literal,clean,
0242-04,26,CET-4,apply,applicable,applicable,derived,,apply application applicant applicable,literal,clean,
0243-01,26,CET-4,appoint,appoint,appoint,canonical,,appoint appointment,literal,clean,
0243-02,26,CET-4,appoint,appointment,appointment,derived,,appoint appointment,literal,clean,
0244-01,26,CET-6,appraise,appraise,appraise,canonical,,appraise appraisal,literal,clean,
0244-02,26,CET-6,appraise,appraisal,appraisal,derived,,appraise appraisal,literal,clean,
0245-01,26,CET-4,appreciate,appreciate,appreciate,canonical,,appreciate appreciation appreciative,literal,clean,
0245-02,26,CET-4,appreciate,appreciation,appreciation,derived,,appreciate appreciation appreciative,literal,clean,
0245-03,26,CET-4,appreciate,appreciative,appreciative,derived,,appreciate appreciation appreciative,literal,clean,
0246-01,26,CET-6,apprentice,apprentice,apprentice,canonical,,apprentice,literal,clean,
0247-01,26,CET-4,approach,approach,approach,canonical,,approach,literal,clean,
0248-01,26,CET-4,appropriate,appropriate,appropriate,canonical,1,appropriate１,literal,required,同形异义编号已移至 sense_number；同一拼写同时出现在 CET-4 与 CET-6 词族中
0249-01,26,CET-6,appropriate,appropriate,appropriate,canonical,2,appropriate２,literal,required,同形异义编号已移至 sense_number；同一拼写同时出现在 CET-4 与 CET-6 词族中
0250-01,26,CET-4,approve,approve,approve,canonical,,approve approval,literal,clean,
0250-02,26,CET-4,approve,approval,approval,derived,,approve approval,literal,clean,
0251-01,26,CET-4,approximate,approximate,approximate,canonical,,approximate approximately approximation,literal,clean,
0251-02,26,CET-4,approximate,approximately,approximately,derived,,approximate approximately approximation,literal,clean,
0251-03,26,CET-4,approximate,approximation,approximation,derived,,approximate approximately approximation,literal,clean,
0252-01,26,CET-4,april,april,April,canonical,,April,literal,clean,
0253-01,27,CET-6,apron,apron,apron,canonical,,apron,literal,clean,
0254-01,27,CET-6,apt,apt,apt,canonical,,apt aptly,literal,clean,
0254-02,27,CET-6,apt,aptly,aptly,derived,,apt aptly,literal,clean,
0255-01,27,CET-4,aptitude,aptitude,aptitude,canonical,,aptitude,literal,clean,
0256-01,27,CET-4,arbitrary,arbitrary,arbitrary,canonical,,arbitrary arbitrarily,literal,clean,
0256-02,27,CET-4,arbitrary,arbitrarily,arbitrarily,derived,,arbitrary arbitrarily,literal,clean,
0257-01,27,CET-6,arbitrate,arbitrate,arbitrate,canonical,,arbitrate arbitration,literal,clean,
0257-02,27,CET-6,arbitrate,arbitration,arbitration,derived,,arbitrate arbitration,literal,clean,
0258-01,27,CET-6,arc,arc,arc,canonical,,arc,literal,clean,
0259-01,27,CET-6,arch,arch,arch,canonical,,arch,literal,clean,
0260-01,27,CET-4,architect,architect,architect,canonical,,architect,literal,clean,
0261-01,27,CET-4,architecture,architecture,architecture,canonical,,architecture,literal,clean,
0262-01,27,CET-6,archive,archive,archive,canonical,,archive,literal,clean,
0263-01,27,CET-6,ardent,ardent,ardent,canonical,,ardent,literal,clean,
0264-01,27,CET-4,area,area,area,canonical,,area,literal,clean,
0265-01,27,CET-6,arena,arena,arena,canonical,,arena,literal,clean,
0266-01,27,CET-4,argue,argue,argue,canonical,,argue argument argumentation argumentative arguable,literal,clean,
0266-02,27,CET-4,argue,argument,argument,derived,,argue argument argumentation argumentative arguable,literal,clean,
0266-03,27,CET-4,argue,argumentation,argumentation,derived,,argue argument argumentation argumentative arguable,literal,clean,
0266-04,27,CET-4,argue,argumentative,argumentative,derived,,argue argument argumentation argumentative arguable,literal,clean,
0266-05,27,CET-4,argue,arguable,arguable,derived,,argue argument argumentation argumentative arguable,literal,clean,
0267-01,27,CET-4,arise,arise,arise,canonical,,arise,literal,clean,
0268-01,27,CET-6,aristocrat,aristocrat,aristocrat,canonical,,aristocrat aristocratic aristocracy,literal,clean,
0268-02,27,CET-6,aristocrat,aristocratic,aristocratic,derived,,aristocrat aristocratic aristocracy,literal,clean,
0268-03,27,CET-6,aristocrat,aristocracy,aristocracy,derived,,aristocrat aristocratic aristocracy,literal,clean,
0269-01,27,CET-4,arithmetic,arithmetic,arithmetic,canonical,,arithmetic,literal,clean,
0270-01,27,CET-4,arm,arm,arm,canonical,,arm armament,literal,clean,
0270-02,27,CET-4,arm,armament,armament,derived,,arm armament,literal,clean,
0271-01,27,CET-6,armor,armor,armor,canonical,,armo(u)r,optional_omitted,spot_check,括号可选拼写
0271-02,27,CET-6,armor,armour,armour,canonical_variant,,armo(u)r,optional_included,spot_check,括号可选拼写
0272-01,27,CET-4,army,army,army,canonical,,army,literal,clean,
0273-01,27,CET-4,around,around,around,canonical,,around,literal,clean,
0274-01,27,CET-4,arouse,arouse,arouse,canonical,,arouse arousal,literal,clean,
0274-02,27,CET-4,arouse,arousal,arousal,derived,,arouse arousal,literal,clean,
0275-01,27,CET-4,arrange,arrange,arrange,canonical,,arrange arrangement,literal,clean,
0275-02,27,CET-4,arrange,arrangement,arrangement,derived,,arrange arrangement,literal,clean,
0276-01,27,CET-6,array,array,array,canonical,,array,literal,clean,
0277-01,27,CET-4,arrest,arrest,arrest,canonical,,arrest,literal,clean,
0278-01,27,CET-4,arrive,arrive,arrive,canonical,,arrive arrival,literal,clean,
0278-02,27,CET-4,arrive,arrival,arrival,derived,,arrive arrival,literal,clean,
0279-01,27,CET-6,arrogant,arrogant,arrogant,canonical,,arrogant arrogance,literal,clean,
0279-02,27,CET-6,arrogant,arrogance,arrogance,derived,,arrogant arrogance,literal,clean,
0280-01,27,CET-4,arrow,arrow,arrow,canonical,,arrow,literal,clean,
0281-01,27,CET-4,art,art,art,canonical,,art artist artistic artistically,literal,clean,
0281-02,27,CET-4,art,artist,artist,derived,,art artist artistic artistically,literal,clean,
0281-03,27,CET-4,art,artistic,artistic,derived,,art artist artistic artistically,literal,clean,
0281-04,27,CET-4,art,artistically,artistically,derived,,art artist artistic artistically,literal,clean,
0282-01,27,CET-6,artery,artery,artery,canonical,,artery,literal,clean,
0283-01,27,CET-4,article,article,article,canonical,,article,literal,clean,
0284-01,27,CET-6,articulate,articulate,articulate,canonical,,articulate articulation,literal,clean,
0284-02,27,CET-6,articulate,articulation,articulation,derived,,articulate articulation,literal,clean,
0285-01,27,CET-6,artifact,artifact,artifact,canonical,,artifact,literal,clean,
0286-01,27,CET-4,artificial,artificial,artificial,canonical,,artificial,literal,clean,
0287-01,27,CET-6,artillery,artillery,artillery,canonical,,artillery,literal,clean,
0288-01,27,CET-4,as,as,as,canonical,,as,literal,clean,
0289-01,27,CET-6,ascend,ascend,ascend,canonical,,ascend ascendance,literal,clean,
0289-02,27,CET-6,ascend,ascendance,ascendance,derived,,ascend ascendance,literal,clean,
0290-01,27,CET-6,ascertain,ascertain,ascertain,canonical,,ascertain,literal,clean,
0291-01,27,CET-6,ascribe,ascribe,ascribe,canonical,,ascribe,literal,clean,
0292-01,27,CET-4,ash,ash,ash,canonical,,ash,literal,clean,
0293-01,27,CET-4,ashamed,ashamed,ashamed,canonical,,ashamed,literal,clean,
0294-01,27,CET-4,ashore,ashore,ashore,canonical,,ashore,literal,clean,
0295-01,28,CET-4,aside,aside,aside,canonical,,aside,literal,clean,
0296-01,28,CET-4,ask,ask,ask,canonical,,ask,literal,clean,
0297-01,28,CET-4,asleep,asleep,asleep,canonical,,asleep,literal,clean,
0298-01,28,CET-4,aspect,aspect,aspect,canonical,,aspect,literal,clean,
0299-01,28,CET-6,aspire,aspire,aspire,canonical,,aspire aspiration,literal,clean,
0299-02,28,CET-6,aspire,aspiration,aspiration,derived,,aspire aspiration,literal,clean,
0300-01,28,CET-4,ass,ass,ass,canonical,,ass,literal,clean,
0301-01,28,CET-6,assassinate,assassinate,assassinate,canonical,,assassinate assassination assassin,literal,clean,
0301-02,28,CET-6,assassinate,assassination,assassination,derived,,assassinate assassination assassin,literal,clean,
0301-03,28,CET-6,assassinate,assassin,assassin,derived,,assassinate assassination assassin,literal,clean,
0302-01,28,CET-6,assault,assault,assault,canonical,,assault,literal,clean,
0303-01,28,CET-4,assemble,assemble,assemble,canonical,,assemble assembly,literal,clean,
0303-02,28,CET-4,assemble,assembly,assembly,derived,,assemble assembly,literal,clean,
0304-01,28,CET-6,assert,assert,assert,canonical,,assert assertion assertive,literal,clean,
0304-02,28,CET-6,assert,assertion,assertion,derived,,assert assertion assertive,literal,clean,
0304-03,28,CET-6,assert,assertive,assertive,derived,,assert assertion assertive,literal,clean,
0305-01,28,CET-4,assess,assess,assess,canonical,,assess assessment,literal,clean,
0305-02,28,CET-4,assess,assessment,assessment,derived,,assess assessment,literal,clean,
0306-01,28,CET-4,asset,asset,asset,canonical,,asset,literal,clean,
0307-01,28,CET-4,assign,assign,assign,canonical,,assign assignment,literal,clean,
0307-02,28,CET-4,assign,assignment,assignment,derived,,assign assignment,literal,clean,
0308-01,28,CET-6,assimilate,assimilate,assimilate,canonical,,assimilate assimilation,literal,clean,
0308-02,28,CET-6,assimilate,assimilation,assimilation,derived,,assimilate assimilation,literal,clean,
0309-01,28,CET-4,assist,assist,assist,canonical,,assist assistance assistant,literal,clean,
0309-02,28,CET-4,assist,assistance,assistance,derived,,assist assistance assistant,literal,clean,
0309-03,28,CET-4,assist,assistant,assistant,derived,,assist assistance assistant,literal,clean,
0310-01,28,CET-4,associate,associate,associate,canonical,,associate association,literal,clean,
0310-02,28,CET-4,associate,association,association,derived,,associate association,literal,clean,
0311-01,28,CET-6,assorted,assorted,assorted,canonical,,assorted,literal,clean,
0312-01,28,CET-6,assortment,assortment,assortment,canonical,,assortment,literal,clean,
0313-01,28,CET-4,assume,assume,assume,canonical,,assume assumption,literal,clean,
0313-02,28,CET-4,assume,assumption,assumption,derived,,assume assumption,literal,clean,
0314-01,28,CET-4,assure,assure,assure,canonical,,assure assurance,literal,clean,
0314-02,28,CET-4,assure,assurance,assurance,derived,,assure assurance,literal,clean,
0315-01,28,CET-4,astonish,astonish,astonish,canonical,,astonish astonishment,literal,clean,
0315-02,28,CET-4,astonish,astonishment,astonishment,derived,,astonish astonishment,literal,clean,
0316-01,28,CET-6,astray,astray,astray,canonical,,astray,literal,clean,
0317-01,28,CET-4,astronaut,astronaut,astronaut,canonical,,astronaut,literal,clean,
0318-01,28,CET-4,astronomy,astronomy,astronomy,canonical,,astronomy astronomer astronomical,literal,clean,
0318-02,28,CET-4,astronomy,astronomer,astronomer,derived,,astronomy astronomer astronomical,literal,clean,
0318-03,28,CET-4,astronomy,astronomical,astronomical,derived,,astronomy astronomer astronomical,literal,clean,
0319-01,28,CET-6,asylum,asylum,asylum,canonical,,asylum,literal,clean,
0320-01,28,CET-4,at,at,at,canonical,,at,literal,clean,
0321-01,28,CET-4,athlete,athlete,athlete,canonical,,athlete athletic,literal,clean,
0321-02,28,CET-4,athlete,athletic,athletic,derived,,athlete athletic,literal,clean,
0322-01,28,CET-6,atlas,atlas,atlas,canonical,,atlas,literal,clean,
0323-01,28,CET-4,atmosphere,atmosphere,atmosphere,canonical,,atmosphere atmospheric,literal,clean,
0323-02,28,CET-4,atmosphere,atmospheric,atmospheric,derived,,atmosphere atmospheric,literal,clean,
0324-01,28,CET-4,atom,atom,atom,canonical,,atom atomic,literal,clean,
0324-02,28,CET-4,atom,atomic,atomic,derived,,atom atomic,literal,clean,
0325-01,28,CET-4,atop,atop,atop,canonical,,atop,literal,clean,
0326-01,28,CET-6,atrocity,atrocity,atrocity,canonical,,atrocity atrocious,literal,clean,
0326-02,28,CET-6,atrocity,atrocious,atrocious,derived,,atrocity atrocious,literal,clean,
0327-01,28,CET-4,attach,attach,attach,canonical,,attach attachment,literal,clean,
0327-02,28,CET-4,attach,attachment,attachment,derived,,attach attachment,literal,clean,
0328-01,28,CET-4,attack,attack,attack,canonical,,attack,literal,clean,
0329-01,28,CET-4,attain,attain,attain,canonical,,attain attainment,literal,clean,
0329-02,28,CET-4,attain,attainment,attainment,derived,,attain attainment,literal,clean,
0330-01,28,CET-4,attempt,attempt,attempt,canonical,,attempt,literal,clean,
0331-01,28,CET-4,attend,attend,attend,canonical,,attend attendance attendant,literal,clean,
0331-02,28,CET-4,attend,attendance,attendance,derived,,attend attendance attendant,literal,clean,
0331-03,28,CET-4,attend,attendant,attendant,derived,,attend attendance attendant,literal,clean,
0332-01,28,CET-4,attention,attention,attention,canonical,,attention attentive,literal,clean,
0332-02,28,CET-4,attention,attentive,attentive,derived,,attention attentive,literal,clean,
0333-01,28,CET-4,attic,attic,attic,canonical,,attic,literal,clean,
0334-01,28,CET-4,attitude,attitude,attitude,canonical,,attitude,literal,clean,
0335-01,28,CET-4,attorney,attorney,attorney,canonical,,attorney,literal,clean,
0336-01,28,CET-4,attract,attract,attract,canonical,,attract attraction attractive,literal,clean,
0336-02,28,CET-4,attract,attraction,attraction,derived,,attract attraction attractive,literal,clean,
0336-03,28,CET-4,attract,attractive,attractive,derived,,attract attraction attractive,literal,clean,
0337-01,29,CET-4,attribute,attribute,attribute,canonical,,attribute attributable attributive,literal,clean,
0337-02,29,CET-4,attribute,attributable,attributable,derived,,attribute attributable attributive,literal,clean,
0337-03,29,CET-4,attribute,attributive,attributive,derived,,attribute attributable attributive,literal,clean,
0338-01,29,CET-6,auction,auction,auction,canonical,,auction auctioneer,literal,clean,
0338-02,29,CET-6,auction,auctioneer,auctioneer,derived,,auction auctioneer,literal,clean,
0339-01,29,CET-4,audience,audience,audience,canonical,,audience,literal,clean,
0340-01,29,CET-4,audio,audio,audio,canonical,,audio,literal,clean,
0341-01,29,CET-6,audit,audit,audit,canonical,,audit auditing auditor,literal,clean,
0341-02,29,CET-6,audit,auditing,auditing,derived,,audit auditing auditor,literal,clean,
0341-03,29,CET-6,audit,auditor,auditor,derived,,audit auditing auditor,literal,clean,
0342-01,29,CET-4,auditorium,auditorium,auditorium,canonical,,auditorium,literal,clean,
0343-01,29,CET-6,augment,augment,augment,canonical,,augment augmentation,literal,clean,
0343-02,29,CET-6,augment,augmentation,augmentation,derived,,augment augmentation,literal,clean,
0344-01,29,CET-4,august,august,August,canonical,,August,literal,clean,
0345-01,29,CET-4,aunt,aunt,aunt,canonical,,aunt auntie,literal,clean,
0345-02,29,CET-4,aunt,auntie,auntie,derived,,aunt auntie,literal,clean,
0346-01,29,CET-4,authentic,authentic,authentic,canonical,,authentic authenticity,literal,clean,
0346-02,29,CET-4,authentic,authenticity,authenticity,derived,,authentic authenticity,literal,clean,
0347-01,29,CET-4,author,author,author,canonical,,author,literal,clean,
0348-01,29,CET-4,authority,authority,authority,canonical,,authority authoritative,literal,clean,
0348-02,29,CET-4,authority,authoritative,authoritative,derived,,authority authoritative,literal,clean,
0349-01,29,CET-4,authorize,authorize,authorize,canonical,,authorize/Ｇise authorization/Ｇsation,literal,spot_check,PDF 连字符/共享词尾字形已恢复
0349-02,29,CET-4,authorize,authorise,authorise,canonical_variant,,authorize/Ｇise authorization/Ｇsation,shared_suffix:-ise,spot_check,共享词尾替换；PDF 连字符/共享词尾字形已恢复
0349-03,29,CET-4,authorize,authorization,authorization,derived,,authorize/Ｇise authorization/Ｇsation,literal,spot_check,PDF 连字符/共享词尾字形已恢复
0349-04,29,CET-4,authorize,authorisation,authorisation,derived_variant,,authorize/Ｇise authorization/Ｇsation,shared_suffix:-sation,spot_check,共享词尾替换；PDF 连字符/共享词尾字形已恢复
0350-01,29,CET-4,auto,auto,auto,canonical,,auto(mobile),optional_omitted,spot_check,括号可选拼写
0350-02,29,CET-4,auto,automobile,automobile,canonical_variant,,auto(mobile),optional_included,spot_check,括号可选拼写
0351-01,29,CET-6,autobiography,autobiography,autobiography,canonical,,autobiography autobiographic(al),literal,clean,
0351-02,29,CET-6,autobiography,autobiographic,autobiographic,derived,,autobiography autobiographic(al),optional_omitted,spot_check,括号可选拼写
0351-03,29,CET-6,autobiography,autobiographical,autobiographical,derived_variant,,autobiography autobiographic(al),optional_included,spot_check,括号可选拼写
0352-01,29,CET-4,automate,automate,automate,canonical,,automate automation automatic automatically,literal,clean,
0352-02,29,CET-4,automate,automation,automation,derived,,automate automation automatic automatically,literal,clean,
0352-03,29,CET-4,automate,automatic,automatic,derived,,automate automation automatic automatically,literal,clean,
0352-04,29,CET-4,automate,automatically,automatically,derived,,automate automation automatic automatically,literal,clean,
0353-01,29,CET-6,autonomous,autonomous,autonomous,canonical,,autonomous autonomy,literal,clean,
0353-02,29,CET-6,autonomous,autonomy,autonomy,derived,,autonomous autonomy,literal,clean,
0354-01,29,CET-4,autumn,autumn,autumn,canonical,,autumn,literal,clean,
0355-01,29,CET-6,auxiliary,auxiliary,auxiliary,canonical,,auxiliary,literal,clean,
0356-01,29,CET-6,avail,avail,avail,canonical,,avail,literal,clean,
0357-01,29,CET-4,available,available,available,canonical,,available availability,literal,clean,
0357-02,29,CET-4,available,availability,availability,derived,,available availability,literal,clean,
0358-01,29,CET-6,avenge,avenge,avenge,canonical,,avenge,literal,clean,
0359-01,29,CET-4,avenue,avenue,avenue,canonical,,avenue,literal,clean,
0360-01,29,CET-4,average,average,average,canonical,,average,literal,clean,
0361-01,29,CET-6,avert,avert,avert,canonical,,avert aversion,literal,clean,
0361-02,29,CET-6,avert,aversion,aversion,derived,,avert aversion,literal,clean,
0362-01,29,CET-4,aviation,aviation,aviation,canonical,,aviation,literal,clean,
0363-01,29,CET-4,avoid,avoid,avoid,canonical,,avoid avoidance,literal,clean,
0363-02,29,CET-4,avoid,avoidance,avoidance,derived,,avoid avoidance,literal,clean,
0364-01,29,CET-4,await,await,await,canonical,,await,literal,clean,
0365-01,29,CET-4,awake,awake,awake,canonical,,awake,literal,clean,
0366-01,29,CET-4,award,award,award,canonical,,award,literal,clean,
0367-01,29,CET-4,aware,aware,aware,canonical,,aware awareness,literal,clean,
0367-02,29,CET-4,aware,awareness,awareness,derived,,aware awareness,literal,clean,
0368-01,29,CET-4,away,away,away,canonical,,away,literal,clean,
0369-01,29,CET-4,awe,awe,awe,canonical,,awe,literal,clean,
0370-01,29,CET-4,awesome,awesome,awesome,canonical,,awesome,literal,clean,
0371-01,29,CET-4,awful,awful,awful,canonical,,awful,literal,clean,
0372-01,29,CET-4,awkward,awkward,awkward,canonical,,awkward,literal,clean,
0373-01,29,CET-4,ax,ax,ax,canonical,,ax(e),optional_omitted,spot_check,括号可选拼写
0373-02,29,CET-4,ax,axe,axe,canonical_variant,,ax(e),optional_included,spot_check,括号可选拼写
0374-01,29,CET-4,axis,axis,axis,canonical,,axis,literal,clean,
0375-01,29,CET-4,baby,baby,baby,canonical,,baby,literal,clean,
0376-01,29,CET-4,babyboom,babyboom,babyboom,canonical,,babyboom babyboomer,literal,clean,
0376-02,29,CET-4,babyboom,babyboomer,babyboomer,derived,,babyboom babyboomer,literal,clean,
0377-01,29,CET-4,bachelor,bachelor,bachelor,canonical,,bachelor,literal,clean,
0378-01,29,CET-4,back,back,back,canonical,,back,literal,clean,
0379-01,30,CET-4,background,background,background,canonical,,background,literal,clean,
0380-01,30,CET-4,backup,backup,backup,canonical,,backup,literal,clean,
0381-01,30,CET-4,backward,backward,backward,canonical,,backward backwards,literal,clean,
0381-02,30,CET-4,backward,backwards,backwards,derived,,backward backwards,literal,clean,
0382-01,30,CET-4,backyard,backyard,backyard,canonical,,backyard,literal,clean,
0383-01,30,CET-4,bacon,bacon,bacon,canonical,,bacon,literal,clean,
0384-01,30,CET-4,bacteria,bacteria,bacteria,canonical,,bacteria,literal,clean,
0385-01,30,CET-4,bad,bad,bad,canonical,,bad,literal,clean,
0386-01,30,CET-4,badge,badge,badge,canonical,,badge,literal,clean,
0387-01,30,CET-4,badly,badly,badly,canonical,,badly,literal,clean,
0388-01,30,CET-4,badminton,badminton,badminton,canonical,,badminton,literal,clean,
0389-01,30,CET-6,baffle,baffle,baffle,canonical,,baffle,literal,clean,
0390-01,30,CET-4,bag,bag,bag,canonical,,bag,literal,clean,
0391-01,30,CET-4,baggage,baggage,baggage,canonical,,baggage,literal,clean,
0392-01,30,CET-4,bail,bail,bail,canonical,,bail,literal,clean,
0393-01,30,CET-4,bait,bait,bait,canonical,,bait,literal,clean,
0394-01,30,CET-4,bake,bake,bake,canonical,,bake bakery,literal,clean,
0394-02,30,CET-4,bake,bakery,bakery,derived,,bake bakery,literal,clean,
0395-01,30,CET-4,balance,balance,balance,canonical,,balance,literal,clean,
0396-01,30,CET-4,balcony,balcony,balcony,canonical,,balcony,literal,clean,
0397-01,30,CET-6,bald,bald,bald,canonical,,bald,literal,clean,
0398-01,30,CET-4,ball,ball,ball,canonical,,ball,literal,clean,
0399-01,30,CET-4,ballet,ballet,ballet,canonical,,ballet,literal,clean,
0400-01,30,CET-4,balloon,balloon,balloon,canonical,,balloon,literal,clean,
0401-01,30,CET-4,ballot,ballot,ballot,canonical,,ballot,literal,clean,
0402-01,30,CET-4,bamboo,bamboo,bamboo,canonical,,bamboo,literal,clean,
0403-01,30,CET-4,ban,ban,ban,canonical,,ban,literal,clean,
0404-01,30,CET-4,banana,banana,banana,canonical,,banana,literal,clean,
0405-01,30,CET-4,band,band,band,canonical,,band,literal,clean,
0406-01,30,CET-4,bandage,bandage,bandage,canonical,,bandage,literal,clean,
0407-01,30,CET-4,bang,bang,bang,canonical,,bang,literal,clean,
0408-01,30,CET-4,bank,bank,bank,canonical,1,bank１,literal,spot_check,同形异义编号已移至 sense_number
0409-01,30,CET-4,bank,bank,bank,canonical,2,bank２,literal,spot_check,同形异义编号已移至 sense_number
0410-01,30,CET-4,banknote,banknote,banknote,canonical,,banknote,literal,clean,
0411-01,30,CET-4,bankrupt,bankrupt,bankrupt,canonical,,bankrupt bankruptcy,literal,clean,
0411-02,30,CET-4,bankrupt,bankruptcy,bankruptcy,derived,,bankrupt bankruptcy,literal,clean,
0412-01,30,CET-4,banner,banner,banner,canonical,,banner,literal,clean,
0413-01,30,CET-4,banquet,banquet,banquet,canonical,,banquet,literal,clean,
0414-01,30,CET-4,bar,bar,bar,canonical,,bar,literal,clean,
0415-01,30,CET-4,barbecue,barbecue,barbecue,canonical,,barbecue/BBQ,literal,clean,
0415-02,30,CET-4,barbecue,bbq,BBQ,canonical_variant,,barbecue/BBQ,slash_alternative:literal,spot_check,斜杠并列形式；缩写形式
0416-01,30,CET-4,barber,barber,barber,canonical,,barber,literal,clean,
0417-01,30,CET-4,bare,bare,bare,canonical,,bare barely,literal,clean,
0417-02,30,CET-4,bare,barely,barely,derived,,bare barely,literal,clean,
0418-01,30,CET-4,bargain,bargain,bargain,canonical,,bargain,literal,clean,
0419-01,30,CET-6,barge,barge,barge,canonical,,barge,literal,clean,
0420-01,30,CET-4,bark,bark,bark,canonical,,bark,literal,clean,
0421-01,31,CET-6,barn,barn,barn,canonical,,barn,literal,clean,
0422-01,31,CET-6,barometer,barometer,barometer,canonical,,barometer,literal,clean,
0423-01,31,CET-6,barracks,barracks,barracks,canonical,,barracks,literal,clean,
0424-01,31,CET-4,barrel,barrel,barrel,canonical,,barrel,literal,clean,
0425-01,31,CET-6,barren,barren,barren,canonical,,barren,literal,clean,
0426-01,31,CET-4,barrier,barrier,barrier,canonical,,barrier,literal,clean,
0427-01,31,CET-4,base,base,base,canonical,,base,literal,clean,
0428-01,31,CET-4,baseball,baseball,baseball,canonical,,baseball,literal,clean,
0429-01,31,CET-4,basement,basement,basement,canonical,,basement,literal,clean,
0430-01,31,CET-4,basic,basic,basic,canonical,,basic basically,literal,clean,
0430-02,31,CET-4,basic,basically,basically,derived,,basic basically,literal,clean,
0431-01,31,CET-4,basin,basin,basin,canonical,,basin,literal,clean,
0432-01,31,CET-4,basis,basis,basis,canonical,,basis,literal,clean,
0433-01,31,CET-4,basket,basket,basket,canonical,,basket,literal,clean,
0434-01,31,CET-4,basketball,basketball,basketball,canonical,,basketball,literal,clean,
0435-01,31,CET-6,bass,bass,bass,canonical,,bass,literal,clean,
0436-01,31,CET-4,bat,bat,bat,canonical,,bat,literal,clean,
0437-01,31,CET-4,batch,batch,batch,canonical,,batch,literal,clean,
0438-01,31,CET-4,bath,bath,bath,canonical,,bath,literal,clean,
0439-01,31,CET-4,bathe,bathe,bathe,canonical,,bathe,literal,clean,
0440-01,31,CET-4,bathroom,bathroom,bathroom,canonical,,bathroom,literal,clean,
0441-01,31,CET-4,battalion,battalion,battalion,canonical,,battalion,literal,clean,
0442-01,31,CET-6,batter,batter,batter,canonical,,batter,literal,clean,
0443-01,31,CET-4,battery,battery,battery,canonical,,battery,literal,clean,
0444-01,31,CET-4,battle,battle,battle,canonical,,battle,literal,clean,
0445-01,31,CET-4,bay,bay,bay,canonical,,bay,literal,clean,
0446-01,31,CET-4,be,be,be,canonical,,be,literal,clean,
0447-01,31,CET-4,beach,beach,beach,canonical,,beach,literal,clean,
0448-01,31,CET-6,bead,bead,bead,canonical,,bead,literal,clean,
0449-01,31,CET-6,beak,beak,beak,canonical,,beak,literal,clean,
0450-01,31,CET-4,beam,beam,beam,canonical,,beam,literal,clean,
0451-01,31,CET-4,bean,bean,bean,canonical,,bean,literal,clean,
0452-01,31,CET-4,bear,bear,bear,canonical,,bear,literal,clean,
0453-01,31,CET-4,beard,beard,beard,canonical,,beard,literal,clean,
0454-01,31,CET-4,bearing,bearing,bearing,canonical,,bearing,literal,clean,
0455-01,31,CET-4,beast,beast,beast,canonical,,beast,literal,clean,
0456-01,31,CET-4,beat,beat,beat,canonical,,beat,literal,clean,
0457-01,31,CET-4,beauty,beauty,beauty,canonical,,beauty beautiful beautify,literal,clean,
0457-02,31,CET-4,beauty,beautiful,beautiful,derived,,beauty beautiful beautify,literal,clean,
0457-03,31,CET-4,beauty,beautify,beautify,derived,,beauty beautiful beautify,literal,clean,
0458-01,31,CET-4,because,because,because,canonical,,because,literal,clean,
0459-01,31,CET-6,beckon,beckon,beckon,canonical,,beckon,literal,clean,
0460-01,31,CET-4,become,become,become,canonical,,become,literal,clean,
0461-01,31,CET-4,bed,bed,bed,canonical,,bed bedding,literal,clean,
0461-02,31,CET-4,bed,bedding,bedding,derived,,bed bedding,literal,clean,
0462-01,31,CET-4,bee,bee,bee,canonical,,bee,literal,clean,
0463-01,32,CET-4,beef,beef,beef,canonical,,beef,literal,clean,
0464-01,32,CET-4,beer,beer,beer,canonical,,beer,literal,clean,
0465-01,32,CET-6,beetle,beetle,beetle,canonical,,beetle,literal,clean,
0466-01,32,CET-4,before,before,before,canonical,,before,literal,clean,
0467-01,32,CET-4,beforehand,beforehand,beforehand,canonical,,beforehand,literal,clean,
0468-01,32,CET-4,beg,beg,beg,canonical,,beg beggar,literal,clean,
0468-02,32,CET-4,beg,beggar,beggar,derived,,beg beggar,literal,clean,
0469-01,32,CET-4,begin,begin,begin,canonical,,begin beginning,literal,clean,
0469-02,32,CET-4,begin,beginning,beginning,derived,,begin beginning,literal,clean,
0470-01,32,CET-4,behalf,behalf,behalf,canonical,,behalf,literal,clean,
0471-01,32,CET-4,behave,behave,behave,canonical,,behave behavio(u)r behavio(u)ral,literal,clean,
0471-02,32,CET-4,behave,behavior,behavior,derived,,behave behavio(u)r behavio(u)ral,optional_omitted,spot_check,括号可选拼写
0471-03,32,CET-4,behave,behaviour,behaviour,derived_variant,,behave behavio(u)r behavio(u)ral,optional_included,spot_check,括号可选拼写
0471-04,32,CET-4,behave,behavioral,behavioral,derived,,behave behavio(u)r behavio(u)ral,optional_omitted,spot_check,括号可选拼写
0471-05,32,CET-4,behave,behavioural,behavioural,derived_variant,,behave behavio(u)r behavio(u)ral,optional_included,spot_check,括号可选拼写
0472-01,32,CET-4,behind,behind,behind,canonical,,behind,literal,clean,
0473-01,32,CET-4,being,being,being,canonical,,being,literal,clean,
0474-01,32,CET-4,belief,belief,belief,canonical,,belief,literal,clean,
0475-01,32,CET-4,believe,believe,believe,canonical,,believe,literal,clean,
0476-01,32,CET-4,bell,bell,bell,canonical,,bell,literal,clean,
0477-01,32,CET-4,belly,belly,belly,canonical,,belly,literal,clean,
0478-01,32,CET-4,belong,belong,belong,canonical,,belong belongings,literal,clean,
0478-02,32,CET-4,belong,belongings,belongings,derived,,belong belongings,literal,clean,
0479-01,32,CET-4,beloved,beloved,beloved,canonical,,beloved,literal,clean,
0480-01,32,CET-4,below,below,below,canonical,,below,literal,clean,
0481-01,32,CET-4,belt,belt,belt,canonical,,belt,literal,clean,
0482-01,32,CET-4,bench,bench,bench,canonical,,bench,literal,clean,
0483-01,32,CET-4,bend,bend,bend,canonical,,bend,literal,clean,
0484-01,32,CET-4,beneath,beneath,beneath,canonical,,beneath,literal,clean,
0485-01,32,CET-4,benefit,benefit,benefit,canonical,,benefit beneficial beneficiary,literal,clean,
0485-02,32,CET-4,benefit,beneficial,beneficial,derived,,benefit beneficial beneficiary,literal,clean,
0485-03,32,CET-4,benefit,beneficiary,beneficiary,derived,,benefit beneficial beneficiary,literal,clean,
0486-01,32,CET-6,benevolent,benevolent,benevolent,canonical,,benevolent benevolence,literal,clean,
0486-02,32,CET-6,benevolent,benevolence,benevolence,derived,,benevolent benevolence,literal,clean,
0487-01,32,CET-6,benign,benign,benign,canonical,,benign,literal,clean,
0488-01,32,CET-4,berry,berry,berry,canonical,,berry,literal,clean,
0489-01,32,CET-6,beset,beset,beset,canonical,,beset,literal,clean,
0490-01,32,CET-4,beside,beside,beside,canonical,,beside,literal,clean,
0491-01,32,CET-4,besides,besides,besides,canonical,,besides,literal,clean,
0492-01,32,CET-6,besiege,besiege,besiege,canonical,,besiege,literal,clean,
0493-01,32,CET-4,best,best,best,canonical,,best,literal,clean,
0494-01,32,CET-4,best-seller,best-seller,best-seller,canonical,,bestＧseller bestＧselling,literal,spot_check,PDF 连字符/共享词尾字形已恢复
0494-02,32,CET-4,best-seller,best-selling,best-selling,derived,,bestＧseller bestＧselling,literal,spot_check,PDF 连字符/共享词尾字形已恢复
0495-01,32,CET-4,bet,bet,bet,canonical,,bet,literal,clean,
0496-01,32,CET-4,betray,betray,betray,canonical,,betray betrayal,literal,clean,
0496-02,32,CET-4,betray,betrayal,betrayal,derived,,betray betrayal,literal,clean,
0497-01,32,CET-4,better,better,better,canonical,,better,literal,clean,
0498-01,32,CET-4,between,between,between,canonical,,between,literal,clean,
0499-01,32,CET-4,beverage,beverage,beverage,canonical,,beverage,literal,clean,
0500-01,32,CET-6,beware,beware,beware,canonical,,beware,literal,clean,
0501-01,32,CET-6,bewilder,bewilder,bewilder,canonical,,bewilder bewilderment,literal,clean,
0501-02,32,CET-6,bewilder,bewilderment,bewilderment,derived,,bewilder bewilderment,literal,clean,
0502-01,32,CET-4,beyond,beyond,beyond,canonical,,beyond,literal,clean,
0503-01,32,CET-4,bias,bias,bias,canonical,,bias,literal,clean,
0504-01,32,CET-4,bible,bible,Bible,canonical,,Bible Biblical/biblical,literal,clean,
0504-02,32,CET-4,bible,biblical,Biblical,derived,,Bible Biblical/biblical,literal,clean,
0505-01,33,CET-6,bibliography,bibliography,bibliography,canonical,,bibliography,literal,clean,
0506-01,33,CET-4,bicycle,bicycle,bicycle,canonical,,bicycle/bike,literal,clean,
0506-02,33,CET-4,bicycle,bike,bike,canonical_variant,,bicycle/bike,slash_alternative:literal,spot_check,斜杠并列形式
0507-01,33,CET-4,bid,bid,bid,canonical,,bid,literal,clean,
0508-01,33,CET-4,big,big,big,canonical,,big,literal,clean,
0509-01,33,CET-6,bilateral,bilateral,bilateral,canonical,,bilateral,literal,clean,
0510-01,33,CET-4,bill,bill,bill,canonical,,bill,literal,clean,
0511-01,33,CET-4,billion,billion,billion,canonical,,billion billionaire,literal,clean,
0511-02,33,CET-4,billion,billionaire,billionaire,derived,,billion billionaire,literal,clean,
0512-01,33,CET-4,bin,bin,bin,canonical,,bin,literal,clean,
0513-01,33,CET-4,bind,bind,bind,canonical,,bind,literal,clean,
0514-01,33,CET-6,binoculars,binoculars,binoculars,canonical,,binoculars,literal,clean,
0515-01,33,CET-4,biochemistry,biochemistry,biochemistry,canonical,,biochemistry biochemical biochemist,literal,clean,
0515-02,33,CET-4,biochemistry,biochemical,biochemical,derived,,biochemistry biochemical biochemist,literal,clean,
0515-03,33,CET-4,biochemistry,biochemist,biochemist,derived,,biochemistry biochemical biochemist,literal,clean,
0516-01,33,CET-4,biography,biography,biography,canonical,,biography biographical biographer,literal,clean,
0516-02,33,CET-4,biography,biographical,biographical,derived,,biography biographical biographer,literal,clean,
0516-03,33,CET-4,biography,biographer,biographer,derived,,biography biographical biographer,literal,clean,
0517-01,33,CET-4,biology,biology,biology,canonical,,biology biological biologist,literal,clean,
0517-02,33,CET-4,biology,biological,biological,derived,,biology biological biologist,literal,clean,
0517-03,33,CET-4,biology,biologist,biologist,derived,,biology biological biologist,literal,clean,
0518-01,33,CET-4,biotechnology,biotechnology,biotechnology,canonical,,biotechnology,literal,clean,
0519-01,33,CET-4,bird,bird,bird,canonical,,bird,literal,clean,
0520-01,33,CET-4,birth,birth,birth,canonical,,birth,literal,clean,
0521-01,33,CET-4,birthday,birthday,birthday,canonical,,birthday,literal,clean,
0522-01,33,CET-4,biscuit,biscuit,biscuit,canonical,,biscuit,literal,clean,
0523-01,33,CET-6,bishop,bishop,bishop,canonical,,bishop,literal,clean,
0524-01,33,CET-4,bit,bit,bit,canonical,,bit,literal,clean,
0525-01,33,CET-4,bitch,bitch,bitch,canonical,,bitch,literal,clean,
0526-01,33,CET-4,bite,bite,bite,canonical,,bite,literal,clean,
0527-01,33,CET-4,bitter,bitter,bitter,canonical,,bitter,literal,clean,
0528-01,33,CET-6,bizarre,bizarre,bizarre,canonical,,bizarre,literal,clean,
0529-01,33,CET-4,black,black,black,canonical,,black,literal,clean,
0530-01,33,CET-4,blackboard,blackboard,blackboard,canonical,,blackboard,literal,clean,
0531-01,33,CET-6,blackmail,blackmail,blackmail,canonical,,blackmail,literal,clean,
0532-01,33,CET-4,blade,blade,blade,canonical,,blade,literal,clean,
0533-01,33,CET-4,blame,blame,blame,canonical,,blame,literal,clean,
0534-01,33,CET-4,blank,blank,blank,canonical,,blank,literal,clean,
0535-01,33,CET-4,blanket,blanket,blanket,canonical,,blanket,literal,clean,
0536-01,33,CET-4,blast,blast,blast,canonical,,blast,literal,clean,
0537-01,33,CET-6,blaze,blaze,blaze,canonical,,blaze,literal,clean,
0538-01,33,CET-6,bleach,bleach,bleach,canonical,,bleach,literal,clean,
0539-01,33,CET-6,bleak,bleak,bleak,canonical,,bleak,literal,clean,
0540-01,33,CET-4,bleed,bleed,bleed,canonical,,bleed,literal,clean,
0541-01,33,CET-4,blend,blend,blend,canonical,,blend,literal,clean,
0542-01,33,CET-4,bless,bless,bless,canonical,,bless blessing,literal,clean,
0542-02,33,CET-4,bless,blessing,blessing,derived,,bless blessing,literal,clean,
0543-01,33,CET-4,blind,blind,blind,canonical,,blind,literal,clean,
0544-01,33,CET-6,blink,blink,blink,canonical,,blink,literal,clean,
0545-01,33,CET-6,bloc,bloc,bloc,canonical,,bloc,literal,clean,
0546-01,33,CET-4,block,block,block,canonical,,block,literal,clean,
0547-01,34,CET-4,blog,blog,blog,canonical,,blog,literal,clean,
0548-01,34,CET-4,blond,blond,blond,canonical,,blond(e),optional_omitted,spot_check,括号可选拼写
0548-02,34,CET-4,blond,blonde,blonde,canonical_variant,,blond(e),optional_included,spot_check,括号可选拼写
0549-01,34,CET-4,blood,blood,blood,canonical,,blood bloody,literal,clean,
0549-02,34,CET-4,blood,bloody,bloody,derived,,blood bloody,literal,clean,
0550-01,34,CET-4,bloom,bloom,bloom,canonical,,bloom,literal,clean,
0551-01,34,CET-4,blossom,blossom,blossom,canonical,,blossom,literal,clean,
0552-01,34,CET-4,blouse,blouse,blouse,canonical,,blouse,literal,clean,
0553-01,34,CET-4,blow,blow,blow,canonical,,blow,literal,clean,
0554-01,34,CET-4,blue,blue,blue,canonical,,blue,literal,clean,
0555-01,34,CET-4,blueprint,blueprint,blueprint,canonical,,blueprint,literal,clean,
0556-01,34,CET-6,bluff,bluff,bluff,canonical,,bluff,literal,clean,
0557-01,34,CET-6,blunder,blunder,blunder,canonical,,blunder,literal,clean,
0558-01,34,CET-6,blunt,blunt,blunt,canonical,,blunt,literal,clean,
0559-01,34,CET-4,blur,blur,blur,canonical,,blur,literal,clean,
0560-01,34,CET-6,blush,blush,blush,canonical,,blush,literal,clean,
0561-01,34,CET-4,board,board,board,canonical,,board,literal,clean,
0562-01,34,CET-4,boast,boast,boast,canonical,,boast boastful,literal,clean,
0562-02,34,CET-4,boast,boastful,boastful,derived,,boast boastful,literal,clean,
0563-01,34,CET-4,boat,boat,boat,canonical,,boat,literal,clean,
0564-01,34,CET-4,body,body,body,canonical,,body bodily,literal,clean,
0564-02,34,CET-4,body,bodily,bodily,derived,,body bodily,literal,clean,
0565-01,34,CET-4,boil,boil,boil,canonical,,boil boiler,literal,clean,
0565-02,34,CET-4,boil,boiler,boiler,derived,,boil boiler,literal,clean,
0566-01,34,CET-4,bold,bold,bold,canonical,,bold,literal,clean,
0567-01,34,CET-6,bolster,bolster,bolster,canonical,,bolster,literal,clean,
0568-01,34,CET-4,bolt,bolt,bolt,canonical,,bolt,literal,clean,
0569-01,34,CET-4,bomb,bomb,bomb,canonical,,bomb,literal,clean,
0570-01,34,CET-4,bond,bond,bond,canonical,,bond bondage,literal,clean,
0570-02,34,CET-4,bond,bondage,bondage,derived,,bond bondage,literal,clean,
0571-01,34,CET-4,bone,bone,bone,canonical,,bone bony,literal,clean,
0571-02,34,CET-4,bone,bony,bony,derived,,bone bony,literal,clean,
0572-01,34,CET-4,bonus,bonus,bonus,canonical,,bonus,literal,clean,
0573-01,34,CET-4,book,book,book,canonical,,book,literal,clean,
0574-01,34,CET-4,boom,boom,boom,canonical,,boom,literal,clean,
0575-01,34,CET-4,boost,boost,boost,canonical,,boost,literal,clean,
0576-01,34,CET-4,boot,boot,boot,canonical,,boot,literal,clean,
0577-01,34,CET-4,booth,booth,booth,canonical,,booth,literal,clean,
0578-01,34,CET-4,border,border,border,canonical,,border,literal,clean,
0579-01,34,CET-4,bore,bore,bore,canonical,1,bore１,literal,spot_check,同形异义编号已移至 sense_number
0580-01,34,CET-4,bore,bore,bore,canonical,2,bore２,literal,spot_check,同形异义编号已移至 sense_number
0581-01,34,CET-4,born,born,born,canonical,,born,literal,clean,
0582-01,34,CET-4,borrow,borrow,borrow,canonical,,borrow,literal,clean,
0583-01,34,CET-4,boss,boss,boss,canonical,,boss,literal,clean,
0584-01,34,CET-6,botany,botany,botany,canonical,,botany botanical,literal,clean,
0584-02,34,CET-6,botany,botanical,botanical,derived,,botany botanical,literal,clean,
0585-01,34,CET-4,both,both,both,canonical,,both,literal,clean,
0586-01,34,CET-4,bother,bother,bother,canonical,,bother,literal,clean,
0587-01,34,CET-4,bottle,bottle,bottle,canonical,,bottle,literal,clean,
0588-01,34,CET-4,bottom,bottom,bottom,canonical,,bottom,literal,clean,
0589-01,35,CET-4,bounce,bounce,bounce,canonical,,bounce,literal,clean,
0590-01,35,CET-4,bound,bound,bound,canonical,1,bound１,literal,spot_check,同形异义编号已移至 sense_number
0591-01,35,CET-4,bound,bound,bound,canonical,2,bound２,literal,spot_check,同形异义编号已移至 sense_number
0592-01,35,CET-4,bound,bound,bound,canonical,3,bound３,literal,spot_check,同形异义编号已移至 sense_number
0593-01,35,CET-4,boundary,boundary,boundary,canonical,,boundary,literal,clean,
0594-01,35,CET-6,bouquet,bouquet,bouquet,canonical,,bouquet,literal,clean,
0595-01,35,CET-6,bout,bout,bout,canonical,,bout,literal,clean,
0596-01,35,CET-4,bow,bow,bow,canonical,1,bow１,literal,spot_check,同形异义编号已移至 sense_number
0597-01,35,CET-4,bow,bow,bow,canonical,2,bow２,literal,spot_check,同形异义编号已移至 sense_number
0598-01,35,CET-4,bowel,bowel,bowel,canonical,,bowel,literal,clean,
0599-01,35,CET-4,bowl,bowl,bowl,canonical,,bowl,literal,clean,
0600-01,35,CET-4,box,box,box,canonical,1,box１,literal,spot_check,同形异义编号已移至 sense_number
0601-01,35,CET-4,box,box,box,canonical,2,box２,literal,spot_check,同形异义编号已移至 sense_number
0602-01,35,CET-4,boxing,boxing,boxing,canonical,,boxing,literal,clean,
0603-01,35,CET-4,boy,boy,boy,canonical,,boy,literal,clean,
0604-01,35,CET-6,boycott,boycott,boycott,canonical,,boycott,literal,clean,
0605-01,35,CET-6,brace,brace,brace,canonical,,brace,literal,clean,
0606-01,35,CET-4,bracket,bracket,bracket,canonical,,bracket,literal,clean,
0607-01,35,CET-4,brag,brag,brag,canonical,,brag,literal,clean,
0608-01,35,CET-4,brain,brain,brain,canonical,,brain,literal,clean,
0609-01,35,CET-4,brake,brake,brake,canonical,,brake,literal,clean,
0610-01,35,CET-4,branch,branch,branch,canonical,,branch,literal,clean,
0611-01,35,CET-4,brand,brand,brand,canonical,,brand,literal,clean,
0612-01,35,CET-4,brand-new,brand-new,brand-new,canonical,,brandＧnew,literal,spot_check,PDF 连字符/共享词尾字形已恢复
0613-01,35,CET-4,brandy,brandy,brandy,canonical,,brandy,literal,clean,
0614-01,35,CET-4,brass,brass,brass,canonical,,brass,literal,clean,
0615-01,35,CET-4,brave,brave,brave,canonical,,brave bravery,literal,clean,
0615-02,35,CET-4,brave,bravery,bravery,derived,,brave bravery,literal,clean,
0616-01,35,CET-6,breach,breach,breach,canonical,,breach,literal,clean,
0617-01,35,CET-4,bread,bread,bread,canonical,,bread,literal,clean,
0618-01,35,CET-4,break,break,break,canonical,,break,literal,clean,
0619-01,35,CET-4,breakdown,breakdown,breakdown,canonical,,breakdown,literal,clean,
0620-01,35,CET-4,breakfast,breakfast,breakfast,canonical,,breakfast,literal,clean,
0621-01,35,CET-4,breakthrough,breakthrough,breakthrough,canonical,,breakthrough,literal,clean,
0622-01,35,CET-4,breast,breast,breast,canonical,,breast,literal,clean,
0623-01,35,CET-4,breath,breath,breath,canonical,,breath,literal,clean,
0624-01,35,CET-4,breathe,breathe,breathe,canonical,,breathe,literal,clean,
0625-01,35,CET-4,breed,breed,breed,canonical,,breed,literal,clean,
0626-01,35,CET-4,breeze,breeze,breeze,canonical,,breeze,literal,clean,
0627-01,35,CET-6,brew,brew,brew,canonical,,brew brewery,literal,clean,
0627-02,35,CET-6,brew,brewery,brewery,derived,,brew brewery,literal,clean,
0628-01,35,CET-4,bribe,bribe,bribe,canonical,,bribe bribery,literal,clean,
0628-02,35,CET-4,bribe,bribery,bribery,derived,,bribe bribery,literal,clean,
0629-01,35,CET-4,brick,brick,brick,canonical,,brick,literal,clean,
0630-01,35,CET-4,bride,bride,bride,canonical,,bride,literal,clean,
0631-01,36,CET-4,bridegroom,bridegroom,bridegroom,canonical,,bridegroom,literal,clean,
0632-01,36,CET-4,bridge,bridge,bridge,canonical,,bridge,literal,clean,
0633-01,36,CET-4,brief,brief,brief,canonical,,brief briefing,literal,clean,
0633-02,36,CET-4,brief,briefing,briefing,derived,,brief briefing,literal,clean,
0634-01,36,CET-4,briefcase,briefcase,briefcase,canonical,,briefcase,literal,clean,
0635-01,36,CET-6,brigade,brigade,brigade,canonical,,brigade,literal,clean,
0636-01,36,CET-4,bright,bright,bright,canonical,,bright brighten,literal,clean,
0636-02,36,CET-4,bright,brighten,brighten,derived,,bright brighten,literal,clean,
0637-01,36,CET-4,brilliant,brilliant,brilliant,canonical,,brilliant brilliance,literal,clean,
0637-02,36,CET-4,brilliant,brilliance,brilliance,derived,,brilliant brilliance,literal,clean,
0638-01,36,CET-4,bring,bring,bring,canonical,,bring,literal,clean,
0639-01,36,CET-6,brink,brink,brink,canonical,,brink,literal,clean,
0640-01,36,CET-6,brisk,brisk,brisk,canonical,,brisk,literal,clean,
0641-01,36,CET-4,broad,broad,broad,canonical,,broad broaden breadth,literal,clean,
0641-02,36,CET-4,broad,broaden,broaden,derived,,broad broaden breadth,literal,clean,
0641-03,36,CET-4,broad,breadth,breadth,derived,,broad broaden breadth,literal,clean,
0642-01,36,CET-4,broadcast,broadcast,broadcast,canonical,,broadcast,literal,clean,
0643-01,36,CET-4,brochure,brochure,brochure,canonical,,brochure,literal,clean,
0644-01,36,CET-4,broke,broke,broke,canonical,,broke,literal,clean,
0645-01,36,CET-4,broker,broker,broker,canonical,,broker,literal,clean,
0646-01,36,CET-6,bronze,bronze,bronze,canonical,,bronze,literal,clean,
0647-01,36,CET-6,brood,brood,brood,canonical,,brood,literal,clean,
0648-01,36,CET-4,broom,broom,broom,canonical,,broom,literal,clean,
0649-01,36,CET-4,brother,brother,brother,canonical,,brother,literal,clean,
0650-01,36,CET-4,brow,brow,brow,canonical,,brow,literal,clean,
0651-01,36,CET-4,brown,brown,brown,canonical,,brown,literal,clean,
0652-01,36,CET-4,browse,browse,browse,canonical,,browse browser,literal,clean,
0652-02,36,CET-4,browse,browser,browser,derived,,browse browser,literal,clean,
0653-01,36,CET-6,bruise,bruise,bruise,canonical,,bruise,literal,clean,
0654-01,36,CET-4,brunch,brunch,brunch,canonical,,brunch,literal,clean,
0655-01,36,CET-4,brush,brush,brush,canonical,,brush,literal,clean,
0656-01,36,CET-4,brutal,brutal,brutal,canonical,,brutal brutality,literal,clean,
0656-02,36,CET-4,brutal,brutality,brutality,derived,,brutal brutality,literal,clean,
0657-01,36,CET-4,bubble,bubble,bubble,canonical,,bubble,literal,clean,
0658-01,36,CET-4,buck,buck,buck,canonical,,buck,literal,clean,
0659-01,36,CET-4,bucket,bucket,bucket,canonical,,bucket,literal,clean,
0660-01,36,CET-4,buckle,buckle,buckle,canonical,,buckle,literal,clean,
0661-01,36,CET-4,bud,bud,bud,canonical,,bud,literal,clean,
0662-01,36,CET-4,buddy,buddy,buddy,canonical,,buddy,literal,clean,
0663-01,36,CET-6,buddhism,buddhism,Buddhism,canonical,,Buddhism Buddhist,literal,clean,
0663-02,36,CET-6,buddhism,buddhist,Buddhist,derived,,Buddhism Buddhist,literal,clean,
0664-01,36,CET-4,budget,budget,budget,canonical,,budget budgetary,literal,clean,
0664-02,36,CET-4,budget,budgetary,budgetary,derived,,budget budgetary,literal,clean,
0665-01,36,CET-6,buffalo,buffalo,buffalo,canonical,,buffalo,literal,clean,
0666-01,36,CET-6,buffer,buffer,buffer,canonical,,buffer,literal,clean,
0667-01,36,CET-4,buffet,buffet,buffet,canonical,,buffet,literal,clean,
0668-01,36,CET-4,bug,bug,bug,canonical,,bug,literal,clean,
0669-01,36,CET-4,build,build,build,canonical,,build building,literal,clean,
0669-02,36,CET-4,build,building,building,derived,,build building,literal,clean,
0670-01,36,CET-4,bulb,bulb,bulb,canonical,,bulb,literal,clean,
0671-01,36,CET-4,bulk,bulk,bulk,canonical,,bulk bulky,literal,clean,
0671-02,36,CET-4,bulk,bulky,bulky,derived,,bulk bulky,literal,clean,
0672-01,36,CET-4,bull,bull,bull,canonical,,bull,literal,clean,
0673-01,37,CET-4,bullet,bullet,bullet,canonical,,bullet,literal,clean,
0674-01,37,CET-4,bulletin,bulletin,bulletin,canonical,,bulletin,literal,clean,
0675-01,37,CET-4,bully,bully,bully,canonical,,bully,literal,clean,
0676-01,37,CET-4,bump,bump,bump,canonical,,bump,literal,clean,
0677-01,37,CET-4,bumper,bumper,bumper,canonical,,bumper,literal,clean,
0678-01,37,CET-4,bunch,bunch,bunch,canonical,,bunch,literal,clean,
0679-01,37,CET-4,bundle,bundle,bundle,canonical,,bundle,literal,clean,
0680-01,37,CET-4,burden,burden,burden,canonical,,burden,literal,clean,
0681-01,37,CET-4,bureau,bureau,bureau,canonical,,bureau,literal,clean,
0682-01,37,CET-6,bureaucrat,bureaucrat,bureaucrat,canonical,,bureaucrat bureaucratic bureaucracy,literal,clean,
0682-02,37,CET-6,bureaucrat,bureaucratic,bureaucratic,derived,,bureaucrat bureaucratic bureaucracy,literal,clean,
0682-03,37,CET-6,bureaucrat,bureaucracy,bureaucracy,derived,,bureaucrat bureaucratic bureaucracy,literal,clean,
0683-01,37,CET-6,burglar,burglar,burglar,canonical,,burglar burglary,literal,clean,
0683-02,37,CET-6,burglar,burglary,burglary,derived,,burglar burglary,literal,clean,
0684-01,37,CET-4,burn,burn,burn,canonical,,burn,literal,clean,
0685-01,37,CET-4,burst,burst,burst,canonical,,burst,literal,clean,
0686-01,37,CET-4,bury,bury,bury,canonical,,bury burial,literal,clean,
0686-02,37,CET-4,bury,burial,burial,derived,,bury burial,literal,clean,
0687-01,37,CET-4,bus,bus,bus,canonical,,bus,literal,clean,
0688-01,37,CET-4,bush,bush,bush,canonical,,bush bushy,literal,clean,
0688-02,37,CET-4,bush,bushy,bushy,derived,,bush bushy,literal,clean,
0689-01,37,CET-4,business,business,business,canonical,,business,literal,clean,
0690-01,37,CET-4,businessman,businessman,businessman,canonical,,businessman,literal,clean,
0691-01,37,CET-6,bust,bust,bust,canonical,,bust,literal,clean,
0692-01,37,CET-4,busy,busy,busy,canonical,,busy,literal,clean,
0693-01,37,CET-4,but,but,but,canonical,,but,literal,clean,
0694-01,37,CET-4,butcher,butcher,butcher,canonical,,butcher,literal,clean,
0695-01,37,CET-6,butt,butt,butt,canonical,,butt,literal,clean,
0696-01,37,CET-4,butter,butter,butter,canonical,,butter,literal,clean,
0697-01,37,CET-4,butterfly,butterfly,butterfly,canonical,,butterfly,literal,clean,
0698-01,37,CET-4,button,button,button,canonical,,button,literal,clean,
0699-01,37,CET-4,buy,buy,buy,canonical,,buy buyer,literal,clean,
0699-02,37,CET-4,buy,buyer,buyer,derived,,buy buyer,literal,clean,
0700-01,37,CET-6,buzz,buzz,buzz,canonical,,buzz,literal,clean,
0701-01,37,CET-4,by,by,by,canonical,,by,literal,clean,
0702-01,37,CET-4,bypass,bypass,bypass,canonical,,bypass,literal,clean,
0703-01,37,CET-4,bystander,bystander,bystander,canonical,,bystander,literal,clean,
0704-01,37,CET-4,cab,cab,cab,canonical,,cab,literal,clean,
0705-01,37,CET-4,cabbage,cabbage,cabbage,canonical,,cabbage,literal,clean,
0706-01,37,CET-4,cabin,cabin,cabin,canonical,,cabin,literal,clean,
0707-01,37,CET-4,cabinet,cabinet,cabinet,canonical,,cabinet,literal,clean,
0708-01,37,CET-4,cable,cable,cable,canonical,,cable,literal,clean,
0709-01,37,CET-4,cafe,cafe,cafe,canonical,,cafe,literal,clean,
0710-01,37,CET-4,cafeteria,cafeteria,cafeteria,canonical,,cafeteria,literal,clean,
0711-01,37,CET-4,cage,cage,cage,canonical,,cage,literal,clean,
0712-01,37,CET-4,cake,cake,cake,canonical,,cake,literal,clean,
0713-01,37,CET-6,calcium,calcium,calcium,canonical,,calcium,literal,clean,
0714-01,37,CET-4,calculate,calculate,calculate,canonical,,calculate calculation calculator calculating,literal,clean,
0714-02,37,CET-4,calculate,calculation,calculation,derived,,calculate calculation calculator calculating,literal,clean,
0714-03,37,CET-4,calculate,calculator,calculator,derived,,calculate calculation calculator calculating,literal,clean,
0714-04,37,CET-4,calculate,calculating,calculating,derived,,calculate calculation calculator calculating,literal,clean,
0715-01,38,CET-4,calendar,calendar,calendar,canonical,,calendar,literal,clean,
0716-01,38,CET-4,calf,calf,calf,canonical,,calf,literal,clean,
0717-01,38,CET-4,call,call,call,canonical,,call,literal,clean,
0718-01,38,CET-4,calling,calling,calling,canonical,,calling,literal,clean,
0719-01,38,CET-4,calm,calm,calm,canonical,,calm,literal,clean,
0720-01,38,CET-4,calorie,calorie,calorie,canonical,,calorie,literal,clean,
0721-01,38,CET-4,camel,camel,camel,canonical,,camel,literal,clean,
0722-01,38,CET-4,camera,camera,camera,canonical,,camera,literal,clean,
0723-01,38,CET-4,camp,camp,camp,canonical,,camp,literal,clean,
0724-01,38,CET-4,campaign,campaign,campaign,canonical,,campaign,literal,clean,
0725-01,38,CET-4,campus,campus,campus,canonical,,campus,literal,clean,
0726-01,38,CET-4,can,can,can,canonical,1,can１,literal,spot_check,同形异义编号已移至 sense_number
0727-01,38,CET-4,can,can,can,canonical,2,can２,literal,spot_check,同形异义编号已移至 sense_number
0728-01,38,CET-4,canal,canal,canal,canonical,,canal,literal,clean,
0729-01,38,CET-4,cancel,cancel,cancel,canonical,,cancel cancellation,literal,clean,
0729-02,38,CET-4,cancel,cancellation,cancellation,derived,,cancel cancellation,literal,clean,
0730-01,38,CET-4,cancer,cancer,cancer,canonical,,cancer,literal,clean,
0731-01,38,CET-4,candidate,candidate,candidate,canonical,,candidate candidacy,literal,clean,
0731-02,38,CET-4,candidate,candidacy,candidacy,derived,,candidate candidacy,literal,clean,
0732-01,38,CET-4,candle,candle,candle,canonical,,candle,literal,clean,
0733-01,38,CET-4,candy,candy,candy,canonical,,candy,literal,clean,
0734-01,38,CET-4,cane,cane,cane,canonical,,cane,literal,clean,
0735-01,38,CET-6,cannon,cannon,cannon,canonical,,cannon,literal,clean,
0736-01,38,CET-6,canoe,canoe,canoe,canonical,,canoe,literal,clean,
0737-01,38,CET-4,canteen,canteen,canteen,canonical,,canteen,literal,clean,
0738-01,38,CET-6,canvas,canvas,canvas,canonical,,canvas,literal,clean,
0739-01,38,CET-4,cap,cap,cap,canonical,,cap,literal,clean,
0740-01,38,CET-4,capable,capable,capable,canonical,,capable capability,literal,clean,
0740-02,38,CET-4,capable,capability,capability,derived,,capable capability,literal,clean,
0741-01,38,CET-4,capacity,capacity,capacity,canonical,,capacity,literal,clean,
0742-01,38,CET-6,cape,cape,cape,canonical,,cape,literal,clean,
0743-01,38,CET-4,capital,capital,capital,canonical,,capital capitalist capitalism,literal,clean,
0743-02,38,CET-4,capital,capitalist,capitalist,derived,,capital capitalist capitalism,literal,clean,
0743-03,38,CET-4,capital,capitalism,capitalism,derived,,capital capitalist capitalism,literal,clean,
0744-01,38,CET-6,capsule,capsule,capsule,canonical,,capsule,literal,clean,
0745-01,38,CET-4,captain,captain,captain,canonical,,captain,literal,clean,
0746-01,38,CET-6,caption,caption,caption,canonical,,caption,literal,clean,
0747-01,38,CET-6,captive,captive,captive,canonical,,captive,literal,clean,
0748-01,38,CET-4,capture,capture,capture,canonical,,capture,literal,clean,
0749-01,38,CET-4,car,car,car,canonical,,car,literal,clean,
0750-01,38,CET-6,caravan,caravan,caravan,canonical,,caravan,literal,clean,
0751-01,38,CET-6,carbohydrate,carbohydrate,carbohydrate,canonical,,carbohydrate,literal,clean,
0752-01,38,CET-4,carbon,carbon,carbon,canonical,,carbon,literal,clean,
0753-01,38,CET-4,card,card,card,canonical,,card,literal,clean,
0754-01,38,CET-4,cardboard,cardboard,cardboard,canonical,,cardboard,literal,clean,
0755-01,38,CET-6,cardinal,cardinal,cardinal,canonical,,cardinal,literal,clean,
0756-01,38,CET-4,care,care,care,canonical,,care careful careless,literal,clean,
0756-02,38,CET-4,care,careful,careful,derived,,care careful careless,literal,clean,
0756-03,38,CET-4,care,careless,careless,derived,,care careful careless,literal,clean,
0757-01,39,CET-4,career,career,career,canonical,,career,literal,clean,
0758-01,39,CET-4,cargo,cargo,cargo,canonical,,cargo,literal,clean,
0759-01,39,CET-4,carpenter,carpenter,carpenter,canonical,,carpenter,literal,clean,
0760-01,39,CET-4,carpet,carpet,carpet,canonical,,carpet,literal,clean,
0761-01,39,CET-4,carriage,carriage,carriage,canonical,,carriage,literal,clean,
0762-01,39,CET-4,carrier,carrier,carrier,canonical,,carrier,literal,clean,
0763-01,39,CET-4,carrot,carrot,carrot,canonical,,carrot,literal,clean,
0764-01,39,CET-4,carry,carry,carry,canonical,,carry,literal,clean,
0765-01,39,CET-4,cart,cart,cart,canonical,,cart,literal,clean,
0766-01,39,CET-6,carton,carton,carton,canonical,,carton,literal,clean,
0767-01,39,CET-4,cartoon,cartoon,cartoon,canonical,,cartoon cartoonist,literal,clean,
0767-02,39,CET-4,cartoon,cartoonist,cartoonist,derived,,cartoon cartoonist,literal,clean,
0768-01,39,CET-6,carve,carve,carve,canonical,,carve carving,literal,clean,
0768-02,39,CET-6,carve,carving,carving,derived,,carve carving,literal,clean,
0769-01,39,CET-4,case,case,case,canonical,,case,literal,clean,
0770-01,39,CET-4,cash,cash,cash,canonical,,cash,literal,clean,
0771-01,39,CET-4,cashier,cashier,cashier,canonical,,cashier,literal,clean,
0772-01,39,CET-6,casino,casino,casino,canonical,,casino,literal,clean,
0773-01,39,CET-4,cast,cast,cast,canonical,,cast,literal,clean,
0774-01,39,CET-4,castle,castle,castle,canonical,,castle,literal,clean,
0775-01,39,CET-4,casual,casual,casual,canonical,,casual,literal,clean,
0776-01,39,CET-6,casualty,casualty,casualty,canonical,,casualty,literal,clean,
0777-01,39,CET-4,cat,cat,cat,canonical,,cat,literal,clean,
0778-01,39,CET-4,catalog,catalog,catalog,canonical,,catalog(ue),optional_omitted,spot_check,括号可选拼写
0778-02,39,CET-4,catalog,catalogue,catalogue,canonical_variant,,catalog(ue),optional_included,spot_check,括号可选拼写
0779-01,39,CET-6,catastrophe,catastrophe,catastrophe,canonical,,catastrophe catastrophic,literal,clean,
0779-02,39,CET-6,catastrophe,catastrophic,catastrophic,derived,,catastrophe catastrophic,literal,clean,
0780-01,39,CET-4,catch,catch,catch,canonical,,catch,literal,clean,
0781-01,39,CET-4,category,category,category,canonical,,category,literal,clean,
0782-01,39,CET-4,cater,cater,cater,canonical,,cater,literal,clean,
0783-01,39,CET-6,cathedral,cathedral,cathedral,canonical,,cathedral,literal,clean,
0784-01,39,CET-6,catholic,catholic,Catholic,canonical,,Catholic,literal,clean,
0785-01,39,CET-4,cattle,cattle,cattle,canonical,,cattle,literal,clean,
0786-01,39,CET-6,cauliflower,cauliflower,cauliflower,canonical,,cauliflower,literal,clean,
0787-01,39,CET-4,cause,cause,cause,canonical,,cause,literal,clean,
0788-01,39,CET-4,caution,caution,caution,canonical,,caution cautious,literal,clean,
0788-02,39,CET-4,caution,cautious,cautious,derived,,caution cautious,literal,clean,
0789-01,39,CET-4,cave,cave,cave,canonical,,cave,literal,clean,
0790-01,39,CET-6,cavity,cavity,cavity,canonical,,cavity,literal,clean,
0791-01,39,CET-4,cease,cease,cease,canonical,,cease,literal,clean,
0792-01,39,CET-4,ceiling,ceiling,ceiling,canonical,,ceiling,literal,clean,
0793-01,39,CET-4,celebrate,celebrate,celebrate,canonical,,celebrate celebration,literal,clean,
0793-02,39,CET-4,celebrate,celebration,celebration,derived,,celebrate celebration,literal,clean,
0794-01,39,CET-6,celebrity,celebrity,celebrity,canonical,,celebrity,literal,clean,
0795-01,39,CET-4,cell,cell,cell,canonical,,cell,literal,clean,
0796-01,39,CET-4,cellar,cellar,cellar,canonical,,cellar,literal,clean,
0797-01,39,CET-4,cell-phone,cell-phone,cell-phone,canonical,,cellＧphone,literal,spot_check,PDF 连字符/共享词尾字形已恢复
0798-01,39,CET-4,celsius,celsius,Celsius,canonical,,Celsius/Ｇcius,literal,spot_check,PDF 连字符/共享词尾字形已恢复
0798-02,39,CET-4,celsius,celcius,Celcius,canonical_variant,,Celsius/Ｇcius,shared_suffix:-cius,spot_check,共享词尾替换；PDF 连字符/共享词尾字形已恢复
0799-01,40,CET-4,cement,cement,cement,canonical,,cement,literal,clean,
0800-01,40,CET-6,cemetery,cemetery,cemetery,canonical,,cemetery,literal,clean,
0801-01,40,CET-6,censor,censor,censor,canonical,,censor censorship,literal,clean,
0801-02,40,CET-6,censor,censorship,censorship,derived,,censor censorship,literal,clean,
0802-01,40,CET-6,census,census,census,canonical,,census,literal,clean,
0803-01,40,CET-4,cent,cent,cent,canonical,,cent,literal,clean,
0804-01,40,CET-4,center,center,center,canonical,,center/Ｇtre central centralize/Ｇise,literal,spot_check,PDF 连字符/共享词尾字形已恢复
0804-02,40,CET-4,center,centre,centre,canonical_variant,,center/Ｇtre central centralize/Ｇise,shared_suffix:-tre,spot_check,共享词尾替换；PDF 连字符/共享词尾字形已恢复
0804-03,40,CET-4,center,central,central,derived,,center/Ｇtre central centralize/Ｇise,literal,spot_check,PDF 连字符/共享词尾字形已恢复
0804-04,40,CET-4,center,centralize,centralize,derived,,center/Ｇtre central centralize/Ｇise,literal,spot_check,PDF 连字符/共享词尾字形已恢复
0804-05,40,CET-4,center,centralise,centralise,derived_variant,,center/Ｇtre central centralize/Ｇise,shared_suffix:-ise,spot_check,共享词尾替换；PDF 连字符/共享词尾字形已恢复
0805-01,40,CET-4,centigrade,centigrade,centigrade,canonical,,centigrade,literal,clean,
0806-01,40,CET-4,centimeter,centimeter,centimeter,canonical,,centimeter/Ｇtre,literal,spot_check,PDF 连字符/共享词尾字形已恢复
0806-02,40,CET-4,centimeter,centimetre,centimetre,canonical_variant,,centimeter/Ｇtre,shared_suffix:-tre,spot_check,共享词尾替换；PDF 连字符/共享词尾字形已恢复
0807-01,40,CET-4,century,century,century,canonical,,century,literal,clean,
0808-01,40,CET-6,ceramic,ceramic,ceramic,canonical,,ceramic,literal,clean,
0809-01,40,CET-4,cereal,cereal,cereal,canonical,,cereal,literal,clean,
0810-01,40,CET-4,ceremony,ceremony,ceremony,canonical,,ceremony ceremonial,literal,clean,
0810-02,40,CET-4,ceremony,ceremonial,ceremonial,derived,,ceremony ceremonial,literal,clean,
0811-01,40,CET-4,certain,certain,certain,canonical,,certain certainly certainty,literal,clean,
0811-02,40,CET-4,certain,certainly,certainly,derived,,certain certainly certainty,literal,clean,
0811-03,40,CET-4,certain,certainty,certainty,derived,,certain certainly certainty,literal,clean,
0812-01,40,CET-4,certificate,certificate,certificate,canonical,,certificate,literal,clean,
0813-01,40,CET-6,certify,certify,certify,canonical,,certify certification,literal,clean,
0813-02,40,CET-6,certify,certification,certification,derived,,certify certification,literal,clean,
0814-01,40,CET-4,chain,chain,chain,canonical,,chain,literal,clean,
0815-01,40,CET-4,chair,chair,chair,canonical,,chair,literal,clean,
0816-01,40,CET-4,chairman,chairman,chairman,canonical,,chairman/chairperson,literal,clean,
0816-02,40,CET-4,chairman,chairperson,chairperson,canonical_variant,,chairman/chairperson,slash_alternative:literal,spot_check,斜杠并列形式
0817-01,40,CET-4,chalk,chalk,chalk,canonical,,chalk,literal,clean,
0818-01,40,CET-4,challenge,challenge,challenge,canonical,,challenge challenging,literal,clean,
0818-02,40,CET-4,challenge,challenging,challenging,derived,,challenge challenging,literal,clean,
0819-01,40,CET-6,chamber,chamber,chamber,canonical,,chamber,literal,clean,
0820-01,40,CET-4,champagne,champagne,champagne,canonical,,champagne,literal,clean,
0821-01,40,CET-4,champion,champion,champion,canonical,,champion championship,literal,clean,
0821-02,40,CET-4,champion,championship,championship,derived,,champion championship,literal,clean,
0822-01,40,CET-4,chance,chance,chance,canonical,,chance,literal,clean,
0823-01,40,CET-6,chancellor,chancellor,chancellor,canonical,,chancellor,literal,clean,
0824-01,40,CET-4,change,change,change,canonical,,change,literal,clean,
0825-01,40,CET-4,channel,channel,channel,canonical,,channel,literal,clean,
0826-01,40,CET-6,chant,chant,chant,canonical,,chant,literal,clean,
0827-01,40,CET-4,chaos,chaos,chaos,canonical,,chaos chaotic,literal,clean,
0827-02,40,CET-4,chaos,chaotic,chaotic,derived,,chaos chaotic,literal,clean,
0828-01,40,CET-6,chapel,chapel,chapel,canonical,,chapel,literal,clean,
0829-01,40,CET-4,chapter,chapter,chapter,canonical,,chapter,literal,clean,
0830-01,40,CET-4,character,character,character,canonical,,character characteristic characterize/Ｇise,literal,spot_check,PDF 连字符/共享词尾字形已恢复
0830-02,40,CET-4,character,characteristic,characteristic,derived,,character characteristic characterize/Ｇise,literal,spot_check,PDF 连字符/共享词尾字形已恢复
0830-03,40,CET-4,character,characterize,characterize,derived,,character characteristic characterize/Ｇise,literal,spot_check,PDF 连字符/共享词尾字形已恢复
0830-04,40,CET-4,character,characterise,characterise,derived_variant,,character characteristic characterize/Ｇise,shared_suffix:-ise,spot_check,共享词尾替换；PDF 连字符/共享词尾字形已恢复
0831-01,40,CET-4,charge,charge,charge,canonical,,charge,literal,clean,
0832-01,40,CET-4,charity,charity,charity,canonical,,charity charitable,literal,clean,
0832-02,40,CET-4,charity,charitable,charitable,derived,,charity charitable,literal,clean,
0833-01,40,CET-4,charm,charm,charm,canonical,,charm charming,literal,clean,
0833-02,40,CET-4,charm,charming,charming,derived,,charm charming,literal,clean,
0834-01,40,CET-4,chart,chart,chart,canonical,,chart,literal,clean,
0835-01,40,CET-4,charter,charter,charter,canonical,,charter,literal,clean,
0836-01,40,CET-4,chase,chase,chase,canonical,,chase,literal,clean,
0837-01,40,CET-4,chat,chat,chat,canonical,,chat,literal,clean,
0838-01,40,CET-4,cheap,cheap,cheap,canonical,,cheap,literal,clean,
0839-01,40,CET-4,cheat,cheat,cheat,canonical,,cheat,literal,clean,
0840-01,40,CET-4,check,check,check,canonical,1,check１,literal,spot_check,同形异义编号已移至 sense_number
0841-01,41,CET-4,check,check,check,canonical,2,check２/cheque,literal,spot_check,同形异义编号已移至 sense_number
0841-02,41,CET-4,check,cheque,cheque,canonical_variant,,check２/cheque,slash_alternative:literal,spot_check,斜杠并列形式
0842-01,41,CET-4,cheek,cheek,cheek,canonical,,cheek,literal,clean,
0843-01,41,CET-4,cheer,cheer,cheer,canonical,,cheer cheerful,literal,clean,
0843-02,41,CET-4,cheer,cheerful,cheerful,derived,,cheer cheerful,literal,clean,
0844-01,41,CET-4,cheese,cheese,cheese,canonical,,cheese,literal,clean,
0845-01,41,CET-4,chef,chef,chef,canonical,,chef,literal,clean,
0846-01,41,CET-4,chemistry,chemistry,chemistry,canonical,,chemistry chemical chemist,literal,clean,
0846-02,41,CET-4,chemistry,chemical,chemical,derived,,chemistry chemical chemist,literal,clean,
0846-03,41,CET-4,chemistry,chemist,chemist,derived,,chemistry chemical chemist,literal,clean,
0847-01,41,CET-4,cherish,cherish,cherish,canonical,,cherish,literal,clean,
0848-01,41,CET-4,chess,chess,chess,canonical,,chess,literal,clean,
0849-01,41,CET-4,chest,chest,chest,canonical,,chest,literal,clean,
0850-01,41,CET-4,chew,chew,chew,canonical,,chew,literal,clean,
0851-01,41,CET-4,chicken,chicken,chicken,canonical,,chicken,literal,clean,
0852-01,41,CET-4,chief,chief,chief,canonical,,chief,literal,clean,
0853-01,41,CET-4,child,child,child,canonical,,child childish,literal,clean,
0853-02,41,CET-4,child,childish,childish,derived,,child childish,literal,clean,
0854-01,41,CET-4,chill,chill,chill,canonical,,chill chilly,literal,clean,
0854-02,41,CET-4,chill,chilly,chilly,derived,,chill chilly,literal,clean,
0855-01,41,CET-4,chimney,chimney,chimney,canonical,,chimney,literal,clean,
0856-01,41,CET-4,chin,chin,chin,canonical,,chin,literal,clean,
0857-01,41,CET-4,china,china,china,canonical,,china,literal,clean,
0858-01,41,CET-4,chip,chip,chip,canonical,,chip,literal,clean,
0859-01,41,CET-4,chocolate,chocolate,chocolate,canonical,,chocolate,literal,clean,
0860-01,41,CET-4,choice,choice,choice,canonical,,choice,literal,clean,
0861-01,41,CET-6,choir,choir,choir,canonical,,choir,literal,clean,
0862-01,41,CET-4,choke,choke,choke,canonical,,choke,literal,clean,
0863-01,41,CET-4,cholesterol,cholesterol,cholesterol,canonical,,cholesterol,literal,clean,
0864-01,41,CET-4,choose,choose,choose,canonical,,choose choosy,literal,clean,
0864-02,41,CET-4,choose,choosy,choosy,derived,,choose choosy,literal,clean,
0865-01,41,CET-4,chop,chop,chop,canonical,,chop,literal,clean,
0866-01,41,CET-4,chopstick,chopstick,chopstick,canonical,,chopstick,literal,clean,
0867-01,41,CET-6,chord,chord,chord,canonical,,chord,literal,clean,
0868-01,41,CET-4,chore,chore,chore,canonical,,chore,literal,clean,
0869-01,41,CET-4,chorus,chorus,chorus,canonical,,chorus,literal,clean,
0870-01,41,CET-4,christ,christ,Christ,canonical,,Christ Christmas Christian Christianity,literal,clean,
0870-02,41,CET-4,christ,christmas,Christmas,derived,,Christ Christmas Christian Christianity,literal,clean,
0870-03,41,CET-4,christ,christian,Christian,derived,,Christ Christmas Christian Christianity,literal,clean,
0870-04,41,CET-4,christ,christianity,Christianity,derived,,Christ Christmas Christian Christianity,literal,clean,
0871-01,41,CET-6,chronic,chronic,chronic,canonical,,chronic chronically,literal,clean,
0871-02,41,CET-6,chronic,chronically,chronically,derived,,chronic chronically,literal,clean,
0872-01,41,CET-6,chronicle,chronicle,chronicle,canonical,,chronicle,literal,clean,
0873-01,41,CET-6,chunk,chunk,chunk,canonical,,chunk,literal,clean,
0874-01,41,CET-4,church,church,church,canonical,,church,literal,clean,
0875-01,41,CET-4,cigar,cigar,cigar,canonical,,cigar,literal,clean,
0876-01,41,CET-4,cigaret,cigaret,cigaret,canonical,,cigaret(te),optional_omitted,spot_check,括号可选拼写
0876-02,41,CET-4,cigaret,cigarette,cigarette,canonical_variant,,cigaret(te),optional_included,spot_check,括号可选拼写
0877-01,41,CET-4,cinema,cinema,cinema,canonical,,cinema,literal,clean,
0878-01,41,CET-4,circle,circle,circle,canonical,,circle circular,literal,clean,
0878-02,41,CET-4,circle,circular,circular,derived,,circle circular,literal,clean,
0879-01,41,CET-4,circuit,circuit,circuit,canonical,,circuit,literal,clean,
0880-01,41,CET-4,circulate,circulate,circulate,canonical,,circulate circulation,literal,clean,
0880-02,41,CET-4,circulate,circulation,circulation,derived,,circulate circulation,literal,clean,
0881-01,41,CET-4,circumstance,circumstance,circumstance,canonical,,circumstance,literal,clean,
0882-01,41,CET-4,circus,circus,circus,canonical,,circus,literal,clean,
0883-01,42,CET-4,cite,cite,cite,canonical,,cite citation,literal,clean,
0883-02,42,CET-4,cite,citation,citation,derived,,cite citation,literal,clean,
0884-01,42,CET-4,citizen,citizen,citizen,canonical,,citizen citizenship,literal,clean,
0884-02,42,CET-4,citizen,citizenship,citizenship,derived,,citizen citizenship,literal,clean,
0885-01,42,CET-4,city,city,city,canonical,,city,literal,clean,
0886-01,42,CET-6,civic,civic,civic,canonical,,civic,literal,clean,
0887-01,42,CET-4,civil,civil,civil,canonical,,civil civilize/Ｇise civilization/Ｇsation,literal,spot_check,PDF 连字符/共享词尾字形已恢复
0887-02,42,CET-4,civil,civilize,civilize,derived,,civil civilize/Ｇise civilization/Ｇsation,literal,spot_check,PDF 连字符/共享词尾字形已恢复
0887-03,42,CET-4,civil,civilise,civilise,derived_variant,,civil civilize/Ｇise civilization/Ｇsation,shared_suffix:-ise,spot_check,共享词尾替换；PDF 连字符/共享词尾字形已恢复
0887-04,42,CET-4,civil,civilization,civilization,derived,,civil civilize/Ｇise civilization/Ｇsation,literal,spot_check,PDF 连字符/共享词尾字形已恢复
0887-05,42,CET-4,civil,civilisation,civilisation,derived_variant,,civil civilize/Ｇise civilization/Ｇsation,shared_suffix:-sation,spot_check,共享词尾替换；PDF 连字符/共享词尾字形已恢复
0888-01,42,CET-4,civilian,civilian,civilian,canonical,,civilian,literal,clean,
0889-01,42,CET-4,claim,claim,claim,canonical,,claim,literal,clean,
0890-01,42,CET-6,clamp,clamp,clamp,canonical,,clamp,literal,clean,
0891-01,42,CET-6,clan,clan,clan,canonical,,clan,literal,clean,
0892-01,42,CET-4,clap,clap,clap,canonical,,clap,literal,clean,
0893-01,42,CET-4,clarity,clarity,clarity,canonical,,clarity clarify clarification,literal,clean,
0893-02,42,CET-4,clarity,clarify,clarify,derived,,clarity clarify clarification,literal,clean,
0893-03,42,CET-4,clarity,clarification,clarification,derived,,clarity clarify clarification,literal,clean,
0894-01,42,CET-4,clash,clash,clash,canonical,,clash,literal,clean,
0895-01,42,CET-6,clasp,clasp,clasp,canonical,,clasp,literal,clean,
0896-01,42,CET-4,class,class,class,canonical,,class,literal,clean,
0897-01,42,CET-4,classic,classic,classic,canonical,,classic classical,literal,clean,
0897-02,42,CET-4,classic,classical,classical,derived,,classic classical,literal,clean,
0898-01,42,CET-4,classify,classify,classify,canonical,,classify classification classified,literal,clean,
0898-02,42,CET-4,classify,classification,classification,derived,,classify classification classified,literal,clean,
0898-03,42,CET-4,classify,classified,classified,derived,,classify classification classified,literal,clean,
0899-01,42,CET-4,classmate,classmate,classmate,canonical,,classmate,literal,clean,
0900-01,42,CET-4,classroom,classroom,classroom,canonical,,classroom,literal,clean,
0901-01,42,CET-4,clause,clause,clause,canonical,,clause,literal,clean,
0902-01,42,CET-4,claw,claw,claw,canonical,,claw,literal,clean,
0903-01,42,CET-4,clay,clay,clay,canonical,,clay,literal,clean,
0904-01,42,CET-4,clean,clean,clean,canonical,,clean,literal,clean,
0905-01,42,CET-6,cleanse,cleanse,cleanse,canonical,,cleanse,literal,clean,
0906-01,42,CET-4,clear,clear,clear,canonical,,clear clearly,literal,clean,
0906-02,42,CET-4,clear,clearly,clearly,derived,,clear clearly,literal,clean,
0907-01,42,CET-6,clearance,clearance,clearance,canonical,,clearance,literal,clean,
0908-01,42,CET-4,clear-cut,clear-cut,clear-cut,canonical,,clearＧcut,literal,spot_check,PDF 连字符/共享词尾字形已恢复
0909-01,42,CET-6,clearing,clearing,clearing,canonical,,clearing,literal,clean,
0910-01,42,CET-6,clench,clench,clench,canonical,,clench,literal,clean,
0911-01,42,CET-6,clergy,clergy,clergy,canonical,,clergy,literal,clean,
0912-01,42,CET-4,clerk,clerk,clerk,canonical,,clerk clerical,literal,clean,
0912-02,42,CET-4,clerk,clerical,clerical,derived,,clerk clerical,literal,clean,
0913-01,42,CET-4,clever,clever,clever,canonical,,clever,literal,clean,
0914-01,42,CET-6,cliché,cliché,cliché,canonical,,cliché,literal,clean,
0915-01,42,CET-4,click,click,click,canonical,,click,literal,clean,
0916-01,42,CET-4,client,client,client,canonical,,client,literal,clean,
0917-01,42,CET-4,cliff,cliff,cliff,canonical,,cliff,literal,clean,
0918-01,42,CET-4,climate,climate,climate,canonical,,climate climatic,literal,clean,
0918-02,42,CET-4,climate,climatic,climatic,derived,,climate climatic,literal,clean,
0919-01,42,CET-4,climax,climax,climax,canonical,,climax,literal,clean,
0920-01,42,CET-4,climb,climb,climb,canonical,,climb,literal,clean,
0921-01,42,CET-4,cling,cling,cling,canonical,,cling,literal,clean,
0922-01,42,CET-4,clinic,clinic,clinic,canonical,,clinic clinical,literal,clean,
0922-02,42,CET-4,clinic,clinical,clinical,derived,,clinic clinical,literal,clean,
0923-01,42,CET-4,clip,clip,clip,canonical,,clip,literal,clean,
0924-01,42,CET-6,cloak,cloak,cloak,canonical,,cloak,literal,clean,
0925-01,43,CET-4,clock,clock,clock,canonical,,clock,literal,clean,
0926-01,43,CET-4,clockwise,clockwise,clockwise,canonical,,clockwise,literal,clean,
0927-01,43,CET-6,clog,clog,clog,canonical,,clog,literal,clean,
0928-01,43,CET-4,clone,clone,clone,canonical,,clone,literal,clean,
0929-01,43,CET-4,close,close,close,canonical,,close,literal,clean,
0930-01,43,CET-6,closet,closet,closet,canonical,,closet,literal,clean,
0931-01,43,CET-4,cloth,cloth,cloth,canonical,,cloth,literal,clean,
0932-01,43,CET-4,clothe,clothe,clothe,canonical,,clothe clothing,literal,clean,
0932-02,43,CET-4,clothe,clothing,clothing,derived,,clothe clothing,literal,clean,
0933-01,43,CET-4,clothes,clothes,clothes,canonical,,clothes,literal,clean,
0934-01,43,CET-4,cloud,cloud,cloud,canonical,,cloud cloudy,literal,clean,
0934-02,43,CET-4,cloud,cloudy,cloudy,derived,,cloud cloudy,literal,clean,
0935-01,43,CET-4,clown,clown,clown,canonical,,clown,literal,clean,
0936-01,43,CET-4,club,club,club,canonical,,club,literal,clean,
0937-01,43,CET-4,clue,clue,clue,canonical,,clue,literal,clean,
0938-01,43,CET-4,clumsy,clumsy,clumsy,canonical,,clumsy,literal,clean,
0939-01,43,CET-6,cluster,cluster,cluster,canonical,,cluster,literal,clean,
0940-01,43,CET-6,clutch,clutch,clutch,canonical,,clutch,literal,clean,
0941-01,43,CET-4,coach,coach,coach,canonical,,coach,literal,clean,
0942-01,43,CET-4,coal,coal,coal,canonical,,coal,literal,clean,
0943-01,43,CET-6,coalition,coalition,coalition,canonical,,coalition,literal,clean,
0944-01,43,CET-4,coarse,coarse,coarse,canonical,,coarse,literal,clean,
0945-01,43,CET-4,coast,coast,coast,canonical,,coast coastal,literal,clean,
0945-02,43,CET-4,coast,coastal,coastal,derived,,coast coastal,literal,clean,
0946-01,43,CET-4,coat,coat,coat,canonical,,coat,literal,clean,
0947-01,43,CET-6,cocaine,cocaine,cocaine,canonical,,cocaine,literal,clean,
0948-01,43,CET-4,cock,cock,cock,canonical,,cock,literal,clean,
0949-01,43,CET-6,cockpit,cockpit,cockpit,canonical,,cockpit,literal,clean,
0950-01,43,CET-6,cocktail,cocktail,cocktail,canonical,,cocktail,literal,clean,
0951-01,43,CET-6,coconut,coconut,coconut,canonical,,coconut,literal,clean,
0952-01,43,CET-4,code,code,code,canonical,,code,literal,clean,
0953-01,43,CET-6,coexist,coexist,coexist,canonical,,coexist coexistence,literal,clean,
0953-02,43,CET-6,coexist,coexistence,coexistence,derived,,coexist coexistence,literal,clean,
0954-01,43,CET-4,coffee,coffee,coffee,canonical,,coffee,literal,clean,
0955-01,43,CET-6,cognitive,cognitive,cognitive,canonical,,cognitive cognition,literal,clean,
0955-02,43,CET-6,cognitive,cognition,cognition,derived,,cognitive cognition,literal,clean,
0956-01,43,CET-4,coherent,coherent,coherent,canonical,,coherent coherence,literal,clean,
0956-02,43,CET-4,coherent,coherence,coherence,derived,,coherent coherence,literal,clean,
0957-01,43,CET-4,cohesion,cohesion,cohesion,canonical,,cohesion cohesive,literal,clean,
0957-02,43,CET-4,cohesion,cohesive,cohesive,derived,,cohesion cohesive,literal,clean,
0958-01,43,CET-4,coil,coil,coil,canonical,,coil,literal,clean,
0959-01,43,CET-4,coin,coin,coin,canonical,,coin coinage,literal,clean,
0959-02,43,CET-4,coin,coinage,coinage,derived,,coin coinage,literal,clean,
0960-01,43,CET-6,coincide,coincide,coincide,canonical,,coincide coincidence,literal,clean,
0960-02,43,CET-6,coincide,coincidence,coincidence,derived,,coincide coincidence,literal,clean,
0961-01,43,CET-4,cold,cold,cold,canonical,,cold,literal,clean,
0962-01,43,CET-4,collaborate,collaborate,collaborate,canonical,,collaborate collaboration collaborative,literal,clean,
0962-02,43,CET-4,collaborate,collaboration,collaboration,derived,,collaborate collaboration collaborative,literal,clean,
0962-03,43,CET-4,collaborate,collaborative,collaborative,derived,,collaborate collaboration collaborative,literal,clean,
0963-01,43,CET-4,collapse,collapse,collapse,canonical,,collapse,literal,clean,
0964-01,43,CET-4,collar,collar,collar,canonical,,collar,literal,clean,
0965-01,43,CET-4,colleague,colleague,colleague,canonical,,colleague,literal,clean,
0966-01,43,CET-4,collect,collect,collect,canonical,,collect collection,literal,clean,
0966-02,43,CET-4,collect,collection,collection,derived,,collect collection,literal,clean,
0967-01,44,CET-4,collective,collective,collective,canonical,,collective,literal,clean,
0968-01,44,CET-4,college,college,college,canonical,,college,literal,clean,
0969-01,44,CET-6,collide,collide,collide,canonical,,collide collision,literal,clean,
0969-02,44,CET-6,collide,collision,collision,derived,,collide collision,literal,clean,
0970-01,44,CET-4,colon,colon,colon,canonical,,colon semiＧcolon,literal,spot_check,PDF 连字符/共享词尾字形已恢复
0970-02,44,CET-4,colon,semi-colon,semi-colon,derived,,colon semiＧcolon,literal,spot_check,PDF 连字符/共享词尾字形已恢复
0971-01,44,CET-6,colonel,colonel,colonel,canonical,,colonel,literal,clean,
0972-01,44,CET-4,colony,colony,colony,canonical,,colony colonial colonialism colonize/Ｇise,literal,spot_check,PDF 连字符/共享词尾字形已恢复
0972-02,44,CET-4,colony,colonial,colonial,derived,,colony colonial colonialism colonize/Ｇise,literal,spot_check,PDF 连字符/共享词尾字形已恢复
0972-03,44,CET-4,colony,colonialism,colonialism,derived,,colony colonial colonialism colonize/Ｇise,literal,spot_check,PDF 连字符/共享词尾字形已恢复
0972-04,44,CET-4,colony,colonize,colonize,derived,,colony colonial colonialism colonize/Ｇise,literal,spot_check,PDF 连字符/共享词尾字形已恢复
0972-05,44,CET-4,colony,colonise,colonise,derived_variant,,colony colonial colonialism colonize/Ｇise,shared_suffix:-ise,spot_check,共享词尾替换；PDF 连字符/共享词尾字形已恢复
0973-01,44,CET-4,color,color,color,canonical,,colo(u)r colo(u)rful,optional_omitted,spot_check,括号可选拼写
0973-02,44,CET-4,color,colour,colour,canonical_variant,,colo(u)r colo(u)rful,optional_included,spot_check,括号可选拼写
0973-03,44,CET-4,color,colorful,colorful,derived,,colo(u)r colo(u)rful,optional_omitted,spot_check,括号可选拼写
0973-04,44,CET-4,color,colourful,colourful,derived_variant,,colo(u)r colo(u)rful,optional_included,spot_check,括号可选拼写
0974-01,44,CET-4,column,column,column,canonical,,column columnist,literal,clean,
0974-02,44,CET-4,column,columnist,columnist,derived,,column columnist,literal,clean,
0975-01,44,CET-4,comb,comb,comb,canonical,,comb,literal,clean,
0976-01,44,CET-4,combat,combat,combat,canonical,,combat combative,literal,clean,
0976-02,44,CET-4,combat,combative,combative,derived,,combat combative,literal,clean,
0977-01,44,CET-4,combine,combine,combine,canonical,,combine combination,literal,clean,
0977-02,44,CET-4,combine,combination,combination,derived,,combine combination,literal,clean,
0978-01,44,CET-4,come,come,come,canonical,,come,literal,clean,
0979-01,44,CET-4,comedy,comedy,comedy,canonical,,comedy,literal,clean,
0980-01,44,CET-6,comet,comet,comet,canonical,,comet,literal,clean,
0981-01,44,CET-4,comfort,comfort,comfort,canonical,,comfort comfortable,literal,clean,
0981-02,44,CET-4,comfort,comfortable,comfortable,derived,,comfort comfortable,literal,clean,
0982-01,44,CET-6,comic,comic,comic,canonical,,comic,literal,clean,
0983-01,44,CET-4,comma,comma,comma,canonical,,comma,literal,clean,
0984-01,44,CET-4,command,command,command,canonical,,command commander,literal,clean,
0984-02,44,CET-4,command,commander,commander,derived,,command commander,literal,clean,
0985-01,44,CET-6,commemorate,commemorate,commemorate,canonical,,commemorate commemoration,literal,clean,
0985-02,44,CET-6,commemorate,commemoration,commemoration,derived,,commemorate commemoration,literal,clean,
0986-01,44,CET-4,commence,commence,commence,canonical,,commence commencement,literal,clean,
0986-02,44,CET-4,commence,commencement,commencement,derived,,commence commencement,literal,clean,
0987-01,44,CET-6,commend,commend,commend,canonical,,commend commendation,literal,clean,
0987-02,44,CET-6,commend,commendation,commendation,derived,,commend commendation,literal,clean,
0988-01,44,CET-4,comment,comment,comment,canonical,,comment commentary commentator,literal,clean,
0988-02,44,CET-4,comment,commentary,commentary,derived,,comment commentary commentator,literal,clean,
0988-03,44,CET-4,comment,commentator,commentator,derived,,comment commentary commentator,literal,clean,
0989-01,44,CET-4,commerce,commerce,commerce,canonical,,commerce commercial commercialize/Ｇise,literal,spot_check,PDF 连字符/共享词尾字形已恢复
0989-02,44,CET-4,commerce,commercial,commercial,derived,,commerce commercial commercialize/Ｇise,literal,spot_check,PDF 连字符/共享词尾字形已恢复
0989-03,44,CET-4,commerce,commercialize,commercialize,derived,,commerce commercial commercialize/Ｇise,literal,spot_check,PDF 连字符/共享词尾字形已恢复
0989-04,44,CET-4,commerce,commercialise,commercialise,derived_variant,,commerce commercial commercialize/Ｇise,shared_suffix:-ise,spot_check,共享词尾替换；PDF 连字符/共享词尾字形已恢复
0990-01,44,CET-4,commission,commission,commission,canonical,,commission,literal,clean,
0991-01,44,CET-4,commit,commit,commit,canonical,,commit commitment,literal,clean,
0991-02,44,CET-4,commit,commitment,commitment,derived,,commit commitment,literal,clean,
0992-01,44,CET-4,committee,committee,committee,canonical,,committee,literal,clean,
0993-01,44,CET-4,commodity,commodity,commodity,canonical,,commodity,literal,clean,
0994-01,44,CET-4,common,common,common,canonical,,common,literal,clean,
0995-01,44,CET-4,commonplace,commonplace,commonplace,canonical,,commonplace,literal,clean,
0996-01,44,CET-6,commonwealth,commonwealth,commonwealth,canonical,,commonwealth,literal,clean,
0997-01,44,CET-4,communicate,communicate,communicate,canonical,,communicate communication communicative,literal,clean,
0997-02,44,CET-4,communicate,communication,communication,derived,,communicate communication communicative,literal,clean,
0997-03,44,CET-4,communicate,communicative,communicative,derived,,communicate communication communicative,literal,clean,
0998-01,44,CET-4,commune,commune,commune,canonical,,commune communist communism,literal,clean,
0998-02,44,CET-4,commune,communist,communist,derived,,commune communist communism,literal,clean,
0998-03,44,CET-4,commune,communism,communism,derived,,commune communist communism,literal,clean,
0999-01,44,CET-4,community,community,community,canonical,,community,literal,clean,
1000-01,44,CET-4,commute,commute,commute,canonical,,commute commuter,literal,clean,
1000-02,44,CET-4,commute,commuter,commuter,derived,,commute commuter,literal,clean,
1001-01,44,CET-4,compact,compact,compact,canonical,,compact,literal,clean,
1002-01,44,CET-4,companion,companion,companion,canonical,,companion companionship,literal,clean,
1002-02,44,CET-4,companion,companionship,companionship,derived,,companion companionship,literal,clean,
1003-01,44,CET-4,company,company,company,canonical,,company,literal,clean,
1004-01,44,CET-4,compare,compare,compare,canonical,,compare comparison comparative comparable,literal,clean,
1004-02,44,CET-4,compare,comparison,comparison,derived,,compare comparison comparative comparable,literal,clean,
1004-03,44,CET-4,compare,comparative,comparative,derived,,compare comparison comparative comparable,literal,clean,
1004-04,44,CET-4,compare,comparable,comparable,derived,,compare comparison comparative comparable,literal,clean,
1005-01,44,CET-6,compartment,compartment,compartment,canonical,,compartment,literal,clean,
1006-01,44,CET-4,compass,compass,compass,canonical,,compass,literal,clean,
1007-01,44,CET-6,compassion,compassion,compassion,canonical,,compassion compassionate,literal,clean,
1007-02,44,CET-6,compassion,compassionate,compassionate,derived,,compassion compassionate,literal,clean,
1008-01,44,CET-4,compatible,compatible,compatible,canonical,,compatible compatibility,literal,clean,
1008-02,44,CET-4,compatible,compatibility,compatibility,derived,,compatible compatibility,literal,clean,
1009-01,45,CET-4,compel,compel,compel,canonical,,compel compelling,literal,clean,
1009-02,45,CET-4,compel,compelling,compelling,derived,,compel compelling,literal,clean,
1010-01,45,CET-4,compensate,compensate,compensate,canonical,,compensate compensation compensatory,literal,clean,
1010-02,45,CET-4,compensate,compensation,compensation,derived,,compensate compensation compensatory,literal,clean,
1010-03,45,CET-4,compensate,compensatory,compensatory,derived,,compensate compensation compensatory,literal,clean,
1011-01,45,CET-4,compete,compete,compete,canonical,,compete competition competitive competitor,literal,clean,
1011-02,45,CET-4,compete,competition,competition,derived,,compete competition competitive competitor,literal,clean,
1011-03,45,CET-4,compete,competitive,competitive,derived,,compete competition competitive competitor,literal,clean,
1011-04,45,CET-4,compete,competitor,competitor,derived,,compete competition competitive competitor,literal,clean,
1012-01,45,CET-4,competent,competent,competent,canonical,,competent competence,literal,clean,
1012-02,45,CET-4,competent,competence,competence,derived,,competent competence,literal,clean,
1013-01,45,CET-6,compile,compile,compile,canonical,,compile compilation,literal,clean,
1013-02,45,CET-6,compile,compilation,compilation,derived,,compile compilation,literal,clean,
1014-01,45,CET-6,complacent,complacent,complacent,canonical,,complacent complacency,literal,clean,
1014-02,45,CET-6,complacent,complacency,complacency,derived,,complacent complacency,literal,clean,
1015-01,45,CET-4,complain,complain,complain,canonical,,complain complaint,literal,clean,
1015-02,45,CET-4,complain,complaint,complaint,derived,,complain complaint,literal,clean,
1016-01,45,CET-6,complement,complement,complement,canonical,,complement complementary,literal,clean,
1016-02,45,CET-6,complement,complementary,complementary,derived,,complement complementary,literal,clean,
1017-01,45,CET-4,complete,complete,complete,canonical,,complete completion,literal,clean,
1017-02,45,CET-4,complete,completion,completion,derived,,complete completion,literal,clean,
1018-01,45,CET-4,complex,complex,complex,canonical,,complex complexity,literal,clean,
1018-02,45,CET-4,complex,complexity,complexity,derived,,complex complexity,literal,clean,
1019-01,45,CET-6,complexion,complexion,complexion,canonical,,complexion,literal,clean,
1020-01,45,CET-4,complicate,complicate,complicate,canonical,,complicate complicated complication,literal,clean,
1020-02,45,CET-4,complicate,complicated,complicated,derived,,complicate complicated complication,literal,clean,
1020-03,45,CET-4,complicate,complication,complication,derived,,complicate complicated complication,literal,clean,
1021-01,45,CET-6,compliment,compliment,compliment,canonical,,compliment complimentary,literal,clean,
1021-02,45,CET-6,compliment,complimentary,complimentary,derived,,compliment complimentary,literal,clean,
1022-01,45,CET-4,comply,comply,comply,canonical,,comply compliance,literal,clean,
1022-02,45,CET-4,comply,compliance,compliance,derived,,comply compliance,literal,clean,
1023-01,45,CET-4,component,component,component,canonical,,component,literal,clean,
1024-01,45,CET-4,compose,compose,compose,canonical,,compose composition composer,literal,clean,
1024-02,45,CET-4,compose,composition,composition,derived,,compose composition composer,literal,clean,
1024-03,45,CET-4,compose,composer,composer,derived,,compose composition composer,literal,clean,
1025-01,45,CET-6,composite,composite,composite,canonical,,composite,literal,clean,
1026-01,45,CET-4,compound,compound,compound,canonical,1,compound１,literal,spot_check,同形异义编号已移至 sense_number
1027-01,45,CET-4,compound,compound,compound,canonical,2,compound２,literal,spot_check,同形异义编号已移至 sense_number
1028-01,45,CET-4,comprehend,comprehend,comprehend,canonical,,comprehend comprehension,literal,clean,
1028-02,45,CET-4,comprehend,comprehension,comprehension,derived,,comprehend comprehension,literal,clean,
1029-01,45,CET-4,comprehensive,comprehensive,comprehensive,canonical,,comprehensive,literal,clean,
1030-01,45,CET-6,compress,compress,compress,canonical,,compress compression,literal,clean,
1030-02,45,CET-6,compress,compression,compression,derived,,compress compression,literal,clean,
1031-01,45,CET-4,comprise,comprise,comprise,canonical,,comprise,literal,clean,
1032-01,45,CET-4,compromise,compromise,compromise,canonical,,compromise,literal,clean,
1033-01,45,CET-4,compulsory,compulsory,compulsory,canonical,,compulsory,literal,clean,
1034-01,45,CET-4,compute,compute,compute,canonical,,compute computer computerize/Ｇise computation,literal,spot_check,PDF 连字符/共享词尾字形已恢复
1034-02,45,CET-4,compute,computer,computer,derived,,compute computer computerize/Ｇise computation,literal,spot_check,PDF 连字符/共享词尾字形已恢复
1034-03,45,CET-4,compute,computerize,computerize,derived,,compute computer computerize/Ｇise computation,literal,spot_check,PDF 连字符/共享词尾字形已恢复
1034-04,45,CET-4,compute,computerise,computerise,derived_variant,,compute computer computerize/Ｇise computation,shared_suffix:-ise,spot_check,共享词尾替换；PDF 连字符/共享词尾字形已恢复
1034-05,45,CET-4,compute,computation,computation,derived,,compute computer computerize/Ｇise computation,literal,spot_check,PDF 连字符/共享词尾字形已恢复
1035-01,45,CET-4,comrade,comrade,comrade,canonical,,comrade,literal,clean,
1036-01,45,CET-4,conceal,conceal,conceal,canonical,,conceal concealment,literal,clean,
1036-02,45,CET-4,conceal,concealment,concealment,derived,,conceal concealment,literal,clean,
1037-01,45,CET-6,concede,concede,concede,canonical,,concede concession,literal,clean,
1037-02,45,CET-6,concede,concession,concession,derived,,concede concession,literal,clean,
1038-01,45,CET-6,conceit,conceit,conceit,canonical,,conceit conceited,literal,clean,
1038-02,45,CET-6,conceit,conceited,conceited,derived,,conceit conceited,literal,clean,
1039-01,45,CET-6,conceive,conceive,conceive,canonical,,conceive conception,literal,clean,
1039-02,45,CET-6,conceive,conception,conception,derived,,conceive conception,literal,clean,
1040-01,45,CET-4,concentrate,concentrate,concentrate,canonical,,concentrate concentration,literal,clean,
1040-02,45,CET-4,concentrate,concentration,concentration,derived,,concentrate concentration,literal,clean,
1041-01,45,CET-4,concept,concept,concept,canonical,,concept conceptual,literal,clean,
1041-02,45,CET-4,concept,conceptual,conceptual,derived,,concept conceptual,literal,clean,
1042-01,45,CET-4,concern,concern,concern,canonical,,concern concerned concerning,literal,clean,
1042-02,45,CET-4,concern,concerned,concerned,derived,,concern concerned concerning,literal,clean,
1042-03,45,CET-4,concern,concerning,concerning,derived,,concern concerned concerning,literal,clean,
1043-01,45,CET-4,concert,concert,concert,canonical,,concert concerted,literal,clean,
1043-02,45,CET-4,concert,concerted,concerted,derived,,concert concerted,literal,clean,
1044-01,45,CET-6,concise,concise,concise,canonical,,concise,literal,clean,
1045-01,45,CET-4,conclude,conclude,conclude,canonical,,conclude conclusion conclusive,literal,clean,
1045-02,45,CET-4,conclude,conclusion,conclusion,derived,,conclude conclusion conclusive,literal,clean,
1045-03,45,CET-4,conclude,conclusive,conclusive,derived,,conclude conclusion conclusive,literal,clean,
1046-01,45,CET-4,concrete,concrete,concrete,canonical,,concrete,literal,clean,
1047-01,45,CET-6,concurrent,concurrent,concurrent,canonical,,concurrent,literal,clean,
1048-01,45,CET-4,condemn,condemn,condemn,canonical,,condemn condemnation,literal,clean,
1048-02,45,CET-4,condemn,condemnation,condemnation,derived,,condemn condemnation,literal,clean,
1049-01,45,CET-4,condense,condense,condense,canonical,,condense condensation,literal,clean,
1049-02,45,CET-4,condense,condensation,condensation,derived,,condense condensation,literal,clean,
1050-01,45,CET-4,condition,condition,condition,canonical,,condition conditional conditioner,literal,clean,
1050-02,45,CET-4,condition,conditional,conditional,derived,,condition conditional conditioner,literal,clean,
1050-03,45,CET-4,condition,conditioner,conditioner,derived,,condition conditional conditioner,literal,clean,
1051-01,46,CET-6,condolence,condolence,condolence,canonical,,condolence,literal,clean,
1052-01,46,CET-6,conducive,conducive,conducive,canonical,,conducive,literal,clean,
1053-01,46,CET-4,conduct,conduct,conduct,canonical,,conduct conductor,literal,clean,
1053-02,46,CET-4,conduct,conductor,conductor,derived,,conduct conductor,literal,clean,
1054-01,46,CET-6,confederation,confederation,confederation,canonical,,confederation confederate,literal,clean,
1054-02,46,CET-6,confederation,confederate,confederate,derived,,confederation confederate,literal,clean,
1055-01,46,CET-6,confer,confer,confer,canonical,,confer,literal,clean,
1056-01,46,CET-4,conference,conference,conference,canonical,,conference,literal,clean,
1057-01,46,CET-4,confess,confess,confess,canonical,,confess confession,literal,clean,
1057-02,46,CET-4,confess,confession,confession,derived,,confess confession,literal,clean,
1058-01,46,CET-6,confide,confide,confide,canonical,,confide,literal,clean,
1059-01,46,CET-4,confidence,confidence,confidence,canonical,,confidence confident confidential,literal,clean,
1059-02,46,CET-4,confidence,confident,confident,derived,,confidence confident confidential,literal,clean,
1059-03,46,CET-4,confidence,confidential,confidential,derived,,confidence confident confidential,literal,clean,
1060-01,46,CET-6,configuration,configuration,configuration,canonical,,configuration,literal,clean,
1061-01,46,CET-4,confine,confine,confine,canonical,,confine confinement,literal,clean,
1061-02,46,CET-4,confine,confinement,confinement,derived,,confine confinement,literal,clean,
1062-01,46,CET-4,confirm,confirm,confirm,canonical,,confirm confirmation,literal,clean,
1062-02,46,CET-4,confirm,confirmation,confirmation,derived,,confirm confirmation,literal,clean,
1063-01,46,CET-4,conflict,conflict,conflict,canonical,,conflict,literal,clean,
1064-01,46,CET-4,conform,conform,conform,canonical,,conform conformity,literal,clean,
1064-02,46,CET-4,conform,conformity,conformity,derived,,conform conformity,literal,clean,
1065-01,46,CET-4,confront,confront,confront,canonical,,confront confrontation,literal,clean,
1065-02,46,CET-4,confront,confrontation,confrontation,derived,,confront confrontation,literal,clean,
1066-01,46,CET-4,confucian,confucian,Confucian,canonical,,Confucian Confucianism,literal,clean,
1066-02,46,CET-4,confucian,confucianism,Confucianism,derived,,Confucian Confucianism,literal,clean,
1067-01,46,CET-4,confuse,confuse,confuse,canonical,,confuse confusion,literal,clean,
1067-02,46,CET-4,confuse,confusion,confusion,derived,,confuse confusion,literal,clean,
1068-01,46,CET-4,congratulate,congratulate,congratulate,canonical,,congratulate congratulation congratulatory,literal,clean,
1068-02,46,CET-4,congratulate,congratulation,congratulation,derived,,congratulate congratulation congratulatory,literal,clean,
1068-03,46,CET-4,congratulate,congratulatory,congratulatory,derived,,congratulate congratulation congratulatory,literal,clean,
1069-01,46,CET-6,congregate,congregate,congregate,canonical,,congregate congregation,literal,clean,
1069-02,46,CET-6,congregate,congregation,congregation,derived,,congregate congregation,literal,clean,
1070-01,46,CET-4,congress,congress,congress,canonical,,congress congressional,literal,clean,
1070-02,46,CET-4,congress,congressional,congressional,derived,,congress congressional,literal,clean,
1071-01,46,CET-4,conjunction,conjunction,conjunction,canonical,,conjunction,literal,clean,
1072-01,46,CET-4,connect,connect,connect,canonical,,connect connection/Ｇxion,literal,spot_check,PDF 连字符/共享词尾字形已恢复
1072-02,46,CET-4,connect,connection,connection,derived,,connect connection/Ｇxion,literal,spot_check,PDF 连字符/共享词尾字形已恢复
1072-03,46,CET-4,connect,connecxion,connecxion,derived_variant,,connect connection/Ｇxion,shared_suffix:-xion,spot_check,共享词尾替换；PDF 连字符/共享词尾字形已恢复
1073-01,46,CET-6,connotation,connotation,connotation,canonical,,connotation,literal,clean,
1074-01,46,CET-4,conquer,conquer,conquer,canonical,,conquer conqueror conquest,literal,clean,
1074-02,46,CET-4,conquer,conqueror,conqueror,derived,,conquer conqueror conquest,literal,clean,
1074-03,46,CET-4,conquer,conquest,conquest,derived,,conquer conqueror conquest,literal,clean,
1075-01,46,CET-4,conscience,conscience,conscience,canonical,,conscience,literal,clean,
1076-01,46,CET-4,conscientious,conscientious,conscientious,canonical,,conscientious,literal,clean,
1077-01,46,CET-4,conscious,conscious,conscious,canonical,,conscious consciousness,literal,clean,
1077-02,46,CET-4,conscious,consciousness,consciousness,derived,,conscious consciousness,literal,clean,
1078-01,46,CET-6,consecutive,consecutive,consecutive,canonical,,consecutive,literal,clean,
1079-01,46,CET-4,consensus,consensus,consensus,canonical,,consensus,literal,clean,
1080-01,46,CET-4,consent,consent,consent,canonical,,consent,literal,clean,
1081-01,46,CET-4,consequence,consequence,consequence,canonical,,consequence consequent consequently,literal,clean,
1081-02,46,CET-4,consequence,consequent,consequent,derived,,consequence consequent consequently,literal,clean,
1081-03,46,CET-4,consequence,consequently,consequently,derived,,consequence consequent consequently,literal,clean,
1082-01,46,CET-4,conservative,conservative,conservative,canonical,,conservative,literal,clean,
1083-01,46,CET-6,conserve,conserve,conserve,canonical,,conserve conservation,literal,clean,
1083-02,46,CET-6,conserve,conservation,conservation,derived,,conserve conservation,literal,clean,
1084-01,46,CET-4,consider,consider,consider,canonical,,consider consideration considering,literal,clean,
1084-02,46,CET-4,consider,consideration,consideration,derived,,consider consideration considering,literal,clean,
1084-03,46,CET-4,consider,considering,considering,derived,,consider consideration considering,literal,clean,
1085-01,46,CET-4,considerable,considerable,considerable,canonical,,considerable,literal,clean,
1086-01,46,CET-4,considerate,considerate,considerate,canonical,,considerate,literal,clean,
1087-01,46,CET-4,consist,consist,consist,canonical,,consist,literal,clean,
1088-01,46,CET-4,consistent,consistent,consistent,canonical,,consistent consistency,literal,clean,
1088-02,46,CET-4,consistent,consistency,consistency,derived,,consistent consistency,literal,clean,
1089-01,46,CET-6,console,console,console,canonical,,console consolation,literal,clean,
1089-02,46,CET-6,console,consolation,consolation,derived,,console consolation,literal,clean,
1090-01,46,CET-4,consolidate,consolidate,consolidate,canonical,,consolidate consolidation,literal,clean,
1090-02,46,CET-4,consolidate,consolidation,consolidation,derived,,consolidate consolidation,literal,clean,
1091-01,46,CET-6,conspicuous,conspicuous,conspicuous,canonical,,conspicuous,literal,clean,
1092-01,46,CET-6,conspire,conspire,conspire,canonical,,conspire conspiracy,literal,clean,
1092-02,46,CET-6,conspire,conspiracy,conspiracy,derived,,conspire conspiracy,literal,clean,
1093-01,47,CET-4,constant,constant,constant,canonical,,constant,literal,clean,
1094-01,47,CET-6,constituent,constituent,constituent,canonical,,constituent constituency,literal,clean,
1094-02,47,CET-6,constituent,constituency,constituency,derived,,constituent constituency,literal,clean,
1095-01,47,CET-4,constitute,constitute,constitute,canonical,,constitute,literal,clean,
1096-01,47,CET-4,constitution,constitution,constitution,canonical,,constitution constitutional,literal,clean,
1096-02,47,CET-4,constitution,constitutional,constitutional,derived,,constitution constitutional,literal,clean,
1097-01,47,CET-6,constrain,constrain,constrain,canonical,,constrain constraint,literal,clean,
1097-02,47,CET-6,constrain,constraint,constraint,derived,,constrain constraint,literal,clean,
1098-01,47,CET-4,construct,construct,construct,canonical,,construct construction,literal,clean,
1098-02,47,CET-4,construct,construction,construction,derived,,construct construction,literal,clean,
1099-01,47,CET-6,consulate,consulate,consulate,canonical,,consulate consul,literal,clean,
1099-02,47,CET-6,consulate,consul,consul,derived,,consulate consul,literal,clean,
1100-01,47,CET-4,consult,consult,consult,canonical,,consult consultation consultative consultant,literal,clean,
1100-02,47,CET-4,consult,consultation,consultation,derived,,consult consultation consultative consultant,literal,clean,
1100-03,47,CET-4,consult,consultative,consultative,derived,,consult consultation consultative consultant,literal,clean,
1100-04,47,CET-4,consult,consultant,consultant,derived,,consult consultation consultative consultant,literal,clean,
1101-01,47,CET-4,consume,consume,consume,canonical,,consume consumer consumption,literal,clean,
1101-02,47,CET-4,consume,consumer,consumer,derived,,consume consumer consumption,literal,clean,
1101-03,47,CET-4,consume,consumption,consumption,derived,,consume consumer consumption,literal,clean,
1102-01,47,CET-4,contact,contact,contact,canonical,,contact,literal,clean,
1103-01,47,CET-6,contagious,contagious,contagious,canonical,,contagious,literal,clean,
1104-01,47,CET-4,contain,contain,contain,canonical,,contain container containment,literal,clean,
1104-02,47,CET-4,contain,container,container,derived,,contain container containment,literal,clean,
1104-03,47,CET-4,contain,containment,containment,derived,,contain container containment,literal,clean,
1105-01,47,CET-4,contaminate,contaminate,contaminate,canonical,,contaminate contamination,literal,clean,
1105-02,47,CET-4,contaminate,contamination,contamination,derived,,contaminate contamination,literal,clean,
1106-01,47,CET-6,contemplate,contemplate,contemplate,canonical,,contemplate contemplation contemplative,literal,clean,
1106-02,47,CET-6,contemplate,contemplation,contemplation,derived,,contemplate contemplation contemplative,literal,clean,
1106-03,47,CET-6,contemplate,contemplative,contemplative,derived,,contemplate contemplation contemplative,literal,clean,
1107-01,47,CET-4,contemporary,contemporary,contemporary,canonical,,contemporary,literal,clean,
1108-01,47,CET-4,contempt,contempt,contempt,canonical,,contempt contemptible,literal,clean,
1108-02,47,CET-4,contempt,contemptible,contemptible,derived,,contempt contemptible,literal,clean,
1109-01,47,CET-4,contend,contend,contend,canonical,,contend contention contentious,literal,clean,
1109-02,47,CET-4,contend,contention,contention,derived,,contend contention contentious,literal,clean,
1109-03,47,CET-4,contend,contentious,contentious,derived,,contend contention contentious,literal,clean,
1110-01,47,CET-4,content,content,content,canonical,1,content１,literal,spot_check,同形异义编号已移至 sense_number
1111-01,47,CET-4,content,content,content,canonical,2,content２,literal,spot_check,同形异义编号已移至 sense_number
1112-01,47,CET-4,contest,contest,contest,canonical,,contest contestant,literal,clean,
1112-02,47,CET-4,contest,contestant,contestant,derived,,contest contestant,literal,clean,
1113-01,47,CET-4,context,context,context,canonical,,context contextual,literal,clean,
1113-02,47,CET-4,context,contextual,contextual,derived,,context contextual,literal,clean,
1114-01,47,CET-4,continent,continent,continent,canonical,,continent continental,literal,clean,
1114-02,47,CET-4,continent,continental,continental,derived,,continent continental,literal,clean,
1115-01,47,CET-6,contingent,contingent,contingent,canonical,,contingent,literal,clean,
1116-01,47,CET-4,continue,continue,continue,canonical,,continue continuation continual continuous continuity,literal,clean,
1116-02,47,CET-4,continue,continuation,continuation,derived,,continue continuation continual continuous continuity,literal,clean,
1116-03,47,CET-4,continue,continual,continual,derived,,continue continuation continual continuous continuity,literal,clean,
1116-04,47,CET-4,continue,continuous,continuous,derived,,continue continuation continual continuous continuity,literal,clean,
1116-05,47,CET-4,continue,continuity,continuity,derived,,continue continuation continual continuous continuity,literal,clean,
1117-01,47,CET-4,contract,contract,contract,canonical,1,contract１,literal,spot_check,同形异义编号已移至 sense_number
1118-01,47,CET-4,contract,contract,contract,canonical,2,contract２,literal,spot_check,同形异义编号已移至 sense_number
1119-01,47,CET-4,contradict,contradict,contradict,canonical,,contradict contradiction contradictory,literal,clean,
1119-02,47,CET-4,contradict,contradiction,contradiction,derived,,contradict contradiction contradictory,literal,clean,
1119-03,47,CET-4,contradict,contradictory,contradictory,derived,,contradict contradiction contradictory,literal,clean,
1120-01,47,CET-4,contrary,contrary,contrary,canonical,,contrary,literal,clean,
1121-01,47,CET-4,contrast,contrast,contrast,canonical,,contrast,literal,clean,
1122-01,47,CET-4,contribute,contribute,contribute,canonical,,contribute contribution contributor,literal,clean,
1122-02,47,CET-4,contribute,contribution,contribution,derived,,contribute contribution contributor,literal,clean,
1122-03,47,CET-4,contribute,contributor,contributor,derived,,contribute contribution contributor,literal,clean,
1123-01,47,CET-6,contrive,contrive,contrive,canonical,,contrive,literal,clean,
1124-01,47,CET-4,control,control,control,canonical,,control,literal,clean,
1125-01,47,CET-4,controversy,controversy,controversy,canonical,,controversy controversial,literal,clean,
1125-02,47,CET-4,controversy,controversial,controversial,derived,,controversy controversial,literal,clean,
1126-01,47,CET-6,convene,convene,convene,canonical,,convene,literal,clean,
1127-01,47,CET-4,convenient,convenient,convenient,canonical,,convenient convenience,literal,clean,
1127-02,47,CET-4,convenient,convenience,convenience,derived,,convenient convenience,literal,clean,
1128-01,47,CET-4,convention,convention,convention,canonical,,convention conventional,literal,clean,
1128-02,47,CET-4,convention,conventional,conventional,derived,,convention conventional,literal,clean,
1129-01,47,CET-6,converge,converge,converge,canonical,,converge convergence,literal,clean,
1129-02,47,CET-6,converge,convergence,convergence,derived,,converge convergence,literal,clean,
1130-01,47,CET-4,converse,converse,converse,canonical,1,converse１,literal,required,同形异义编号已移至 sense_number；同一拼写同时出现在 CET-4 与 CET-6 词族中
1131-01,47,CET-6,converse,converse,converse,canonical,2,converse２,literal,required,同形异义编号已移至 sense_number；同一拼写同时出现在 CET-4 与 CET-6 词族中
1132-01,47,CET-4,convert,convert,convert,canonical,,convert conversion convertible,literal,clean,
1132-02,47,CET-4,convert,conversion,conversion,derived,,convert conversion convertible,literal,clean,
1132-03,47,CET-4,convert,convertible,convertible,derived,,convert conversion convertible,literal,clean,
1133-01,47,CET-4,convey,convey,convey,canonical,,convey conveyance,literal,clean,
1133-02,47,CET-4,convey,conveyance,conveyance,derived,,convey conveyance,literal,clean,
1134-01,47,CET-6,convict,convict,convict,canonical,,convict conviction,literal,clean,
1134-02,47,CET-6,convict,conviction,conviction,derived,,convict conviction,literal,clean,
1135-01,48,CET-4,convince,convince,convince,canonical,,convince convincing,literal,clean,
1135-02,48,CET-4,convince,convincing,convincing,derived,,convince convincing,literal,clean,
1136-01,48,CET-6,convoy,convoy,convoy,canonical,,convoy,literal,clean,
1137-01,48,CET-4,cook,cook,cook,canonical,,cook cooker,literal,clean,
1137-02,48,CET-4,cook,cooker,cooker,derived,,cook cooker,literal,clean,
1138-01,48,CET-4,cookie,cookie,cookie,canonical,,cookie,literal,clean,
1139-01,48,CET-4,cool,cool,cool,canonical,,cool,literal,clean,
1140-01,48,CET-4,cooperate,cooperate,cooperate,canonical,,cooperate cooperation cooperative,literal,clean,
1140-02,48,CET-4,cooperate,cooperation,cooperation,derived,,cooperate cooperation cooperative,literal,clean,
1140-03,48,CET-4,cooperate,cooperative,cooperative,derived,,cooperate cooperation cooperative,literal,clean,
1141-01,48,CET-4,coordinate,coordinate,coordinate,canonical,,coordinate coordination coordinator,literal,clean,
1141-02,48,CET-4,coordinate,coordination,coordination,derived,,coordinate coordination coordinator,literal,clean,
1141-03,48,CET-4,coordinate,coordinator,coordinator,derived,,coordinate coordination coordinator,literal,clean,
1142-01,48,CET-4,cop,cop,cop,canonical,,cop,literal,clean,
1143-01,48,CET-4,cope,cope,cope,canonical,,cope,literal,clean,
1144-01,48,CET-4,copper,copper,copper,canonical,,copper,literal,clean,
1145-01,48,CET-4,copy,copy,copy,canonical,,copy,literal,clean,
1146-01,48,CET-4,copyright,copyright,copyright,canonical,,copyright,literal,clean,
1147-01,48,CET-6,coral,coral,coral,canonical,,coral,literal,clean,
1148-01,48,CET-4,cord,cord,cord,canonical,,cord,literal,clean,
1149-01,48,CET-6,cordial,cordial,cordial,canonical,,cordial cordiality,literal,clean,
1149-02,48,CET-6,cordial,cordiality,cordiality,derived,,cordial cordiality,literal,clean,
1150-01,48,CET-4,core,core,core,canonical,,core,literal,clean,
1151-01,48,CET-6,cork,cork,cork,canonical,,cork,literal,clean,
1152-01,48,CET-4,corn,corn,corn,canonical,,corn,literal,clean,
1153-01,48,CET-4,corner,corner,corner,canonical,,corner,literal,clean,
1154-01,48,CET-4,cornerstone,cornerstone,cornerstone,canonical,,cornerstone,literal,clean,
1155-01,48,CET-6,corporal,corporal,corporal,canonical,,corporal,literal,clean,
1156-01,48,CET-4,corporation,corporation,corporation,canonical,,corporation corporate,literal,clean,
1156-02,48,CET-4,corporation,corporate,corporate,derived,,corporation corporate,literal,clean,
1157-01,48,CET-4,corps,corps,corps,canonical,,corps,literal,clean,
1158-01,48,CET-6,corpse,corpse,corpse,canonical,,corpse,literal,clean,
1159-01,48,CET-4,correct,correct,correct,canonical,,correct correction corrective,literal,clean,
1159-02,48,CET-4,correct,correction,correction,derived,,correct correction corrective,literal,clean,
1159-03,48,CET-4,correct,corrective,corrective,derived,,correct correction corrective,literal,clean,
1160-01,48,CET-6,correlate,correlate,correlate,canonical,,correlate correlation correlative,literal,clean,
1160-02,48,CET-6,correlate,correlation,correlation,derived,,correlate correlation correlative,literal,clean,
1160-03,48,CET-6,correlate,correlative,correlative,derived,,correlate correlation correlative,literal,clean,
1161-01,48,CET-4,correspond,correspond,correspond,canonical,,correspond correspondence correspondent corresponding,literal,clean,
1161-02,48,CET-4,correspond,correspondence,correspondence,derived,,correspond correspondence correspondent corresponding,literal,clean,
1161-03,48,CET-4,correspond,correspondent,correspondent,derived,,correspond correspondence correspondent corresponding,literal,clean,
1161-04,48,CET-4,correspond,corresponding,corresponding,derived,,correspond correspondence correspondent corresponding,literal,clean,
1162-01,48,CET-4,corridor,corridor,corridor,canonical,,corridor,literal,clean,
1163-01,48,CET-6,corrode,corrode,corrode,canonical,,corrode corrosion,literal,clean,
1163-02,48,CET-6,corrode,corrosion,corrosion,derived,,corrode corrosion,literal,clean,
1164-01,48,CET-4,corrupt,corrupt,corrupt,canonical,,corrupt corruption,literal,clean,
1164-02,48,CET-4,corrupt,corruption,corruption,derived,,corrupt corruption,literal,clean,
1165-01,48,CET-6,cosmetic,cosmetic,cosmetic,canonical,,cosmetic,literal,clean,
1166-01,48,CET-6,cosmopolitan,cosmopolitan,cosmopolitan,canonical,,cosmopolitan,literal,clean,
1167-01,48,CET-4,cosmos,cosmos,cosmos,canonical,,cosmos cosmic,literal,clean,
1167-02,48,CET-4,cosmos,cosmic,cosmic,derived,,cosmos cosmic,literal,clean,
1168-01,48,CET-4,cost,cost,cost,canonical,,cost costly,literal,clean,
1168-02,48,CET-4,cost,costly,costly,derived,,cost costly,literal,clean,
1169-01,48,CET-4,costume,costume,costume,canonical,,costume,literal,clean,
1170-01,48,CET-4,cottage,cottage,cottage,canonical,,cottage,literal,clean,
1171-01,48,CET-4,cotton,cotton,cotton,canonical,,cotton,literal,clean,
1172-01,48,CET-4,couch,couch,couch,canonical,,couch,literal,clean,
1173-01,48,CET-4,cough,cough,cough,canonical,,cough,literal,clean,
1174-01,48,CET-4,could,could,could,canonical,,could,literal,clean,
1175-01,48,CET-4,council,council,council,canonical,,council council(l)or,literal,clean,
1175-02,48,CET-4,council,councilor,councilor,derived,,council council(l)or,optional_omitted,spot_check,括号可选拼写
1175-03,48,CET-4,council,councillor,councillor,derived_variant,,council council(l)or,optional_included,spot_check,括号可选拼写
1176-01,48,CET-4,counsel,counsel,counsel,canonical,,counsel counsel(l)or,literal,clean,
1176-02,48,CET-4,counsel,counselor,counselor,derived,,counsel counsel(l)or,optional_omitted,spot_check,括号可选拼写
1176-03,48,CET-4,counsel,counsellor,counsellor,derived_variant,,counsel counsel(l)or,optional_included,spot_check,括号可选拼写
1177-01,49,CET-4,count,count,count,canonical,,count,literal,clean,
1178-01,49,CET-4,countdown,countdown,countdown,canonical,,countdown,literal,clean,
1179-01,49,CET-4,counter,counter,counter,canonical,,counter,literal,clean,
1180-01,49,CET-6,counteract,counteract,counteract,canonical,,counteract counteraction,literal,clean,
1180-02,49,CET-6,counteract,counteraction,counteraction,derived,,counteract counteraction,literal,clean,
1181-01,49,CET-6,counterfeit,counterfeit,counterfeit,canonical,,counterfeit,literal,clean,
1182-01,49,CET-4,counterpart,counterpart,counterpart,canonical,,counterpart,literal,clean,
1183-01,49,CET-4,country,country,country,canonical,,country,literal,clean,
1184-01,49,CET-4,countryside,countryside,countryside,canonical,,countryside,literal,clean,
1185-01,49,CET-4,county,county,county,canonical,,county,literal,clean,
1186-01,49,CET-6,coup,coup,coup,canonical,,coup(d􀆳état),optional_omitted,required,法语短语及撇号由 PDF 私有字形恢复
1186-02,49,CET-6,coup,coup d'état,coup d'état,canonical_variant,,coup(d􀆳état),optional_included,required,法语短语及撇号由 PDF 私有字形恢复
1187-01,49,CET-4,couple,couple,couple,canonical,,couple,literal,clean,
1188-01,49,CET-4,coupon,coupon,coupon,canonical,,coupon,literal,clean,
1189-01,49,CET-4,courage,courage,courage,canonical,,courage courageous,literal,clean,
1189-02,49,CET-4,courage,courageous,courageous,derived,,courage courageous,literal,clean,
1190-01,49,CET-4,course,course,course,canonical,,course,literal,clean,
1191-01,49,CET-4,court,court,court,canonical,1,court１,literal,spot_check,同形异义编号已移至 sense_number
1192-01,49,CET-4,court,court,court,canonical,2,court２,literal,spot_check,同形异义编号已移至 sense_number
1193-01,49,CET-6,courtesy,courtesy,courtesy,canonical,,courtesy,literal,clean,
1194-01,49,CET-4,courtyard,courtyard,courtyard,canonical,,courtyard,literal,clean,
1195-01,49,CET-4,cousin,cousin,cousin,canonical,,cousin,literal,clean,
1196-01,49,CET-4,cover,cover,cover,canonical,,cover coverage,literal,clean,
1196-02,49,CET-4,cover,coverage,coverage,derived,,cover coverage,literal,clean,
1197-01,49,CET-4,cow,cow,cow,canonical,,cow,literal,clean,
1198-01,49,CET-4,coward,coward,coward,canonical,,coward cowardly cowardice,literal,clean,
1198-02,49,CET-4,coward,cowardly,cowardly,derived,,coward cowardly cowardice,literal,clean,
1198-03,49,CET-4,coward,cowardice,cowardice,derived,,coward cowardly cowardice,literal,clean,
1199-01,49,CET-4,cowboy,cowboy,cowboy,canonical,,cowboy,literal,clean,
1200-01,49,CET-6,cozy,cozy,cozy,canonical,,cozy/Ｇsy,literal,spot_check,PDF 连字符/共享词尾字形已恢复
1200-02,49,CET-6,cozy,cosy,cosy,canonical_variant,,cozy/Ｇsy,shared_suffix:-sy,spot_check,共享词尾替换；PDF 连字符/共享词尾字形已恢复
1201-01,49,CET-4,crab,crab,crab,canonical,,crab,literal,clean,
1202-01,49,CET-4,crack,crack,crack,canonical,,crack,literal,clean,
1203-01,49,CET-6,crackdown,crackdown,crackdown,canonical,,crackdown,literal,clean,
1204-01,49,CET-4,cracker,cracker,cracker,canonical,,cracker,literal,clean,
1205-01,49,CET-6,cradle,cradle,cradle,canonical,,cradle,literal,clean,
1206-01,49,CET-4,craft,craft,craft,canonical,,craft,literal,clean,
1207-01,49,CET-6,cram,cram,cram,canonical,,cram,literal,clean,
1208-01,49,CET-4,crane,crane,crane,canonical,,crane,literal,clean,
1209-01,49,CET-4,crash,crash,crash,canonical,,crash,literal,clean,
1210-01,49,CET-6,crate,crate,crate,canonical,,crate,literal,clean,
1211-01,49,CET-6,crave,crave,crave,canonical,,crave,literal,clean,
1212-01,49,CET-4,crawl,crawl,crawl,canonical,,crawl,literal,clean,
1213-01,49,CET-4,crazy,crazy,crazy,canonical,,crazy craze,literal,clean,
1213-02,49,CET-4,crazy,craze,craze,derived,,crazy craze,literal,clean,
1214-01,49,CET-4,cream,cream,cream,canonical,,cream creamy,literal,clean,
1214-02,49,CET-4,cream,creamy,creamy,derived,,cream creamy,literal,clean,
1215-01,49,CET-4,create,create,create,canonical,,create creation creative creator,literal,clean,
1215-02,49,CET-4,create,creation,creation,derived,,create creation creative creator,literal,clean,
1215-03,49,CET-4,create,creative,creative,derived,,create creation creative creator,literal,clean,
1215-04,49,CET-4,create,creator,creator,derived,,create creation creative creator,literal,clean,
1216-01,49,CET-4,creature,creature,creature,canonical,,creature,literal,clean,
1217-01,49,CET-6,credential,credential,credential,canonical,,credential,literal,clean,
1218-01,49,CET-6,credible,credible,credible,canonical,,credible credibility,literal,clean,
1218-02,49,CET-6,credible,credibility,credibility,derived,,credible credibility,literal,clean,
1219-01,50,CET-4,credit,credit,credit,canonical,,credit creditable,literal,clean,
1219-02,50,CET-4,credit,creditable,creditable,derived,,credit creditable,literal,clean,
1220-01,50,CET-4,creep,creep,creep,canonical,,creep,literal,clean,
1221-01,50,CET-4,crew,crew,crew,canonical,,crew,literal,clean,
1222-01,50,CET-6,cricket,cricket,cricket,canonical,,cricket,literal,clean,
1223-01,50,CET-4,crime,crime,crime,canonical,,crime criminal,literal,clean,
1223-02,50,CET-4,crime,criminal,criminal,derived,,crime criminal,literal,clean,
1224-01,50,CET-6,cripple,cripple,cripple,canonical,,cripple,literal,clean,
1225-01,50,CET-4,crisis,crisis,crisis,canonical,,crisis,literal,clean,
1226-01,50,CET-6,crisp,crisp,crisp,canonical,,crisp,literal,clean,
1227-01,50,CET-4,criterion,criterion,criterion,canonical,,criterion,literal,clean,
1228-01,50,CET-4,criticize,criticize,criticize,canonical,,criticize/Ｇise criticism critic critical,literal,spot_check,PDF 连字符/共享词尾字形已恢复
1228-02,50,CET-4,criticize,criticise,criticise,canonical_variant,,criticize/Ｇise criticism critic critical,shared_suffix:-ise,spot_check,共享词尾替换；PDF 连字符/共享词尾字形已恢复
1228-03,50,CET-4,criticize,criticism,criticism,derived,,criticize/Ｇise criticism critic critical,literal,spot_check,PDF 连字符/共享词尾字形已恢复
1228-04,50,CET-4,criticize,critic,critic,derived,,criticize/Ｇise criticism critic critical,literal,spot_check,PDF 连字符/共享词尾字形已恢复
1228-05,50,CET-4,criticize,critical,critical,derived,,criticize/Ｇise criticism critic critical,literal,spot_check,PDF 连字符/共享词尾字形已恢复
1229-01,50,CET-4,crocodile,crocodile,crocodile,canonical,,crocodile,literal,clean,
1230-01,50,CET-4,crop,crop,crop,canonical,,crop,literal,clean,
1231-01,50,CET-4,cross,cross,cross,canonical,,cross crossing,literal,clean,
1231-02,50,CET-4,cross,crossing,crossing,derived,,cross crossing,literal,clean,
1232-01,50,CET-6,crouch,crouch,crouch,canonical,,crouch,literal,clean,
1233-01,50,CET-6,crow,crow,crow,canonical,,crow,literal,clean,
1234-01,50,CET-4,crowd,crowd,crowd,canonical,,crowd crowded,literal,clean,
1234-02,50,CET-4,crowd,crowded,crowded,derived,,crowd crowded,literal,clean,
1235-01,50,CET-4,crown,crown,crown,canonical,,crown,literal,clean,
1236-01,50,CET-4,crucial,crucial,crucial,canonical,,crucial,literal,clean,
1237-01,50,CET-6,crude,crude,crude,canonical,,crude,literal,clean,
1238-01,50,CET-4,cruel,cruel,cruel,canonical,,cruel cruelty,literal,clean,
1238-02,50,CET-4,cruel,cruelty,cruelty,derived,,cruel cruelty,literal,clean,
1239-01,50,CET-4,cruise,cruise,cruise,canonical,,cruise cruiser,literal,clean,
1239-02,50,CET-4,cruise,cruiser,cruiser,derived,,cruise cruiser,literal,clean,
1240-01,50,CET-6,crumble,crumble,crumble,canonical,,crumble,literal,clean,
1241-01,50,CET-6,crunch,crunch,crunch,canonical,,crunch,literal,clean,
1242-01,50,CET-4,crush,crush,crush,canonical,,crush,literal,clean,
1243-01,50,CET-6,crust,crust,crust,canonical,,crust,literal,clean,
1244-01,50,CET-4,cry,cry,cry,canonical,,cry,literal,clean,
1245-01,50,CET-4,crystal,crystal,crystal,canonical,,crystal,literal,clean,
1246-01,50,CET-6,cub,cub,cub,canonical,,cub,literal,clean,
1247-01,50,CET-4,cube,cube,cube,canonical,,cube cubic,literal,clean,
1247-02,50,CET-4,cube,cubic,cubic,derived,,cube cubic,literal,clean,
1248-01,50,CET-4,cucumber,cucumber,cucumber,canonical,,cucumber,literal,clean,
1249-01,50,CET-4,cue,cue,cue,canonical,,cue,literal,clean,
1250-01,50,CET-6,cuisine,cuisine,cuisine,canonical,,cuisine,literal,clean,
1251-01,50,CET-6,culminate,culminate,culminate,canonical,,culminate culmination,literal,clean,
1251-02,50,CET-6,culminate,culmination,culmination,derived,,culminate culmination,literal,clean,
1252-01,50,CET-6,cult,cult,cult,canonical,,cult,literal,clean,
1253-01,50,CET-4,cultivate,cultivate,cultivate,canonical,,cultivate cultivation,literal,clean,
1253-02,50,CET-4,cultivate,cultivation,cultivation,derived,,cultivate cultivation,literal,clean,
1254-01,50,CET-4,culture,culture,culture,canonical,,culture cultural,literal,clean,
1254-02,50,CET-4,culture,cultural,cultural,derived,,culture cultural,literal,clean,
1255-01,50,CET-6,cumulative,cumulative,cumulative,canonical,,cumulative,literal,clean,
1256-01,50,CET-6,cunning,cunning,cunning,canonical,,cunning,literal,clean,
1257-01,50,CET-4,cup,cup,cup,canonical,,cup,literal,clean,
1258-01,50,CET-4,cupboard,cupboard,cupboard,canonical,,cupboard,literal,clean,
1259-01,50,CET-4,curb,curb,curb,canonical,,curb,literal,clean,
1260-01,50,CET-4,cure,cure,cure,canonical,,cure curable,literal,clean,
1260-02,50,CET-4,cure,curable,curable,derived,,cure curable,literal,clean,
1261-01,51,CET-6,curfew,curfew,curfew,canonical,,curfew,literal,clean,
1262-01,51,CET-4,curious,curious,curious,canonical,,curious curiosity,literal,clean,
1262-02,51,CET-4,curious,curiosity,curiosity,derived,,curious curiosity,literal,clean,
1263-01,51,CET-4,curl,curl,curl,canonical,,curl,literal,clean,
1264-01,51,CET-4,currency,currency,currency,canonical,,currency,literal,clean,
1265-01,51,CET-4,current,current,current,canonical,,current currently,literal,clean,
1265-02,51,CET-4,current,currently,currently,derived,,current currently,literal,clean,
1266-01,51,CET-4,curriculum,curriculum,curriculum,canonical,,curriculum,literal,clean,
1267-01,51,CET-4,curse,curse,curse,canonical,,curse,literal,clean,
1268-01,51,CET-6,curtail,curtail,curtail,canonical,,curtail,literal,clean,
1269-01,51,CET-4,curtain,curtain,curtain,canonical,,curtain,literal,clean,
1270-01,51,CET-4,curve,curve,curve,canonical,,curve,literal,clean,
1271-01,51,CET-4,cushion,cushion,cushion,canonical,,cushion,literal,clean,
1272-01,51,CET-6,custody,custody,custody,canonical,,custody,literal,clean,
1273-01,51,CET-4,custom,custom,custom,canonical,,custom customary,literal,clean,
1273-02,51,CET-4,custom,customary,customary,derived,,custom customary,literal,clean,
1274-01,51,CET-4,customer,customer,customer,canonical,,customer,literal,clean,
1275-01,51,CET-4,customs,customs,customs,canonical,,customs,literal,clean,
1276-01,51,CET-4,cut,cut,cut,canonical,,cut,literal,clean,
1277-01,51,CET-4,cute,cute,cute,canonical,,cute,literal,clean,
1278-01,51,CET-4,cyberspace,cyberspace,cyberspace,canonical,,cyberspace,literal,clean,
1279-01,51,CET-4,cycle,cycle,cycle,canonical,,cycle cycling cyclist,literal,clean,
1279-02,51,CET-4,cycle,cycling,cycling,derived,,cycle cycling cyclist,literal,clean,
1279-03,51,CET-4,cycle,cyclist,cyclist,derived,,cycle cycling cyclist,literal,clean,
1280-01,51,CET-6,cylinder,cylinder,cylinder,canonical,,cylinder,literal,clean,
1281-01,51,CET-6,cynical,cynical,cynical,canonical,,cynical cynicism,literal,clean,
1281-02,51,CET-6,cynical,cynicism,cynicism,derived,,cynical cynicism,literal,clean,
1282-01,51,CET-4,dad,dad,dad,canonical,,dad(dy),optional_omitted,spot_check,括号可选拼写
1282-02,51,CET-4,dad,daddy,daddy,canonical_variant,,dad(dy),optional_included,spot_check,括号可选拼写
1283-01,51,CET-4,daily,daily,daily,canonical,,daily,literal,clean,
1284-01,51,CET-4,dairy,dairy,dairy,canonical,,dairy,literal,clean,
1285-01,51,CET-4,dam,dam,dam,canonical,,dam,literal,clean,
1286-01,51,CET-4,damage,damage,damage,canonical,,damage,literal,clean,
1287-01,51,CET-4,damn,damn,damn,canonical,,damn,literal,clean,
1288-01,51,CET-4,damp,damp,damp,canonical,,damp dampen,literal,clean,
1288-02,51,CET-4,damp,dampen,dampen,derived,,damp dampen,literal,clean,
1289-01,51,CET-4,dance,dance,dance,canonical,,dance,literal,clean,
1290-01,51,CET-4,danger,danger,danger,canonical,,danger dangerous,literal,clean,
1290-02,51,CET-4,danger,dangerous,dangerous,derived,,danger dangerous,literal,clean,
1291-01,51,CET-4,dare,dare,dare,canonical,,dare daring,literal,clean,
1291-02,51,CET-4,dare,daring,daring,derived,,dare daring,literal,clean,
1292-01,51,CET-4,dark,dark,dark,canonical,,dark darkness darken,literal,clean,
1292-02,51,CET-4,dark,darkness,darkness,derived,,dark darkness darken,literal,clean,
1292-03,51,CET-4,dark,darken,darken,derived,,dark darkness darken,literal,clean,
1293-01,51,CET-4,darling,darling,darling,canonical,,darling,literal,clean,
1294-01,51,CET-6,dart,dart,dart,canonical,,dart,literal,clean,
1295-01,51,CET-4,dash,dash,dash,canonical,,dash,literal,clean,
1296-01,51,CET-4,data,data,data,canonical,,data datum,literal,clean,
1296-02,51,CET-4,data,datum,datum,derived,,data datum,literal,clean,
1297-01,51,CET-4,database,database,database,canonical,,database,literal,clean,
1298-01,51,CET-4,date,date,date,canonical,1,date１,literal,spot_check,同形异义编号已移至 sense_number
1299-01,51,CET-4,date,date,date,canonical,2,date２,literal,spot_check,同形异义编号已移至 sense_number
1300-01,51,CET-4,daughter,daughter,daughter,canonical,,daughter,literal,clean,
1301-01,51,CET-4,dawn,dawn,dawn,canonical,,dawn,literal,clean,
1302-01,51,CET-4,day,day,day,canonical,,day daily,literal,clean,
1302-02,51,CET-4,day,daily,daily,derived,,day daily,literal,clean,
1303-01,52,CET-4,daylight,daylight,daylight,canonical,,daylight,literal,clean,
1304-01,52,CET-6,dazzle,dazzle,dazzle,canonical,,dazzle,literal,clean,
1305-01,52,CET-4,dead,dead,dead,canonical,,dead,literal,clean,
1306-01,52,CET-4,deadline,deadline,deadline,canonical,,deadline,literal,clean,
1307-01,52,CET-6,deadlock,deadlock,deadlock,canonical,,deadlock,literal,clean,
1308-01,52,CET-4,deadly,deadly,deadly,canonical,,deadly,literal,clean,
1309-01,52,CET-4,deaf,deaf,deaf,canonical,,deaf,literal,clean,
1310-01,52,CET-4,deal,deal,deal,canonical,1,deal１,literal,spot_check,同形异义编号已移至 sense_number
1311-01,52,CET-4,deal,deal,deal,canonical,2,deal２,literal,spot_check,同形异义编号已移至 sense_number
1312-01,52,CET-4,dean,dean,dean,canonical,,dean,literal,clean,
1313-01,52,CET-4,dear,dear,dear,canonical,,dear,literal,clean,
1314-01,52,CET-4,death,death,death,canonical,,death,literal,clean,
1315-01,52,CET-4,debate,debate,debate,canonical,,debate,literal,clean,
1316-01,52,CET-6,debris,debris,debris,canonical,,debris,literal,clean,
1317-01,52,CET-4,debt,debt,debt,canonical,,debt debtor,literal,clean,
1317-02,52,CET-4,debt,debtor,debtor,derived,,debt debtor,literal,clean,
1318-01,52,CET-6,debut,debut,debut,canonical,,debut,literal,clean,
1319-01,52,CET-4,decade,decade,decade,canonical,,decade,literal,clean,
1320-01,52,CET-4,decay,decay,decay,canonical,,decay,literal,clean,
1321-01,52,CET-4,deceive,deceive,deceive,canonical,,deceive deceit deception deceptive,literal,clean,
1321-02,52,CET-4,deceive,deceit,deceit,derived,,deceive deceit deception deceptive,literal,clean,
1321-03,52,CET-4,deceive,deception,deception,derived,,deceive deceit deception deceptive,literal,clean,
1321-04,52,CET-4,deceive,deceptive,deceptive,derived,,deceive deceit deception deceptive,literal,clean,
1322-01,52,CET-4,december,december,December,canonical,,December,literal,clean,
1323-01,52,CET-4,decent,decent,decent,canonical,,decent,literal,clean,
1324-01,52,CET-4,decide,decide,decide,canonical,,decide decision decisive,literal,clean,
1324-02,52,CET-4,decide,decision,decision,derived,,decide decision decisive,literal,clean,
1324-03,52,CET-4,decide,decisive,decisive,derived,,decide decision decisive,literal,clean,
1325-01,52,CET-6,decimal,decimal,decimal,canonical,,decimal,literal,clean,
1326-01,52,CET-4,deck,deck,deck,canonical,,deck,literal,clean,
1327-01,52,CET-4,declare,declare,declare,canonical,,declare declaration declarative,literal,clean,
1327-02,52,CET-4,declare,declaration,declaration,derived,,declare declaration declarative,literal,clean,
1327-03,52,CET-4,declare,declarative,declarative,derived,,declare declaration declarative,literal,clean,
1328-01,52,CET-4,decline,decline,decline,canonical,,decline,literal,clean,
1329-01,52,CET-4,decorate,decorate,decorate,canonical,,decorate decoration decorative,literal,clean,
1329-02,52,CET-4,decorate,decoration,decoration,derived,,decorate decoration decorative,literal,clean,
1329-03,52,CET-4,decorate,decorative,decorative,derived,,decorate decoration decorative,literal,clean,
1330-01,52,CET-4,decrease,decrease,decrease,canonical,,decrease,literal,clean,
1331-01,52,CET-6,decree,decree,decree,canonical,,decree,literal,clean,
1332-01,52,CET-6,dedicate,dedicate,dedicate,canonical,,dedicate dedication,literal,clean,
1332-02,52,CET-6,dedicate,dedication,dedication,derived,,dedicate dedication,literal,clean,
1333-01,52,CET-6,deduce,deduce,deduce,canonical,,deduce deducible,literal,clean,
1333-02,52,CET-6,deduce,deducible,deducible,derived,,deduce deducible,literal,clean,
1334-01,52,CET-6,deduct,deduct,deduct,canonical,,deduct deduction deductive deductible,literal,clean,
1334-02,52,CET-6,deduct,deduction,deduction,derived,,deduct deduction deductive deductible,literal,clean,
1334-03,52,CET-6,deduct,deductive,deductive,derived,,deduct deduction deductive deductible,literal,clean,
1334-04,52,CET-6,deduct,deductible,deductible,derived,,deduct deduction deductive deductible,literal,clean,
1335-01,52,CET-4,deed,deed,deed,canonical,,deed,literal,clean,
1336-01,52,CET-4,deem,deem,deem,canonical,,deem,literal,clean,
1337-01,52,CET-4,deep,deep,deep,canonical,,deep deeply depth,literal,clean,
1337-02,52,CET-4,deep,deeply,deeply,derived,,deep deeply depth,literal,clean,
1337-03,52,CET-4,deep,depth,depth,derived,,deep deeply depth,literal,clean,
1338-01,52,CET-4,deer,deer,deer,canonical,,deer,literal,clean,
1339-01,52,CET-6,default,default,default,canonical,,default,literal,clean,
1340-01,52,CET-4,defeat,defeat,defeat,canonical,,defeat,literal,clean,
1341-01,52,CET-4,defect,defect,defect,canonical,1,defect１,literal,spot_check,同形异义编号已移至 sense_number
1342-01,52,CET-4,defect,defect,defect,canonical,2,defect２,literal,spot_check,同形异义编号已移至 sense_number
1343-01,52,CET-4,defend,defend,defend,canonical,,defend defense/Ｇce defensive defendant,literal,spot_check,PDF 连字符/共享词尾字形已恢复
1343-02,52,CET-4,defend,defense,defense,derived,,defend defense/Ｇce defensive defendant,literal,spot_check,PDF 连字符/共享词尾字形已恢复
1343-03,52,CET-4,defend,defence,defence,derived_variant,,defend defense/Ｇce defensive defendant,shared_suffix:-ce,spot_check,共享词尾替换；PDF 连字符/共享词尾字形已恢复
1343-04,52,CET-4,defend,defensive,defensive,derived,,defend defense/Ｇce defensive defendant,literal,spot_check,PDF 连字符/共享词尾字形已恢复
1343-05,52,CET-4,defend,defendant,defendant,derived,,defend defense/Ｇce defensive defendant,literal,spot_check,PDF 连字符/共享词尾字形已恢复
1344-01,52,CET-6,defer,defer,defer,canonical,,defer,literal,clean,
1345-01,53,CET-4,deficient,deficient,deficient,canonical,,deficient deficiency,literal,clean,
1345-02,53,CET-4,deficient,deficiency,deficiency,derived,,deficient deficiency,literal,clean,
1346-01,53,CET-4,deficit,deficit,deficit,canonical,,deficit,literal,clean,
1347-01,53,CET-4,define,define,define,canonical,,define definition,literal,clean,
1347-02,53,CET-4,define,definition,definition,derived,,define definition,literal,clean,
1348-01,53,CET-4,definite,definite,definite,canonical,,definite definitely,literal,clean,
1348-02,53,CET-4,definite,definitely,definitely,derived,,definite definitely,literal,clean,
1349-01,53,CET-4,defy,defy,defy,canonical,,defy defiance defiant,literal,clean,
1349-02,53,CET-4,defy,defiance,defiance,derived,,defy defiance defiant,literal,clean,
1349-03,53,CET-4,defy,defiant,defiant,derived,,defy defiance defiant,literal,clean,
1350-01,53,CET-6,degenerate,degenerate,degenerate,canonical,,degenerate degeneration,literal,clean,
1350-02,53,CET-6,degenerate,degeneration,degeneration,derived,,degenerate degeneration,literal,clean,
1351-01,53,CET-6,degrade,degrade,degrade,canonical,,degrade degradation,literal,clean,
1351-02,53,CET-6,degrade,degradation,degradation,derived,,degrade degradation,literal,clean,
1352-01,53,CET-4,degree,degree,degree,canonical,,degree,literal,clean,
1353-01,53,CET-4,delay,delay,delay,canonical,,delay,literal,clean,
1354-01,53,CET-4,delegate,delegate,delegate,canonical,,delegate delegation,literal,clean,
1354-02,53,CET-4,delegate,delegation,delegation,derived,,delegate delegation,literal,clean,
1355-01,53,CET-4,delete,delete,delete,canonical,,delete deletion,literal,clean,
1355-02,53,CET-4,delete,deletion,deletion,derived,,delete deletion,literal,clean,
1356-01,53,CET-4,deliberate,deliberate,deliberate,canonical,,deliberate deliberation,literal,clean,
1356-02,53,CET-4,deliberate,deliberation,deliberation,derived,,deliberate deliberation,literal,clean,
1357-01,53,CET-6,delicacy,delicacy,delicacy,canonical,,delicacy,literal,clean,
1358-01,53,CET-4,delicate,delicate,delicate,canonical,,delicate,literal,clean,
1359-01,53,CET-4,delicious,delicious,delicious,canonical,,delicious,literal,clean,
1360-01,53,CET-4,delight,delight,delight,canonical,,delight delightful,literal,clean,
1360-02,53,CET-4,delight,delightful,delightful,derived,,delight delightful,literal,clean,
1361-01,53,CET-4,deliver,deliver,deliver,canonical,,deliver delivery,literal,clean,
1361-02,53,CET-4,deliver,delivery,delivery,derived,,deliver delivery,literal,clean,
1362-01,53,CET-6,delude,delude,delude,canonical,,delude delusion,literal,clean,
1362-02,53,CET-6,delude,delusion,delusion,derived,,delude delusion,literal,clean,
1363-01,53,CET-4,demand,demand,demand,canonical,,demand demanding,literal,clean,
1363-02,53,CET-4,demand,demanding,demanding,derived,,demand demanding,literal,clean,
1364-01,53,CET-4,democracy,democracy,democracy,canonical,,democracy democratic democrat,literal,clean,
1364-02,53,CET-4,democracy,democratic,democratic,derived,,democracy democratic democrat,literal,clean,
1364-03,53,CET-4,democracy,democrat,democrat,derived,,democracy democratic democrat,literal,clean,
1365-01,53,CET-6,demographic,demographic,demographic,canonical,,demographic,literal,clean,
1366-01,53,CET-4,demonstrate,demonstrate,demonstrate,canonical,,demonstrate demonstration/demo demonstrative,literal,clean,
1366-02,53,CET-4,demonstrate,demonstration,demonstration,derived,,demonstrate demonstration/demo demonstrative,literal,clean,
1366-03,53,CET-4,demonstrate,demo,demo,derived_variant,,demonstrate demonstration/demo demonstrative,slash_alternative:literal,spot_check,斜杠并列形式；缩写形式
1366-04,53,CET-4,demonstrate,demonstrative,demonstrative,derived,,demonstrate demonstration/demo demonstrative,literal,clean,
1367-01,53,CET-6,denote,denote,denote,canonical,,denote denotation,literal,clean,
1367-02,53,CET-6,denote,denotation,denotation,derived,,denote denotation,literal,clean,
1368-01,53,CET-6,denounce,denounce,denounce,canonical,,denounce denunciation,literal,clean,
1368-02,53,CET-6,denounce,denunciation,denunciation,derived,,denounce denunciation,literal,clean,
1369-01,53,CET-4,dense,dense,dense,canonical,,dense density,literal,clean,
1369-02,53,CET-4,dense,density,density,derived,,dense density,literal,clean,
1370-01,53,CET-4,dent,dent,dent,canonical,,dent,literal,clean,
1371-01,53,CET-4,dental,dental,dental,canonical,,dental,literal,clean,
1372-01,53,CET-4,dentist,dentist,dentist,canonical,,dentist,literal,clean,
1373-01,53,CET-4,deny,deny,deny,canonical,,deny denial,literal,clean,
1373-02,53,CET-4,deny,denial,denial,derived,,deny denial,literal,clean,
1374-01,53,CET-4,depart,depart,depart,canonical,,depart departure,literal,clean,
1374-02,53,CET-4,depart,departure,departure,derived,,depart departure,literal,clean,
1375-01,53,CET-4,department,department,department,canonical,,department,literal,clean,
1376-01,53,CET-4,depend,depend,depend,canonical,,depend dependent dependence dependable,literal,clean,
1376-02,53,CET-4,depend,dependent,dependent,derived,,depend dependent dependence dependable,literal,clean,
1376-03,53,CET-4,depend,dependence,dependence,derived,,depend dependent dependence dependable,literal,clean,
1376-04,53,CET-4,depend,dependable,dependable,derived,,depend dependent dependence dependable,literal,clean,
1377-01,53,CET-6,depict,depict,depict,canonical,,depict depiction,literal,clean,
1377-02,53,CET-6,depict,depiction,depiction,derived,,depict depiction,literal,clean,
1378-01,53,CET-6,deplete,deplete,deplete,canonical,,deplete depletion,literal,clean,
1378-02,53,CET-6,deplete,depletion,depletion,derived,,deplete depletion,literal,clean,
1379-01,53,CET-6,deplore,deplore,deplore,canonical,,deplore,literal,clean,
1380-01,53,CET-6,deploy,deploy,deploy,canonical,,deploy deployment,literal,clean,
1380-02,53,CET-6,deploy,deployment,deployment,derived,,deploy deployment,literal,clean,
1381-01,53,CET-6,deport,deport,deport,canonical,,deport deportation,literal,clean,
1381-02,53,CET-6,deport,deportation,deportation,derived,,deport deportation,literal,clean,
1382-01,53,CET-4,deposit,deposit,deposit,canonical,,deposit,literal,clean,
1383-01,53,CET-6,depot,depot,depot,canonical,,depot,literal,clean,
1384-01,53,CET-6,depreciate,depreciate,depreciate,canonical,,depreciate depreciation,literal,clean,
1384-02,53,CET-6,depreciate,depreciation,depreciation,derived,,depreciate depreciation,literal,clean,
1385-01,53,CET-4,depress,depress,depress,canonical,,depress depression,literal,clean,
1385-02,53,CET-4,depress,depression,depression,derived,,depress depression,literal,clean,
1386-01,53,CET-4,deprive,deprive,deprive,canonical,,deprive deprivation,literal,clean,
1386-02,53,CET-4,deprive,deprivation,deprivation,derived,,deprive deprivation,literal,clean,
1387-01,54,CET-4,depth,depth,depth,canonical,,depth,literal,clean,
1388-01,54,CET-4,deputy,deputy,deputy,canonical,,deputy,literal,clean,
1389-01,54,CET-6,derail,derail,derail,canonical,,derail derailment,literal,clean,
1389-02,54,CET-6,derail,derailment,derailment,derived,,derail derailment,literal,clean,
1390-01,54,CET-6,deregulate,deregulate,deregulate,canonical,,deregulate deregulation,literal,clean,
1390-02,54,CET-6,deregulate,deregulation,deregulation,derived,,deregulate deregulation,literal,clean,
1391-01,54,CET-4,derive,derive,derive,canonical,,derive derivative derivation,literal,clean,
1391-02,54,CET-4,derive,derivative,derivative,derived,,derive derivative derivation,literal,clean,
1391-03,54,CET-4,derive,derivation,derivation,derived,,derive derivative derivation,literal,clean,
1392-01,54,CET-4,descend,descend,descend,canonical,,descend descent descendant,literal,clean,
1392-02,54,CET-4,descend,descent,descent,derived,,descend descent descendant,literal,clean,
1392-03,54,CET-4,descend,descendant,descendant,derived,,descend descent descendant,literal,clean,
1393-01,54,CET-4,describe,describe,describe,canonical,,describe description descriptive,literal,clean,
1393-02,54,CET-4,describe,description,description,derived,,describe description descriptive,literal,clean,
1393-03,54,CET-4,describe,descriptive,descriptive,derived,,describe description descriptive,literal,clean,
1394-01,54,CET-4,desert,desert,desert,canonical,1,desert１,literal,spot_check,同形异义编号已移至 sense_number
1395-01,54,CET-4,desert,desert,desert,canonical,2,desert２,literal,spot_check,同形异义编号已移至 sense_number
1396-01,54,CET-4,deserve,deserve,deserve,canonical,,deserve,literal,clean,
1397-01,54,CET-4,design,design,design,canonical,,design designer,literal,clean,
1397-02,54,CET-4,design,designer,designer,derived,,design designer,literal,clean,
1398-01,54,CET-6,designate,designate,designate,canonical,,designate designation,literal,clean,
1398-02,54,CET-6,designate,designation,designation,derived,,designate designation,literal,clean,
1399-01,54,CET-4,desire,desire,desire,canonical,,desire desirable desirability desirous,literal,clean,
1399-02,54,CET-4,desire,desirable,desirable,derived,,desire desirable desirability desirous,literal,clean,
1399-03,54,CET-4,desire,desirability,desirability,derived,,desire desirable desirability desirous,literal,clean,
1399-04,54,CET-4,desire,desirous,desirous,derived,,desire desirable desirability desirous,literal,clean,
1400-01,54,CET-4,desk,desk,desk,canonical,,desk,literal,clean,
1401-01,54,CET-4,desktop,desktop,desktop,canonical,,desktop,literal,clean,
1402-01,54,CET-6,desolate,desolate,desolate,canonical,,desolate,literal,clean,
1403-01,54,CET-4,despair,despair,despair,canonical,,despair desperate,literal,clean,
1403-02,54,CET-4,despair,desperate,desperate,derived,,despair desperate,literal,clean,
1404-01,54,CET-4,despatch,despatch,despatch,canonical,,despatch,literal,required,同一拼写同时出现在 CET-4 与 CET-6 词族中
1405-01,54,CET-6,despise,despise,despise,canonical,,despise,literal,clean,
1406-01,54,CET-4,despite,despite,despite,canonical,,despite,literal,clean,
1407-01,54,CET-4,dessert,dessert,dessert,canonical,,dessert,literal,clean,
1408-01,54,CET-4,destination,destination,destination,canonical,,destination,literal,clean,
1409-01,54,CET-6,destiny,destiny,destiny,canonical,,destiny destined,literal,clean,
1409-02,54,CET-6,destiny,destined,destined,derived,,destiny destined,literal,clean,
1410-01,54,CET-4,destroy,destroy,destroy,canonical,,destroy destruction destructive,literal,clean,
1410-02,54,CET-4,destroy,destruction,destruction,derived,,destroy destruction destructive,literal,clean,
1410-03,54,CET-4,destroy,destructive,destructive,derived,,destroy destruction destructive,literal,clean,
1411-01,54,CET-6,detach,detach,detach,canonical,,detach detached detachment,literal,clean,
1411-02,54,CET-6,detach,detached,detached,derived,,detach detached detachment,literal,clean,
1411-03,54,CET-6,detach,detachment,detachment,derived,,detach detached detachment,literal,clean,
1412-01,54,CET-4,detail,detail,detail,canonical,,detail detailed,literal,clean,
1412-02,54,CET-4,detail,detailed,detailed,derived,,detail detailed,literal,clean,
1413-01,54,CET-6,detain,detain,detain,canonical,,detain detention,literal,clean,
1413-02,54,CET-6,detain,detention,detention,derived,,detain detention,literal,clean,
1414-01,54,CET-4,detect,detect,detect,canonical,,detect detection detective,literal,clean,
1414-02,54,CET-4,detect,detection,detection,derived,,detect detection detective,literal,clean,
1414-03,54,CET-4,detect,detective,detective,derived,,detect detection detective,literal,clean,
1415-01,54,CET-6,deter,deter,deter,canonical,,deter deterrent,literal,clean,
1415-02,54,CET-6,deter,deterrent,deterrent,derived,,deter deterrent,literal,clean,
1416-01,54,CET-6,detergent,detergent,detergent,canonical,,detergent,literal,clean,
1417-01,54,CET-4,deteriorate,deteriorate,deteriorate,canonical,,deteriorate deterioration,literal,clean,
1417-02,54,CET-4,deteriorate,deterioration,deterioration,derived,,deteriorate deterioration,literal,clean,
1418-01,54,CET-4,determine,determine,determine,canonical,,determine determination determined,literal,clean,
1418-02,54,CET-4,determine,determination,determination,derived,,determine determination determined,literal,clean,
1418-03,54,CET-4,determine,determined,determined,derived,,determine determination determined,literal,clean,
1419-01,54,CET-6,detriment,detriment,detriment,canonical,,detriment detrimental,literal,clean,
1419-02,54,CET-6,detriment,detrimental,detrimental,derived,,detriment detrimental,literal,clean,
1420-01,54,CET-6,devastate,devastate,devastate,canonical,,devastate devastating devastation,literal,clean,
1420-02,54,CET-6,devastate,devastating,devastating,derived,,devastate devastating devastation,literal,clean,
1420-03,54,CET-6,devastate,devastation,devastation,derived,,devastate devastating devastation,literal,clean,
1421-01,54,CET-4,develop,develop,develop,canonical,,develop development developmental developer,literal,clean,
1421-02,54,CET-4,develop,development,development,derived,,develop development developmental developer,literal,clean,
1421-03,54,CET-4,develop,developmental,developmental,derived,,develop development developmental developer,literal,clean,
1421-04,54,CET-4,develop,developer,developer,derived,,develop development developmental developer,literal,clean,
1422-01,54,CET-6,deviate,deviate,deviate,canonical,,deviate deviation,literal,clean,
1422-02,54,CET-6,deviate,deviation,deviation,derived,,deviate deviation,literal,clean,
1423-01,54,CET-4,device,device,device,canonical,,device,literal,clean,
1424-01,54,CET-4,devil,devil,devil,canonical,,devil,literal,clean,
1425-01,54,CET-4,devise,devise,devise,canonical,,devise,literal,clean,
1426-01,54,CET-4,devote,devote,devote,canonical,,devote devotion,literal,clean,
1426-02,54,CET-4,devote,devotion,devotion,derived,,devote devotion,literal,clean,
1427-01,54,CET-6,devour,devour,devour,canonical,,devour,literal,clean,
1428-01,54,CET-4,dew,dew,dew,canonical,,dew,literal,clean,
1429-01,55,CET-4,diabetes,diabetes,diabetes,canonical,,diabetes,literal,clean,
1430-01,55,CET-4,diagnose,diagnose,diagnose,canonical,,diagnose diagnosis,literal,clean,
1430-02,55,CET-4,diagnose,diagnosis,diagnosis,derived,,diagnose diagnosis,literal,clean,
1431-01,55,CET-4,diagram,diagram,diagram,canonical,,diagram,literal,clean,
1432-01,55,CET-4,dial,dial,dial,canonical,,dial,literal,clean,
1433-01,55,CET-4,dialect,dialect,dialect,canonical,,dialect,literal,clean,
1434-01,55,CET-4,dialog,dialog,dialog,canonical,,dialog(ue),optional_omitted,spot_check,括号可选拼写
1434-02,55,CET-4,dialog,dialogue,dialogue,canonical_variant,,dialog(ue),optional_included,spot_check,括号可选拼写
1435-01,55,CET-4,diameter,diameter,diameter,canonical,,diameter,literal,clean,
1436-01,55,CET-4,diamond,diamond,diamond,canonical,,diamond,literal,clean,
1437-01,55,CET-4,diary,diary,diary,canonical,,diary,literal,clean,
1438-01,55,CET-4,dictate,dictate,dictate,canonical,,dictate dictation dictator,literal,clean,
1438-02,55,CET-4,dictate,dictation,dictation,derived,,dictate dictation dictator,literal,clean,
1438-03,55,CET-4,dictate,dictator,dictator,derived,,dictate dictation dictator,literal,clean,
1439-01,55,CET-4,dictionary,dictionary,dictionary,canonical,,dictionary,literal,clean,
1440-01,55,CET-4,die,die,die,canonical,,die dying,literal,clean,
1440-02,55,CET-4,die,dying,dying,derived,,die dying,literal,clean,
1441-01,55,CET-6,diesel,diesel,diesel,canonical,,diesel,literal,clean,
1442-01,55,CET-4,diet,diet,diet,canonical,,diet dietary,literal,clean,
1442-02,55,CET-4,diet,dietary,dietary,derived,,diet dietary,literal,clean,
1443-01,55,CET-4,differ,differ,differ,canonical,,differ difference different,literal,clean,
1443-02,55,CET-4,differ,difference,difference,derived,,differ difference different,literal,clean,
1443-03,55,CET-4,differ,different,different,derived,,differ difference different,literal,clean,
1444-01,55,CET-6,differentiate,differentiate,differentiate,canonical,,differentiate differentiation,literal,clean,
1444-02,55,CET-6,differentiate,differentiation,differentiation,derived,,differentiate differentiation,literal,clean,
1445-01,55,CET-4,difficult,difficult,difficult,canonical,,difficult difficulty,literal,clean,
1445-02,55,CET-4,difficult,difficulty,difficulty,derived,,difficult difficulty,literal,clean,
1446-01,55,CET-6,diffuse,diffuse,diffuse,canonical,,diffuse diffusion,literal,clean,
1446-02,55,CET-6,diffuse,diffusion,diffusion,derived,,diffuse diffusion,literal,clean,
1447-01,55,CET-4,dig,dig,dig,canonical,,dig,literal,clean,
1448-01,55,CET-4,digest,digest,digest,canonical,,digest digestion digestive,literal,clean,
1448-02,55,CET-4,digest,digestion,digestion,derived,,digest digestion digestive,literal,clean,
1448-03,55,CET-4,digest,digestive,digestive,derived,,digest digestion digestive,literal,clean,
1449-01,55,CET-4,digit,digit,digit,canonical,,digit digital,literal,clean,
1449-02,55,CET-4,digit,digital,digital,derived,,digit digital,literal,clean,
1450-01,55,CET-4,dignity,dignity,dignity,canonical,,dignity dignify,literal,clean,
1450-02,55,CET-4,dignity,dignify,dignify,derived,,dignity dignify,literal,clean,
1451-01,55,CET-4,dilemma,dilemma,dilemma,canonical,,dilemma,literal,clean,
1452-01,55,CET-4,diligent,diligent,diligent,canonical,,diligent diligence,literal,clean,
1452-02,55,CET-4,diligent,diligence,diligence,derived,,diligent diligence,literal,clean,
1453-01,55,CET-6,dilute,dilute,dilute,canonical,,dilute dilution,literal,clean,
1453-02,55,CET-6,dilute,dilution,dilution,derived,,dilute dilution,literal,clean,
1454-01,55,CET-4,dim,dim,dim,canonical,,dim,literal,clean,
1455-01,55,CET-4,dime,dime,dime,canonical,,dime,literal,clean,
1456-01,55,CET-4,dimension,dimension,dimension,canonical,,dimension dimensional,literal,clean,
1456-02,55,CET-4,dimension,dimensional,dimensional,derived,,dimension dimensional,literal,clean,
1457-01,55,CET-6,diminish,diminish,diminish,canonical,,diminish,literal,clean,
1458-01,55,CET-4,dine,dine,dine,canonical,,dine diner,literal,clean,
1458-02,55,CET-4,dine,diner,diner,derived,,dine diner,literal,clean,
1459-01,55,CET-4,dinner,dinner,dinner,canonical,,dinner,literal,clean,
1460-01,55,CET-6,dinosaur,dinosaur,dinosaur,canonical,,dinosaur,literal,clean,
1461-01,55,CET-4,dioxide,dioxide,dioxide,canonical,,dioxide,literal,clean,
1462-01,55,CET-4,dip,dip,dip,canonical,,dip,literal,clean,
1463-01,55,CET-4,diploma,diploma,diploma,canonical,,diploma,literal,clean,
1464-01,55,CET-4,diplomat,diplomat,diplomat,canonical,,diplomat diplomatic diplomacy,literal,clean,
1464-02,55,CET-4,diplomat,diplomatic,diplomatic,derived,,diplomat diplomatic diplomacy,literal,clean,
1464-03,55,CET-4,diplomat,diplomacy,diplomacy,derived,,diplomat diplomatic diplomacy,literal,clean,
1465-01,55,CET-4,direct,direct,direct,canonical,,direct direction director,literal,clean,
1465-02,55,CET-4,direct,direction,direction,derived,,direct direction director,literal,clean,
1465-03,55,CET-4,direct,director,director,derived,,direct direction director,literal,clean,
1466-01,55,CET-6,directory,directory,directory,canonical,,directory,literal,clean,
1467-01,55,CET-4,dirt,dirt,dirt,canonical,,dirt dirty,literal,clean,
1467-02,55,CET-4,dirt,dirty,dirty,derived,,dirt dirty,literal,clean,
1468-01,55,CET-4,disable,disable,disable,canonical,,disable disabled disability,literal,clean,
1468-02,55,CET-4,disable,disabled,disabled,derived,,disable disabled disability,literal,clean,
1468-03,55,CET-4,disable,disability,disability,derived,,disable disabled disability,literal,clean,
1469-01,55,CET-4,disagree,disagree,disagree,canonical,,disagree disagreement,literal,clean,
1469-02,55,CET-4,disagree,disagreement,disagreement,derived,,disagree disagreement,literal,clean,
1470-01,55,CET-4,disappear,disappear,disappear,canonical,,disappear disappearance,literal,clean,
1470-02,55,CET-4,disappear,disappearance,disappearance,derived,,disappear disappearance,literal,clean,
1471-01,56,CET-4,disappoint,disappoint,disappoint,canonical,,disappoint disappointment disappointing,literal,clean,
1471-02,56,CET-4,disappoint,disappointment,disappointment,derived,,disappoint disappointment disappointing,literal,clean,
1471-03,56,CET-4,disappoint,disappointing,disappointing,derived,,disappoint disappointment disappointing,literal,clean,
1472-01,56,CET-4,disapprove,disapprove,disapprove,canonical,,disapprove disapproval,literal,clean,
1472-02,56,CET-4,disapprove,disapproval,disapproval,derived,,disapprove disapproval,literal,clean,
1473-01,56,CET-6,disarm,disarm,disarm,canonical,,disarm disarmament,literal,clean,
1473-02,56,CET-6,disarm,disarmament,disarmament,derived,,disarm disarmament,literal,clean,
1474-01,56,CET-4,disaster,disaster,disaster,canonical,,disaster disastrous,literal,clean,
1474-02,56,CET-4,disaster,disastrous,disastrous,derived,,disaster disastrous,literal,clean,
1475-01,56,CET-4,discard,discard,discard,canonical,,discard,literal,clean,
1476-01,56,CET-6,discern,discern,discern,canonical,,discern,literal,clean,
1477-01,56,CET-4,discharge,discharge,discharge,canonical,,discharge,literal,clean,
1478-01,56,CET-4,discipline,discipline,discipline,canonical,,discipline disciplined disciplinary,literal,clean,
1478-02,56,CET-4,discipline,disciplined,disciplined,derived,,discipline disciplined disciplinary,literal,clean,
1478-03,56,CET-4,discipline,disciplinary,disciplinary,derived,,discipline disciplined disciplinary,literal,clean,
1479-01,56,CET-6,disclose,disclose,disclose,canonical,,disclose disclosure,literal,clean,
1479-02,56,CET-6,disclose,disclosure,disclosure,derived,,disclose disclosure,literal,clean,
1480-01,56,CET-4,disco,disco,disco,canonical,,disco,literal,clean,
1481-01,56,CET-6,discord,discord,discord,canonical,,discord,literal,clean,
1482-01,56,CET-4,discount,discount,discount,canonical,,discount,literal,clean,
1483-01,56,CET-4,discourage,discourage,discourage,canonical,,discourage,literal,clean,
1484-01,56,CET-6,discourse,discourse,discourse,canonical,,discourse,literal,clean,
1485-01,56,CET-4,discover,discover,discover,canonical,,discover discovery,literal,clean,
1485-02,56,CET-4,discover,discovery,discovery,derived,,discover discovery,literal,clean,
1486-01,56,CET-6,discreet,discreet,discreet,canonical,,discreet,literal,clean,
1487-01,56,CET-6,discrepancy,discrepancy,discrepancy,canonical,,discrepancy,literal,clean,
1488-01,56,CET-4,discriminate,discriminate,discriminate,canonical,,discriminate discrimination discriminatory,literal,clean,
1488-02,56,CET-4,discriminate,discrimination,discrimination,derived,,discriminate discrimination discriminatory,literal,clean,
1488-03,56,CET-4,discriminate,discriminatory,discriminatory,derived,,discriminate discrimination discriminatory,literal,clean,
1489-01,56,CET-4,discuss,discuss,discuss,canonical,,discuss discussion,literal,clean,
1489-02,56,CET-4,discuss,discussion,discussion,derived,,discuss discussion,literal,clean,
1490-01,56,CET-4,disease,disease,disease,canonical,,disease,literal,clean,
1491-01,56,CET-4,disguise,disguise,disguise,canonical,,disguise,literal,clean,
1492-01,56,CET-4,disgust,disgust,disgust,canonical,,disgust disgusting,literal,clean,
1492-02,56,CET-4,disgust,disgusting,disgusting,derived,,disgust disgusting,literal,clean,
1493-01,56,CET-4,dish,dish,dish,canonical,,dish,literal,clean,
1494-01,56,CET-4,disintegrate,disintegrate,disintegrate,canonical,,disintegrate disintegration,literal,clean,
1494-02,56,CET-4,disintegrate,disintegration,disintegration,derived,,disintegrate disintegration,literal,clean,
1495-01,56,CET-4,disk,disk,disk,canonical,,disk/disc,literal,clean,
1495-02,56,CET-4,disk,disc,disc,canonical_variant,,disk/disc,slash_alternative:literal,spot_check,斜杠并列形式
1496-01,56,CET-4,dislike,dislike,dislike,canonical,,dislike,literal,clean,
1497-01,56,CET-6,dismantle,dismantle,dismantle,canonical,,dismantle,literal,clean,
1498-01,56,CET-6,dismay,dismay,dismay,canonical,,dismay,literal,clean,
1499-01,56,CET-4,dismiss,dismiss,dismiss,canonical,,dismiss dismissal,literal,clean,
1499-02,56,CET-4,dismiss,dismissal,dismissal,derived,,dismiss dismissal,literal,clean,
1500-01,56,CET-4,disorder,disorder,disorder,canonical,,disorder,literal,clean,
1501-01,56,CET-6,dispatch,dispatch,dispatch,canonical,,dispatch/despatch,literal,clean,
1501-02,56,CET-6,dispatch,despatch,despatch,canonical_variant,,dispatch/despatch,slash_alternative:literal,required,斜杠并列形式；同一拼写同时出现在 CET-4 与 CET-6 词族中
1502-01,56,CET-6,dispense,dispense,dispense,canonical,,dispense,literal,clean,
1503-01,56,CET-6,disperse,disperse,disperse,canonical,,disperse,literal,clean,
1504-01,56,CET-6,displace,displace,displace,canonical,,displace displacement,literal,clean,
1504-02,56,CET-6,displace,displacement,displacement,derived,,displace displacement,literal,clean,
1505-01,56,CET-4,display,display,display,canonical,,display,literal,clean,
1506-01,56,CET-4,dispose,dispose,dispose,canonical,,dispose disposal,literal,clean,
1506-02,56,CET-4,dispose,disposal,disposal,derived,,dispose disposal,literal,clean,
1507-01,56,CET-6,disposition,disposition,disposition,canonical,,disposition,literal,clean,
1508-01,56,CET-4,dispute,dispute,dispute,canonical,,dispute disputable,literal,clean,
1508-02,56,CET-4,dispute,disputable,disputable,derived,,dispute disputable,literal,clean,
1509-01,56,CET-6,disregard,disregard,disregard,canonical,,disregard,literal,clean,
1510-01,56,CET-4,disrupt,disrupt,disrupt,canonical,,disrupt disruptive disruption,literal,clean,
1510-02,56,CET-4,disrupt,disruptive,disruptive,derived,,disrupt disruptive disruption,literal,clean,
1510-03,56,CET-4,disrupt,disruption,disruption,derived,,disrupt disruptive disruption,literal,clean,
1511-01,56,CET-6,dissent,dissent,dissent,canonical,,dissent,literal,clean,
1512-01,56,CET-6,dissertation,dissertation,dissertation,canonical,,dissertation,literal,clean,
1513-01,57,CET-6,dissident,dissident,dissident,canonical,,dissident,literal,clean,
1514-01,57,CET-4,dissolve,dissolve,dissolve,canonical,,dissolve,literal,clean,
1515-01,57,CET-4,distance,distance,distance,canonical,,distance distant,literal,clean,
1515-02,57,CET-4,distance,distant,distant,derived,,distance distant,literal,clean,
1516-01,57,CET-6,distil,distil,distil,canonical,,distil(l),optional_omitted,spot_check,括号可选拼写
1516-02,57,CET-6,distil,distill,distill,canonical_variant,,distil(l),optional_included,spot_check,括号可选拼写
1517-01,57,CET-4,distinct,distinct,distinct,canonical,,distinct distinction distinctive,literal,clean,
1517-02,57,CET-4,distinct,distinction,distinction,derived,,distinct distinction distinctive,literal,clean,
1517-03,57,CET-4,distinct,distinctive,distinctive,derived,,distinct distinction distinctive,literal,clean,
1518-01,57,CET-4,distinguish,distinguish,distinguish,canonical,,distinguish distinguishable,literal,clean,
1518-02,57,CET-4,distinguish,distinguishable,distinguishable,derived,,distinguish distinguishable,literal,clean,
1519-01,57,CET-6,distort,distort,distort,canonical,,distort distortion,literal,clean,
1519-02,57,CET-6,distort,distortion,distortion,derived,,distort distortion,literal,clean,
1520-01,57,CET-4,distract,distract,distract,canonical,,distract distraction,literal,clean,
1520-02,57,CET-4,distract,distraction,distraction,derived,,distract distraction,literal,clean,
1521-01,57,CET-4,distress,distress,distress,canonical,,distress distressful,literal,clean,
1521-02,57,CET-4,distress,distressful,distressful,derived,,distress distressful,literal,clean,
1522-01,57,CET-4,distribute,distribute,distribute,canonical,,distribute distribution distributive,literal,clean,
1522-02,57,CET-4,distribute,distribution,distribution,derived,,distribute distribution distributive,literal,clean,
1522-03,57,CET-4,distribute,distributive,distributive,derived,,distribute distribution distributive,literal,clean,
1523-01,57,CET-4,district,district,district,canonical,,district,literal,clean,
1524-01,57,CET-4,disturb,disturb,disturb,canonical,,disturb disturbance,literal,clean,
1524-02,57,CET-4,disturb,disturbance,disturbance,derived,,disturb disturbance,literal,clean,
1525-01,57,CET-4,ditch,ditch,ditch,canonical,,ditch,literal,clean,
1526-01,57,CET-4,dive,dive,dive,canonical,,dive,literal,clean,
1527-01,57,CET-4,diverse,diverse,diverse,canonical,,diverse diversify diversity,literal,clean,
1527-02,57,CET-4,diverse,diversify,diversify,derived,,diverse diversify diversity,literal,clean,
1527-03,57,CET-4,diverse,diversity,diversity,derived,,diverse diversify diversity,literal,clean,
1528-01,57,CET-6,divert,divert,divert,canonical,,divert diversion,literal,clean,
1528-02,57,CET-6,divert,diversion,diversion,derived,,divert diversion,literal,clean,
1529-01,57,CET-4,divide,divide,divide,canonical,,divide division divisive,literal,clean,
1529-02,57,CET-4,divide,division,division,derived,,divide division divisive,literal,clean,
1529-03,57,CET-4,divide,divisive,divisive,derived,,divide division divisive,literal,clean,
1530-01,57,CET-6,dividend,dividend,dividend,canonical,,dividend,literal,clean,
1531-01,57,CET-6,divine,divine,divine,canonical,,divine,literal,clean,
1532-01,57,CET-4,divorce,divorce,divorce,canonical,,divorce,literal,clean,
1533-01,57,CET-4,dizzy,dizzy,dizzy,canonical,,dizzy,literal,clean,
1534-01,57,CET-4,do,do,do,canonical,,do,literal,clean,
1535-01,57,CET-4,dock,dock,dock,canonical,,dock,literal,clean,
1536-01,57,CET-4,doctor,doctor,doctor,canonical,,doctor doctorate doctoral,literal,clean,
1536-02,57,CET-4,doctor,doctorate,doctorate,derived,,doctor doctorate doctoral,literal,clean,
1536-03,57,CET-4,doctor,doctoral,doctoral,derived,,doctor doctorate doctoral,literal,clean,
1537-01,57,CET-6,doctrine,doctrine,doctrine,canonical,,doctrine,literal,clean,
1538-01,57,CET-4,document,document,document,canonical,,document documentary,literal,clean,
1538-02,57,CET-4,document,documentary,documentary,derived,,document documentary,literal,clean,
1539-01,57,CET-6,dodge,dodge,dodge,canonical,,dodge,literal,clean,
1540-01,57,CET-4,dog,dog,dog,canonical,,dog,literal,clean,
1541-01,57,CET-6,dogma,dogma,dogma,canonical,,dogma,literal,clean,
1542-01,57,CET-6,dole,dole,dole,canonical,,dole,literal,clean,
1543-01,57,CET-4,doll,doll,doll,canonical,,doll,literal,clean,
1544-01,57,CET-4,dollar,dollar,dollar,canonical,,dollar,literal,clean,
1545-01,57,CET-4,dolphin,dolphin,dolphin,canonical,,dolphin,literal,clean,
1546-01,57,CET-6,domain,domain,domain,canonical,,domain,literal,clean,
1547-01,57,CET-6,dome,dome,dome,canonical,,dome,literal,clean,
1548-01,57,CET-4,domestic,domestic,domestic,canonical,,domestic,literal,clean,
1549-01,57,CET-4,dominate,dominate,dominate,canonical,,dominate domination dominance dominant,literal,clean,
1549-02,57,CET-4,dominate,domination,domination,derived,,dominate domination dominance dominant,literal,clean,
1549-03,57,CET-4,dominate,dominance,dominance,derived,,dominate domination dominance dominant,literal,clean,
1549-04,57,CET-4,dominate,dominant,dominant,derived,,dominate domination dominance dominant,literal,clean,
1550-01,57,CET-4,donate,donate,donate,canonical,,donate donation donor,literal,clean,
1550-02,57,CET-4,donate,donation,donation,derived,,donate donation donor,literal,clean,
1550-03,57,CET-4,donate,donor,donor,derived,,donate donation donor,literal,clean,
1551-01,57,CET-4,donkey,donkey,donkey,canonical,,donkey,literal,clean,
1552-01,57,CET-4,doom,doom,doom,canonical,,doom,literal,clean,
1553-01,57,CET-4,door,door,door,canonical,,door,literal,clean,
1554-01,57,CET-4,dormitory,dormitory,dormitory,canonical,,dormitory/dorm,literal,clean,
1554-02,57,CET-4,dormitory,dorm,dorm,canonical_variant,,dormitory/dorm,slash_alternative:literal,spot_check,斜杠并列形式；缩写形式
1555-01,58,CET-4,dose,dose,dose,canonical,,dose dosage,literal,clean,
1555-02,58,CET-4,dose,dosage,dosage,derived,,dose dosage,literal,clean,
1556-01,58,CET-4,dot,dot,dot,canonical,,dot,literal,clean,
1557-01,58,CET-4,double,double,double,canonical,,double,literal,clean,
1558-01,58,CET-4,doubt,doubt,doubt,canonical,,doubt doubtful doubtless,literal,clean,
1558-02,58,CET-4,doubt,doubtful,doubtful,derived,,doubt doubtful doubtless,literal,clean,
1558-03,58,CET-4,doubt,doubtless,doubtless,derived,,doubt doubtful doubtless,literal,clean,
1559-01,58,CET-6,dough,dough,dough,canonical,,dough,literal,clean,
1560-01,58,CET-4,dove,dove,dove,canonical,,dove,literal,clean,
1561-01,58,CET-4,down,down,down,canonical,,down,literal,clean,
1562-01,58,CET-6,downgrade,downgrade,downgrade,canonical,,downgrade,literal,clean,
1563-01,58,CET-4,download,download,download,canonical,,download,literal,clean,
1564-01,58,CET-4,downstairs,downstairs,downstairs,canonical,,downstairs,literal,clean,
1565-01,58,CET-4,downtown,downtown,downtown,canonical,,downtown,literal,clean,
1566-01,58,CET-4,downward,downward,downward,canonical,,downward downwards,literal,clean,
1566-02,58,CET-4,downward,downwards,downwards,derived,,downward downwards,literal,clean,
1567-01,58,CET-6,doze,doze,doze,canonical,,doze,literal,clean,
1568-01,58,CET-4,dozen,dozen,dozen,canonical,,dozen,literal,clean,
1569-01,58,CET-4,draft,draft,draft,canonical,,draft,literal,clean,
1570-01,58,CET-4,drag,drag,drag,canonical,,drag,literal,clean,
1571-01,58,CET-4,dragon,dragon,dragon,canonical,,dragon,literal,clean,
1572-01,58,CET-4,drain,drain,drain,canonical,,drain drainage,literal,clean,
1572-02,58,CET-4,drain,drainage,drainage,derived,,drain drainage,literal,clean,
1573-01,58,CET-4,drama,drama,drama,canonical,,drama dramatic dramatically,literal,clean,
1573-02,58,CET-4,drama,dramatic,dramatic,derived,,drama dramatic dramatically,literal,clean,
1573-03,58,CET-4,drama,dramatically,dramatically,derived,,drama dramatic dramatically,literal,clean,
1574-01,58,CET-4,drastic,drastic,drastic,canonical,,drastic drastically,literal,clean,
1574-02,58,CET-4,drastic,drastically,drastically,derived,,drastic drastically,literal,clean,
1575-01,58,CET-4,draw,draw,draw,canonical,,draw drawing,literal,clean,
1575-02,58,CET-4,draw,drawing,drawing,derived,,draw drawing,literal,clean,
1576-01,58,CET-6,drawback,drawback,drawback,canonical,,drawback,literal,clean,
1577-01,58,CET-4,drawer,drawer,drawer,canonical,,drawer,literal,clean,
1578-01,58,CET-6,dread,dread,dread,canonical,,dread dreadful,literal,clean,
1578-02,58,CET-6,dread,dreadful,dreadful,derived,,dread dreadful,literal,clean,
1579-01,58,CET-4,dream,dream,dream,canonical,,dream dreamy,literal,clean,
1579-02,58,CET-4,dream,dreamy,dreamy,derived,,dream dreamy,literal,clean,
1580-01,58,CET-4,dress,dress,dress,canonical,,dress,literal,clean,
1581-01,58,CET-6,dressing,dressing,dressing,canonical,,dressing,literal,clean,
1582-01,58,CET-4,drift,drift,drift,canonical,,drift,literal,clean,
1583-01,58,CET-4,drill,drill,drill,canonical,,drill,literal,clean,
1584-01,58,CET-4,drink,drink,drink,canonical,,drink,literal,clean,
1585-01,58,CET-4,drip,drip,drip,canonical,,drip,literal,clean,
1586-01,58,CET-4,drive,drive,drive,canonical,,drive driver,literal,clean,
1586-02,58,CET-4,drive,driver,driver,derived,,drive driver,literal,clean,
1587-01,58,CET-4,drop,drop,drop,canonical,,drop,literal,clean,
1588-01,58,CET-4,dropout,dropout,dropout,canonical,,dropout,literal,clean,
1589-01,58,CET-4,drought,drought,drought,canonical,,drought,literal,clean,
1590-01,58,CET-4,drown,drown,drown,canonical,,drown,literal,clean,
1591-01,58,CET-4,drug,drug,drug,canonical,,drug,literal,clean,
1592-01,58,CET-4,drum,drum,drum,canonical,,drum,literal,clean,
1593-01,58,CET-4,drunk,drunk,drunk,canonical,,drunk drunken drunkard,literal,clean,
1593-02,58,CET-4,drunk,drunken,drunken,derived,,drunk drunken drunkard,literal,clean,
1593-03,58,CET-4,drunk,drunkard,drunkard,derived,,drunk drunken drunkard,literal,clean,
1594-01,58,CET-4,dry,dry,dry,canonical,,dry dryer,literal,clean,
1594-02,58,CET-4,dry,dryer,dryer,derived,,dry dryer,literal,clean,
1595-01,58,CET-4,dual,dual,dual,canonical,,dual,literal,clean,
1596-01,58,CET-6,dub,dub,dub,canonical,,dub,literal,clean,
1597-01,59,CET-6,dubious,dubious,dubious,canonical,,dubious,literal,clean,
1598-01,59,CET-4,duck,duck,duck,canonical,,duck,literal,clean,
1599-01,59,CET-4,due,due,due,canonical,,due duly,literal,clean,
1599-02,59,CET-4,due,duly,duly,derived,,due duly,literal,clean,
1600-01,59,CET-4,dull,dull,dull,canonical,,dull,literal,clean,
1601-01,59,CET-4,dumb,dumb,dumb,canonical,,dumb,literal,clean,
1602-01,59,CET-4,dump,dump,dump,canonical,,dump,literal,clean,
1603-01,59,CET-6,duplicate,duplicate,duplicate,canonical,,duplicate duplication,literal,clean,
1603-02,59,CET-6,duplicate,duplication,duplication,derived,,duplicate duplication,literal,clean,
1604-01,59,CET-4,durable,durable,durable,canonical,,durable durability,literal,clean,
1604-02,59,CET-4,durable,durability,durability,derived,,durable durability,literal,clean,
1605-01,59,CET-4,duration,duration,duration,canonical,,duration,literal,clean,
1606-01,59,CET-4,during,during,during,canonical,,during,literal,clean,
1607-01,59,CET-4,dusk,dusk,dusk,canonical,,dusk,literal,clean,
1608-01,59,CET-4,dust,dust,dust,canonical,,dust dusty,literal,clean,
1608-02,59,CET-4,dust,dusty,dusty,derived,,dust dusty,literal,clean,
1609-01,59,CET-4,duty,duty,duty,canonical,,duty,literal,clean,
1610-01,59,CET-6,dwarf,dwarf,dwarf,canonical,,dwarf,literal,clean,
1611-01,59,CET-6,dwell,dwell,dwell,canonical,,dwell dweller dwelling,literal,clean,
1611-02,59,CET-6,dwell,dweller,dweller,derived,,dwell dweller dwelling,literal,clean,
1611-03,59,CET-6,dwell,dwelling,dwelling,derived,,dwell dweller dwelling,literal,clean,
1612-01,59,CET-4,dye,dye,dye,canonical,,dye,literal,clean,
1613-01,59,CET-4,dynamic,dynamic,dynamic,canonical,,dynamic dynamics,literal,clean,
1613-02,59,CET-4,dynamic,dynamics,dynamics,derived,,dynamic dynamics,literal,clean,
1614-01,59,CET-4,dynasty,dynasty,dynasty,canonical,,dynasty,literal,clean,
1615-01,59,CET-4,each,each,each,canonical,,each,literal,clean,
1616-01,59,CET-4,eager,eager,eager,canonical,,eager,literal,clean,
1617-01,59,CET-4,eagle,eagle,eagle,canonical,,eagle,literal,clean,
1618-01,59,CET-4,ear,ear,ear,canonical,,ear,literal,clean,
1619-01,59,CET-4,early,early,early,canonical,,early,literal,clean,
1620-01,59,CET-4,earn,earn,earn,canonical,,earn earnings,literal,clean,
1620-02,59,CET-4,earn,earnings,earnings,derived,,earn earnings,literal,clean,
1621-01,59,CET-4,earnest,earnest,earnest,canonical,,earnest,literal,clean,
1622-01,59,CET-4,earth,earth,earth,canonical,,earth,literal,clean,
1623-01,59,CET-4,earthquake,earthquake,earthquake,canonical,,earthquake,literal,clean,
1624-01,59,CET-4,ease,ease,ease,canonical,,ease,literal,clean,
1625-01,59,CET-4,east,east,east,canonical,,east eastern,literal,clean,
1625-02,59,CET-4,east,eastern,eastern,derived,,east eastern,literal,clean,
1626-01,59,CET-6,easter,easter,Easter,canonical,,Easter,literal,clean,
1627-01,59,CET-4,easy,easy,easy,canonical,,easy easily,literal,clean,
1627-02,59,CET-4,easy,easily,easily,derived,,easy easily,literal,clean,
1628-01,59,CET-4,easy-going,easy-going,easy-going,canonical,,easyＧgoing,literal,spot_check,PDF 连字符/共享词尾字形已恢复
1629-01,59,CET-4,eat,eat,eat,canonical,,eat,literal,clean,
1630-01,59,CET-6,eccentric,eccentric,eccentric,canonical,,eccentric,literal,clean,
1631-01,59,CET-4,echo,echo,echo,canonical,,echo,literal,clean,
1632-01,59,CET-6,eclipse,eclipse,eclipse,canonical,,eclipse,literal,clean,
1633-01,59,CET-4,ecology,ecology,ecology,canonical,,ecology ecological,literal,clean,
1633-02,59,CET-4,ecology,ecological,ecological,derived,,ecology ecological,literal,clean,
1634-01,59,CET-4,economics,economics,economics,canonical,,economics economist,literal,clean,
1634-02,59,CET-4,economics,economist,economist,derived,,economics economist,literal,clean,
1635-01,59,CET-4,economy,economy,economy,canonical,,economy economic economical,literal,clean,
1635-02,59,CET-4,economy,economic,economic,derived,,economy economic economical,literal,clean,
1635-03,59,CET-4,economy,economical,economical,derived,,economy economic economical,literal,clean,
1636-01,59,CET-6,ecosystem,ecosystem,ecosystem,canonical,,ecosystem,literal,clean,
1637-01,59,CET-4,edge,edge,edge,canonical,,edge,literal,clean,
1638-01,59,CET-6,edible,edible,edible,canonical,,edible,literal,clean,
1639-01,60,CET-4,edit,edit,edit,canonical,,edit editor edition,literal,clean,
1639-02,60,CET-4,edit,editor,editor,derived,,edit editor edition,literal,clean,
1639-03,60,CET-4,edit,edition,edition,derived,,edit editor edition,literal,clean,
1640-01,60,CET-4,editorial,editorial,editorial,canonical,,editorial,literal,clean,
1641-01,60,CET-4,educate,educate,educate,canonical,,educate education educational educator,literal,clean,
1641-02,60,CET-4,educate,education,education,derived,,educate education educational educator,literal,clean,
1641-03,60,CET-4,educate,educational,educational,derived,,educate education educational educator,literal,clean,
1641-04,60,CET-4,educate,educator,educator,derived,,educate education educational educator,literal,clean,
1642-01,60,CET-4,effect,effect,effect,canonical,,effect effective,literal,clean,
1642-02,60,CET-4,effect,effective,effective,derived,,effect effective,literal,clean,
1643-01,60,CET-4,efficient,efficient,efficient,canonical,,efficient efficiency,literal,clean,
1643-02,60,CET-4,efficient,efficiency,efficiency,derived,,efficient efficiency,literal,clean,
1644-01,60,CET-4,effort,effort,effort,canonical,,effort,literal,clean,
1645-01,60,CET-4,egg,egg,egg,canonical,,egg,literal,clean,
1646-01,60,CET-4,eggplant,eggplant,eggplant,canonical,,eggplant,literal,clean,
1647-01,60,CET-6,ego,ego,ego,canonical,,ego egoism egoist,literal,clean,
1647-02,60,CET-6,ego,egoism,egoism,derived,,ego egoism egoist,literal,clean,
1647-03,60,CET-6,ego,egoist,egoist,derived,,ego egoism egoist,literal,clean,
1648-01,60,CET-4,eight,eight,eight,canonical,,eight,literal,clean,
1649-01,60,CET-4,eighteen,eighteen,eighteen,canonical,,eighteen,literal,clean,
1650-01,60,CET-4,eighth,eighth,eighth,canonical,,eighth,literal,clean,
1651-01,60,CET-4,eighty,eighty,eighty,canonical,,eighty,literal,clean,
1652-01,60,CET-4,either,either,either,canonical,,either,literal,clean,
1653-01,60,CET-6,eject,eject,eject,canonical,,eject ejection,literal,clean,
1653-02,60,CET-6,eject,ejection,ejection,derived,,eject ejection,literal,clean,
1654-01,60,CET-6,elaborate,elaborate,elaborate,canonical,,elaborate elaboration,literal,clean,
1654-02,60,CET-6,elaborate,elaboration,elaboration,derived,,elaborate elaboration,literal,clean,
1655-01,60,CET-6,elapse,elapse,elapse,canonical,,elapse,literal,clean,
1656-01,60,CET-6,elastic,elastic,elastic,canonical,,elastic elasticity,literal,clean,
1656-02,60,CET-6,elastic,elasticity,elasticity,derived,,elastic elasticity,literal,clean,
1657-01,60,CET-4,elbow,elbow,elbow,canonical,,elbow,literal,clean,
1658-01,60,CET-4,elder,elder,elder,canonical,,elder elderly,literal,clean,
1658-02,60,CET-4,elder,elderly,elderly,derived,,elder elderly,literal,clean,
1659-01,60,CET-4,elect,elect,elect,canonical,,elect election elective,literal,clean,
1659-02,60,CET-4,elect,election,election,derived,,elect election elective,literal,clean,
1659-03,60,CET-4,elect,elective,elective,derived,,elect election elective,literal,clean,
1660-01,60,CET-6,electoral,electoral,electoral,canonical,,electoral electorate,literal,clean,
1660-02,60,CET-6,electoral,electorate,electorate,derived,,electoral electorate,literal,clean,
1661-01,60,CET-4,electricity,electricity,electricity,canonical,,electricity electric(al) electrician,literal,clean,
1661-02,60,CET-4,electricity,electric,electric,derived,,electricity electric(al) electrician,optional_omitted,spot_check,括号可选拼写
1661-03,60,CET-4,electricity,electrical,electrical,derived_variant,,electricity electric(al) electrician,optional_included,spot_check,括号可选拼写
1661-04,60,CET-4,electricity,electrician,electrician,derived,,electricity electric(al) electrician,literal,clean,
1662-01,60,CET-4,electron,electron,electron,canonical,,electron electronic electronically electronics,literal,clean,
1662-02,60,CET-4,electron,electronic,electronic,derived,,electron electronic electronically electronics,literal,clean,
1662-03,60,CET-4,electron,electronically,electronically,derived,,electron electronic electronically electronics,literal,clean,
1662-04,60,CET-4,electron,electronics,electronics,derived,,electron electronic electronically electronics,literal,clean,
1663-01,60,CET-4,elegant,elegant,elegant,canonical,,elegant elegance,literal,clean,
1663-02,60,CET-4,elegant,elegance,elegance,derived,,elegant elegance,literal,clean,
1664-01,60,CET-4,element,element,element,canonical,,element,literal,clean,
1665-01,60,CET-4,elementary,elementary,elementary,canonical,,elementary,literal,clean,
1666-01,60,CET-4,elephant,elephant,elephant,canonical,,elephant,literal,clean,
1667-01,60,CET-4,elevate,elevate,elevate,canonical,,elevate elevation elevator,literal,clean,
1667-02,60,CET-4,elevate,elevation,elevation,derived,,elevate elevation elevator,literal,clean,
1667-03,60,CET-4,elevate,elevator,elevator,derived,,elevate elevation elevator,literal,clean,
1668-01,60,CET-4,eleven,eleven,eleven,canonical,,eleven,literal,clean,
1669-01,60,CET-6,elicit,elicit,elicit,canonical,,elicit,literal,clean,
1670-01,60,CET-6,eligible,eligible,eligible,canonical,,eligible eligibility,literal,clean,
1670-02,60,CET-6,eligible,eligibility,eligibility,derived,,eligible eligibility,literal,clean,
1671-01,60,CET-4,eliminate,eliminate,eliminate,canonical,,eliminate elimination,literal,clean,
1671-02,60,CET-4,eliminate,elimination,elimination,derived,,eliminate elimination,literal,clean,
1672-01,60,CET-4,elite,elite,elite,canonical,,elite,literal,clean,
1673-01,60,CET-6,eloquent,eloquent,eloquent,canonical,,eloquent eloquence,literal,clean,
1673-02,60,CET-6,eloquent,eloquence,eloquence,derived,,eloquent eloquence,literal,clean,
1674-01,60,CET-4,else,else,else,canonical,,else,literal,clean,
1675-01,60,CET-4,elsewhere,elsewhere,elsewhere,canonical,,elsewhere,literal,clean,
1676-01,60,CET-4,email,email,email,canonical,,email,literal,clean,
1677-01,60,CET-6,emancipate,emancipate,emancipate,canonical,,emancipate emancipation,literal,clean,
1677-02,60,CET-6,emancipate,emancipation,emancipation,derived,,emancipate emancipation,literal,clean,
1678-01,60,CET-6,embargo,embargo,embargo,canonical,,embargo,literal,clean,
1679-01,60,CET-6,embark,embark,embark,canonical,,embark,literal,clean,
1680-01,60,CET-4,embarrass,embarrass,embarrass,canonical,,embarrass embarrassment,literal,clean,
1680-02,60,CET-4,embarrass,embarrassment,embarrassment,derived,,embarrass embarrassment,literal,clean,
1681-01,61,CET-4,embassy,embassy,embassy,canonical,,embassy,literal,clean,
1682-01,61,CET-6,embed,embed,embed,canonical,,embed,literal,clean,
1683-01,61,CET-6,embody,embody,embody,canonical,,embody embodiment,literal,clean,
1683-02,61,CET-6,embody,embodiment,embodiment,derived,,embody embodiment,literal,clean,
1684-01,61,CET-4,embrace,embrace,embrace,canonical,,embrace,literal,clean,
1685-01,61,CET-6,embroidery,embroidery,embroidery,canonical,,embroidery,literal,clean,
1686-01,61,CET-4,emerge,emerge,emerge,canonical,,emerge emergence,literal,clean,
1686-02,61,CET-4,emerge,emergence,emergence,derived,,emerge emergence,literal,clean,
1687-01,61,CET-4,emergency,emergency,emergency,canonical,,emergency,literal,clean,
1688-01,61,CET-6,emigrate,emigrate,emigrate,canonical,,emigrate emigration emigrant,literal,clean,
1688-02,61,CET-6,emigrate,emigration,emigration,derived,,emigrate emigration emigrant,literal,clean,
1688-03,61,CET-6,emigrate,emigrant,emigrant,derived,,emigrate emigration emigrant,literal,clean,
1689-01,61,CET-6,eminent,eminent,eminent,canonical,,eminent eminence,literal,clean,
1689-02,61,CET-6,eminent,eminence,eminence,derived,,eminent eminence,literal,clean,
1690-01,61,CET-4,emit,emit,emit,canonical,,emit emission,literal,clean,
1690-02,61,CET-4,emit,emission,emission,derived,,emit emission,literal,clean,
1691-01,61,CET-4,emotion,emotion,emotion,canonical,,emotion emotional,literal,clean,
1691-02,61,CET-4,emotion,emotional,emotional,derived,,emotion emotional,literal,clean,
1692-01,61,CET-4,emperor,emperor,emperor,canonical,,emperor empress,literal,clean,
1692-02,61,CET-4,emperor,empress,empress,derived,,emperor empress,literal,clean,
1693-01,61,CET-4,emphasis,emphasis,emphasis,canonical,,emphasis emphasize/Ｇise emphatic,literal,spot_check,PDF 连字符/共享词尾字形已恢复
1693-02,61,CET-4,emphasis,emphasize,emphasize,derived,,emphasis emphasize/Ｇise emphatic,literal,spot_check,PDF 连字符/共享词尾字形已恢复
1693-03,61,CET-4,emphasis,emphasise,emphasise,derived_variant,,emphasis emphasize/Ｇise emphatic,shared_suffix:-ise,spot_check,共享词尾替换；PDF 连字符/共享词尾字形已恢复
1693-04,61,CET-4,emphasis,emphatic,emphatic,derived,,emphasis emphasize/Ｇise emphatic,literal,spot_check,PDF 连字符/共享词尾字形已恢复
1694-01,61,CET-4,empire,empire,empire,canonical,,empire,literal,clean,
1695-01,61,CET-6,empirical,empirical,empirical,canonical,,empirical,literal,clean,
1696-01,61,CET-4,employ,employ,employ,canonical,,employ employment employer employee,literal,clean,
1696-02,61,CET-4,employ,employment,employment,derived,,employ employment employer employee,literal,clean,
1696-03,61,CET-4,employ,employer,employer,derived,,employ employment employer employee,literal,clean,
1696-04,61,CET-4,employ,employee,employee,derived,,employ employment employer employee,literal,clean,
1697-01,61,CET-4,empty,empty,empty,canonical,,empty emptiness,literal,clean,
1697-02,61,CET-4,empty,emptiness,emptiness,derived,,empty emptiness,literal,clean,
1698-01,61,CET-6,emulate,emulate,emulate,canonical,,emulate emulation,literal,clean,
1698-02,61,CET-6,emulate,emulation,emulation,derived,,emulate emulation,literal,clean,
1699-01,61,CET-4,enable,enable,enable,canonical,,enable,literal,clean,
1700-01,61,CET-6,enact,enact,enact,canonical,,enact enactment,literal,clean,
1700-02,61,CET-6,enact,enactment,enactment,derived,,enact enactment,literal,clean,
1701-01,61,CET-6,enclose,enclose,enclose,canonical,,enclose enclosure,literal,clean,
1701-02,61,CET-6,enclose,enclosure,enclosure,derived,,enclose enclosure,literal,clean,
1702-01,61,CET-4,encounter,encounter,encounter,canonical,,encounter,literal,clean,
1703-01,61,CET-4,encourage,encourage,encourage,canonical,,encourage encouragement encouraging,literal,clean,
1703-02,61,CET-4,encourage,encouragement,encouragement,derived,,encourage encouragement encouraging,literal,clean,
1703-03,61,CET-4,encourage,encouraging,encouraging,derived,,encourage encouragement encouraging,literal,clean,
1704-01,61,CET-6,encyclopedia,encyclopedia,encyclopedia,canonical,,encyclop(a)edia,optional_omitted,spot_check,括号可选拼写
1704-02,61,CET-6,encyclopedia,encyclopaedia,encyclopaedia,canonical_variant,,encyclop(a)edia,optional_included,spot_check,括号可选拼写
1705-01,61,CET-4,end,end,end,canonical,,end ending endless,literal,clean,
1705-02,61,CET-4,end,ending,ending,derived,,end ending endless,literal,clean,
1705-03,61,CET-4,end,endless,endless,derived,,end ending endless,literal,clean,
1706-01,61,CET-4,endanger,endanger,endanger,canonical,,endanger,literal,clean,
1707-01,61,CET-6,endeavor,endeavor,endeavor,canonical,,endeavo(u)r,optional_omitted,spot_check,括号可选拼写
1707-02,61,CET-6,endeavor,endeavour,endeavour,canonical_variant,,endeavo(u)r,optional_included,spot_check,括号可选拼写
1708-01,61,CET-6,endorse,endorse,endorse,canonical,,endorse endorsement,literal,clean,
1708-02,61,CET-6,endorse,endorsement,endorsement,derived,,endorse endorsement,literal,clean,
1709-01,61,CET-6,endow,endow,endow,canonical,,endow endowment,literal,clean,
1709-02,61,CET-6,endow,endowment,endowment,derived,,endow endowment,literal,clean,
1710-01,61,CET-4,endure,endure,endure,canonical,,endure endurance,literal,clean,
1710-02,61,CET-4,endure,endurance,endurance,derived,,endure endurance,literal,clean,
1711-01,61,CET-4,enemy,enemy,enemy,canonical,,enemy,literal,clean,
1712-01,61,CET-4,energy,energy,energy,canonical,,energy energetic energetically,literal,clean,
1712-02,61,CET-4,energy,energetic,energetic,derived,,energy energetic energetically,literal,clean,
1712-03,61,CET-4,energy,energetically,energetically,derived,,energy energetic energetically,literal,clean,
1713-01,61,CET-4,enforce,enforce,enforce,canonical,,enforce enforcement,literal,clean,
1713-02,61,CET-4,enforce,enforcement,enforcement,derived,,enforce enforcement,literal,clean,
1714-01,61,CET-4,engage,engage,engage,canonical,,engage engagement,literal,clean,
1714-02,61,CET-4,engage,engagement,engagement,derived,,engage engagement,literal,clean,
1715-01,61,CET-4,engine,engine,engine,canonical,,engine,literal,clean,
1716-01,61,CET-4,engineer,engineer,engineer,canonical,,engineer engineering,literal,clean,
1716-02,61,CET-4,engineer,engineering,engineering,derived,,engineer engineering,literal,clean,
1717-01,61,CET-4,enhance,enhance,enhance,canonical,,enhance enhancement,literal,clean,
1717-02,61,CET-4,enhance,enhancement,enhancement,derived,,enhance enhancement,literal,clean,
1718-01,61,CET-4,enjoy,enjoy,enjoy,canonical,,enjoy enjoyable enjoyment,literal,clean,
1718-02,61,CET-4,enjoy,enjoyable,enjoyable,derived,,enjoy enjoyable enjoyment,literal,clean,
1718-03,61,CET-4,enjoy,enjoyment,enjoyment,derived,,enjoy enjoyable enjoyment,literal,clean,
1719-01,61,CET-4,enlarge,enlarge,enlarge,canonical,,enlarge,literal,clean,
1720-01,61,CET-4,enlighten,enlighten,enlighten,canonical,,enlighten enlightenment enlightening,literal,clean,
1720-02,61,CET-4,enlighten,enlightenment,enlightenment,derived,,enlighten enlightenment enlightening,literal,clean,
1720-03,61,CET-4,enlighten,enlightening,enlightening,derived,,enlighten enlightenment enlightening,literal,clean,
1721-01,61,CET-6,enlist,enlist,enlist,canonical,,enlist,literal,clean,
1722-01,61,CET-4,enormous,enormous,enormous,canonical,,enormous,literal,clean,
1723-01,62,CET-4,enough,enough,enough,canonical,,enough,literal,clean,
1724-01,62,CET-4,enquire,enquire,enquire,canonical,,enquire enquiry,literal,clean,
1724-02,62,CET-4,enquire,enquiry,enquiry,derived,,enquire enquiry,literal,clean,
1725-01,62,CET-4,enrich,enrich,enrich,canonical,,enrich,literal,clean,
1726-01,62,CET-4,enrol,enrol,enrol,canonical,,enrol(l) enrol(l)ment,optional_omitted,spot_check,括号可选拼写
1726-02,62,CET-4,enrol,enroll,enroll,canonical_variant,,enrol(l) enrol(l)ment,optional_included,spot_check,括号可选拼写
1726-03,62,CET-4,enrol,enrolment,enrolment,derived,,enrol(l) enrol(l)ment,optional_omitted,spot_check,括号可选拼写
1726-04,62,CET-4,enrol,enrollment,enrollment,derived_variant,,enrol(l) enrol(l)ment,optional_included,spot_check,括号可选拼写
1727-01,62,CET-6,ensue,ensue,ensue,canonical,,ensue,literal,clean,
1728-01,62,CET-4,ensure,ensure,ensure,canonical,,ensure,literal,clean,
1729-01,62,CET-6,entail,entail,entail,canonical,,entail,literal,clean,
1730-01,62,CET-4,enter,enter,enter,canonical,,enter entrance entry,literal,clean,
1730-02,62,CET-4,enter,entrance,entrance,derived,,enter entrance entry,literal,clean,
1730-03,62,CET-4,enter,entry,entry,derived,,enter entrance entry,literal,clean,
1731-01,62,CET-4,enterprise,enterprise,enterprise,canonical,,enterprise enterprising,literal,clean,
1731-02,62,CET-4,enterprise,enterprising,enterprising,derived,,enterprise enterprising,literal,clean,
1732-01,62,CET-4,entertain,entertain,entertain,canonical,,entertain entertainment entertaining,literal,clean,
1732-02,62,CET-4,entertain,entertainment,entertainment,derived,,entertain entertainment entertaining,literal,clean,
1732-03,62,CET-4,entertain,entertaining,entertaining,derived,,entertain entertainment entertaining,literal,clean,
1733-01,62,CET-4,enthusiasm,enthusiasm,enthusiasm,canonical,,enthusiasm enthusiastic enthusiastically enthusiast,literal,clean,
1733-02,62,CET-4,enthusiasm,enthusiastic,enthusiastic,derived,,enthusiasm enthusiastic enthusiastically enthusiast,literal,clean,
1733-03,62,CET-4,enthusiasm,enthusiastically,enthusiastically,derived,,enthusiasm enthusiastic enthusiastically enthusiast,literal,clean,
1733-04,62,CET-4,enthusiasm,enthusiast,enthusiast,derived,,enthusiasm enthusiastic enthusiastically enthusiast,literal,clean,
1734-01,62,CET-4,entire,entire,entire,canonical,,entire entirety,literal,clean,
1734-02,62,CET-4,entire,entirety,entirety,derived,,entire entirety,literal,clean,
1735-01,62,CET-4,entitle,entitle,entitle,canonical,,entitle,literal,clean,
1736-01,62,CET-6,entity,entity,entity,canonical,,entity,literal,clean,
1737-01,62,CET-4,entrepreneur,entrepreneur,entrepreneur,canonical,,entrepreneur entrepreneurial,literal,clean,
1737-02,62,CET-4,entrepreneur,entrepreneurial,entrepreneurial,derived,,entrepreneur entrepreneurial,literal,clean,
1738-01,62,CET-6,entrust,entrust,entrust,canonical,,entrust,literal,clean,
1739-01,62,CET-6,envelop,envelop,envelop,canonical,,envelop,literal,clean,
1740-01,62,CET-4,envelope,envelope,envelope,canonical,,envelope,literal,clean,
1741-01,62,CET-4,environment,environment,environment,canonical,,environment environmental environmentalist,literal,clean,
1741-02,62,CET-4,environment,environmental,environmental,derived,,environment environmental environmentalist,literal,clean,
1741-03,62,CET-4,environment,environmentalist,environmentalist,derived,,environment environmental environmentalist,literal,clean,
1742-01,62,CET-6,envisage,envisage,envisage,canonical,,envisage,literal,clean,
1743-01,62,CET-6,envoy,envoy,envoy,canonical,,envoy,literal,clean,
1744-01,62,CET-4,envy,envy,envy,canonical,,envy envious,literal,clean,
1744-02,62,CET-4,envy,envious,envious,derived,,envy envious,literal,clean,
1745-01,62,CET-6,epic,epic,epic,canonical,,epic,literal,clean,
1746-01,62,CET-6,epidemic,epidemic,epidemic,canonical,,epidemic,literal,clean,
1747-01,62,CET-4,episode,episode,episode,canonical,,episode,literal,clean,
1748-01,62,CET-6,epoch,epoch,epoch,canonical,,epoch,literal,clean,
1749-01,62,CET-4,equal,equal,equal,canonical,,equal equally equality,literal,clean,
1749-02,62,CET-4,equal,equally,equally,derived,,equal equally equality,literal,clean,
1749-03,62,CET-4,equal,equality,equality,derived,,equal equally equality,literal,clean,
1750-01,62,CET-6,equate,equate,equate,canonical,,equate equation,literal,clean,
1750-02,62,CET-6,equate,equation,equation,derived,,equate equation,literal,clean,
1751-01,62,CET-6,equator,equator,equator,canonical,,equator,literal,clean,
1752-01,62,CET-4,equip,equip,equip,canonical,,equip equipment,literal,clean,
1752-02,62,CET-4,equip,equipment,equipment,derived,,equip equipment,literal,clean,
1753-01,62,CET-6,equity,equity,equity,canonical,,equity equitable,literal,clean,
1753-02,62,CET-6,equity,equitable,equitable,derived,,equity equitable,literal,clean,
1754-01,62,CET-4,equivalent,equivalent,equivalent,canonical,,equivalent equivalence,literal,clean,
1754-02,62,CET-4,equivalent,equivalence,equivalence,derived,,equivalent equivalence,literal,clean,
1755-01,62,CET-4,era,era,era,canonical,,era,literal,clean,
1756-01,62,CET-6,eradicate,eradicate,eradicate,canonical,,eradicate eradication,literal,clean,
1756-02,62,CET-6,eradicate,eradication,eradication,derived,,eradicate eradication,literal,clean,
1757-01,62,CET-4,erase,erase,erase,canonical,,erase eraser,literal,clean,
1757-02,62,CET-4,erase,eraser,eraser,derived,,erase eraser,literal,clean,
1758-01,62,CET-6,erect,erect,erect,canonical,,erect erection,literal,clean,
1758-02,62,CET-6,erect,erection,erection,derived,,erect erection,literal,clean,
1759-01,62,CET-6,erode,erode,erode,canonical,,erode erosion erosive,literal,clean,
1759-02,62,CET-6,erode,erosion,erosion,derived,,erode erosion erosive,literal,clean,
1759-03,62,CET-6,erode,erosive,erosive,derived,,erode erosion erosive,literal,clean,
1760-01,62,CET-4,err,err,err,canonical,,err error erroneous,literal,clean,
1760-02,62,CET-4,err,error,error,derived,,err error erroneous,literal,clean,
1760-03,62,CET-4,err,erroneous,erroneous,derived,,err error erroneous,literal,clean,
1761-01,62,CET-6,errand,errand,errand,canonical,,errand,literal,clean,
1762-01,62,CET-6,erupt,erupt,erupt,canonical,,erupt eruption,literal,clean,
1762-02,62,CET-6,erupt,eruption,eruption,derived,,erupt eruption,literal,clean,
1763-01,62,CET-6,escalate,escalate,escalate,canonical,,escalate escalation escalator,literal,clean,
1763-02,62,CET-6,escalate,escalation,escalation,derived,,escalate escalation escalator,literal,clean,
1763-03,62,CET-6,escalate,escalator,escalator,derived,,escalate escalation escalator,literal,clean,
1764-01,62,CET-4,escape,escape,escape,canonical,,escape,literal,clean,
1765-01,63,CET-6,escort,escort,escort,canonical,,escort,literal,clean,
1766-01,63,CET-4,especially,especially,especially,canonical,,especially,literal,clean,
1767-01,63,CET-4,essay,essay,essay,canonical,,essay essayist,literal,clean,
1767-02,63,CET-4,essay,essayist,essayist,derived,,essay essayist,literal,clean,
1768-01,63,CET-4,essence,essence,essence,canonical,,essence essential,literal,clean,
1768-02,63,CET-4,essence,essential,essential,derived,,essence essential,literal,clean,
1769-01,63,CET-4,establish,establish,establish,canonical,,establish establishment,literal,clean,
1769-02,63,CET-4,establish,establishment,establishment,derived,,establish establishment,literal,clean,
1770-01,63,CET-4,estate,estate,estate,canonical,,estate,literal,clean,
1771-01,63,CET-6,esteem,esteem,esteem,canonical,,esteem,literal,clean,
1772-01,63,CET-6,esthetic,esthetic,esthetic,canonical,,esthetic/aesthetic esthetics/aesthetics,literal,clean,
1772-02,63,CET-6,esthetic,aesthetic,aesthetic,canonical_variant,,esthetic/aesthetic esthetics/aesthetics,slash_alternative:literal,spot_check,斜杠并列形式
1772-03,63,CET-6,esthetic,esthetics,esthetics,derived,,esthetic/aesthetic esthetics/aesthetics,literal,clean,
1772-04,63,CET-6,esthetic,aesthetics,aesthetics,derived_variant,,esthetic/aesthetic esthetics/aesthetics,slash_alternative:literal,spot_check,斜杠并列形式
1773-01,63,CET-4,estimate,estimate,estimate,canonical,,estimate estimation,literal,clean,
1773-02,63,CET-4,estimate,estimation,estimation,derived,,estimate estimation,literal,clean,
1774-01,63,CET-4,eternal,eternal,eternal,canonical,,eternal eternity,literal,clean,
1774-02,63,CET-4,eternal,eternity,eternity,derived,,eternal eternity,literal,clean,
1775-01,63,CET-4,ethic,ethic,ethic,canonical,,ethic ethics,literal,clean,
1775-02,63,CET-4,ethic,ethics,ethics,derived,,ethic ethics,literal,clean,
1776-01,63,CET-4,ethnic,ethnic,ethnic,canonical,,ethnic,literal,clean,
1777-01,63,CET-6,etiquette,etiquette,etiquette,canonical,,etiquette,literal,clean,
1778-01,63,CET-4,euro,euro,euro,canonical,,euro,literal,clean,
1779-01,63,CET-6,evacuate,evacuate,evacuate,canonical,,evacuate evacuation,literal,clean,
1779-02,63,CET-6,evacuate,evacuation,evacuation,derived,,evacuate evacuation,literal,clean,
1780-01,63,CET-6,evade,evade,evade,canonical,,evade evasive evasion,literal,clean,
1780-02,63,CET-6,evade,evasive,evasive,derived,,evade evasive evasion,literal,clean,
1780-03,63,CET-6,evade,evasion,evasion,derived,,evade evasive evasion,literal,clean,
1781-01,63,CET-4,evaluate,evaluate,evaluate,canonical,,evaluate evaluation,literal,clean,
1781-02,63,CET-4,evaluate,evaluation,evaluation,derived,,evaluate evaluation,literal,clean,
1782-01,63,CET-6,evaporate,evaporate,evaporate,canonical,,evaporate evaporation,literal,clean,
1782-02,63,CET-6,evaporate,evaporation,evaporation,derived,,evaporate evaporation,literal,clean,
1783-01,63,CET-4,eve,eve,eve,canonical,,eve,literal,clean,
1784-01,63,CET-4,even,even,even,canonical,,even evenly,literal,clean,
1784-02,63,CET-4,even,evenly,evenly,derived,,even evenly,literal,clean,
1785-01,63,CET-4,evening,evening,evening,canonical,,evening,literal,clean,
1786-01,63,CET-4,event,event,event,canonical,,event eventful,literal,clean,
1786-02,63,CET-4,event,eventful,eventful,derived,,event eventful,literal,clean,
1787-01,63,CET-4,eventually,eventually,eventually,canonical,,eventually eventual eventuality,literal,clean,
1787-02,63,CET-4,eventually,eventual,eventual,derived,,eventually eventual eventuality,literal,clean,
1787-03,63,CET-4,eventually,eventuality,eventuality,derived,,eventually eventual eventuality,literal,clean,
1788-01,63,CET-4,ever,ever,ever,canonical,,ever,literal,clean,
1789-01,63,CET-4,every,every,every,canonical,,every,literal,clean,
1790-01,63,CET-4,everybody,everybody,everybody,canonical,,everybody,literal,clean,
1791-01,63,CET-4,everyday,everyday,everyday,canonical,,everyday,literal,clean,
1792-01,63,CET-4,everyone,everyone,everyone,canonical,,everyone,literal,clean,
1793-01,63,CET-4,everything,everything,everything,canonical,,everything,literal,clean,
1794-01,63,CET-4,everywhere,everywhere,everywhere,canonical,,everywhere,literal,clean,
1795-01,63,CET-4,evident,evident,evident,canonical,,evident evidence,literal,clean,
1795-02,63,CET-4,evident,evidence,evidence,derived,,evident evidence,literal,clean,
1796-01,63,CET-4,evil,evil,evil,canonical,,evil,literal,clean,
1797-01,63,CET-6,evoke,evoke,evoke,canonical,,evoke,literal,clean,
1798-01,63,CET-4,evolve,evolve,evolve,canonical,,evolve evolution evolutionary,literal,clean,
1798-02,63,CET-4,evolve,evolution,evolution,derived,,evolve evolution evolutionary,literal,clean,
1798-03,63,CET-4,evolve,evolutionary,evolutionary,derived,,evolve evolution evolutionary,literal,clean,
1799-01,63,CET-4,exact,exact,exact,canonical,,exact,literal,clean,
1800-01,63,CET-4,exaggerate,exaggerate,exaggerate,canonical,,exaggerate exaggeration,literal,clean,
1800-02,63,CET-4,exaggerate,exaggeration,exaggeration,derived,,exaggerate exaggeration,literal,clean,
1801-01,63,CET-4,examine,examine,examine,canonical,,examine exam(ination) examiner examinee,literal,clean,
1801-02,63,CET-4,examine,exam,exam,derived,,examine exam(ination) examiner examinee,optional_omitted,spot_check,括号可选拼写
1801-03,63,CET-4,examine,examination,examination,derived_variant,,examine exam(ination) examiner examinee,optional_included,spot_check,括号可选拼写
1801-04,63,CET-4,examine,examiner,examiner,derived,,examine exam(ination) examiner examinee,literal,clean,
1801-05,63,CET-4,examine,examinee,examinee,derived,,examine exam(ination) examiner examinee,literal,clean,
1802-01,63,CET-4,example,example,example,canonical,,example exemplary exemplify,literal,clean,
1802-02,63,CET-4,example,exemplary,exemplary,derived,,example exemplary exemplify,literal,clean,
1802-03,63,CET-4,example,exemplify,exemplify,derived,,example exemplary exemplify,literal,clean,
1803-01,63,CET-4,exceed,exceed,exceed,canonical,,exceed exceedingly,literal,clean,
1803-02,63,CET-4,exceed,exceedingly,exceedingly,derived,,exceed exceedingly,literal,clean,
1804-01,63,CET-4,excel,excel,excel,canonical,,excel,literal,clean,
1805-01,63,CET-4,excellent,excellent,excellent,canonical,,excellent excellence,literal,clean,
1805-02,63,CET-4,excellent,excellence,excellence,derived,,excellent excellence,literal,clean,
1806-01,63,CET-4,except,except,except,canonical,,except,literal,clean,
1807-01,64,CET-4,exception,exception,exception,canonical,,exception exceptional,literal,clean,
1807-02,64,CET-4,exception,exceptional,exceptional,derived,,exception exceptional,literal,clean,
1808-01,64,CET-6,excerpt,excerpt,excerpt,canonical,,excerpt,literal,clean,
1809-01,64,CET-4,excess,excess,excess,canonical,,excess excessive,literal,clean,
1809-02,64,CET-4,excess,excessive,excessive,derived,,excess excessive,literal,clean,
1810-01,64,CET-4,exchange,exchange,exchange,canonical,,exchange,literal,clean,
1811-01,64,CET-4,excite,excite,excite,canonical,,excite exciting excitement,literal,clean,
1811-02,64,CET-4,excite,exciting,exciting,derived,,excite exciting excitement,literal,clean,
1811-03,64,CET-4,excite,excitement,excitement,derived,,excite exciting excitement,literal,clean,
1812-01,64,CET-4,exclaim,exclaim,exclaim,canonical,,exclaim exclamation exclamatory,literal,clean,
1812-02,64,CET-4,exclaim,exclamation,exclamation,derived,,exclaim exclamation exclamatory,literal,clean,
1812-03,64,CET-4,exclaim,exclamatory,exclamatory,derived,,exclaim exclamation exclamatory,literal,clean,
1813-01,64,CET-4,exclude,exclude,exclude,canonical,,exclude exclusion exclusive,literal,clean,
1813-02,64,CET-4,exclude,exclusion,exclusion,derived,,exclude exclusion exclusive,literal,clean,
1813-03,64,CET-4,exclude,exclusive,exclusive,derived,,exclude exclusion exclusive,literal,clean,
1814-01,64,CET-4,excursion,excursion,excursion,canonical,,excursion,literal,clean,
1815-01,64,CET-4,excuse,excuse,excuse,canonical,,excuse,literal,clean,
1816-01,64,CET-4,execute,execute,execute,canonical,,execute execution executive,literal,clean,
1816-02,64,CET-4,execute,execution,execution,derived,,execute execution executive,literal,clean,
1816-03,64,CET-4,execute,executive,executive,derived,,execute execution executive,literal,clean,
1817-01,64,CET-6,exempt,exempt,exempt,canonical,,exempt exemption,literal,clean,
1817-02,64,CET-6,exempt,exemption,exemption,derived,,exempt exemption,literal,clean,
1818-01,64,CET-4,exercise,exercise,exercise,canonical,,exercise,literal,clean,
1819-01,64,CET-4,exert,exert,exert,canonical,,exert exertion,literal,clean,
1819-02,64,CET-4,exert,exertion,exertion,derived,,exert exertion,literal,clean,
1820-01,64,CET-4,exhaust,exhaust,exhaust,canonical,,exhaust exhaustion exhaustive,literal,clean,
1820-02,64,CET-4,exhaust,exhaustion,exhaustion,derived,,exhaust exhaustion exhaustive,literal,clean,
1820-03,64,CET-4,exhaust,exhaustive,exhaustive,derived,,exhaust exhaustion exhaustive,literal,clean,
1821-01,64,CET-4,exhibit,exhibit,exhibit,canonical,,exhibit exhibition,literal,clean,
1821-02,64,CET-4,exhibit,exhibition,exhibition,derived,,exhibit exhibition,literal,clean,
1822-01,64,CET-4,exile,exile,exile,canonical,,exile,literal,clean,
1823-01,64,CET-4,exist,exist,exist,canonical,,exist existence existent existing,literal,clean,
1823-02,64,CET-4,exist,existence,existence,derived,,exist existence existent existing,literal,clean,
1823-03,64,CET-4,exist,existent,existent,derived,,exist existence existent existing,literal,clean,
1823-04,64,CET-4,exist,existing,existing,derived,,exist existence existent existing,literal,clean,
1824-01,64,CET-4,exit,exit,exit,canonical,,exit,literal,clean,
1825-01,64,CET-6,exotic,exotic,exotic,canonical,,exotic,literal,clean,
1826-01,64,CET-4,expand,expand,expand,canonical,,expand expansion expansive,literal,clean,
1826-02,64,CET-4,expand,expansion,expansion,derived,,expand expansion expansive,literal,clean,
1826-03,64,CET-4,expand,expansive,expansive,derived,,expand expansion expansive,literal,clean,
1827-01,64,CET-4,expect,expect,expect,canonical,,expect expectation expectancy,literal,clean,
1827-02,64,CET-4,expect,expectation,expectation,derived,,expect expectation expectancy,literal,clean,
1827-03,64,CET-4,expect,expectancy,expectancy,derived,,expect expectation expectancy,literal,clean,
1828-01,64,CET-6,expedition,expedition,expedition,canonical,,expedition,literal,clean,
1829-01,64,CET-4,expel,expel,expel,canonical,,expel,literal,clean,
1830-01,64,CET-4,expend,expend,expend,canonical,,expend expenditure,literal,clean,
1830-02,64,CET-4,expend,expenditure,expenditure,derived,,expend expenditure,literal,clean,
1831-01,64,CET-4,expense,expense,expense,canonical,,expense expensive,literal,clean,
1831-02,64,CET-4,expense,expensive,expensive,derived,,expense expensive,literal,clean,
1832-01,64,CET-4,experience,experience,experience,canonical,,experience experienced,literal,clean,
1832-02,64,CET-4,experience,experienced,experienced,derived,,experience experienced,literal,clean,
1833-01,64,CET-4,experiment,experiment,experiment,canonical,,experiment experimental,literal,clean,
1833-02,64,CET-4,experiment,experimental,experimental,derived,,experiment experimental,literal,clean,
1834-01,64,CET-4,expert,expert,expert,canonical,,expert,literal,clean,
1835-01,64,CET-4,expertise,expertise,expertise,canonical,,expertise,literal,clean,
1836-01,64,CET-6,expire,expire,expire,canonical,,expire expiration,literal,clean,
1836-02,64,CET-6,expire,expiration,expiration,derived,,expire expiration,literal,clean,
1837-01,64,CET-4,explain,explain,explain,canonical,,explain explanation explanatory,literal,clean,
1837-02,64,CET-4,explain,explanation,explanation,derived,,explain explanation explanatory,literal,clean,
1837-03,64,CET-4,explain,explanatory,explanatory,derived,,explain explanation explanatory,literal,clean,
1838-01,64,CET-4,explicit,explicit,explicit,canonical,,explicit,literal,clean,
1839-01,64,CET-4,explode,explode,explode,canonical,,explode explosion explosive,literal,clean,
1839-02,64,CET-4,explode,explosion,explosion,derived,,explode explosion explosive,literal,clean,
1839-03,64,CET-4,explode,explosive,explosive,derived,,explode explosion explosive,literal,clean,
1840-01,64,CET-4,exploit,exploit,exploit,canonical,,exploit exploitation,literal,clean,
1840-02,64,CET-4,exploit,exploitation,exploitation,derived,,exploit exploitation,literal,clean,
1841-01,64,CET-4,explore,explore,explore,canonical,,explore exploration,literal,clean,
1841-02,64,CET-4,explore,exploration,exploration,derived,,explore exploration,literal,clean,
1842-01,64,CET-6,exponent,exponent,exponent,canonical,,exponent,literal,clean,
1843-01,64,CET-4,export,export,export,canonical,,export exportation,literal,clean,
1843-02,64,CET-4,export,exportation,exportation,derived,,export exportation,literal,clean,
1844-01,64,CET-4,expose,expose,expose,canonical,,expose exposure,literal,clean,
1844-02,64,CET-4,expose,exposure,exposure,derived,,expose exposure,literal,clean,
1845-01,64,CET-6,exposition,exposition,exposition,canonical,,exposition,literal,clean,
1846-01,64,CET-4,express,express,express,canonical,,express expression expressive,literal,clean,
1846-02,64,CET-4,express,expression,expression,derived,,express expression expressive,literal,clean,
1846-03,64,CET-4,express,expressive,expressive,derived,,express expression expressive,literal,clean,
1847-01,64,CET-4,expressway,expressway,expressway,canonical,,expressway,literal,clean,
1848-01,64,CET-6,exquisite,exquisite,exquisite,canonical,,exquisite,literal,clean,
1849-01,65,CET-4,extend,extend,extend,canonical,,extend extension extensive extended,literal,clean,
1849-02,65,CET-4,extend,extension,extension,derived,,extend extension extensive extended,literal,clean,
1849-03,65,CET-4,extend,extensive,extensive,derived,,extend extension extensive extended,literal,clean,
1849-04,65,CET-4,extend,extended,extended,derived,,extend extension extensive extended,literal,clean,
1850-01,65,CET-4,extent,extent,extent,canonical,,extent,literal,clean,
1851-01,65,CET-4,exterior,exterior,exterior,canonical,,exterior,literal,clean,
1852-01,65,CET-4,external,external,external,canonical,,external,literal,clean,
1853-01,65,CET-6,extinct,extinct,extinct,canonical,,extinct extinction,literal,clean,
1853-02,65,CET-6,extinct,extinction,extinction,derived,,extinct extinction,literal,clean,
1854-01,65,CET-4,extinguish,extinguish,extinguish,canonical,,extinguish,literal,clean,
1855-01,65,CET-4,extra,extra,extra,canonical,,extra,literal,clean,
1856-01,65,CET-6,extract,extract,extract,canonical,,extract extraction,literal,clean,
1856-02,65,CET-6,extract,extraction,extraction,derived,,extract extraction,literal,clean,
1857-01,65,CET-4,extraordinary,extraordinary,extraordinary,canonical,,extraordinary,literal,clean,
1858-01,65,CET-6,extravagant,extravagant,extravagant,canonical,,extravagant extravagance,literal,clean,
1858-02,65,CET-6,extravagant,extravagance,extravagance,derived,,extravagant extravagance,literal,clean,
1859-01,65,CET-4,extreme,extreme,extreme,canonical,,extreme extremity,literal,clean,
1859-02,65,CET-4,extreme,extremity,extremity,derived,,extreme extremity,literal,clean,
1860-01,65,CET-4,eye,eye,eye,canonical,,eye,literal,clean,
1861-01,65,CET-4,eyebrow,eyebrow,eyebrow,canonical,,eyebrow,literal,clean,
1862-01,65,CET-4,eyesight,eyesight,eyesight,canonical,,eyesight,literal,clean,
1863-01,65,CET-4,fable,fable,fable,canonical,,fable,literal,clean,
1864-01,65,CET-4,fabric,fabric,fabric,canonical,,fabric,literal,clean,
1865-01,65,CET-6,fabricate,fabricate,fabricate,canonical,,fabricate fabrication,literal,clean,
1865-02,65,CET-6,fabricate,fabrication,fabrication,derived,,fabricate fabrication,literal,clean,
1866-01,65,CET-6,fabulous,fabulous,fabulous,canonical,,fabulous,literal,clean,
1867-01,65,CET-4,face,face,face,canonical,,face facial,literal,clean,
1867-02,65,CET-4,face,facial,facial,derived,,face facial,literal,clean,
1868-01,65,CET-6,facet,facet,facet,canonical,,facet,literal,clean,
1869-01,65,CET-4,facility,facility,facility,canonical,,facility facilitate facilitation,literal,clean,
1869-02,65,CET-4,facility,facilitate,facilitate,derived,,facility facilitate facilitation,literal,clean,
1869-03,65,CET-4,facility,facilitation,facilitation,derived,,facility facilitate facilitation,literal,clean,
1870-01,65,CET-4,fact,fact,fact,canonical,,fact factual,literal,clean,
1870-02,65,CET-4,fact,factual,factual,derived,,fact factual,literal,clean,
1871-01,65,CET-6,faction,faction,faction,canonical,,faction,literal,clean,
1872-01,65,CET-4,factor,factor,factor,canonical,,factor,literal,clean,
1873-01,65,CET-4,factory,factory,factory,canonical,,factory,literal,clean,
1874-01,65,CET-4,faculty,faculty,faculty,canonical,,faculty,literal,clean,
1875-01,65,CET-4,fade,fade,fade,canonical,,fade,literal,clean,
1876-01,65,CET-4,fail,fail,fail,canonical,,fail failure,literal,clean,
1876-02,65,CET-4,fail,failure,failure,derived,,fail failure,literal,clean,
1877-01,65,CET-4,faint,faint,faint,canonical,,faint,literal,clean,
1878-01,65,CET-4,fair,fair,fair,canonical,1,fair１,literal,spot_check,同形异义编号已移至 sense_number
1879-01,65,CET-4,fair,fair,fair,canonical,2,fair２,literal,spot_check,同形异义编号已移至 sense_number
1880-01,65,CET-4,fairy,fairy,fairy,canonical,,fairy,literal,clean,
1881-01,65,CET-4,faith,faith,faith,canonical,,faith faithful,literal,clean,
1881-02,65,CET-4,faith,faithful,faithful,derived,,faith faithful,literal,clean,
1882-01,65,CET-4,fake,fake,fake,canonical,,fake,literal,clean,
1883-01,65,CET-4,fall,fall,fall,canonical,1,fall１,literal,spot_check,同形异义编号已移至 sense_number
1884-01,65,CET-4,fall,fall,fall,canonical,2,fall２,literal,spot_check,同形异义编号已移至 sense_number
1885-01,65,CET-4,false,false,false,canonical,,false falsehood,literal,clean,
1885-02,65,CET-4,false,falsehood,falsehood,derived,,false falsehood,literal,clean,
1886-01,65,CET-4,fame,fame,fame,canonical,,fame famous,literal,clean,
1886-02,65,CET-4,fame,famous,famous,derived,,fame famous,literal,clean,
1887-01,65,CET-4,familiar,familiar,familiar,canonical,,familiar familiarity familiarize/Ｇise,literal,spot_check,PDF 连字符/共享词尾字形已恢复
1887-02,65,CET-4,familiar,familiarity,familiarity,derived,,familiar familiarity familiarize/Ｇise,literal,spot_check,PDF 连字符/共享词尾字形已恢复
1887-03,65,CET-4,familiar,familiarize,familiarize,derived,,familiar familiarity familiarize/Ｇise,literal,spot_check,PDF 连字符/共享词尾字形已恢复
1887-04,65,CET-4,familiar,familiarise,familiarise,derived_variant,,familiar familiarity familiarize/Ｇise,shared_suffix:-ise,spot_check,共享词尾替换；PDF 连字符/共享词尾字形已恢复
1888-01,65,CET-4,family,family,family,canonical,,family,literal,clean,
1889-01,65,CET-4,famine,famine,famine,canonical,,famine,literal,clean,
1890-01,65,CET-4,fan,fan,fan,canonical,,fan,literal,clean,
1891-01,66,CET-4,fancy,fancy,fancy,canonical,,fancy,literal,clean,
1892-01,66,CET-4,fantasy,fantasy,fantasy,canonical,,fantasy fantastic,literal,clean,
1892-02,66,CET-4,fantasy,fantastic,fantastic,derived,,fantasy fantastic,literal,clean,
1893-01,66,CET-4,far,far,far,canonical,,far,literal,clean,
1894-01,66,CET-4,fare,fare,fare,canonical,,fare,literal,clean,
1895-01,66,CET-4,farewell,farewell,farewell,canonical,,farewell,literal,clean,
1896-01,66,CET-4,farm,farm,farm,canonical,,farm farmer farming,literal,clean,
1896-02,66,CET-4,farm,farmer,farmer,derived,,farm farmer farming,literal,clean,
1896-03,66,CET-4,farm,farming,farming,derived,,farm farmer farming,literal,clean,
1897-01,66,CET-4,farther,farther,farther,canonical,,farther,literal,clean,
1898-01,66,CET-4,fascinate,fascinate,fascinate,canonical,,fascinate fascinating fascination,literal,clean,
1898-02,66,CET-4,fascinate,fascinating,fascinating,derived,,fascinate fascinating fascination,literal,clean,
1898-03,66,CET-4,fascinate,fascination,fascination,derived,,fascinate fascinating fascination,literal,clean,
1899-01,66,CET-6,fascist,fascist,fascist,canonical,,fascist fascism,literal,clean,
1899-02,66,CET-6,fascist,fascism,fascism,derived,,fascist fascism,literal,clean,
1900-01,66,CET-4,fashion,fashion,fashion,canonical,,fashion fashionable,literal,clean,
1900-02,66,CET-4,fashion,fashionable,fashionable,derived,,fashion fashionable,literal,clean,
1901-01,66,CET-4,fast,fast,fast,canonical,,fast,literal,clean,
1902-01,66,CET-4,fasten,fasten,fasten,canonical,,fasten,literal,clean,
1903-01,66,CET-4,fat,fat,fat,canonical,,fat,literal,clean,
1904-01,66,CET-4,fatal,fatal,fatal,canonical,,fatal fatality,literal,clean,
1904-02,66,CET-4,fatal,fatality,fatality,derived,,fatal fatality,literal,clean,
1905-01,66,CET-4,fate,fate,fate,canonical,,fate,literal,clean,
1906-01,66,CET-4,father,father,father,canonical,,father fatherly,literal,clean,
1906-02,66,CET-4,father,fatherly,fatherly,derived,,father fatherly,literal,clean,
1907-01,66,CET-4,fatigue,fatigue,fatigue,canonical,,fatigue,literal,clean,
1908-01,66,CET-4,fault,fault,fault,canonical,,fault faulty,literal,clean,
1908-02,66,CET-4,fault,faulty,faulty,derived,,fault faulty,literal,clean,
1909-01,66,CET-4,favor,favor,favor,canonical,,favo(u)r favo(u)rable favo(u)rite,optional_omitted,spot_check,括号可选拼写
1909-02,66,CET-4,favor,favour,favour,canonical_variant,,favo(u)r favo(u)rable favo(u)rite,optional_included,spot_check,括号可选拼写
1909-03,66,CET-4,favor,favorable,favorable,derived,,favo(u)r favo(u)rable favo(u)rite,optional_omitted,spot_check,括号可选拼写
1909-04,66,CET-4,favor,favourable,favourable,derived_variant,,favo(u)r favo(u)rable favo(u)rite,optional_included,spot_check,括号可选拼写
1909-05,66,CET-4,favor,favorite,favorite,derived,,favo(u)r favo(u)rable favo(u)rite,optional_omitted,spot_check,括号可选拼写
1909-06,66,CET-4,favor,favourite,favourite,derived_variant,,favo(u)r favo(u)rable favo(u)rite,optional_included,spot_check,括号可选拼写
1910-01,66,CET-4,fax,fax,fax,canonical,,fax,literal,clean,
1911-01,66,CET-4,fear,fear,fear,canonical,,fear fearful,literal,clean,
1911-02,66,CET-4,fear,fearful,fearful,derived,,fear fearful,literal,clean,
1912-01,66,CET-4,feasible,feasible,feasible,canonical,,feasible feasibility,literal,clean,
1912-02,66,CET-4,feasible,feasibility,feasibility,derived,,feasible feasibility,literal,clean,
1913-01,66,CET-6,feast,feast,feast,canonical,,feast,literal,clean,
1914-01,66,CET-6,feat,feat,feat,canonical,,feat,literal,clean,
1915-01,66,CET-4,feather,feather,feather,canonical,,feather,literal,clean,
1916-01,66,CET-4,feature,feature,feature,canonical,,feature,literal,clean,
1917-01,66,CET-4,february,february,February,canonical,,February,literal,clean,
1918-01,66,CET-4,federal,federal,federal,canonical,,federal,literal,clean,
1919-01,66,CET-4,federation,federation,federation,canonical,,federation,literal,clean,
1920-01,66,CET-4,fee,fee,fee,canonical,,fee,literal,clean,
1921-01,66,CET-6,feeble,feeble,feeble,canonical,,feeble,literal,clean,
1922-01,66,CET-4,feed,feed,feed,canonical,,feed,literal,clean,
1923-01,66,CET-4,feedback,feedback,feedback,canonical,,feedback,literal,clean,
1924-01,66,CET-4,feel,feel,feel,canonical,,feel feeling,literal,clean,
1924-02,66,CET-4,feel,feeling,feeling,derived,,feel feeling,literal,clean,
1925-01,66,CET-4,fellow,fellow,fellow,canonical,,fellow fellowship,literal,clean,
1925-02,66,CET-4,fellow,fellowship,fellowship,derived,,fellow fellowship,literal,clean,
1926-01,66,CET-4,female,female,female,canonical,,female,literal,clean,
1927-01,66,CET-6,feminine,feminine,feminine,canonical,,feminine feminism feminist,literal,clean,
1927-02,66,CET-6,feminine,feminism,feminism,derived,,feminine feminism feminist,literal,clean,
1927-03,66,CET-6,feminine,feminist,feminist,derived,,feminine feminism feminist,literal,clean,
1928-01,66,CET-4,fence,fence,fence,canonical,,fence,literal,clean,
1929-01,66,CET-4,ferry,ferry,ferry,canonical,,ferry,literal,clean,
1930-01,66,CET-4,fertile,fertile,fertile,canonical,,fertile fertility fertilizer/Ｇiser,literal,spot_check,PDF 连字符/共享词尾字形已恢复
1930-02,66,CET-4,fertile,fertility,fertility,derived,,fertile fertility fertilizer/Ｇiser,literal,spot_check,PDF 连字符/共享词尾字形已恢复
1930-03,66,CET-4,fertile,fertilizer,fertilizer,derived,,fertile fertility fertilizer/Ｇiser,literal,spot_check,PDF 连字符/共享词尾字形已恢复
1930-04,66,CET-4,fertile,fertiliser,fertiliser,derived_variant,,fertile fertility fertilizer/Ｇiser,shared_suffix:-iser,spot_check,共享词尾替换；PDF 连字符/共享词尾字形已恢复
1931-01,66,CET-4,festival,festival,festival,canonical,,festival,literal,clean,
1932-01,66,CET-4,fetch,fetch,fetch,canonical,,fetch,literal,clean,
1933-01,67,CET-4,fever,fever,fever,canonical,,fever feverish,literal,clean,
1933-02,67,CET-4,fever,feverish,feverish,derived,,fever feverish,literal,clean,
1934-01,67,CET-4,few,few,few,canonical,,few,literal,clean,
1935-01,67,CET-4,fiber,fiber,fiber,canonical,,fiber/Ｇbre,literal,spot_check,PDF 连字符/共享词尾字形已恢复
1935-02,67,CET-4,fiber,fibre,fibre,canonical_variant,,fiber/Ｇbre,shared_suffix:-bre,spot_check,共享词尾替换；PDF 连字符/共享词尾字形已恢复
1936-01,67,CET-4,fiction,fiction,fiction,canonical,,fiction fictional,literal,clean,
1936-02,67,CET-4,fiction,fictional,fictional,derived,,fiction fictional,literal,clean,
1937-01,67,CET-4,field,field,field,canonical,,field,literal,clean,
1938-01,67,CET-4,fierce,fierce,fierce,canonical,,fierce,literal,clean,
1939-01,67,CET-4,fifteen,fifteen,fifteen,canonical,,fifteen,literal,clean,
1940-01,67,CET-4,fifth,fifth,fifth,canonical,,fifth,literal,clean,
1941-01,67,CET-4,fifty,fifty,fifty,canonical,,fifty,literal,clean,
1942-01,67,CET-4,fight,fight,fight,canonical,,fight,literal,clean,
1943-01,67,CET-4,figure,figure,figure,canonical,,figure figurative,literal,clean,
1943-02,67,CET-4,figure,figurative,figurative,derived,,figure figurative,literal,clean,
1944-01,67,CET-4,file,file,file,canonical,,file,literal,clean,
1945-01,67,CET-4,fill,fill,fill,canonical,,fill filling,literal,clean,
1945-02,67,CET-4,fill,filling,filling,derived,,fill filling,literal,clean,
1946-01,67,CET-4,film,film,film,canonical,,film,literal,clean,
1947-01,67,CET-4,filter,filter,filter,canonical,,filter,literal,clean,
1948-01,67,CET-4,final,final,final,canonical,,final finally finalize/Ｇise,literal,spot_check,PDF 连字符/共享词尾字形已恢复
1948-02,67,CET-4,final,finally,finally,derived,,final finally finalize/Ｇise,literal,spot_check,PDF 连字符/共享词尾字形已恢复
1948-03,67,CET-4,final,finalize,finalize,derived,,final finally finalize/Ｇise,literal,spot_check,PDF 连字符/共享词尾字形已恢复
1948-04,67,CET-4,final,finalise,finalise,derived_variant,,final finally finalize/Ｇise,shared_suffix:-ise,spot_check,共享词尾替换；PDF 连字符/共享词尾字形已恢复
1949-01,67,CET-4,finance,finance,finance,canonical,,finance financial,literal,clean,
1949-02,67,CET-4,finance,financial,financial,derived,,finance financial,literal,clean,
1950-01,67,CET-4,find,find,find,canonical,,find finding,literal,clean,
1950-02,67,CET-4,find,finding,finding,derived,,find finding,literal,clean,
1951-01,67,CET-4,fine,fine,fine,canonical,1,fine１,literal,spot_check,同形异义编号已移至 sense_number
1952-01,67,CET-4,fine,fine,fine,canonical,2,fine２,literal,spot_check,同形异义编号已移至 sense_number
1953-01,67,CET-4,finger,finger,finger,canonical,,finger,literal,clean,
1954-01,67,CET-4,fingerprint,fingerprint,fingerprint,canonical,,fingerprint,literal,clean,
1955-01,67,CET-4,finish,finish,finish,canonical,,finish,literal,clean,
1956-01,67,CET-6,finite,finite,finite,canonical,,finite,literal,clean,
1957-01,67,CET-4,fire,fire,fire,canonical,,fire,literal,clean,
1958-01,67,CET-4,fireman,fireman,fireman,canonical,,fireman,literal,clean,
1959-01,67,CET-4,fireplace,fireplace,fireplace,canonical,,fireplace,literal,clean,
1960-01,67,CET-4,fireworks,fireworks,fireworks,canonical,,fireworks,literal,clean,
1961-01,67,CET-4,firm,firm,firm,canonical,1,firm１,literal,spot_check,同形异义编号已移至 sense_number
1962-01,67,CET-4,firm,firm,firm,canonical,2,firm２,literal,spot_check,同形异义编号已移至 sense_number
1963-01,67,CET-4,first,first,first,canonical,,first firstly,literal,clean,
1963-02,67,CET-4,first,firstly,firstly,derived,,first firstly,literal,clean,
1964-01,67,CET-6,fiscal,fiscal,fiscal,canonical,,fiscal,literal,clean,
1965-01,67,CET-4,fish,fish,fish,canonical,,fish fishing fisherman,literal,clean,
1965-02,67,CET-4,fish,fishing,fishing,derived,,fish fishing fisherman,literal,clean,
1965-03,67,CET-4,fish,fisherman,fisherman,derived,,fish fishing fisherman,literal,clean,
1966-01,67,CET-4,fist,fist,fist,canonical,,fist,literal,clean,
1967-01,67,CET-4,fit,fit,fit,canonical,,fit,literal,clean,
1968-01,67,CET-4,five,five,five,canonical,,five,literal,clean,
1969-01,67,CET-4,fix,fix,fix,canonical,,fix fixed fixture fixation,literal,clean,
1969-02,67,CET-4,fix,fixed,fixed,derived,,fix fixed fixture fixation,literal,clean,
1969-03,67,CET-4,fix,fixture,fixture,derived,,fix fixed fixture fixation,literal,clean,
1969-04,67,CET-4,fix,fixation,fixation,derived,,fix fixed fixture fixation,literal,clean,
1970-01,67,CET-4,flag,flag,flag,canonical,,flag,literal,clean,
1971-01,67,CET-4,flame,flame,flame,canonical,,flame,literal,clean,
1972-01,67,CET-6,flank,flank,flank,canonical,,flank,literal,clean,
1973-01,67,CET-6,flap,flap,flap,canonical,,flap,literal,clean,
1974-01,67,CET-6,flare,flare,flare,canonical,,flare,literal,clean,
1975-01,68,CET-4,flash,flash,flash,canonical,,flash,literal,clean,
1976-01,68,CET-4,flat,flat,flat,canonical,1,flat１,literal,spot_check,同形异义编号已移至 sense_number
1977-01,68,CET-4,flat,flat,flat,canonical,2,flat２,literal,spot_check,同形异义编号已移至 sense_number
1978-01,68,CET-6,flatter,flatter,flatter,canonical,,flatter flattery,literal,clean,
1978-02,68,CET-6,flatter,flattery,flattery,derived,,flatter flattery,literal,clean,
1979-01,68,CET-4,flavor,flavor,flavor,canonical,,flavo(u)r,optional_omitted,spot_check,括号可选拼写
1979-02,68,CET-4,flavor,flavour,flavour,canonical_variant,,flavo(u)r,optional_included,spot_check,括号可选拼写
1980-01,68,CET-4,flaw,flaw,flaw,canonical,,flaw flawless,literal,clean,
1980-02,68,CET-4,flaw,flawless,flawless,derived,,flaw flawless,literal,clean,
1981-01,68,CET-4,flee,flee,flee,canonical,,flee,literal,clean,
1982-01,68,CET-4,fleet,fleet,fleet,canonical,,fleet,literal,clean,
1983-01,68,CET-4,flesh,flesh,flesh,canonical,,flesh,literal,clean,
1984-01,68,CET-4,flexible,flexible,flexible,canonical,,flexible flexibility,literal,clean,
1984-02,68,CET-4,flexible,flexibility,flexibility,derived,,flexible flexibility,literal,clean,
1985-01,68,CET-6,fling,fling,fling,canonical,,fling,literal,clean,
1986-01,68,CET-6,flip,flip,flip,canonical,,flip,literal,clean,
1987-01,68,CET-6,flirt,flirt,flirt,canonical,,flirt flirtation,literal,clean,
1987-02,68,CET-6,flirt,flirtation,flirtation,derived,,flirt flirtation,literal,clean,
1988-01,68,CET-4,float,float,float,canonical,,float,literal,clean,
1989-01,68,CET-4,flock,flock,flock,canonical,,flock,literal,clean,
1990-01,68,CET-4,flood,flood,flood,canonical,,flood,literal,clean,
1991-01,68,CET-4,floor,floor,floor,canonical,,floor,literal,clean,
1992-01,68,CET-4,flour,flour,flour,canonical,,flour,literal,clean,
1993-01,68,CET-4,flourish,flourish,flourish,canonical,,flourish,literal,clean,
1994-01,68,CET-4,flow,flow,flow,canonical,,flow,literal,clean,
1995-01,68,CET-4,flower,flower,flower,canonical,,flower,literal,clean,
1996-01,68,CET-4,fluctuate,fluctuate,fluctuate,canonical,,fluctuate fluctuation,literal,clean,
1996-02,68,CET-4,fluctuate,fluctuation,fluctuation,derived,,fluctuate fluctuation,literal,clean,
1997-01,68,CET-4,fluent,fluent,fluent,canonical,,fluent fluency,literal,clean,
1997-02,68,CET-4,fluent,fluency,fluency,derived,,fluent fluency,literal,clean,
1998-01,68,CET-4,fluid,fluid,fluid,canonical,,fluid,literal,clean,
1999-01,68,CET-6,flush,flush,flush,canonical,,flush,literal,clean,
2000-01,68,CET-6,flutter,flutter,flutter,canonical,,flutter,literal,clean,
2001-01,68,CET-4,fly,fly,fly,canonical,1,fly１,literal,spot_check,同形异义编号已移至 sense_number
2002-01,68,CET-4,fly,fly,fly,canonical,2,fly２,literal,spot_check,同形异义编号已移至 sense_number
2003-01,68,CET-6,foam,foam,foam,canonical,,foam,literal,clean,
2004-01,68,CET-4,focus,focus,focus,canonical,,focus,literal,clean,
2005-01,68,CET-6,foe,foe,foe,canonical,,foe,literal,clean,
2006-01,68,CET-4,fog,fog,fog,canonical,,fog foggy,literal,clean,
2006-02,68,CET-4,fog,foggy,foggy,derived,,fog foggy,literal,clean,
2007-01,68,CET-6,foil,foil,foil,canonical,,foil,literal,clean,
2008-01,68,CET-4,fold,fold,fold,canonical,,fold,literal,clean,
2009-01,68,CET-4,folk,folk,folk,canonical,,folk,literal,clean,
2010-01,68,CET-6,folklore,folklore,folklore,canonical,,folklore,literal,clean,
2011-01,68,CET-4,follow,follow,follow,canonical,,follow following,literal,clean,
2011-02,68,CET-4,follow,following,following,derived,,follow following,literal,clean,
2012-01,68,CET-4,fond,fond,fond,canonical,,fond,literal,clean,
2013-01,68,CET-4,food,food,food,canonical,,food,literal,clean,
2014-01,68,CET-4,fool,fool,fool,canonical,,fool foolish,literal,clean,
2014-02,68,CET-4,fool,foolish,foolish,derived,,fool foolish,literal,clean,
2015-01,68,CET-4,foot,foot,foot,canonical,,foot,literal,clean,
2016-01,68,CET-4,football,football,football,canonical,,football,literal,clean,
2017-01,69,CET-4,footprint,footprint,footprint,canonical,,footprint,literal,clean,
2018-01,69,CET-4,for,for,for,canonical,,for,literal,clean,
2019-01,69,CET-4,forbid,forbid,forbid,canonical,,forbid,literal,clean,
2020-01,69,CET-4,force,force,force,canonical,,force forceful,literal,clean,
2020-02,69,CET-4,force,forceful,forceful,derived,,force forceful,literal,clean,
2021-01,69,CET-4,forecast,forecast,forecast,canonical,,forecast,literal,clean,
2022-01,69,CET-4,forehead,forehead,forehead,canonical,,forehead,literal,clean,
2023-01,69,CET-4,foreign,foreign,foreign,canonical,,foreign foreigner,literal,clean,
2023-02,69,CET-4,foreign,foreigner,foreigner,derived,,foreign foreigner,literal,clean,
2024-01,69,CET-4,foremost,foremost,foremost,canonical,,foremost,literal,clean,
2025-01,69,CET-4,foresee,foresee,foresee,canonical,,foresee foreseeable,literal,clean,
2025-02,69,CET-4,foresee,foreseeable,foreseeable,derived,,foresee foreseeable,literal,clean,
2026-01,69,CET-4,foresight,foresight,foresight,canonical,,foresight,literal,clean,
2027-01,69,CET-4,forest,forest,forest,canonical,,forest forestry,literal,clean,
2027-02,69,CET-4,forest,forestry,forestry,derived,,forest forestry,literal,clean,
2028-01,69,CET-6,foretell,foretell,foretell,canonical,,foretell,literal,clean,
2029-01,69,CET-4,forever,forever,forever,canonical,,forever,literal,clean,
2030-01,69,CET-6,forfeit,forfeit,forfeit,canonical,,forfeit,literal,clean,
2031-01,69,CET-4,forge,forge,forge,canonical,,forge forgery,literal,clean,
2031-02,69,CET-4,forge,forgery,forgery,derived,,forge forgery,literal,clean,
2032-01,69,CET-4,forget,forget,forget,canonical,,forget forgetful forgettable,literal,clean,
2032-02,69,CET-4,forget,forgetful,forgetful,derived,,forget forgetful forgettable,literal,clean,
2032-03,69,CET-4,forget,forgettable,forgettable,derived,,forget forgetful forgettable,literal,clean,
2033-01,69,CET-4,forgive,forgive,forgive,canonical,,forgive forgiving,literal,clean,
2033-02,69,CET-4,forgive,forgiving,forgiving,derived,,forgive forgiving,literal,clean,
2034-01,69,CET-4,fork,fork,fork,canonical,,fork,literal,clean,
2035-01,69,CET-4,form,form,form,canonical,,form formation,literal,clean,
2035-02,69,CET-4,form,formation,formation,derived,,form formation,literal,clean,
2036-01,69,CET-4,formal,formal,formal,canonical,,formal formality,literal,clean,
2036-02,69,CET-4,formal,formality,formality,derived,,formal formality,literal,clean,
2037-01,69,CET-4,format,format,format,canonical,,format,literal,clean,
2038-01,69,CET-4,former,former,former,canonical,,former,literal,clean,
2039-01,69,CET-6,formidable,formidable,formidable,canonical,,formidable,literal,clean,
2040-01,69,CET-4,formula,formula,formula,canonical,,formula,literal,clean,
2041-01,69,CET-4,formulate,formulate,formulate,canonical,,formulate formulation,literal,clean,
2041-02,69,CET-4,formulate,formulation,formulation,derived,,formulate formulation,literal,clean,
2042-01,69,CET-6,fort,fort,fort,canonical,,fort,literal,clean,
2043-01,69,CET-4,forth,forth,forth,canonical,,forth,literal,clean,
2044-01,69,CET-4,forthcoming,forthcoming,forthcoming,canonical,,forthcoming,literal,clean,
2045-01,69,CET-6,fortify,fortify,fortify,canonical,,fortify fortification,literal,clean,
2045-02,69,CET-6,fortify,fortification,fortification,derived,,fortify fortification,literal,clean,
2046-01,69,CET-6,fortnight,fortnight,fortnight,canonical,,fortnight,literal,clean,
2047-01,69,CET-4,fortune,fortune,fortune,canonical,,fortune fortunate,literal,clean,
2047-02,69,CET-4,fortune,fortunate,fortunate,derived,,fortune fortunate,literal,clean,
2048-01,69,CET-4,forty,forty,forty,canonical,,forty,literal,clean,
2049-01,69,CET-4,forum,forum,forum,canonical,,forum,literal,clean,
2050-01,69,CET-4,forward,forward,forward,canonical,,forward,literal,clean,
2051-01,69,CET-4,fossil,fossil,fossil,canonical,,fossil,literal,clean,
2052-01,69,CET-6,foster,foster,foster,canonical,,foster,literal,clean,
2053-01,69,CET-6,foul,foul,foul,canonical,,foul,literal,clean,
2054-01,69,CET-4,found,found,found,canonical,,found founding founder,literal,clean,
2054-02,69,CET-4,found,founding,founding,derived,,found founding founder,literal,clean,
2054-03,69,CET-4,found,founder,founder,derived,,found founding founder,literal,clean,
2055-01,69,CET-4,foundation,foundation,foundation,canonical,,foundation,literal,clean,
2056-01,69,CET-4,fountain,fountain,fountain,canonical,,fountain,literal,clean,
2057-01,69,CET-4,four,four,four,canonical,,four,literal,clean,
2058-01,69,CET-4,fourteen,fourteen,fourteen,canonical,,fourteen,literal,clean,
2059-01,70,CET-4,fox,fox,fox,canonical,,fox,literal,clean,
2060-01,70,CET-4,fraction,fraction,fraction,canonical,,fraction,literal,clean,
2061-01,70,CET-6,fracture,fracture,fracture,canonical,,fracture,literal,clean,
2062-01,70,CET-6,fragile,fragile,fragile,canonical,,fragile fragility,literal,clean,
2062-02,70,CET-6,fragile,fragility,fragility,derived,,fragile fragility,literal,clean,
2063-01,70,CET-4,fragment,fragment,fragment,canonical,,fragment fragmentation fragmentary,literal,clean,
2063-02,70,CET-4,fragment,fragmentation,fragmentation,derived,,fragment fragmentation fragmentary,literal,clean,
2063-03,70,CET-4,fragment,fragmentary,fragmentary,derived,,fragment fragmentation fragmentary,literal,clean,
2064-01,70,CET-6,fragrant,fragrant,fragrant,canonical,,fragrant fragrance,literal,clean,
2064-02,70,CET-6,fragrant,fragrance,fragrance,derived,,fragrant fragrance,literal,clean,
2065-01,70,CET-4,frame,frame,frame,canonical,,frame,literal,clean,
2066-01,70,CET-4,framework,framework,framework,canonical,,framework,literal,clean,
2067-01,70,CET-6,franchise,franchise,franchise,canonical,,franchise,literal,clean,
2068-01,70,CET-4,frank,frank,frank,canonical,,frank,literal,clean,
2069-01,70,CET-6,frantic,frantic,frantic,canonical,,frantic frantically,literal,clean,
2069-02,70,CET-6,frantic,frantically,frantically,derived,,frantic frantically,literal,clean,
2070-01,70,CET-6,fraud,fraud,fraud,canonical,,fraud fraudulent,literal,clean,
2070-02,70,CET-6,fraud,fraudulent,fraudulent,derived,,fraud fraudulent,literal,clean,
2071-01,70,CET-4,free,free,free,canonical,,free freedom,literal,clean,
2071-02,70,CET-4,free,freedom,freedom,derived,,free freedom,literal,clean,
2072-01,70,CET-4,freeway,freeway,freeway,canonical,,freeway,literal,clean,
2073-01,70,CET-4,freeze,freeze,freeze,canonical,,freeze,literal,clean,
2074-01,70,CET-4,freight,freight,freight,canonical,,freight,literal,clean,
2075-01,70,CET-4,frequent,frequent,frequent,canonical,,frequent frequency,literal,clean,
2075-02,70,CET-4,frequent,frequency,frequency,derived,,frequent frequency,literal,clean,
2076-01,70,CET-4,fresh,fresh,fresh,canonical,,fresh,literal,clean,
2077-01,70,CET-4,freshman,freshman,freshman,canonical,,freshman,literal,clean,
2078-01,70,CET-6,friction,friction,friction,canonical,,friction,literal,clean,
2079-01,70,CET-4,friday,friday,Friday,canonical,,Friday,literal,clean,
2080-01,70,CET-4,friend,friend,friend,canonical,,friend friendly friendship,literal,clean,
2080-02,70,CET-4,friend,friendly,friendly,derived,,friend friendly friendship,literal,clean,
2080-03,70,CET-4,friend,friendship,friendship,derived,,friend friendly friendship,literal,clean,
2081-01,70,CET-4,fright,fright,fright,canonical,,fright frighten,literal,clean,
2081-02,70,CET-4,fright,frighten,frighten,derived,,fright frighten,literal,clean,
2082-01,70,CET-6,fringe,fringe,fringe,canonical,,fringe,literal,clean,
2083-01,70,CET-4,frog,frog,frog,canonical,,frog,literal,clean,
2084-01,70,CET-4,from,from,from,canonical,,from,literal,clean,
2085-01,70,CET-4,front,front,front,canonical,,front,literal,clean,
2086-01,70,CET-4,frontier,frontier,frontier,canonical,,frontier,literal,clean,
2087-01,70,CET-4,frost,frost,frost,canonical,,frost frosty,literal,clean,
2087-02,70,CET-4,frost,frosty,frosty,derived,,frost frosty,literal,clean,
2088-01,70,CET-6,frown,frown,frown,canonical,,frown,literal,clean,
2089-01,70,CET-4,fruit,fruit,fruit,canonical,,fruit fruitful,literal,clean,
2089-02,70,CET-4,fruit,fruitful,fruitful,derived,,fruit fruitful,literal,clean,
2090-01,70,CET-4,frustrate,frustrate,frustrate,canonical,,frustrate frustration frustrating,literal,clean,
2090-02,70,CET-4,frustrate,frustration,frustration,derived,,frustrate frustration frustrating,literal,clean,
2090-03,70,CET-4,frustrate,frustrating,frustrating,derived,,frustrate frustration frustrating,literal,clean,
2091-01,70,CET-4,fry,fry,fry,canonical,,fry,literal,clean,
2092-01,70,CET-4,fuck,fuck,fuck,canonical,,fuck,literal,clean,
2093-01,70,CET-4,fuel,fuel,fuel,canonical,,fuel,literal,clean,
2094-01,70,CET-4,fulfil,fulfil,fulfil,canonical,,fulfil(l) fulfil(l)ment,optional_omitted,spot_check,括号可选拼写
2094-02,70,CET-4,fulfil,fulfill,fulfill,canonical_variant,,fulfil(l) fulfil(l)ment,optional_included,spot_check,括号可选拼写
2094-03,70,CET-4,fulfil,fulfilment,fulfilment,derived,,fulfil(l) fulfil(l)ment,optional_omitted,spot_check,括号可选拼写
2094-04,70,CET-4,fulfil,fulfillment,fulfillment,derived_variant,,fulfil(l) fulfil(l)ment,optional_included,spot_check,括号可选拼写
2095-01,70,CET-4,full,full,full,canonical,,full,literal,clean,
2096-01,70,CET-4,fun,fun,fun,canonical,,fun funny,literal,clean,
2096-02,70,CET-4,fun,funny,funny,derived,,fun funny,literal,clean,
2097-01,70,CET-4,function,function,function,canonical,,function functional,literal,clean,
2097-02,70,CET-4,function,functional,functional,derived,,function functional,literal,clean,
2098-01,70,CET-4,fund,fund,fund,canonical,,fund funding,literal,clean,
2098-02,70,CET-4,fund,funding,funding,derived,,fund funding,literal,clean,
2099-01,70,CET-4,fundamental,fundamental,fundamental,canonical,,fundamental,literal,clean,
2100-01,70,CET-4,funeral,funeral,funeral,canonical,,funeral,literal,clean,
2101-01,71,CET-4,fur,fur,fur,canonical,,fur,literal,clean,
2102-01,71,CET-4,furnace,furnace,furnace,canonical,,furnace,literal,clean,
2103-01,71,CET-4,furnish,furnish,furnish,canonical,,furnish,literal,clean,
2104-01,71,CET-4,furniture,furniture,furniture,canonical,,furniture,literal,clean,
2105-01,71,CET-4,further,further,further,canonical,,further,literal,clean,
2106-01,71,CET-4,furthermore,furthermore,furthermore,canonical,,furthermore,literal,clean,
2107-01,71,CET-6,fury,fury,fury,canonical,,fury furious,literal,clean,
2107-02,71,CET-6,fury,furious,furious,derived,,fury furious,literal,clean,
2108-01,71,CET-6,fuse,fuse,fuse,canonical,,fuse,literal,clean,
2109-01,71,CET-6,fusion,fusion,fusion,canonical,,fusion,literal,clean,
2110-01,71,CET-4,fuss,fuss,fuss,canonical,,fuss,literal,clean,
2111-01,71,CET-6,futile,futile,futile,canonical,,futile futility,literal,clean,
2111-02,71,CET-6,futile,futility,futility,derived,,futile futility,literal,clean,
2112-01,71,CET-4,future,future,future,canonical,,future,literal,clean,
2113-01,71,CET-4,gadget,gadget,gadget,canonical,,gadget gadgetry,literal,clean,
2113-02,71,CET-4,gadget,gadgetry,gadgetry,derived,,gadget gadgetry,literal,clean,
2114-01,71,CET-4,gain,gain,gain,canonical,,gain,literal,clean,
2115-01,71,CET-6,galaxy,galaxy,galaxy,canonical,,galaxy,literal,clean,
2116-01,71,CET-4,gallery,gallery,gallery,canonical,,gallery,literal,clean,
2117-01,71,CET-4,gallon,gallon,gallon,canonical,,gallon,literal,clean,
2118-01,71,CET-4,gamble,gamble,gamble,canonical,,gamble,literal,clean,
2119-01,71,CET-4,game,game,game,canonical,,game,literal,clean,
2120-01,71,CET-4,gang,gang,gang,canonical,,gang gangster,literal,clean,
2120-02,71,CET-4,gang,gangster,gangster,derived,,gang gangster,literal,clean,
2121-01,71,CET-4,gaol,gaol,gaol,canonical,,gaol,literal,clean,
2122-01,71,CET-4,gap,gap,gap,canonical,,gap,literal,clean,
2123-01,71,CET-4,garage,garage,garage,canonical,,garage,literal,clean,
2124-01,71,CET-4,garbage,garbage,garbage,canonical,,garbage,literal,clean,
2125-01,71,CET-4,garden,garden,garden,canonical,,garden gardener gardening,literal,clean,
2125-02,71,CET-4,garden,gardener,gardener,derived,,garden gardener gardening,literal,clean,
2125-03,71,CET-4,garden,gardening,gardening,derived,,garden gardener gardening,literal,clean,
2126-01,71,CET-6,garlic,garlic,garlic,canonical,,garlic,literal,clean,
2127-01,71,CET-4,garment,garment,garment,canonical,,garment,literal,clean,
2128-01,71,CET-4,gas,gas,gas,canonical,,gas,literal,clean,
2129-01,71,CET-4,gasoline,gasoline,gasoline,canonical,,gasoline/petrol,literal,clean,
2129-02,71,CET-4,gasoline,petrol,petrol,canonical_variant,,gasoline/petrol,slash_alternative:literal,spot_check,斜杠并列形式
2130-01,71,CET-6,gasp,gasp,gasp,canonical,,gasp,literal,clean,
2131-01,71,CET-4,gate,gate,gate,canonical,,gate,literal,clean,
2132-01,71,CET-4,gather,gather,gather,canonical,,gather gathering,literal,clean,
2132-02,71,CET-4,gather,gathering,gathering,derived,,gather gathering,literal,clean,
2133-01,71,CET-6,gauge,gauge,gauge,canonical,,gauge,literal,clean,
2134-01,71,CET-4,gay,gay,gay,canonical,,gay,literal,clean,
2135-01,71,CET-4,gaze,gaze,gaze,canonical,,gaze,literal,clean,
2136-01,71,CET-4,gear,gear,gear,canonical,,gear,literal,clean,
2137-01,71,CET-4,gender,gender,gender,canonical,,gender,literal,clean,
2138-01,71,CET-4,gene,gene,gene,canonical,,gene genetic genetically,literal,clean,
2138-02,71,CET-4,gene,genetic,genetic,derived,,gene genetic genetically,literal,clean,
2138-03,71,CET-4,gene,genetically,genetically,derived,,gene genetic genetically,literal,clean,
2139-01,71,CET-4,general,general,general,canonical,,general generally generalize/Ｇise,literal,spot_check,PDF 连字符/共享词尾字形已恢复
2139-02,71,CET-4,general,generally,generally,derived,,general generally generalize/Ｇise,literal,spot_check,PDF 连字符/共享词尾字形已恢复
2139-03,71,CET-4,general,generalize,generalize,derived,,general generally generalize/Ｇise,literal,spot_check,PDF 连字符/共享词尾字形已恢复
2139-04,71,CET-4,general,generalise,generalise,derived_variant,,general generally generalize/Ｇise,shared_suffix:-ise,spot_check,共享词尾替换；PDF 连字符/共享词尾字形已恢复
2140-01,71,CET-4,generate,generate,generate,canonical,,generate generator,literal,clean,
2140-02,71,CET-4,generate,generator,generator,derived,,generate generator,literal,clean,
2141-01,71,CET-4,generation,generation,generation,canonical,,generation,literal,clean,
2142-01,71,CET-4,generous,generous,generous,canonical,,generous generosity,literal,clean,
2142-02,71,CET-4,generous,generosity,generosity,derived,,generous generosity,literal,clean,
2143-01,72,CET-4,genius,genius,genius,canonical,,genius,literal,clean,
2144-01,72,CET-6,genre,genre,genre,canonical,,genre,literal,clean,
2145-01,72,CET-4,gentle,gentle,gentle,canonical,,gentle,literal,clean,
2146-01,72,CET-4,gentleman,gentleman,gentleman,canonical,,gentleman,literal,clean,
2147-01,72,CET-4,genuine,genuine,genuine,canonical,,genuine,literal,clean,
2148-01,72,CET-4,geography,geography,geography,canonical,,geography geographic geographically,literal,clean,
2148-02,72,CET-4,geography,geographic,geographic,derived,,geography geographic geographically,literal,clean,
2148-03,72,CET-4,geography,geographically,geographically,derived,,geography geographic geographically,literal,clean,
2149-01,72,CET-4,geology,geology,geology,canonical,,geology geological geologically,literal,clean,
2149-02,72,CET-4,geology,geological,geological,derived,,geology geological geologically,literal,clean,
2149-03,72,CET-4,geology,geologically,geologically,derived,,geology geological geologically,literal,clean,
2150-01,72,CET-4,geometry,geometry,geometry,canonical,,geometry geometric geometrically,literal,clean,
2150-02,72,CET-4,geometry,geometric,geometric,derived,,geometry geometric geometrically,literal,clean,
2150-03,72,CET-4,geometry,geometrically,geometrically,derived,,geometry geometric geometrically,literal,clean,
2151-01,72,CET-4,germ,germ,germ,canonical,,germ,literal,clean,
2152-01,72,CET-4,gesture,gesture,gesture,canonical,,gesture,literal,clean,
2153-01,72,CET-4,get,get,get,canonical,,get,literal,clean,
2154-01,72,CET-4,ghost,ghost,ghost,canonical,,ghost,literal,clean,
2155-01,72,CET-4,giant,giant,giant,canonical,,giant gigantic,literal,clean,
2155-02,72,CET-4,giant,gigantic,gigantic,derived,,giant gigantic,literal,clean,
2156-01,72,CET-4,gift,gift,gift,canonical,,gift gifted,literal,clean,
2156-02,72,CET-4,gift,gifted,gifted,derived,,gift gifted,literal,clean,
2157-01,72,CET-6,giggle,giggle,giggle,canonical,,giggle,literal,clean,
2158-01,72,CET-4,girl,girl,girl,canonical,,girl,literal,clean,
2159-01,72,CET-4,give,give,give,canonical,,give,literal,clean,
2160-01,72,CET-4,given,given,given,canonical,,given,literal,clean,
2161-01,72,CET-6,glacier,glacier,glacier,canonical,,glacier,literal,clean,
2162-01,72,CET-4,glad,glad,glad,canonical,,glad,literal,clean,
2163-01,72,CET-6,glamor,glamor,glamor,canonical,,glamo(u)r glamo(u)rous,optional_omitted,spot_check,括号可选拼写
2163-02,72,CET-6,glamor,glamour,glamour,canonical_variant,,glamo(u)r glamo(u)rous,optional_included,spot_check,括号可选拼写
2163-03,72,CET-6,glamor,glamorous,glamorous,derived,,glamo(u)r glamo(u)rous,optional_omitted,spot_check,括号可选拼写
2163-04,72,CET-6,glamor,glamourous,glamourous,derived_variant,,glamo(u)r glamo(u)rous,optional_included,spot_check,括号可选拼写
2164-01,72,CET-4,glance,glance,glance,canonical,,glance,literal,clean,
2165-01,72,CET-6,gland,gland,gland,canonical,,gland,literal,clean,
2166-01,72,CET-6,glare,glare,glare,canonical,,glare,literal,clean,
2167-01,72,CET-4,glass,glass,glass,canonical,,glass,literal,clean,
2168-01,72,CET-6,gleam,gleam,gleam,canonical,,gleam,literal,clean,
2169-01,72,CET-6,glide,glide,glide,canonical,,glide glider,literal,clean,
2169-02,72,CET-6,glide,glider,glider,derived,,glide glider,literal,clean,
2170-01,72,CET-4,glimpse,glimpse,glimpse,canonical,,glimpse,literal,clean,
2171-01,72,CET-6,glitter,glitter,glitter,canonical,,glitter,literal,clean,
2172-01,72,CET-4,globe,globe,globe,canonical,,globe global globalize/Ｇise,literal,spot_check,PDF 连字符/共享词尾字形已恢复
2172-02,72,CET-4,globe,global,global,derived,,globe global globalize/Ｇise,literal,spot_check,PDF 连字符/共享词尾字形已恢复
2172-03,72,CET-4,globe,globalize,globalize,derived,,globe global globalize/Ｇise,literal,spot_check,PDF 连字符/共享词尾字形已恢复
2172-04,72,CET-4,globe,globalise,globalise,derived_variant,,globe global globalize/Ｇise,shared_suffix:-ise,spot_check,共享词尾替换；PDF 连字符/共享词尾字形已恢复
2173-01,72,CET-4,gloom,gloom,gloom,canonical,,gloom gloomy,literal,clean,
2173-02,72,CET-4,gloom,gloomy,gloomy,derived,,gloom gloomy,literal,clean,
2174-01,72,CET-4,glory,glory,glory,canonical,,glory glorious,literal,clean,
2174-02,72,CET-4,glory,glorious,glorious,derived,,glory glorious,literal,clean,
2175-01,72,CET-6,glossary,glossary,glossary,canonical,,glossary,literal,clean,
2176-01,72,CET-4,glove,glove,glove,canonical,,glove,literal,clean,
2177-01,72,CET-4,glow,glow,glow,canonical,,glow,literal,clean,
2178-01,72,CET-4,glue,glue,glue,canonical,,glue,literal,clean,
2179-01,72,CET-4,go,go,go,canonical,,go,literal,clean,
2180-01,72,CET-4,goal,goal,goal,canonical,,goal,literal,clean,
2181-01,72,CET-4,goat,goat,goat,canonical,,goat,literal,clean,
2182-01,72,CET-4,god,god,god,canonical,,god,literal,clean,
2183-01,72,CET-4,gold,gold,gold,canonical,,gold golden,literal,clean,
2183-02,72,CET-4,gold,golden,golden,derived,,gold golden,literal,clean,
2184-01,72,CET-4,golf,golf,golf,canonical,,golf,literal,clean,
2185-01,73,CET-4,good,good,good,canonical,,good,literal,clean,
2186-01,73,CET-4,goodbye,goodbye,goodbye,canonical,,goodbye,literal,clean,
2187-01,73,CET-4,goodness,goodness,goodness,canonical,,goodness,literal,clean,
2188-01,73,CET-4,goods,goods,goods,canonical,,goods,literal,clean,
2189-01,73,CET-4,goose,goose,goose,canonical,,goose,literal,clean,
2190-01,73,CET-6,gorge,gorge,gorge,canonical,,gorge,literal,clean,
2191-01,73,CET-4,gorgeous,gorgeous,gorgeous,canonical,,gorgeous,literal,clean,
2192-01,73,CET-6,gospel,gospel,gospel,canonical,,gospel,literal,clean,
2193-01,73,CET-4,gossip,gossip,gossip,canonical,,gossip,literal,clean,
2194-01,73,CET-4,govern,govern,govern,canonical,,govern government governor,literal,clean,
2194-02,73,CET-4,govern,government,government,derived,,govern government governor,literal,clean,
2194-03,73,CET-4,govern,governor,governor,derived,,govern government governor,literal,clean,
2195-01,73,CET-4,gown,gown,gown,canonical,,gown,literal,clean,
2196-01,73,CET-4,grab,grab,grab,canonical,,grab,literal,clean,
2197-01,73,CET-4,grace,grace,grace,canonical,,grace graceful gracious,literal,clean,
2197-02,73,CET-4,grace,graceful,graceful,derived,,grace graceful gracious,literal,clean,
2197-03,73,CET-4,grace,gracious,gracious,derived,,grace graceful gracious,literal,clean,
2198-01,73,CET-4,grade,grade,grade,canonical,,grade,literal,clean,
2199-01,73,CET-4,gradual,gradual,gradual,canonical,,gradual gradually,literal,clean,
2199-02,73,CET-4,gradual,gradually,gradually,derived,,gradual gradually,literal,clean,
2200-01,73,CET-4,graduate,graduate,graduate,canonical,,graduate graduation,literal,clean,
2200-02,73,CET-4,graduate,graduation,graduation,derived,,graduate graduation,literal,clean,
2201-01,73,CET-4,grain,grain,grain,canonical,,grain,literal,clean,
2202-01,73,CET-4,gram,gram,gram,canonical,,gram(me),optional_omitted,spot_check,括号可选拼写
2202-02,73,CET-4,gram,gramme,gramme,canonical_variant,,gram(me),optional_included,spot_check,括号可选拼写
2203-01,73,CET-4,grammar,grammar,grammar,canonical,,grammar grammatical,literal,clean,
2203-02,73,CET-4,grammar,grammatical,grammatical,derived,,grammar grammatical,literal,clean,
2204-01,73,CET-4,grand,grand,grand,canonical,,grand,literal,clean,
2205-01,73,CET-4,grandchild,grandchild,grandchild,canonical,,grandchild grandchildren grandson granddaughter,literal,clean,
2205-02,73,CET-4,grandchild,grandchildren,grandchildren,derived,,grandchild grandchildren grandson granddaughter,literal,clean,
2205-03,73,CET-4,grandchild,grandson,grandson,derived,,grandchild grandchildren grandson granddaughter,literal,clean,
2205-04,73,CET-4,grandchild,granddaughter,granddaughter,derived,,grandchild grandchildren grandson granddaughter,literal,clean,
2206-01,73,CET-4,grandparent,grandparent,grandparent,canonical,,grandparent grandfather grandmother,literal,clean,
2206-02,73,CET-4,grandparent,grandfather,grandfather,derived,,grandparent grandfather grandmother,literal,clean,
2206-03,73,CET-4,grandparent,grandmother,grandmother,derived,,grandparent grandfather grandmother,literal,clean,
2207-01,73,CET-4,grant,grant,grant,canonical,,grant granted,literal,clean,
2207-02,73,CET-4,grant,granted,granted,derived,,grant granted,literal,clean,
2208-01,73,CET-4,grape,grape,grape,canonical,,grape,literal,clean,
2209-01,73,CET-4,graph,graph,graph,canonical,,graph graphic graphically,literal,clean,
2209-02,73,CET-4,graph,graphic,graphic,derived,,graph graphic graphically,literal,clean,
2209-03,73,CET-4,graph,graphically,graphically,derived,,graph graphic graphically,literal,clean,
2210-01,73,CET-4,grasp,grasp,grasp,canonical,,grasp,literal,clean,
2211-01,73,CET-4,grass,grass,grass,canonical,,grass grassy,literal,clean,
2211-02,73,CET-4,grass,grassy,grassy,derived,,grass grassy,literal,clean,
2212-01,73,CET-4,grateful,grateful,grateful,canonical,,grateful,literal,clean,
2213-01,73,CET-4,gratitude,gratitude,gratitude,canonical,,gratitude,literal,clean,
2214-01,73,CET-4,grave,grave,grave,canonical,,grave,literal,clean,
2215-01,73,CET-4,gravitation,gravitation,gravitation,canonical,,gravitation,literal,clean,
2216-01,73,CET-4,gravity,gravity,gravity,canonical,,gravity,literal,clean,
2217-01,73,CET-4,gray,gray,gray,canonical,,gray/grey,literal,clean,
2217-02,73,CET-4,gray,grey,grey,canonical_variant,,gray/grey,slash_alternative:literal,spot_check,斜杠并列形式
2218-01,73,CET-6,graze,graze,graze,canonical,,graze,literal,clean,
2219-01,73,CET-6,grease,grease,grease,canonical,,grease greasy,literal,clean,
2219-02,73,CET-6,grease,greasy,greasy,derived,,grease greasy,literal,clean,
2220-01,73,CET-4,great,great,great,canonical,,great,literal,clean,
2221-01,73,CET-6,greed,greed,greed,canonical,,greed greedy,literal,clean,
2221-02,73,CET-6,greed,greedy,greedy,derived,,greed greedy,literal,clean,
2222-01,73,CET-4,green,green,green,canonical,,green,literal,clean,
2223-01,73,CET-4,greenhouse,greenhouse,greenhouse,canonical,,greenhouse,literal,clean,
2224-01,73,CET-4,greet,greet,greet,canonical,,greet greeting,literal,clean,
2224-02,73,CET-4,greet,greeting,greeting,derived,,greet greeting,literal,clean,
2225-01,73,CET-6,grid,grid,grid,canonical,,grid,literal,clean,
2226-01,73,CET-4,grief,grief,grief,canonical,,grief grieve grievous,literal,clean,
2226-02,73,CET-4,grief,grieve,grieve,derived,,grief grieve grievous,literal,clean,
2226-03,73,CET-4,grief,grievous,grievous,derived,,grief grieve grievous,literal,clean,
2227-01,74,CET-6,grill,grill,grill,canonical,,grill,literal,clean,
2228-01,74,CET-6,grim,grim,grim,canonical,,grim,literal,clean,
2229-01,74,CET-4,grin,grin,grin,canonical,,grin,literal,clean,
2230-01,74,CET-4,grind,grind,grind,canonical,,grind,literal,clean,
2231-01,74,CET-4,grip,grip,grip,canonical,,grip,literal,clean,
2232-01,74,CET-6,groan,groan,groan,canonical,,groan,literal,clean,
2233-01,74,CET-4,grocer,grocer,grocer,canonical,,grocer grocery,literal,clean,
2233-02,74,CET-4,grocer,grocery,grocery,derived,,grocer grocery,literal,clean,
2234-01,74,CET-6,groove,groove,groove,canonical,,groove,literal,clean,
2235-01,74,CET-6,grope,grope,grope,canonical,,grope,literal,clean,
2236-01,74,CET-4,gross,gross,gross,canonical,,gross,literal,clean,
2237-01,74,CET-4,ground,ground,ground,canonical,,ground,literal,clean,
2238-01,74,CET-4,group,group,group,canonical,,group,literal,clean,
2239-01,74,CET-4,grow,grow,grow,canonical,,grow growth,literal,clean,
2239-02,74,CET-4,grow,growth,growth,derived,,grow growth,literal,clean,
2240-01,74,CET-4,guarantee,guarantee,guarantee,canonical,,guarantee,literal,clean,
2241-01,74,CET-4,guard,guard,guard,canonical,,guard guardian,literal,clean,
2241-02,74,CET-4,guard,guardian,guardian,derived,,guard guardian,literal,clean,
2242-01,74,CET-4,guess,guess,guess,canonical,,guess,literal,clean,
2243-01,74,CET-4,guest,guest,guest,canonical,,guest,literal,clean,
2244-01,74,CET-4,guide,guide,guide,canonical,,guide guidance,literal,clean,
2244-02,74,CET-4,guide,guidance,guidance,derived,,guide guidance,literal,clean,
2245-01,74,CET-4,guideline,guideline,guideline,canonical,,guideline,literal,clean,
2246-01,74,CET-4,guilt,guilt,guilt,canonical,,guilt guilty,literal,clean,
2246-02,74,CET-4,guilt,guilty,guilty,derived,,guilt guilty,literal,clean,
2247-01,74,CET-4,guitar,guitar,guitar,canonical,,guitar guitarist,literal,clean,
2247-02,74,CET-4,guitar,guitarist,guitarist,derived,,guitar guitarist,literal,clean,
2248-01,74,CET-4,gulf,gulf,gulf,canonical,,gulf,literal,clean,
2249-01,74,CET-4,gum,gum,gum,canonical,,gum,literal,clean,
2250-01,74,CET-4,gun,gun,gun,canonical,,gun,literal,clean,
2251-01,74,CET-4,gut,gut,gut,canonical,,gut,literal,clean,
2252-01,74,CET-4,guy,guy,guy,canonical,,guy,literal,clean,
2253-01,74,CET-4,gym,gym,gym,canonical,,gym(nasium),optional_omitted,spot_check,括号可选拼写
2253-02,74,CET-4,gym,gymnasium,gymnasium,canonical_variant,,gym(nasium),optional_included,spot_check,括号可选拼写
2254-01,74,CET-4,habit,habit,habit,canonical,,habit habitual,literal,clean,
2254-02,74,CET-4,habit,habitual,habitual,derived,,habit habitual,literal,clean,
2255-01,74,CET-4,habitat,habitat,habitat,canonical,,habitat,literal,clean,
2256-01,74,CET-4,hack,hack,hack,canonical,1,hack１,literal,spot_check,同形异义编号已移至 sense_number
2257-01,74,CET-4,hack,hack,hack,canonical,2,hack２,literal,spot_check,同形异义编号已移至 sense_number
2258-01,74,CET-4,hail,hail,hail,canonical,1,hail１,literal,spot_check,同形异义编号已移至 sense_number
2259-01,74,CET-4,hail,hail,hail,canonical,2,hail２,literal,spot_check,同形异义编号已移至 sense_number
2260-01,74,CET-4,hair,hair,hair,canonical,,hair hairy,literal,clean,
2260-02,74,CET-4,hair,hairy,hairy,derived,,hair hairy,literal,clean,
2261-01,74,CET-4,half,half,half,canonical,,half,literal,clean,
2262-01,74,CET-4,halfway,halfway,halfway,canonical,,halfway,literal,clean,
2263-01,74,CET-4,hall,hall,hall,canonical,,hall,literal,clean,
2264-01,74,CET-4,halt,halt,halt,canonical,,halt,literal,clean,
2265-01,74,CET-4,ham,ham,ham,canonical,,ham,literal,clean,
2266-01,74,CET-4,hamburger,hamburger,hamburger,canonical,,hamburger/burger,literal,clean,
2266-02,74,CET-4,hamburger,burger,burger,canonical_variant,,hamburger/burger,slash_alternative:literal,spot_check,斜杠并列形式
2267-01,74,CET-4,hammer,hammer,hammer,canonical,,hammer,literal,clean,
2268-01,74,CET-6,hamper,hamper,hamper,canonical,,hamper,literal,clean,
2269-01,75,CET-4,hand,hand,hand,canonical,,hand handful,literal,clean,
2269-02,75,CET-4,hand,handful,handful,derived,,hand handful,literal,clean,
2270-01,75,CET-4,handbook,handbook,handbook,canonical,,handbook,literal,clean,
2271-01,75,CET-4,handicap,handicap,handicap,canonical,,handicap handicapped,literal,clean,
2271-02,75,CET-4,handicap,handicapped,handicapped,derived,,handicap handicapped,literal,clean,
2272-01,75,CET-6,handicraft,handicraft,handicraft,canonical,,handicraft,literal,clean,
2273-01,75,CET-4,handle,handle,handle,canonical,,handle,literal,clean,
2274-01,75,CET-4,handsome,handsome,handsome,canonical,,handsome,literal,clean,
2275-01,75,CET-4,handwriting,handwriting,handwriting,canonical,,handwriting,literal,clean,
2276-01,75,CET-4,handy,handy,handy,canonical,,handy,literal,clean,
2277-01,75,CET-4,hang,hang,hang,canonical,,hang,literal,clean,
2278-01,75,CET-4,happen,happen,happen,canonical,,happen,literal,clean,
2279-01,75,CET-4,happy,happy,happy,canonical,,happy happiness happily,literal,clean,
2279-02,75,CET-4,happy,happiness,happiness,derived,,happy happiness happily,literal,clean,
2279-03,75,CET-4,happy,happily,happily,derived,,happy happiness happily,literal,clean,
2280-01,75,CET-6,harass,harass,harass,canonical,,harass harassment,literal,clean,
2280-02,75,CET-6,harass,harassment,harassment,derived,,harass harassment,literal,clean,
2281-01,75,CET-4,harbor,harbor,harbor,canonical,,harbo(u)r,optional_omitted,spot_check,括号可选拼写
2281-02,75,CET-4,harbor,harbour,harbour,canonical_variant,,harbo(u)r,optional_included,spot_check,括号可选拼写
2282-01,75,CET-4,hard,hard,hard,canonical,,hard harden,literal,clean,
2282-02,75,CET-4,hard,harden,harden,derived,,hard harden,literal,clean,
2283-01,75,CET-4,hardly,hardly,hardly,canonical,,hardly,literal,clean,
2284-01,75,CET-4,hardship,hardship,hardship,canonical,,hardship,literal,clean,
2285-01,75,CET-4,hardware,hardware,hardware,canonical,,hardware,literal,clean,
2286-01,75,CET-6,hardy,hardy,hardy,canonical,,hardy,literal,clean,
2287-01,75,CET-4,harm,harm,harm,canonical,,harm harmful harmless,literal,clean,
2287-02,75,CET-4,harm,harmful,harmful,derived,,harm harmful harmless,literal,clean,
2287-03,75,CET-4,harm,harmless,harmless,derived,,harm harmful harmless,literal,clean,
2288-01,75,CET-4,harmony,harmony,harmony,canonical,,harmony harmonious,literal,clean,
2288-02,75,CET-4,harmony,harmonious,harmonious,derived,,harmony harmonious,literal,clean,
2289-01,75,CET-4,harness,harness,harness,canonical,,harness,literal,clean,
2290-01,75,CET-4,harsh,harsh,harsh,canonical,,harsh,literal,clean,
2291-01,75,CET-4,harvest,harvest,harvest,canonical,,harvest,literal,clean,
2292-01,75,CET-4,haste,haste,haste,canonical,,haste hasty hasten,literal,clean,
2292-02,75,CET-4,haste,hasty,hasty,derived,,haste hasty hasten,literal,clean,
2292-03,75,CET-4,haste,hasten,hasten,derived,,haste hasty hasten,literal,clean,
2293-01,75,CET-4,hat,hat,hat,canonical,,hat,literal,clean,
2294-01,75,CET-4,hatch,hatch,hatch,canonical,,hatch,literal,clean,
2295-01,75,CET-4,hate,hate,hate,canonical,,hate hatred hateful,literal,clean,
2295-02,75,CET-4,hate,hatred,hatred,derived,,hate hatred hateful,literal,clean,
2295-03,75,CET-4,hate,hateful,hateful,derived,,hate hatred hateful,literal,clean,
2296-01,75,CET-4,haul,haul,haul,canonical,,haul,literal,clean,
2297-01,75,CET-4,haunt,haunt,haunt,canonical,,haunt,literal,clean,
2298-01,75,CET-4,have,have,have,canonical,,have,literal,clean,
2299-01,75,CET-6,haven,haven,haven,canonical,,haven,literal,clean,
2300-01,75,CET-6,havoc,havoc,havoc,canonical,,havoc,literal,clean,
2301-01,75,CET-6,hawk,hawk,hawk,canonical,,hawk,literal,clean,
2302-01,75,CET-4,hay,hay,hay,canonical,,hay,literal,clean,
2303-01,75,CET-4,hazard,hazard,hazard,canonical,,hazard hazardous,literal,clean,
2303-02,75,CET-4,hazard,hazardous,hazardous,derived,,hazard hazardous,literal,clean,
2304-01,75,CET-4,haze,haze,haze,canonical,,haze hazy,literal,clean,
2304-02,75,CET-4,haze,hazy,hazy,derived,,haze hazy,literal,clean,
2305-01,75,CET-4,he,he,he,canonical,,he,literal,clean,
2306-01,75,CET-4,head,head,head,canonical,,head,literal,clean,
2307-01,75,CET-4,headache,headache,headache,canonical,,headache,literal,clean,
2308-01,75,CET-4,heading,heading,heading,canonical,,heading,literal,clean,
2309-01,75,CET-4,headline,headline,headline,canonical,,headline,literal,clean,
2310-01,75,CET-4,headmaster,headmaster,headmaster,canonical,,headmaster headmistress,literal,clean,
2310-02,75,CET-4,headmaster,headmistress,headmistress,derived,,headmaster headmistress,literal,clean,
2311-01,76,CET-4,headquarters,headquarters,headquarters,canonical,,headquarters,literal,clean,
2312-01,76,CET-4,heal,heal,heal,canonical,,heal,literal,clean,
2313-01,76,CET-4,health,health,health,canonical,,health healthy healthful,literal,clean,
2313-02,76,CET-4,health,healthy,healthy,derived,,health healthy healthful,literal,clean,
2313-03,76,CET-4,health,healthful,healthful,derived,,health healthy healthful,literal,clean,
2314-01,76,CET-4,heap,heap,heap,canonical,,heap,literal,clean,
2315-01,76,CET-4,hear,hear,hear,canonical,,hear hearing,literal,clean,
2315-02,76,CET-4,hear,hearing,hearing,derived,,hear hearing,literal,clean,
2316-01,76,CET-4,heart,heart,heart,canonical,,heart hearty,literal,clean,
2316-02,76,CET-4,heart,hearty,hearty,derived,,heart hearty,literal,clean,
2317-01,76,CET-4,heartfelt,heartfelt,heartfelt,canonical,,heartfelt,literal,clean,
2318-01,76,CET-4,heat,heat,heat,canonical,,heat heated heating,literal,clean,
2318-02,76,CET-4,heat,heated,heated,derived,,heat heated heating,literal,clean,
2318-03,76,CET-4,heat,heating,heating,derived,,heat heated heating,literal,clean,
2319-01,76,CET-6,heave,heave,heave,canonical,,heave,literal,clean,
2320-01,76,CET-4,heaven,heaven,heaven,canonical,,heaven,literal,clean,
2321-01,76,CET-4,heavy,heavy,heavy,canonical,,heavy,literal,clean,
2322-01,76,CET-4,hectare,hectare,hectare,canonical,,hectare,literal,clean,
2323-01,76,CET-6,hectic,hectic,hectic,canonical,,hectic,literal,clean,
2324-01,76,CET-4,hedge,hedge,hedge,canonical,,hedge,literal,clean,
2325-01,76,CET-4,heel,heel,heel,canonical,,heel,literal,clean,
2326-01,76,CET-4,height,height,height,canonical,,height heighten,literal,clean,
2326-02,76,CET-4,height,heighten,heighten,derived,,height heighten,literal,clean,
2327-01,76,CET-4,heir,heir,heir,canonical,,heir heiress,literal,clean,
2327-02,76,CET-4,heir,heiress,heiress,derived,,heir heiress,literal,clean,
2328-01,76,CET-4,helicopter,helicopter,helicopter,canonical,,helicopter,literal,clean,
2329-01,76,CET-4,hell,hell,hell,canonical,,hell,literal,clean,
2330-01,76,CET-4,hello,hello,hello,canonical,,hello,literal,clean,
2331-01,76,CET-6,helmet,helmet,helmet,canonical,,helmet,literal,clean,
2332-01,76,CET-4,help,help,help,canonical,,help helpful helpless helplessly,literal,clean,
2332-02,76,CET-4,help,helpful,helpful,derived,,help helpful helpless helplessly,literal,clean,
2332-03,76,CET-4,help,helpless,helpless,derived,,help helpful helpless helplessly,literal,clean,
2332-04,76,CET-4,help,helplessly,helplessly,derived,,help helpful helpless helplessly,literal,clean,
2333-01,76,CET-6,hemisphere,hemisphere,hemisphere,canonical,,hemisphere,literal,clean,
2334-01,76,CET-4,hen,hen,hen,canonical,,hen,literal,clean,
2335-01,76,CET-4,hence,hence,hence,canonical,,hence,literal,clean,
2336-01,76,CET-6,henceforth,henceforth,henceforth,canonical,,henceforth,literal,clean,
2337-01,76,CET-4,her,her,her,canonical,,her,literal,clean,
2338-01,76,CET-6,herald,herald,herald,canonical,,herald,literal,clean,
2339-01,76,CET-6,herb,herb,herb,canonical,,herb herbal,literal,clean,
2339-02,76,CET-6,herb,herbal,herbal,derived,,herb herbal,literal,clean,
2340-01,76,CET-4,herd,herd,herd,canonical,,herd,literal,clean,
2341-01,76,CET-4,here,here,here,canonical,,here,literal,clean,
2342-01,76,CET-4,hereby,hereby,hereby,canonical,,hereby,literal,clean,
2343-01,76,CET-4,heritage,heritage,heritage,canonical,,heritage,literal,clean,
2344-01,76,CET-4,hero,hero,hero,canonical,,hero/heroine heroic heroism,literal,clean,
2344-02,76,CET-4,hero,heroine,heroine,canonical_variant,,hero/heroine heroic heroism,slash_alternative:literal,spot_check,斜杠并列形式
2344-03,76,CET-4,hero,heroic,heroic,derived,,hero/heroine heroic heroism,literal,clean,
2344-04,76,CET-4,hero,heroism,heroism,derived,,hero/heroine heroic heroism,literal,clean,
2345-01,76,CET-6,heroin,heroin,heroin,canonical,,heroin,literal,clean,
2346-01,76,CET-4,hers,hers,hers,canonical,,hers,literal,clean,
2347-01,76,CET-4,herself,herself,herself,canonical,,herself,literal,clean,
2348-01,76,CET-4,hesitate,hesitate,hesitate,canonical,,hesitate hesitation hesitant,literal,clean,
2348-02,76,CET-4,hesitate,hesitation,hesitation,derived,,hesitate hesitation hesitant,literal,clean,
2348-03,76,CET-4,hesitate,hesitant,hesitant,derived,,hesitate hesitation hesitant,literal,clean,
2349-01,76,CET-4,hi,hi,hi,canonical,,hi,literal,clean,
2350-01,76,CET-6,hibernate,hibernate,hibernate,canonical,,hibernate hibernation,literal,clean,
2350-02,76,CET-6,hibernate,hibernation,hibernation,derived,,hibernate hibernation,literal,clean,
2351-01,76,CET-4,hide,hide,hide,canonical,,hide hiding,literal,clean,
2351-02,76,CET-4,hide,hiding,hiding,derived,,hide hiding,literal,clean,
2352-01,76,CET-6,hierarchy,hierarchy,hierarchy,canonical,,hierarchy hierarchical,literal,clean,
2352-02,76,CET-6,hierarchy,hierarchical,hierarchical,derived,,hierarchy hierarchical,literal,clean,
2353-01,77,CET-4,high,high,high,canonical,,high highly,literal,clean,
2353-02,77,CET-4,high,highly,highly,derived,,high highly,literal,clean,
2354-01,77,CET-4,highlight,highlight,highlight,canonical,,highlight,literal,clean,
2355-01,77,CET-4,high-tech,high-tech,high-tech,canonical,,highＧtech,literal,spot_check,PDF 连字符/共享词尾字形已恢复
2356-01,77,CET-4,highway,highway,highway,canonical,,highway,literal,clean,
2357-01,77,CET-4,hijack,hijack,hijack,canonical,,hijack,literal,clean,
2358-01,77,CET-6,hike,hike,hike,canonical,,hike,literal,clean,
2359-01,77,CET-4,hill,hill,hill,canonical,,hill hilly,literal,clean,
2359-02,77,CET-4,hill,hilly,hilly,derived,,hill hilly,literal,clean,
2360-01,77,CET-4,him,him,him,canonical,,him,literal,clean,
2361-01,77,CET-4,himself,himself,himself,canonical,,himself,literal,clean,
2362-01,77,CET-4,hinder,hinder,hinder,canonical,,hinder hindrance,literal,clean,
2362-02,77,CET-4,hinder,hindrance,hindrance,derived,,hinder hindrance,literal,clean,
2363-01,77,CET-6,hinge,hinge,hinge,canonical,,hinge,literal,clean,
2364-01,77,CET-4,hint,hint,hint,canonical,,hint,literal,clean,
2365-01,77,CET-4,hip,hip,hip,canonical,,hip,literal,clean,
2366-01,77,CET-4,hire,hire,hire,canonical,,hire,literal,clean,
2367-01,77,CET-4,his,his,his,canonical,,his,literal,clean,
2368-01,77,CET-4,history,history,history,canonical,,history historic historical historian,literal,clean,
2368-02,77,CET-4,history,historic,historic,derived,,history historic historical historian,literal,clean,
2368-03,77,CET-4,history,historical,historical,derived,,history historic historical historian,literal,clean,
2368-04,77,CET-4,history,historian,historian,derived,,history historic historical historian,literal,clean,
2369-01,77,CET-4,hit,hit,hit,canonical,,hit,literal,clean,
2370-01,77,CET-6,hitherto,hitherto,hitherto,canonical,,hitherto,literal,clean,
2371-01,77,CET-6,hive,hive,hive,canonical,,hive,literal,clean,
2372-01,77,CET-4,hobby,hobby,hobby,canonical,,hobby,literal,clean,
2373-01,77,CET-6,hockey,hockey,hockey,canonical,,hockey,literal,clean,
2374-01,77,CET-6,hoist,hoist,hoist,canonical,,hoist,literal,clean,
2375-01,77,CET-4,hold,hold,hold,canonical,,hold,literal,clean,
2376-01,77,CET-4,hole,hole,hole,canonical,,hole,literal,clean,
2377-01,77,CET-4,holiday,holiday,holiday,canonical,,holiday,literal,clean,
2378-01,77,CET-4,hollow,hollow,hollow,canonical,,hollow,literal,clean,
2379-01,77,CET-4,holy,holy,holy,canonical,,holy holiness,literal,clean,
2379-02,77,CET-4,holy,holiness,holiness,derived,,holy holiness,literal,clean,
2380-01,77,CET-4,home,home,home,canonical,,home homeless homely,literal,clean,
2380-02,77,CET-4,home,homeless,homeless,derived,,home homeless homely,literal,clean,
2380-03,77,CET-4,home,homely,homely,derived,,home homeless homely,literal,clean,
2381-01,77,CET-4,homeland,homeland,homeland,canonical,,homeland,literal,clean,
2382-01,77,CET-4,homework,homework,homework,canonical,,homework,literal,clean,
2383-01,77,CET-6,homogeneous,homogeneous,homogeneous,canonical,,homogeneous,literal,clean,
2384-01,77,CET-4,homosexual,homosexual,homosexual,canonical,,homosexual/homo,literal,clean,
2384-02,77,CET-4,homosexual,homo,homo,canonical_variant,,homosexual/homo,slash_alternative:literal,spot_check,斜杠并列形式；缩写形式
2385-01,77,CET-4,honest,honest,honest,canonical,,honest honesty,literal,clean,
2385-02,77,CET-4,honest,honesty,honesty,derived,,honest honesty,literal,clean,
2386-01,77,CET-4,honey,honey,honey,canonical,,honey,literal,clean,
2387-01,77,CET-4,honeymoon,honeymoon,honeymoon,canonical,,honeymoon,literal,clean,
2388-01,77,CET-4,honor,honor,honor,canonical,,hono(u)r hono(u)rable hono(u)rary,optional_omitted,spot_check,括号可选拼写
2388-02,77,CET-4,honor,honour,honour,canonical_variant,,hono(u)r hono(u)rable hono(u)rary,optional_included,spot_check,括号可选拼写
2388-03,77,CET-4,honor,honorable,honorable,derived,,hono(u)r hono(u)rable hono(u)rary,optional_omitted,spot_check,括号可选拼写
2388-04,77,CET-4,honor,honourable,honourable,derived_variant,,hono(u)r hono(u)rable hono(u)rary,optional_included,spot_check,括号可选拼写
2388-05,77,CET-4,honor,honorary,honorary,derived,,hono(u)r hono(u)rable hono(u)rary,optional_omitted,spot_check,括号可选拼写
2388-06,77,CET-4,honor,honourary,honourary,derived_variant,,hono(u)r hono(u)rable hono(u)rary,optional_included,spot_check,括号可选拼写
2389-01,77,CET-4,hook,hook,hook,canonical,,hook,literal,clean,
2390-01,77,CET-6,hop,hop,hop,canonical,,hop,literal,clean,
2391-01,77,CET-4,hope,hope,hope,canonical,,hope hopeful hopeless,literal,clean,
2391-02,77,CET-4,hope,hopeful,hopeful,derived,,hope hopeful hopeless,literal,clean,
2391-03,77,CET-4,hope,hopeless,hopeless,derived,,hope hopeful hopeless,literal,clean,
2392-01,77,CET-4,horizon,horizon,horizon,canonical,,horizon horizontal,literal,clean,
2392-02,77,CET-4,horizon,horizontal,horizontal,derived,,horizon horizontal,literal,clean,
2393-01,77,CET-4,horn,horn,horn,canonical,,horn,literal,clean,
2394-01,77,CET-4,horror,horror,horror,canonical,,horror horrible horrify,literal,clean,
2394-02,77,CET-4,horror,horrible,horrible,derived,,horror horrible horrify,literal,clean,
2394-03,77,CET-4,horror,horrify,horrify,derived,,horror horrible horrify,literal,clean,
2395-01,78,CET-4,horse,horse,horse,canonical,,horse,literal,clean,
2396-01,78,CET-4,horsepower,horsepower,horsepower,canonical,,horsepower,literal,clean,
2397-01,78,CET-6,hose,hose,hose,canonical,,hose,literal,clean,
2398-01,78,CET-4,hospital,hospital,hospital,canonical,,hospital hospitalize,literal,clean,
2398-02,78,CET-4,hospital,hospitalize,hospitalize,derived,,hospital hospitalize,literal,clean,
2399-01,78,CET-4,hospitable,hospitable,hospitable,canonical,,hospitable hospitality,literal,clean,
2399-02,78,CET-4,hospitable,hospitality,hospitality,derived,,hospitable hospitality,literal,clean,
2400-01,78,CET-4,host,host,host,canonical,1,host１,literal,spot_check,同形异义编号已移至 sense_number
2401-01,78,CET-4,host,host,host,canonical,2,host２,literal,spot_check,同形异义编号已移至 sense_number
2402-01,78,CET-6,hostage,hostage,hostage,canonical,,hostage,literal,clean,
2403-01,78,CET-4,hostile,hostile,hostile,canonical,,hostile hostility,literal,clean,
2403-02,78,CET-4,hostile,hostility,hostility,derived,,hostile hostility,literal,clean,
2404-01,78,CET-4,hot,hot,hot,canonical,,hot,literal,clean,
2405-01,78,CET-4,hotdog,hotdog,hotdog,canonical,,hotdog,literal,clean,
2406-01,78,CET-4,hotel,hotel,hotel,canonical,,hotel,literal,clean,
2407-01,78,CET-6,hound,hound,hound,canonical,,hound,literal,clean,
2408-01,78,CET-4,hour,hour,hour,canonical,,hour hourly,literal,clean,
2408-02,78,CET-4,hour,hourly,hourly,derived,,hour hourly,literal,clean,
2409-01,78,CET-4,house,house,house,canonical,,house housing,literal,clean,
2409-02,78,CET-4,house,housing,housing,derived,,house housing,literal,clean,
2410-01,78,CET-4,household,household,household,canonical,,household,literal,clean,
2411-01,78,CET-4,housewife,housewife,housewife,canonical,,housewife,literal,clean,
2412-01,78,CET-4,housework,housework,housework,canonical,,housework,literal,clean,
2413-01,78,CET-6,hover,hover,hover,canonical,,hover,literal,clean,
2414-01,78,CET-4,how,how,how,canonical,,how,literal,clean,
2415-01,78,CET-4,however,however,however,canonical,,however,literal,clean,
2416-01,78,CET-6,howl,howl,howl,canonical,,howl,literal,clean,
2417-01,78,CET-6,huddle,huddle,huddle,canonical,,huddle,literal,clean,
2418-01,78,CET-4,hug,hug,hug,canonical,,hug,literal,clean,
2419-01,78,CET-4,huge,huge,huge,canonical,,huge,literal,clean,
2420-01,78,CET-6,hum,hum,hum,canonical,,hum,literal,clean,
2421-01,78,CET-4,human,human,human,canonical,,human humanity,literal,clean,
2421-02,78,CET-4,human,humanity,humanity,derived,,human humanity,literal,clean,
2422-01,78,CET-6,humane,humane,humane,canonical,,humane humanism humanist humanitarian,literal,clean,
2422-02,78,CET-6,humane,humanism,humanism,derived,,humane humanism humanist humanitarian,literal,clean,
2422-03,78,CET-6,humane,humanist,humanist,derived,,humane humanism humanist humanitarian,literal,clean,
2422-04,78,CET-6,humane,humanitarian,humanitarian,derived,,humane humanism humanist humanitarian,literal,clean,
2423-01,78,CET-4,humble,humble,humble,canonical,,humble humbly,literal,clean,
2423-02,78,CET-4,humble,humbly,humbly,derived,,humble humbly,literal,clean,
2424-01,78,CET-6,humid,humid,humid,canonical,,humid humidity,literal,clean,
2424-02,78,CET-6,humid,humidity,humidity,derived,,humid humidity,literal,clean,
2425-01,78,CET-6,humiliate,humiliate,humiliate,canonical,,humiliate humiliation,literal,clean,
2425-02,78,CET-6,humiliate,humiliation,humiliation,derived,,humiliate humiliation,literal,clean,
2426-01,78,CET-4,humor,humor,humor,canonical,,humo(u)r humo(u)rous,optional_omitted,spot_check,括号可选拼写
2426-02,78,CET-4,humor,humour,humour,canonical_variant,,humo(u)r humo(u)rous,optional_included,spot_check,括号可选拼写
2426-03,78,CET-4,humor,humorous,humorous,derived,,humo(u)r humo(u)rous,optional_omitted,spot_check,括号可选拼写
2426-04,78,CET-4,humor,humourous,humourous,derived_variant,,humo(u)r humo(u)rous,optional_included,spot_check,括号可选拼写
2427-01,78,CET-4,hundred,hundred,hundred,canonical,,hundred,literal,clean,
2428-01,78,CET-4,hunger,hunger,hunger,canonical,,hunger hungry,literal,clean,
2428-02,78,CET-4,hunger,hungry,hungry,derived,,hunger hungry,literal,clean,
2429-01,78,CET-4,hunt,hunt,hunt,canonical,,hunt hunting hunter,literal,clean,
2429-02,78,CET-4,hunt,hunting,hunting,derived,,hunt hunting hunter,literal,clean,
2429-03,78,CET-4,hunt,hunter,hunter,derived,,hunt hunting hunter,literal,clean,
2430-01,78,CET-6,hurdle,hurdle,hurdle,canonical,,hurdle,literal,clean,
2431-01,78,CET-6,hurl,hurl,hurl,canonical,,hurl,literal,clean,
2432-01,78,CET-6,hurricane,hurricane,hurricane,canonical,,hurricane,literal,clean,
2433-01,78,CET-4,hurry,hurry,hurry,canonical,,hurry hurriedly,literal,clean,
2433-02,78,CET-4,hurry,hurriedly,hurriedly,derived,,hurry hurriedly,literal,clean,
2434-01,78,CET-4,hurt,hurt,hurt,canonical,,hurt hurtful,literal,clean,
2434-02,78,CET-4,hurt,hurtful,hurtful,derived,,hurt hurtful,literal,clean,
2435-01,78,CET-4,husband,husband,husband,canonical,,husband,literal,clean,
2436-01,78,CET-4,hut,hut,hut,canonical,,hut,literal,clean,
2437-01,79,CET-6,hybrid,hybrid,hybrid,canonical,,hybrid,literal,clean,
2438-01,79,CET-4,hydrogen,hydrogen,hydrogen,canonical,,hydrogen,literal,clean,
2439-01,79,CET-6,hygiene,hygiene,hygiene,canonical,,hygiene hygienic,literal,clean,
2439-02,79,CET-6,hygiene,hygienic,hygienic,derived,,hygiene hygienic,literal,clean,
2440-01,79,CET-4,hyphen,hyphen,hyphen,canonical,,hyphen,literal,clean,
2441-01,79,CET-6,hypocrisy,hypocrisy,hypocrisy,canonical,,hypocrisy hypocritical hypocrite,literal,clean,
2441-02,79,CET-6,hypocrisy,hypocritical,hypocritical,derived,,hypocrisy hypocritical hypocrite,literal,clean,
2441-03,79,CET-6,hypocrisy,hypocrite,hypocrite,derived,,hypocrisy hypocritical hypocrite,literal,clean,
2442-01,79,CET-6,hypothesis,hypothesis,hypothesis,canonical,,hypothesis hypothetical,literal,clean,
2442-02,79,CET-6,hypothesis,hypothetical,hypothetical,derived,,hypothesis hypothetical,literal,clean,
2443-01,79,CET-6,hysterical,hysterical,hysterical,canonical,,hysterical hysteria,literal,clean,
2443-02,79,CET-6,hysterical,hysteria,hysteria,derived,,hysterical hysteria,literal,clean,
2444-01,79,CET-4,i,i,I,canonical,,I,literal,clean,
2445-01,79,CET-4,ice,ice,ice,canonical,,ice icy,literal,clean,
2445-02,79,CET-4,ice,icy,icy,derived,,ice icy,literal,clean,
2446-01,79,CET-6,iceberg,iceberg,iceberg,canonical,,iceberg,literal,clean,
2447-01,79,CET-4,ice-cream,ice-cream,ice-cream,canonical,,iceＧcream,literal,spot_check,PDF 连字符/共享词尾字形已恢复
2448-01,79,CET-6,icon,icon,icon,canonical,,icon,literal,clean,
2449-01,79,CET-4,idea,idea,idea,canonical,,idea,literal,clean,
2450-01,79,CET-4,ideal,ideal,ideal,canonical,,ideal idealistic idealism,literal,clean,
2450-02,79,CET-4,ideal,idealistic,idealistic,derived,,ideal idealistic idealism,literal,clean,
2450-03,79,CET-4,ideal,idealism,idealism,derived,,ideal idealistic idealism,literal,clean,
2451-01,79,CET-4,identify,identify,identify,canonical,,identify identification,literal,clean,
2451-02,79,CET-4,identify,identification,identification,derived,,identify identification,literal,clean,
2452-01,79,CET-4,identity,identity,identity,canonical,,identity identical,literal,clean,
2452-02,79,CET-4,identity,identical,identical,derived,,identity identical,literal,clean,
2453-01,79,CET-6,ideology,ideology,ideology,canonical,,ideology ideological,literal,clean,
2453-02,79,CET-6,ideology,ideological,ideological,derived,,ideology ideological,literal,clean,
2454-01,79,CET-4,idiom,idiom,idiom,canonical,,idiom idiomatic,literal,clean,
2454-02,79,CET-4,idiom,idiomatic,idiomatic,derived,,idiom idiomatic,literal,clean,
2455-01,79,CET-6,idiot,idiot,idiot,canonical,,idiot idiotic,literal,clean,
2455-02,79,CET-6,idiot,idiotic,idiotic,derived,,idiot idiotic,literal,clean,
2456-01,79,CET-4,idle,idle,idle,canonical,,idle idly,literal,clean,
2456-02,79,CET-4,idle,idly,idly,derived,,idle idly,literal,clean,
2457-01,79,CET-6,idol,idol,idol,canonical,,idol,literal,clean,
2458-01,79,CET-4,if,if,if,canonical,,if,literal,clean,
2459-01,79,CET-6,ignite,ignite,ignite,canonical,,ignite ignition,literal,clean,
2459-02,79,CET-6,ignite,ignition,ignition,derived,,ignite ignition,literal,clean,
2460-01,79,CET-4,ignorant,ignorant,ignorant,canonical,,ignorant ignorance,literal,clean,
2460-02,79,CET-4,ignorant,ignorance,ignorance,derived,,ignorant ignorance,literal,clean,
2461-01,79,CET-4,ignore,ignore,ignore,canonical,,ignore,literal,clean,
2462-01,79,CET-4,ill,ill,ill,canonical,,ill illness,literal,clean,
2462-02,79,CET-4,ill,illness,illness,derived,,ill illness,literal,clean,
2463-01,79,CET-4,illegal,illegal,illegal,canonical,,illegal,literal,clean,
2464-01,79,CET-6,illicit,illicit,illicit,canonical,,illicit,literal,clean,
2465-01,79,CET-6,illiterate,illiterate,illiterate,canonical,,illiterate illiteracy,literal,clean,
2465-02,79,CET-6,illiterate,illiteracy,illiteracy,derived,,illiterate illiteracy,literal,clean,
2466-01,79,CET-6,illuminate,illuminate,illuminate,canonical,,illuminate illumination,literal,clean,
2466-02,79,CET-6,illuminate,illumination,illumination,derived,,illuminate illumination,literal,clean,
2467-01,79,CET-4,illusion,illusion,illusion,canonical,,illusion illusory,literal,clean,
2467-02,79,CET-4,illusion,illusory,illusory,derived,,illusion illusory,literal,clean,
2468-01,79,CET-4,illustrate,illustrate,illustrate,canonical,,illustrate illustration illustrative,literal,clean,
2468-02,79,CET-4,illustrate,illustration,illustration,derived,,illustrate illustration illustrative,literal,clean,
2468-03,79,CET-4,illustrate,illustrative,illustrative,derived,,illustrate illustration illustrative,literal,clean,
2469-01,79,CET-4,image,image,image,canonical,,image imaging,literal,clean,
2469-02,79,CET-4,image,imaging,imaging,derived,,image imaging,literal,clean,
2470-01,79,CET-4,imagine,imagine,imagine,canonical,,imagine imagination imaginative imaginary,literal,clean,
2470-02,79,CET-4,imagine,imagination,imagination,derived,,imagine imagination imaginative imaginary,literal,clean,
2470-03,79,CET-4,imagine,imaginative,imaginative,derived,,imagine imagination imaginative imaginary,literal,clean,
2470-04,79,CET-4,imagine,imaginary,imaginary,derived,,imagine imagination imaginative imaginary,literal,clean,
2471-01,79,CET-4,imitate,imitate,imitate,canonical,,imitate imitation imitative,literal,clean,
2471-02,79,CET-4,imitate,imitation,imitation,derived,,imitate imitation imitative,literal,clean,
2471-03,79,CET-4,imitate,imitative,imitative,derived,,imitate imitation imitative,literal,clean,
2472-01,79,CET-4,immediate,immediate,immediate,canonical,,immediate immediately,literal,clean,
2472-02,79,CET-4,immediate,immediately,immediately,derived,,immediate immediately,literal,clean,
2473-01,79,CET-4,immense,immense,immense,canonical,,immense immensely immensity,literal,clean,
2473-02,79,CET-4,immense,immensely,immensely,derived,,immense immensely immensity,literal,clean,
2473-03,79,CET-4,immense,immensity,immensity,derived,,immense immensely immensity,literal,clean,
2474-01,79,CET-6,immerse,immerse,immerse,canonical,,immerse immersion,literal,clean,
2474-02,79,CET-6,immerse,immersion,immersion,derived,,immerse immersion,literal,clean,
2475-01,79,CET-4,immigrate,immigrate,immigrate,canonical,,immigrate immigration immigrant,literal,clean,
2475-02,79,CET-4,immigrate,immigration,immigration,derived,,immigrate immigration immigrant,literal,clean,
2475-03,79,CET-4,immigrate,immigrant,immigrant,derived,,immigrate immigration immigrant,literal,clean,
2476-01,79,CET-6,imminent,imminent,imminent,canonical,,imminent,literal,clean,
2477-01,79,CET-4,immune,immune,immune,canonical,,immune immunity immunize/Ｇise,literal,spot_check,PDF 连字符/共享词尾字形已恢复
2477-02,79,CET-4,immune,immunity,immunity,derived,,immune immunity immunize/Ｇise,literal,spot_check,PDF 连字符/共享词尾字形已恢复
2477-03,79,CET-4,immune,immunize,immunize,derived,,immune immunity immunize/Ｇise,literal,spot_check,PDF 连字符/共享词尾字形已恢复
2477-04,79,CET-4,immune,immunise,immunise,derived_variant,,immune immunity immunize/Ｇise,shared_suffix:-ise,spot_check,共享词尾替换；PDF 连字符/共享词尾字形已恢复
2478-01,79,CET-4,impact,impact,impact,canonical,,impact,literal,clean,
2479-01,80,CET-6,impair,impair,impair,canonical,,impair,literal,clean,
2480-01,80,CET-6,impart,impart,impart,canonical,,impart,literal,clean,
2481-01,80,CET-4,impatient,impatient,impatient,canonical,,impatient impatience,literal,clean,
2481-02,80,CET-4,impatient,impatience,impatience,derived,,impatient impatience,literal,clean,
2482-01,80,CET-6,imperative,imperative,imperative,canonical,,imperative,literal,clean,
2483-01,80,CET-4,imperial,imperial,imperial,canonical,,imperial imperialism imperialist,literal,clean,
2483-02,80,CET-4,imperial,imperialism,imperialism,derived,,imperial imperialism imperialist,literal,clean,
2483-03,80,CET-4,imperial,imperialist,imperialist,derived,,imperial imperialism imperialist,literal,clean,
2484-01,80,CET-6,impetus,impetus,impetus,canonical,,impetus,literal,clean,
2485-01,80,CET-4,implement,implement,implement,canonical,1,implement１,literal,spot_check,同形异义编号已移至 sense_number
2486-01,80,CET-4,implement,implement,implement,canonical,2,implement２,literal,spot_check,同形异义编号已移至 sense_number
2487-01,80,CET-4,implicit,implicit,implicit,canonical,,implicit,literal,clean,
2488-01,80,CET-4,imply,imply,imply,canonical,,imply implication,literal,clean,
2488-02,80,CET-4,imply,implication,implication,derived,,imply implication,literal,clean,
2489-01,80,CET-4,import,import,import,canonical,,import importation,literal,clean,
2489-02,80,CET-4,import,importation,importation,derived,,import importation,literal,clean,
2490-01,80,CET-4,important,important,important,canonical,,important importance,literal,clean,
2490-02,80,CET-4,important,importance,importance,derived,,important importance,literal,clean,
2491-01,80,CET-4,impose,impose,impose,canonical,,impose imposition imposing,literal,clean,
2491-02,80,CET-4,impose,imposition,imposition,derived,,impose imposition imposing,literal,clean,
2491-03,80,CET-4,impose,imposing,imposing,derived,,impose imposition imposing,literal,clean,
2492-01,80,CET-4,impossible,impossible,impossible,canonical,,impossible impossibility,literal,clean,
2492-02,80,CET-4,impossible,impossibility,impossibility,derived,,impossible impossibility,literal,clean,
2493-01,80,CET-4,impress,impress,impress,canonical,,impress impression impressive,literal,clean,
2493-02,80,CET-4,impress,impression,impression,derived,,impress impression impressive,literal,clean,
2493-03,80,CET-4,impress,impressive,impressive,derived,,impress impression impressive,literal,clean,
2494-01,80,CET-6,imprison,imprison,imprison,canonical,,imprison imprisonment,literal,clean,
2494-02,80,CET-6,imprison,imprisonment,imprisonment,derived,,imprison imprisonment,literal,clean,
2495-01,80,CET-6,impromptu,impromptu,impromptu,canonical,,impromptu,literal,clean,
2496-01,80,CET-4,improve,improve,improve,canonical,,improve improvement,literal,clean,
2496-02,80,CET-4,improve,improvement,improvement,derived,,improve improvement,literal,clean,
2497-01,80,CET-4,impulse,impulse,impulse,canonical,,impulse impulsive,literal,clean,
2497-02,80,CET-4,impulse,impulsive,impulsive,derived,,impulse impulsive,literal,clean,
2498-01,80,CET-4,in,in,in,canonical,,in,literal,clean,
2499-01,80,CET-6,inaugurate,inaugurate,inaugurate,canonical,,inaugurate inauguration,literal,clean,
2499-02,80,CET-6,inaugurate,inauguration,inauguration,derived,,inaugurate inauguration,literal,clean,
2500-01,80,CET-6,inborn,inborn,inborn,canonical,,inborn,literal,clean,
2501-01,80,CET-4,incentive,incentive,incentive,canonical,,incentive,literal,clean,
2502-01,80,CET-4,inch,inch,inch,canonical,,inch,literal,clean,
2503-01,80,CET-4,incidence,incidence,incidence,canonical,,incidence,literal,clean,
2504-01,80,CET-4,incident,incident,incident,canonical,,incident incidental incidentally,literal,clean,
2504-02,80,CET-4,incident,incidental,incidental,derived,,incident incidental incidentally,literal,clean,
2504-03,80,CET-4,incident,incidentally,incidentally,derived,,incident incidental incidentally,literal,clean,
2505-01,80,CET-4,incline,incline,incline,canonical,,incline inclined inclination,literal,clean,
2505-02,80,CET-4,incline,inclined,inclined,derived,,incline inclined inclination,literal,clean,
2505-03,80,CET-4,incline,inclination,inclination,derived,,incline inclined inclination,literal,clean,
2506-01,80,CET-4,include,include,include,canonical,,include inclusion inclusive including,literal,clean,
2506-02,80,CET-4,include,inclusion,inclusion,derived,,include inclusion inclusive including,literal,clean,
2506-03,80,CET-4,include,inclusive,inclusive,derived,,include inclusion inclusive including,literal,clean,
2506-04,80,CET-4,include,including,including,derived,,include inclusion inclusive including,literal,clean,
2507-01,80,CET-4,income,income,income,canonical,,income,literal,clean,
2508-01,80,CET-6,incorporate,incorporate,incorporate,canonical,,incorporate incorporation,literal,clean,
2508-02,80,CET-6,incorporate,incorporation,incorporation,derived,,incorporate incorporation,literal,clean,
2509-01,80,CET-4,increase,increase,increase,canonical,,increase increasingly,literal,clean,
2509-02,80,CET-4,increase,increasingly,increasingly,derived,,increase increasingly,literal,clean,
2510-01,80,CET-4,incredible,incredible,incredible,canonical,,incredible incredibly,literal,clean,
2510-02,80,CET-4,incredible,incredibly,incredibly,derived,,incredible incredibly,literal,clean,
2511-01,80,CET-6,incumbent,incumbent,incumbent,canonical,,incumbent,literal,clean,
2512-01,80,CET-6,incur,incur,incur,canonical,,incur,literal,clean,
2513-01,80,CET-6,indebted,indebted,indebted,canonical,,indebted,literal,clean,
2514-01,80,CET-4,indeed,indeed,indeed,canonical,,indeed,literal,clean,
2515-01,80,CET-6,indefinite,indefinite,indefinite,canonical,,indefinite,literal,clean,
2516-01,80,CET-4,independent,independent,independent,canonical,,independent independence,literal,clean,
2516-02,80,CET-4,independent,independence,independence,derived,,independent independence,literal,clean,
2517-01,80,CET-4,index,index,index,canonical,,index,literal,clean,
2518-01,80,CET-4,indicate,indicate,indicate,canonical,,indicate indication indicative indicator,literal,clean,
2518-02,80,CET-4,indicate,indication,indication,derived,,indicate indication indicative indicator,literal,clean,
2518-03,80,CET-4,indicate,indicative,indicative,derived,,indicate indication indicative indicator,literal,clean,
2518-04,80,CET-4,indicate,indicator,indicator,derived,,indicate indication indicative indicator,literal,clean,
2519-01,80,CET-6,indict,indict,indict,canonical,,indict indictment,literal,clean,
2519-02,80,CET-6,indict,indictment,indictment,derived,,indict indictment,literal,clean,
2520-01,80,CET-4,indifferent,indifferent,indifferent,canonical,,indifferent indifference,literal,clean,
2520-02,80,CET-4,indifferent,indifference,indifference,derived,,indifferent indifference,literal,clean,
2521-01,81,CET-6,indigenous,indigenous,indigenous,canonical,,indigenous,literal,clean,
2522-01,81,CET-6,indignant,indignant,indignant,canonical,,indignant indignation,literal,clean,
2522-02,81,CET-6,indignant,indignation,indignation,derived,,indignant indignation,literal,clean,
2523-01,81,CET-4,indispensable,indispensable,indispensable,canonical,,indispensable,literal,clean,
2524-01,81,CET-4,individual,individual,individual,canonical,,individual individualism,literal,clean,
2524-02,81,CET-4,individual,individualism,individualism,derived,,individual individualism,literal,clean,
2525-01,81,CET-4,indoor,indoor,indoor,canonical,,indoor indoors,literal,clean,
2525-02,81,CET-4,indoor,indoors,indoors,derived,,indoor indoors,literal,clean,
2526-01,81,CET-4,induce,induce,induce,canonical,,induce inducement,literal,clean,
2526-02,81,CET-4,induce,inducement,inducement,derived,,induce inducement,literal,clean,
2527-01,81,CET-6,indulge,indulge,indulge,canonical,,indulge indulgence indulgent,literal,clean,
2527-02,81,CET-6,indulge,indulgence,indulgence,derived,,indulge indulgence indulgent,literal,clean,
2527-03,81,CET-6,indulge,indulgent,indulgent,derived,,indulge indulgence indulgent,literal,clean,
2528-01,81,CET-4,industry,industry,industry,canonical,,industry industrial industrialize/Ｇise industrious,literal,spot_check,PDF 连字符/共享词尾字形已恢复
2528-02,81,CET-4,industry,industrial,industrial,derived,,industry industrial industrialize/Ｇise industrious,literal,spot_check,PDF 连字符/共享词尾字形已恢复
2528-03,81,CET-4,industry,industrialize,industrialize,derived,,industry industrial industrialize/Ｇise industrious,literal,spot_check,PDF 连字符/共享词尾字形已恢复
2528-04,81,CET-4,industry,industrialise,industrialise,derived_variant,,industry industrial industrialize/Ｇise industrious,shared_suffix:-ise,spot_check,共享词尾替换；PDF 连字符/共享词尾字形已恢复
2528-05,81,CET-4,industry,industrious,industrious,derived,,industry industrial industrialize/Ｇise industrious,literal,spot_check,PDF 连字符/共享词尾字形已恢复
2529-01,81,CET-6,inertia,inertia,inertia,canonical,,inertia,literal,clean,
2530-01,81,CET-4,inevitable,inevitable,inevitable,canonical,,inevitable,literal,clean,
2531-01,81,CET-4,infant,infant,infant,canonical,,infant,literal,clean,
2532-01,81,CET-4,infect,infect,infect,canonical,,infect infection infectious,literal,clean,
2532-02,81,CET-4,infect,infection,infection,derived,,infect infection infectious,literal,clean,
2532-03,81,CET-4,infect,infectious,infectious,derived,,infect infection infectious,literal,clean,
2533-01,81,CET-4,infer,infer,infer,canonical,,infer inference,literal,clean,
2533-02,81,CET-4,infer,inference,inference,derived,,infer inference,literal,clean,
2534-01,81,CET-4,inferior,inferior,inferior,canonical,,inferior inferiority,literal,clean,
2534-02,81,CET-4,inferior,inferiority,inferiority,derived,,inferior inferiority,literal,clean,
2535-01,81,CET-4,infinite,infinite,infinite,canonical,,infinite infinity infinitive,literal,clean,
2535-02,81,CET-4,infinite,infinity,infinity,derived,,infinite infinity infinitive,literal,clean,
2535-03,81,CET-4,infinite,infinitive,infinitive,derived,,infinite infinity infinitive,literal,clean,
2536-01,81,CET-4,inflate,inflate,inflate,canonical,,inflate inflation,literal,clean,
2536-02,81,CET-4,inflate,inflation,inflation,derived,,inflate inflation,literal,clean,
2537-01,81,CET-6,inflict,inflict,inflict,canonical,,inflict infliction,literal,clean,
2537-02,81,CET-6,inflict,infliction,infliction,derived,,inflict infliction,literal,clean,
2538-01,81,CET-4,influence,influence,influence,canonical,,influence influential,literal,clean,
2538-02,81,CET-4,influence,influential,influential,derived,,influence influential,literal,clean,
2539-01,81,CET-4,influenza,influenza,influenza,canonical,,influenza/flu,literal,clean,
2539-02,81,CET-4,influenza,flu,flu,canonical_variant,,influenza/flu,slash_alternative:literal,spot_check,斜杠并列形式；缩写形式
2540-01,81,CET-4,inform,inform,inform,canonical,,inform information informative informant,literal,clean,
2540-02,81,CET-4,inform,information,information,derived,,inform information informative informant,literal,clean,
2540-03,81,CET-4,inform,informative,informative,derived,,inform information informative informant,literal,clean,
2540-04,81,CET-4,inform,informant,informant,derived,,inform information informative informant,literal,clean,
2541-01,81,CET-4,infrastructure,infrastructure,infrastructure,canonical,,infrastructure,literal,clean,
2542-01,81,CET-6,infringe,infringe,infringe,canonical,,infringe infringement,literal,clean,
2542-02,81,CET-6,infringe,infringement,infringement,derived,,infringe infringement,literal,clean,
2543-01,81,CET-6,ingenious,ingenious,ingenious,canonical,,ingenious ingenuity,literal,clean,
2543-02,81,CET-6,ingenious,ingenuity,ingenuity,derived,,ingenious ingenuity,literal,clean,
2544-01,81,CET-4,ingredient,ingredient,ingredient,canonical,,ingredient,literal,clean,
2545-01,81,CET-4,inhabit,inhabit,inhabit,canonical,,inhabit inhabitant,literal,clean,
2545-02,81,CET-4,inhabit,inhabitant,inhabitant,derived,,inhabit inhabitant,literal,clean,
2546-01,81,CET-6,inherent,inherent,inherent,canonical,,inherent,literal,clean,
2547-01,81,CET-4,inherit,inherit,inherit,canonical,,inherit inheritance,literal,clean,
2547-02,81,CET-4,inherit,inheritance,inheritance,derived,,inherit inheritance,literal,clean,
2548-01,81,CET-6,inhibit,inhibit,inhibit,canonical,,inhibit inhibition,literal,clean,
2548-02,81,CET-6,inhibit,inhibition,inhibition,derived,,inhibit inhibition,literal,clean,
2549-01,81,CET-4,initial,initial,initial,canonical,,initial initially,literal,clean,
2549-02,81,CET-4,initial,initially,initially,derived,,initial initially,literal,clean,
2550-01,81,CET-4,initiate,initiate,initiate,canonical,,initiate initiation initiative,literal,clean,
2550-02,81,CET-4,initiate,initiation,initiation,derived,,initiate initiation initiative,literal,clean,
2550-03,81,CET-4,initiate,initiative,initiative,derived,,initiate initiation initiative,literal,clean,
2551-01,81,CET-6,inject,inject,inject,canonical,,inject injection,literal,clean,
2551-02,81,CET-6,inject,injection,injection,derived,,inject injection,literal,clean,
2552-01,81,CET-4,injure,injure,injure,canonical,,injure injury injurious,literal,clean,
2552-02,81,CET-4,injure,injury,injury,derived,,injure injury injurious,literal,clean,
2552-03,81,CET-4,injure,injurious,injurious,derived,,injure injury injurious,literal,clean,
2553-01,81,CET-4,ink,ink,ink,canonical,,ink,literal,clean,
2554-01,81,CET-4,inland,inland,inland,canonical,,inland,literal,clean,
2555-01,81,CET-6,inmate,inmate,inmate,canonical,,inmate,literal,clean,
2556-01,81,CET-4,inn,inn,inn,canonical,,inn,literal,clean,
2557-01,81,CET-4,inner,inner,inner,canonical,,inner,literal,clean,
2558-01,81,CET-4,innocent,innocent,innocent,canonical,,innocent innocence,literal,clean,
2558-02,81,CET-4,innocent,innocence,innocence,derived,,innocent innocence,literal,clean,
2559-01,81,CET-4,innovate,innovate,innovate,canonical,,innovate innovation innovative,literal,clean,
2559-02,81,CET-4,innovate,innovation,innovation,derived,,innovate innovation innovative,literal,clean,
2559-03,81,CET-4,innovate,innovative,innovative,derived,,innovate innovation innovative,literal,clean,
2560-01,81,CET-6,innumerable,innumerable,innumerable,canonical,,innumerable,literal,clean,
2561-01,81,CET-4,input,input,input,canonical,,input,literal,clean,
2562-01,81,CET-4,inquire,inquire,inquire,canonical,,inquire/enquire inquiry/enquiry inquisitive,literal,clean,
2562-02,81,CET-4,inquire,enquire,enquire,canonical_variant,,inquire/enquire inquiry/enquiry inquisitive,slash_alternative:literal,spot_check,斜杠并列形式
2562-03,81,CET-4,inquire,inquiry,inquiry,derived,,inquire/enquire inquiry/enquiry inquisitive,literal,clean,
2562-04,81,CET-4,inquire,enquiry,enquiry,derived_variant,,inquire/enquire inquiry/enquiry inquisitive,slash_alternative:literal,spot_check,斜杠并列形式
2562-05,81,CET-4,inquire,inquisitive,inquisitive,derived,,inquire/enquire inquiry/enquiry inquisitive,literal,clean,
2563-01,82,CET-4,insane,insane,insane,canonical,,insane insanity,literal,clean,
2563-02,82,CET-4,insane,insanity,insanity,derived,,insane insanity,literal,clean,
2564-01,82,CET-4,insect,insect,insect,canonical,,insect,literal,clean,
2565-01,82,CET-4,insert,insert,insert,canonical,,insert insertion,literal,clean,
2565-02,82,CET-4,insert,insertion,insertion,derived,,insert insertion,literal,clean,
2566-01,82,CET-4,inside,inside,inside,canonical,,inside insider,literal,clean,
2566-02,82,CET-4,inside,insider,insider,derived,,inside insider,literal,clean,
2567-01,82,CET-4,insight,insight,insight,canonical,,insight insightful,literal,clean,
2567-02,82,CET-4,insight,insightful,insightful,derived,,insight insightful,literal,clean,
2568-01,82,CET-4,insist,insist,insist,canonical,,insist insistence insistent,literal,clean,
2568-02,82,CET-4,insist,insistence,insistence,derived,,insist insistence insistent,literal,clean,
2568-03,82,CET-4,insist,insistent,insistent,derived,,insist insistence insistent,literal,clean,
2569-01,82,CET-4,inspect,inspect,inspect,canonical,,inspect inspection inspector,literal,clean,
2569-02,82,CET-4,inspect,inspection,inspection,derived,,inspect inspection inspector,literal,clean,
2569-03,82,CET-4,inspect,inspector,inspector,derived,,inspect inspection inspector,literal,clean,
2570-01,82,CET-4,inspire,inspire,inspire,canonical,,inspire inspiration inspirational,literal,clean,
2570-02,82,CET-4,inspire,inspiration,inspiration,derived,,inspire inspiration inspirational,literal,clean,
2570-03,82,CET-4,inspire,inspirational,inspirational,derived,,inspire inspiration inspirational,literal,clean,
2571-01,82,CET-4,instal,instal,instal,canonical,,instal(l) instal(l)ation,optional_omitted,spot_check,括号可选拼写
2571-02,82,CET-4,instal,install,install,canonical_variant,,instal(l) instal(l)ation,optional_included,spot_check,括号可选拼写
2571-03,82,CET-4,instal,instalation,instalation,derived,,instal(l) instal(l)ation,optional_omitted,spot_check,括号可选拼写
2571-04,82,CET-4,instal,installation,installation,derived_variant,,instal(l) instal(l)ation,optional_included,spot_check,括号可选拼写
2572-01,82,CET-4,instalment,instalment,instalment,canonical,,instal(l)ment,optional_omitted,spot_check,括号可选拼写
2572-02,82,CET-4,instalment,installment,installment,canonical_variant,,instal(l)ment,optional_included,spot_check,括号可选拼写
2573-01,82,CET-4,instance,instance,instance,canonical,,instance,literal,clean,
2574-01,82,CET-4,instant,instant,instant,canonical,,instant instantaneous,literal,clean,
2574-02,82,CET-4,instant,instantaneous,instantaneous,derived,,instant instantaneous,literal,clean,
2575-01,82,CET-4,instead,instead,instead,canonical,,instead,literal,clean,
2576-01,82,CET-4,instinct,instinct,instinct,canonical,,instinct instinctive,literal,clean,
2576-02,82,CET-4,instinct,instinctive,instinctive,derived,,instinct instinctive,literal,clean,
2577-01,82,CET-4,institute,institute,institute,canonical,,institute,literal,clean,
2578-01,82,CET-4,institution,institution,institution,canonical,,institution institutional,literal,clean,
2578-02,82,CET-4,institution,institutional,institutional,derived,,institution institutional,literal,clean,
2579-01,82,CET-4,instruct,instruct,instruct,canonical,,instruct instruction instructor instructive,literal,clean,
2579-02,82,CET-4,instruct,instruction,instruction,derived,,instruct instruction instructor instructive,literal,clean,
2579-03,82,CET-4,instruct,instructor,instructor,derived,,instruct instruction instructor instructive,literal,clean,
2579-04,82,CET-4,instruct,instructive,instructive,derived,,instruct instruction instructor instructive,literal,clean,
2580-01,82,CET-4,instrument,instrument,instrument,canonical,,instrument instrumental,literal,clean,
2580-02,82,CET-4,instrument,instrumental,instrumental,derived,,instrument instrumental,literal,clean,
2581-01,82,CET-6,insulate,insulate,insulate,canonical,,insulate insulation insulator,literal,clean,
2581-02,82,CET-6,insulate,insulation,insulation,derived,,insulate insulation insulator,literal,clean,
2581-03,82,CET-6,insulate,insulator,insulator,derived,,insulate insulation insulator,literal,clean,
2582-01,82,CET-4,insult,insult,insult,canonical,,insult,literal,clean,
2583-01,82,CET-4,insure,insure,insure,canonical,,insure/ensure insurance,literal,clean,
2583-02,82,CET-4,insure,ensure,ensure,canonical_variant,,insure/ensure insurance,slash_alternative:literal,spot_check,斜杠并列形式
2583-03,82,CET-4,insure,insurance,insurance,derived,,insure/ensure insurance,literal,clean,
2584-01,82,CET-4,intact,intact,intact,canonical,,intact,literal,clean,
2585-01,82,CET-4,intake,intake,intake,canonical,,intake,literal,clean,
2586-01,82,CET-4,intangible,intangible,intangible,canonical,,intangible,literal,clean,
2587-01,82,CET-6,integral,integral,integral,canonical,,integral,literal,clean,
2588-01,82,CET-4,integrate,integrate,integrate,canonical,,integrate integration,literal,clean,
2588-02,82,CET-4,integrate,integration,integration,derived,,integrate integration,literal,clean,
2589-01,82,CET-4,integrity,integrity,integrity,canonical,,integrity,literal,clean,
2590-01,82,CET-6,intellect,intellect,intellect,canonical,,intellect,literal,clean,
2591-01,82,CET-4,intellectual,intellectual,intellectual,canonical,,intellectual,literal,clean,
2592-01,82,CET-4,intelligent,intelligent,intelligent,canonical,,intelligent intelligence,literal,clean,
2592-02,82,CET-4,intelligent,intelligence,intelligence,derived,,intelligent intelligence,literal,clean,
2593-01,82,CET-6,intelligible,intelligible,intelligible,canonical,,intelligible,literal,clean,
2594-01,82,CET-4,intend,intend,intend,canonical,,intend intention intent intentional,literal,clean,
2594-02,82,CET-4,intend,intention,intention,derived,,intend intention intent intentional,literal,clean,
2594-03,82,CET-4,intend,intent,intent,derived,,intend intention intent intentional,literal,clean,
2594-04,82,CET-4,intend,intentional,intentional,derived,,intend intention intent intentional,literal,clean,
2595-01,82,CET-4,intense,intense,intense,canonical,,intense intensity intensify,literal,clean,
2595-02,82,CET-4,intense,intensity,intensity,derived,,intense intensity intensify,literal,clean,
2595-03,82,CET-4,intense,intensify,intensify,derived,,intense intensity intensify,literal,clean,
2596-01,82,CET-4,intensive,intensive,intensive,canonical,,intensive,literal,clean,
2597-01,82,CET-4,interact,interact,interact,canonical,,interact interaction interactive,literal,clean,
2597-02,82,CET-4,interact,interaction,interaction,derived,,interact interaction interactive,literal,clean,
2597-03,82,CET-4,interact,interactive,interactive,derived,,interact interaction interactive,literal,clean,
2598-01,82,CET-6,intercourse,intercourse,intercourse,canonical,,intercourse,literal,clean,
2599-01,82,CET-4,interest,interest,interest,canonical,,interest interesting interested,literal,clean,
2599-02,82,CET-4,interest,interesting,interesting,derived,,interest interesting interested,literal,clean,
2599-03,82,CET-4,interest,interested,interested,derived,,interest interesting interested,literal,clean,
2600-01,82,CET-4,interfere,interfere,interfere,canonical,,interfere interference,literal,clean,
2600-02,82,CET-4,interfere,interference,interference,derived,,interfere interference,literal,clean,
2601-01,82,CET-6,interim,interim,interim,canonical,,interim,literal,clean,
2602-01,82,CET-4,interior,interior,interior,canonical,,interior,literal,clean,
2603-01,82,CET-4,intermediate,intermediate,intermediate,canonical,,intermediate intermediary,literal,clean,
2603-02,82,CET-4,intermediate,intermediary,intermediary,derived,,intermediate intermediary,literal,clean,
2604-01,82,CET-6,intermittent,intermittent,intermittent,canonical,,intermittent,literal,clean,
2605-01,83,CET-4,internal,internal,internal,canonical,,internal,literal,clean,
2606-01,83,CET-4,international,international,international,canonical,,international,literal,clean,
2607-01,83,CET-4,internet,internet,Internet,canonical,,Internet/internet,literal,clean,
2608-01,83,CET-4,interpret,interpret,interpret,canonical,,interpret interpretation interpreter,literal,clean,
2608-02,83,CET-4,interpret,interpretation,interpretation,derived,,interpret interpretation interpreter,literal,clean,
2608-03,83,CET-4,interpret,interpreter,interpreter,derived,,interpret interpretation interpreter,literal,clean,
2609-01,83,CET-6,interrogate,interrogate,interrogate,canonical,,interrogate interrogation,literal,clean,
2609-02,83,CET-6,interrogate,interrogation,interrogation,derived,,interrogate interrogation,literal,clean,
2610-01,83,CET-4,interrupt,interrupt,interrupt,canonical,,interrupt interruption,literal,clean,
2610-02,83,CET-4,interrupt,interruption,interruption,derived,,interrupt interruption,literal,clean,
2611-01,83,CET-4,interval,interval,interval,canonical,,interval,literal,clean,
2612-01,83,CET-6,intervene,intervene,intervene,canonical,,intervene intervention,literal,clean,
2612-02,83,CET-6,intervene,intervention,intervention,derived,,intervene intervention,literal,clean,
2613-01,83,CET-4,interview,interview,interview,canonical,,interview interviewer interviewee,literal,clean,
2613-02,83,CET-4,interview,interviewer,interviewer,derived,,interview interviewer interviewee,literal,clean,
2613-03,83,CET-4,interview,interviewee,interviewee,derived,,interview interviewer interviewee,literal,clean,
2614-01,83,CET-4,intimate,intimate,intimate,canonical,,intimate intimacy,literal,clean,
2614-02,83,CET-4,intimate,intimacy,intimacy,derived,,intimate intimacy,literal,clean,
2615-01,83,CET-6,intimidate,intimidate,intimidate,canonical,,intimidate intimidation,literal,clean,
2615-02,83,CET-6,intimidate,intimidation,intimidation,derived,,intimidate intimidation,literal,clean,
2616-01,83,CET-4,into,into,into,canonical,,into,literal,clean,
2617-01,83,CET-6,intricate,intricate,intricate,canonical,,intricate intricacy,literal,clean,
2617-02,83,CET-6,intricate,intricacy,intricacy,derived,,intricate intricacy,literal,clean,
2618-01,83,CET-6,intrigue,intrigue,intrigue,canonical,,intrigue,literal,clean,
2619-01,83,CET-6,intrinsic,intrinsic,intrinsic,canonical,,intrinsic intrinsically,literal,clean,
2619-02,83,CET-6,intrinsic,intrinsically,intrinsically,derived,,intrinsic intrinsically,literal,clean,
2620-01,83,CET-4,introduce,introduce,introduce,canonical,,introduce introduction introductory,literal,clean,
2620-02,83,CET-4,introduce,introduction,introduction,derived,,introduce introduction introductory,literal,clean,
2620-03,83,CET-4,introduce,introductory,introductory,derived,,introduce introduction introductory,literal,clean,
2621-01,83,CET-4,intrude,intrude,intrude,canonical,,intrude intrusion intruder,literal,clean,
2621-02,83,CET-4,intrude,intrusion,intrusion,derived,,intrude intrusion intruder,literal,clean,
2621-03,83,CET-4,intrude,intruder,intruder,derived,,intrude intrusion intruder,literal,clean,
2622-01,83,CET-6,intuition,intuition,intuition,canonical,,intuition intuitive,literal,clean,
2622-02,83,CET-6,intuition,intuitive,intuitive,derived,,intuition intuitive,literal,clean,
2623-01,83,CET-4,invade,invade,invade,canonical,,invade invasion invader invasive,literal,clean,
2623-02,83,CET-4,invade,invasion,invasion,derived,,invade invasion invader invasive,literal,clean,
2623-03,83,CET-4,invade,invader,invader,derived,,invade invasion invader invasive,literal,clean,
2623-04,83,CET-4,invade,invasive,invasive,derived,,invade invasion invader invasive,literal,clean,
2624-01,83,CET-6,invalid,invalid,invalid,canonical,1,invalid１,literal,required,同形异义编号已移至 sense_number；同一拼写同时出现在 CET-4 与 CET-6 词族中
2625-01,83,CET-4,invalid,invalid,invalid,canonical,2,invalid２,literal,required,同形异义编号已移至 sense_number；同一拼写同时出现在 CET-4 与 CET-6 词族中
2626-01,83,CET-4,invaluable,invaluable,invaluable,canonical,,invaluable,literal,clean,
2627-01,83,CET-4,invariably,invariably,invariably,canonical,,invariably,literal,clean,
2628-01,83,CET-4,invent,invent,invent,canonical,,invent invention inventor,literal,clean,
2628-02,83,CET-4,invent,invention,invention,derived,,invent invention inventor,literal,clean,
2628-03,83,CET-4,invent,inventor,inventor,derived,,invent invention inventor,literal,clean,
2629-01,83,CET-6,inventory,inventory,inventory,canonical,,inventory,literal,clean,
2630-01,83,CET-6,invert,invert,invert,canonical,,invert inversion,literal,clean,
2630-02,83,CET-6,invert,inversion,inversion,derived,,invert inversion,literal,clean,
2631-01,83,CET-4,invest,invest,invest,canonical,,invest investment investor,literal,clean,
2631-02,83,CET-4,invest,investment,investment,derived,,invest investment investor,literal,clean,
2631-03,83,CET-4,invest,investor,investor,derived,,invest investment investor,literal,clean,
2632-01,83,CET-4,investigate,investigate,investigate,canonical,,investigate investigation investigator,literal,clean,
2632-02,83,CET-4,investigate,investigation,investigation,derived,,investigate investigation investigator,literal,clean,
2632-03,83,CET-4,investigate,investigator,investigator,derived,,investigate investigation investigator,literal,clean,
2633-01,83,CET-4,invisible,invisible,invisible,canonical,,invisible,literal,clean,
2634-01,83,CET-4,invite,invite,invite,canonical,,invite invitation inviting,literal,clean,
2634-02,83,CET-4,invite,invitation,invitation,derived,,invite invitation inviting,literal,clean,
2634-03,83,CET-4,invite,inviting,inviting,derived,,invite invitation inviting,literal,clean,
2635-01,83,CET-4,involve,involve,involve,canonical,,involve involvement involved,literal,clean,
2635-02,83,CET-4,involve,involvement,involvement,derived,,involve involvement involved,literal,clean,
2635-03,83,CET-4,involve,involved,involved,derived,,involve involvement involved,literal,clean,
2636-01,83,CET-4,inward,inward,inward,canonical,,inward,literal,clean,
2637-01,83,CET-4,iron,iron,iron,canonical,,iron,literal,clean,
2638-01,83,CET-4,irony,irony,irony,canonical,,irony ironic(al) ironically,literal,clean,
2638-02,83,CET-4,irony,ironic,ironic,derived,,irony ironic(al) ironically,optional_omitted,spot_check,括号可选拼写
2638-03,83,CET-4,irony,ironical,ironical,derived_variant,,irony ironic(al) ironically,optional_included,spot_check,括号可选拼写
2638-04,83,CET-4,irony,ironically,ironically,derived,,irony ironic(al) ironically,literal,clean,
2639-01,83,CET-4,irrational,irrational,irrational,canonical,,irrational,literal,clean,
2640-01,83,CET-4,irregular,irregular,irregular,canonical,,irregular,literal,clean,
2641-01,83,CET-6,irrespective,irrespective,irrespective,canonical,,irrespective,literal,clean,
2642-01,83,CET-4,irrigate,irrigate,irrigate,canonical,,irrigate irrigation,literal,clean,
2642-02,83,CET-4,irrigate,irrigation,irrigation,derived,,irrigate irrigation,literal,clean,
2643-01,83,CET-6,irritate,irritate,irritate,canonical,,irritate irritation irritating irritable,literal,clean,
2643-02,83,CET-6,irritate,irritation,irritation,derived,,irritate irritation irritating irritable,literal,clean,
2643-03,83,CET-6,irritate,irritating,irritating,derived,,irritate irritation irritating irritable,literal,clean,
2643-04,83,CET-6,irritate,irritable,irritable,derived,,irritate irritation irritating irritable,literal,clean,
2644-01,83,CET-4,island,island,island,canonical,,island,literal,clean,
2645-01,83,CET-6,isle,isle,isle,canonical,,isle,literal,clean,
2646-01,83,CET-4,isolate,isolate,isolate,canonical,,isolate isolation,literal,clean,
2646-02,83,CET-4,isolate,isolation,isolation,derived,,isolate isolation,literal,clean,
2647-01,84,CET-4,issue,issue,issue,canonical,,issue,literal,clean,
2648-01,84,CET-4,it,it,it,canonical,,it,literal,clean,
2649-01,84,CET-4,item,item,item,canonical,,item,literal,clean,
2650-01,84,CET-4,its,its,its,canonical,,its,literal,clean,
2651-01,84,CET-4,itself,itself,itself,canonical,,itself,literal,clean,
2652-01,84,CET-6,ivory,ivory,ivory,canonical,,ivory,literal,clean,
2653-01,84,CET-6,jack,jack,jack,canonical,,jack,literal,clean,
2654-01,84,CET-4,jacket,jacket,jacket,canonical,,jacket,literal,clean,
2655-01,84,CET-4,jail,jail,jail,canonical,,jail/gaol,literal,clean,
2655-02,84,CET-4,jail,gaol,gaol,canonical_variant,,jail/gaol,slash_alternative:literal,spot_check,斜杠并列形式
2656-01,84,CET-4,jam,jam,jam,canonical,1,jam１,literal,spot_check,同形异义编号已移至 sense_number
2657-01,84,CET-4,jam,jam,jam,canonical,2,jam２,literal,spot_check,同形异义编号已移至 sense_number
2658-01,84,CET-4,january,january,January,canonical,,January,literal,clean,
2659-01,84,CET-4,jar,jar,jar,canonical,1,jar１,literal,spot_check,同形异义编号已移至 sense_number
2660-01,84,CET-4,jar,jar,jar,canonical,2,jar２,literal,spot_check,同形异义编号已移至 sense_number
2661-01,84,CET-6,jargon,jargon,jargon,canonical,,jargon,literal,clean,
2662-01,84,CET-4,jaw,jaw,jaw,canonical,,jaw,literal,clean,
2663-01,84,CET-4,jazz,jazz,jazz,canonical,,jazz,literal,clean,
2664-01,84,CET-4,jealous,jealous,jealous,canonical,,jealous jealousy,literal,clean,
2664-02,84,CET-4,jealous,jealousy,jealousy,derived,,jealous jealousy,literal,clean,
2665-01,84,CET-4,jeans,jeans,jeans,canonical,,jeans,literal,clean,
2666-01,84,CET-4,jeep,jeep,jeep,canonical,,jeep,literal,clean,
2667-01,84,CET-6,jelly,jelly,jelly,canonical,,jelly,literal,clean,
2668-01,84,CET-6,jeopardize,jeopardize,jeopardize,canonical,,jeopardize/Ｇise jeopardy,literal,spot_check,PDF 连字符/共享词尾字形已恢复
2668-02,84,CET-6,jeopardize,jeopardise,jeopardise,canonical_variant,,jeopardize/Ｇise jeopardy,shared_suffix:-ise,spot_check,共享词尾替换；PDF 连字符/共享词尾字形已恢复
2668-03,84,CET-6,jeopardize,jeopardy,jeopardy,derived,,jeopardize/Ｇise jeopardy,literal,spot_check,PDF 连字符/共享词尾字形已恢复
2669-01,84,CET-6,jerk,jerk,jerk,canonical,,jerk,literal,clean,
2670-01,84,CET-4,jet,jet,jet,canonical,,jet,literal,clean,
2671-01,84,CET-4,jetlag,jetlag,jetlag,canonical,,jetlag,literal,clean,
2672-01,84,CET-4,jewel,jewel,jewel,canonical,,jewel jewel(l)ery,literal,clean,
2672-02,84,CET-4,jewel,jewelery,jewelery,derived,,jewel jewel(l)ery,optional_omitted,spot_check,括号可选拼写
2672-03,84,CET-4,jewel,jewellery,jewellery,derived_variant,,jewel jewel(l)ery,optional_included,spot_check,括号可选拼写
2673-01,84,CET-4,job,job,job,canonical,,job,literal,clean,
2674-01,84,CET-6,jockey,jockey,jockey,canonical,,jockey,literal,clean,
2675-01,84,CET-4,jog,jog,jog,canonical,,jog,literal,clean,
2676-01,84,CET-4,join,join,join,canonical,,join,literal,clean,
2677-01,84,CET-4,joint,joint,joint,canonical,,joint,literal,clean,
2678-01,84,CET-4,joke,joke,joke,canonical,,joke,literal,clean,
2679-01,84,CET-6,jolly,jolly,jolly,canonical,,jolly,literal,clean,
2680-01,84,CET-4,journal,journal,journal,canonical,,journal,literal,clean,
2681-01,84,CET-4,journalism,journalism,journalism,canonical,,journalism journalist,literal,clean,
2681-02,84,CET-4,journalism,journalist,journalist,derived,,journalism journalist,literal,clean,
2682-01,84,CET-4,journey,journey,journey,canonical,,journey,literal,clean,
2683-01,84,CET-4,joy,joy,joy,canonical,,joy joyous joyful,literal,clean,
2683-02,84,CET-4,joy,joyous,joyous,derived,,joy joyous joyful,literal,clean,
2683-03,84,CET-4,joy,joyful,joyful,derived,,joy joyous joyful,literal,clean,
2684-01,84,CET-4,judge,judge,judge,canonical,,judge judg(e)ment,literal,clean,
2684-02,84,CET-4,judge,judgment,judgment,derived,,judge judg(e)ment,optional_omitted,spot_check,括号可选拼写
2684-03,84,CET-4,judge,judgement,judgement,derived_variant,,judge judg(e)ment,optional_included,spot_check,括号可选拼写
2685-01,84,CET-6,judicial,judicial,judicial,canonical,,judicial,literal,clean,
2686-01,84,CET-6,judiciary,judiciary,judiciary,canonical,,judiciary,literal,clean,
2687-01,84,CET-4,juice,juice,juice,canonical,,juice juicy,literal,clean,
2687-02,84,CET-4,juice,juicy,juicy,derived,,juice juicy,literal,clean,
2688-01,84,CET-4,july,july,July,canonical,,July,literal,clean,
2689-01,85,CET-4,jump,jump,jump,canonical,,jump,literal,clean,
2690-01,85,CET-6,junction,junction,junction,canonical,,junction,literal,clean,
2691-01,85,CET-4,june,june,June,canonical,,June,literal,clean,
2692-01,85,CET-4,jungle,jungle,jungle,canonical,,jungle,literal,clean,
2693-01,85,CET-4,junior,junior,junior,canonical,,junior,literal,clean,
2694-01,85,CET-4,junk,junk,junk,canonical,,junk,literal,clean,
2695-01,85,CET-6,jurisdiction,jurisdiction,jurisdiction,canonical,,jurisdiction,literal,clean,
2696-01,85,CET-4,jury,jury,jury,canonical,,jury juror,literal,clean,
2696-02,85,CET-4,jury,juror,juror,derived,,jury juror,literal,clean,
2697-01,85,CET-4,just,just,just,canonical,1,just１,literal,spot_check,同形异义编号已移至 sense_number
2698-01,85,CET-4,just,just,just,canonical,2,just２,literal,spot_check,同形异义编号已移至 sense_number
2699-01,85,CET-4,justice,justice,justice,canonical,,justice,literal,clean,
2700-01,85,CET-4,justify,justify,justify,canonical,,justify justification,literal,clean,
2700-02,85,CET-4,justify,justification,justification,derived,,justify justification,literal,clean,
2701-01,85,CET-6,juvenile,juvenile,juvenile,canonical,,juvenile,literal,clean,
2702-01,85,CET-4,keen,keen,keen,canonical,,keen,literal,clean,
2703-01,85,CET-4,keep,keep,keep,canonical,,keep,literal,clean,
2704-01,85,CET-4,kettle,kettle,kettle,canonical,,kettle,literal,clean,
2705-01,85,CET-4,key,key,key,canonical,,key,literal,clean,
2706-01,85,CET-4,keyboard,keyboard,keyboard,canonical,,keyboard,literal,clean,
2707-01,85,CET-4,kick,kick,kick,canonical,,kick,literal,clean,
2708-01,85,CET-4,kid,kid,kid,canonical,,kid,literal,clean,
2709-01,85,CET-6,kidnap,kidnap,kidnap,canonical,,kidnap,literal,clean,
2710-01,85,CET-6,kidney,kidney,kidney,canonical,,kidney,literal,clean,
2711-01,85,CET-4,kill,kill,kill,canonical,,kill,literal,clean,
2712-01,85,CET-4,kilogram,kilogram,kilogram,canonical,,kilogram(me)/kilo,optional_omitted,spot_check,括号可选拼写
2712-02,85,CET-4,kilogram,kilogramme,kilogramme,canonical_variant,,kilogram(me)/kilo,optional_included,spot_check,括号可选拼写
2712-03,85,CET-4,kilogram,kilo,kilo,canonical_variant,,kilogram(me)/kilo,slash_alternative:literal,spot_check,斜杠并列形式；缩写形式
2713-01,85,CET-4,kilometer,kilometer,kilometer,canonical,,kilometer/Ｇtre,literal,spot_check,PDF 连字符/共享词尾字形已恢复
2713-02,85,CET-4,kilometer,kilometre,kilometre,canonical_variant,,kilometer/Ｇtre,shared_suffix:-tre,spot_check,共享词尾替换；PDF 连字符/共享词尾字形已恢复
2714-01,85,CET-4,kin,kin,kin,canonical,,kin,literal,clean,
2715-01,85,CET-4,kind,kind,kind,canonical,,kind kindness,literal,clean,
2715-02,85,CET-4,kind,kindness,kindness,derived,,kind kindness,literal,clean,
2716-01,85,CET-4,kindergarten,kindergarten,kindergarten,canonical,,kindergarten,literal,clean,
2717-01,85,CET-4,king,king,king,canonical,,king,literal,clean,
2718-01,85,CET-4,kingdom,kingdom,kingdom,canonical,,kingdom,literal,clean,
2719-01,85,CET-4,kiss,kiss,kiss,canonical,,kiss,literal,clean,
2720-01,85,CET-4,kit,kit,kit,canonical,,kit,literal,clean,
2721-01,85,CET-4,kitchen,kitchen,kitchen,canonical,,kitchen,literal,clean,
2722-01,85,CET-4,kite,kite,kite,canonical,,kite,literal,clean,
2723-01,85,CET-4,knee,knee,knee,canonical,,knee,literal,clean,
2724-01,85,CET-4,kneel,kneel,kneel,canonical,,kneel,literal,clean,
2725-01,85,CET-4,knife,knife,knife,canonical,,knife,literal,clean,
2726-01,85,CET-6,knight,knight,knight,canonical,,knight,literal,clean,
2727-01,85,CET-4,knit,knit,knit,canonical,,knit,literal,clean,
2728-01,85,CET-6,knob,knob,knob,canonical,,knob,literal,clean,
2729-01,85,CET-4,knock,knock,knock,canonical,,knock,literal,clean,
2730-01,85,CET-4,knot,knot,knot,canonical,,knot knotty,literal,clean,
2730-02,85,CET-4,knot,knotty,knotty,derived,,knot knotty,literal,clean,
2731-01,86,CET-4,know,know,know,canonical,,know knowledge knowledgeable,literal,clean,
2731-02,86,CET-4,know,knowledge,knowledge,derived,,know knowledge knowledgeable,literal,clean,
2731-03,86,CET-4,know,knowledgeable,knowledgeable,derived,,know knowledge knowledgeable,literal,clean,
2732-01,86,CET-4,knowhow,knowhow,knowhow,canonical,,knowhow,literal,clean,
2733-01,86,CET-4,label,label,label,canonical,,label,literal,clean,
2734-01,86,CET-4,labor,labor,labor,canonical,,labo(u)r laborious,optional_omitted,spot_check,括号可选拼写
2734-02,86,CET-4,labor,labour,labour,canonical_variant,,labo(u)r laborious,optional_included,spot_check,括号可选拼写
2734-03,86,CET-4,labor,laborious,laborious,derived,,labo(u)r laborious,literal,clean,
2735-01,86,CET-4,laboratory,laboratory,laboratory,canonical,,laboratory/lab,literal,clean,
2735-02,86,CET-4,laboratory,lab,lab,canonical_variant,,laboratory/lab,slash_alternative:literal,spot_check,斜杠并列形式；缩写形式
2736-01,86,CET-4,lace,lace,lace,canonical,,lace,literal,clean,
2737-01,86,CET-4,lack,lack,lack,canonical,,lack,literal,clean,
2738-01,86,CET-6,lad,lad,lad,canonical,,lad,literal,clean,
2739-01,86,CET-4,ladder,ladder,ladder,canonical,,ladder,literal,clean,
2740-01,86,CET-4,lady,lady,lady,canonical,,lady,literal,clean,
2741-01,86,CET-4,lag,lag,lag,canonical,,lag,literal,clean,
2742-01,86,CET-4,lake,lake,lake,canonical,,lake,literal,clean,
2743-01,86,CET-4,lamb,lamb,lamb,canonical,,lamb,literal,clean,
2744-01,86,CET-4,lame,lame,lame,canonical,,lame,literal,clean,
2745-01,86,CET-4,lamp,lamp,lamp,canonical,,lamp,literal,clean,
2746-01,86,CET-4,land,land,land,canonical,,land landing,literal,clean,
2746-02,86,CET-4,land,landing,landing,derived,,land landing,literal,clean,
2747-01,86,CET-4,landlord,landlord,landlord,canonical,,landlord/landlady,literal,clean,
2747-02,86,CET-4,landlord,landlady,landlady,canonical_variant,,landlord/landlady,slash_alternative:literal,spot_check,斜杠并列形式
2748-01,86,CET-6,landmark,landmark,landmark,canonical,,landmark,literal,clean,
2749-01,86,CET-4,landscape,landscape,landscape,canonical,,landscape,literal,clean,
2750-01,86,CET-4,lane,lane,lane,canonical,,lane,literal,clean,
2751-01,86,CET-4,language,language,language,canonical,,language,literal,clean,
2752-01,86,CET-4,lap,lap,lap,canonical,,lap,literal,clean,
2753-01,86,CET-4,laptop,laptop,laptop,canonical,,laptop,literal,clean,
2754-01,86,CET-4,large,large,large,canonical,,large largely,literal,clean,
2754-02,86,CET-4,large,largely,largely,derived,,large largely,literal,clean,
2755-01,86,CET-4,laser,laser,laser,canonical,,laser,literal,clean,
2756-01,86,CET-6,lash,lash,lash,canonical,,lash,literal,clean,
2757-01,86,CET-4,lass,lass,lass,canonical,,lass,literal,clean,
2758-01,86,CET-4,last,last,last,canonical,,last lastly,literal,clean,
2758-02,86,CET-4,last,lastly,lastly,derived,,last lastly,literal,clean,
2759-01,86,CET-4,late,late,late,canonical,,late later,literal,clean,
2759-02,86,CET-4,late,later,later,derived,,late later,literal,clean,
2760-01,86,CET-4,lately,lately,lately,canonical,,lately,literal,clean,
2761-01,86,CET-6,latitude,latitude,latitude,canonical,,latitude,literal,clean,
2762-01,86,CET-4,latter,latter,latter,canonical,,latter,literal,clean,
2763-01,86,CET-4,laugh,laugh,laugh,canonical,,laugh laughter,literal,clean,
2763-02,86,CET-4,laugh,laughter,laughter,derived,,laugh laughter,literal,clean,
2764-01,86,CET-4,launch,launch,launch,canonical,,launch,literal,clean,
2765-01,86,CET-4,laundry,laundry,laundry,canonical,,laundry,literal,clean,
2766-01,86,CET-4,lavatory,lavatory,lavatory,canonical,,lavatory,literal,clean,
2767-01,86,CET-6,lavish,lavish,lavish,canonical,,lavish,literal,clean,
2768-01,86,CET-4,law,law,law,canonical,,law lawful,literal,clean,
2768-02,86,CET-4,law,lawful,lawful,derived,,law lawful,literal,clean,
2769-01,86,CET-4,lawn,lawn,lawn,canonical,,lawn,literal,clean,
2770-01,86,CET-6,lawsuit,lawsuit,lawsuit,canonical,,lawsuit,literal,clean,
2771-01,86,CET-4,lawyer,lawyer,lawyer,canonical,,lawyer,literal,clean,
2772-01,86,CET-4,lay,lay,lay,canonical,,lay,literal,clean,
2773-01,87,CET-4,layer,layer,layer,canonical,,layer,literal,clean,
2774-01,87,CET-6,layman,layman,layman,canonical,,layman,literal,clean,
2775-01,87,CET-4,layoff,layoff,layoff,canonical,,layoff,literal,clean,
2776-01,87,CET-4,layout,layout,layout,canonical,,layout,literal,clean,
2777-01,87,CET-4,lazy,lazy,lazy,canonical,,lazy laziness,literal,clean,
2777-02,87,CET-4,lazy,laziness,laziness,derived,,lazy laziness,literal,clean,
2778-01,87,CET-4,lead,lead,lead,canonical,1,lead１,literal,spot_check,同形异义编号已移至 sense_number
2779-01,87,CET-4,lead,lead,lead,canonical,2,lead２,literal,spot_check,同形异义编号已移至 sense_number
2780-01,87,CET-4,leaf,leaf,leaf,canonical,,leaf,literal,clean,
2781-01,87,CET-6,leaflet,leaflet,leaflet,canonical,,leaflet,literal,clean,
2782-01,87,CET-4,league,league,league,canonical,,league,literal,clean,
2783-01,87,CET-4,leak,leak,leak,canonical,,leak,literal,clean,
2784-01,87,CET-4,lean,lean,lean,canonical,,lean,literal,clean,
2785-01,87,CET-4,leap,leap,leap,canonical,,leap,literal,clean,
2786-01,87,CET-4,learn,learn,learn,canonical,,learn learned learning learner,literal,clean,
2786-02,87,CET-4,learn,learned,learned,derived,,learn learned learning learner,literal,clean,
2786-03,87,CET-4,learn,learning,learning,derived,,learn learned learning learner,literal,clean,
2786-04,87,CET-4,learn,learner,learner,derived,,learn learned learning learner,literal,clean,
2787-01,87,CET-4,lease,lease,lease,canonical,,lease,literal,clean,
2788-01,87,CET-4,least,least,least,canonical,,least,literal,clean,
2789-01,87,CET-4,leather,leather,leather,canonical,,leather,literal,clean,
2790-01,87,CET-4,leave,leave,leave,canonical,,leave,literal,clean,
2791-01,87,CET-4,lecture,lecture,lecture,canonical,,lecture lecturer,literal,clean,
2791-02,87,CET-4,lecture,lecturer,lecturer,derived,,lecture lecturer,literal,clean,
2792-01,87,CET-4,left,left,left,canonical,,left leftist,literal,clean,
2792-02,87,CET-4,left,leftist,leftist,derived,,left leftist,literal,clean,
2793-01,87,CET-4,leg,leg,leg,canonical,,leg,literal,clean,
2794-01,87,CET-6,legacy,legacy,legacy,canonical,,legacy,literal,clean,
2795-01,87,CET-4,legal,legal,legal,canonical,,legal legalize/Ｇise,literal,spot_check,PDF 连字符/共享词尾字形已恢复
2795-02,87,CET-4,legal,legalize,legalize,derived,,legal legalize/Ｇise,literal,spot_check,PDF 连字符/共享词尾字形已恢复
2795-03,87,CET-4,legal,legalise,legalise,derived_variant,,legal legalize/Ｇise,shared_suffix:-ise,spot_check,共享词尾替换；PDF 连字符/共享词尾字形已恢复
2796-01,87,CET-4,legend,legend,legend,canonical,,legend legendary,literal,clean,
2796-02,87,CET-4,legend,legendary,legendary,derived,,legend legendary,literal,clean,
2797-01,87,CET-4,legislate,legislate,legislate,canonical,,legislate legislation legislative legislator,literal,clean,
2797-02,87,CET-4,legislate,legislation,legislation,derived,,legislate legislation legislative legislator,literal,clean,
2797-03,87,CET-4,legislate,legislative,legislative,derived,,legislate legislation legislative legislator,literal,clean,
2797-04,87,CET-4,legislate,legislator,legislator,derived,,legislate legislation legislative legislator,literal,clean,
2798-01,87,CET-6,legitimate,legitimate,legitimate,canonical,,legitimate legitimacy,literal,clean,
2798-02,87,CET-6,legitimate,legitimacy,legitimacy,derived,,legitimate legitimacy,literal,clean,
2799-01,87,CET-4,leisure,leisure,leisure,canonical,,leisure leisurely,literal,clean,
2799-02,87,CET-4,leisure,leisurely,leisurely,derived,,leisure leisurely,literal,clean,
2800-01,87,CET-4,lemon,lemon,lemon,canonical,,lemon lemonade,literal,clean,
2800-02,87,CET-4,lemon,lemonade,lemonade,derived,,lemon lemonade,literal,clean,
2801-01,87,CET-4,lend,lend,lend,canonical,,lend,literal,clean,
2802-01,87,CET-6,lenient,lenient,lenient,canonical,,lenient leniency,literal,clean,
2802-02,87,CET-6,lenient,leniency,leniency,derived,,lenient leniency,literal,clean,
2803-01,87,CET-4,lens,lens,lens,canonical,,lens,literal,clean,
2804-01,87,CET-6,lesbian,lesbian,lesbian,canonical,,lesbian,literal,clean,
2805-01,87,CET-4,less,less,less,canonical,,less,literal,clean,
2806-01,87,CET-4,lesson,lesson,lesson,canonical,,lesson,literal,clean,
2807-01,87,CET-4,lest,lest,lest,canonical,,lest,literal,clean,
2808-01,87,CET-4,let,let,let,canonical,,let,literal,clean,
2809-01,87,CET-4,letter,letter,letter,canonical,,letter,literal,clean,
2810-01,87,CET-4,level,level,level,canonical,,level,literal,clean,
2811-01,87,CET-6,lever,lever,lever,canonical,,lever leverage,literal,clean,
2811-02,87,CET-6,lever,leverage,leverage,derived,,lever leverage,literal,clean,
2812-01,87,CET-6,levy,levy,levy,canonical,,levy,literal,clean,
2813-01,87,CET-4,liable,liable,liable,canonical,,liable liability,literal,clean,
2813-02,87,CET-4,liable,liability,liability,derived,,liable liability,literal,clean,
2814-01,87,CET-4,liberal,liberal,liberal,canonical,,liberal,literal,clean,
2815-01,88,CET-4,liberate,liberate,liberate,canonical,,liberate liberation,literal,clean,
2815-02,88,CET-4,liberate,liberation,liberation,derived,,liberate liberation,literal,clean,
2816-01,88,CET-4,liberty,liberty,liberty,canonical,,liberty,literal,clean,
2817-01,88,CET-4,library,library,library,canonical,,library librarian,literal,clean,
2817-02,88,CET-4,library,librarian,librarian,derived,,library librarian,literal,clean,
2818-01,88,CET-4,license,license,license,canonical,,license/Ｇce,literal,spot_check,PDF 连字符/共享词尾字形已恢复
2818-02,88,CET-4,license,licence,licence,canonical_variant,,license/Ｇce,shared_suffix:-ce,spot_check,共享词尾替换；PDF 连字符/共享词尾字形已恢复
2819-01,88,CET-4,lick,lick,lick,canonical,,lick,literal,clean,
2820-01,88,CET-4,lid,lid,lid,canonical,,lid,literal,clean,
2821-01,88,CET-4,lie,lie,lie,canonical,1,lie１,literal,spot_check,同形异义编号已移至 sense_number
2822-01,88,CET-4,lie,lie,lie,canonical,2,lie２,literal,spot_check,同形异义编号已移至 sense_number
2823-01,88,CET-6,lieutenant,lieutenant,lieutenant,canonical,,lieutenant,literal,clean,
2824-01,88,CET-4,life,life,life,canonical,,life,literal,clean,
2825-01,88,CET-4,lift,lift,lift,canonical,,lift,literal,clean,
2826-01,88,CET-4,light,light,light,canonical,1,light１,literal,spot_check,同形异义编号已移至 sense_number
2827-01,88,CET-4,light,light,light,canonical,2,light２,literal,spot_check,同形异义编号已移至 sense_number
2828-01,88,CET-4,lightning,lightning,lightning,canonical,,lightning,literal,clean,
2829-01,88,CET-4,like,like,like,canonical,1,like１,literal,spot_check,同形异义编号已移至 sense_number
2830-01,88,CET-4,like,like,like,canonical,2,like２,literal,spot_check,同形异义编号已移至 sense_number
2831-01,88,CET-4,likewise,likewise,likewise,canonical,,likewise,literal,clean,
2832-01,88,CET-4,lily,lily,lily,canonical,,lily,literal,clean,
2833-01,88,CET-4,limb,limb,limb,canonical,,limb,literal,clean,
2834-01,88,CET-6,lime,lime,lime,canonical,,lime,literal,clean,
2835-01,88,CET-6,limelight,limelight,limelight,canonical,,limelight,literal,clean,
2836-01,88,CET-4,limit,limit,limit,canonical,,limit limitation limited,literal,clean,
2836-02,88,CET-4,limit,limitation,limitation,derived,,limit limitation limited,literal,clean,
2836-03,88,CET-4,limit,limited,limited,derived,,limit limitation limited,literal,clean,
2837-01,88,CET-6,limp,limp,limp,canonical,,limp,literal,clean,
2838-01,88,CET-4,line,line,line,canonical,,line linear,literal,clean,
2838-02,88,CET-4,line,linear,linear,derived,,line linear,literal,clean,
2839-01,88,CET-6,linen,linen,linen,canonical,,linen,literal,clean,
2840-01,88,CET-6,liner,liner,liner,canonical,,liner,literal,clean,
2841-01,88,CET-6,linger,linger,linger,canonical,,linger,literal,clean,
2842-01,88,CET-6,linguistic,linguistic,linguistic,canonical,,linguistic linguistics,literal,clean,
2842-02,88,CET-6,linguistic,linguistics,linguistics,derived,,linguistic linguistics,literal,clean,
2843-01,88,CET-4,link,link,link,canonical,,link linkage,literal,clean,
2843-02,88,CET-4,link,linkage,linkage,derived,,link linkage,literal,clean,
2844-01,88,CET-4,lion,lion,lion,canonical,,lion lioness,literal,clean,
2844-02,88,CET-4,lion,lioness,lioness,derived,,lion lioness,literal,clean,
2845-01,88,CET-4,lip,lip,lip,canonical,,lip,literal,clean,
2846-01,88,CET-6,lipstick,lipstick,lipstick,canonical,,lipstick,literal,clean,
2847-01,88,CET-4,liquid,liquid,liquid,canonical,,liquid,literal,clean,
2848-01,88,CET-4,liquor,liquor,liquor,canonical,,liquor,literal,clean,
2849-01,88,CET-4,list,list,list,canonical,,list,literal,clean,
2850-01,88,CET-4,listen,listen,listen,canonical,,listen listener,literal,clean,
2850-02,88,CET-4,listen,listener,listener,derived,,listen listener,literal,clean,
2851-01,88,CET-4,liter,liter,liter,canonical,,liter/Ｇtre,literal,spot_check,PDF 连字符/共享词尾字形已恢复
2851-02,88,CET-4,liter,litre,litre,canonical_variant,,liter/Ｇtre,shared_suffix:-tre,spot_check,共享词尾替换；PDF 连字符/共享词尾字形已恢复
2852-01,88,CET-4,literal,literal,literal,canonical,,literal literally,literal,clean,
2852-02,88,CET-4,literal,literally,literally,derived,,literal literally,literal,clean,
2853-01,88,CET-4,literary,literary,literary,canonical,,literary literature literate literacy,literal,clean,
2853-02,88,CET-4,literary,literature,literature,derived,,literary literature literate literacy,literal,clean,
2853-03,88,CET-4,literary,literate,literate,derived,,literary literature literate literacy,literal,clean,
2853-04,88,CET-4,literary,literacy,literacy,derived,,literary literature literate literacy,literal,clean,
2854-01,88,CET-4,litter,litter,litter,canonical,,litter,literal,clean,
2855-01,88,CET-4,little,little,little,canonical,,little,literal,clean,
2856-01,88,CET-4,live,live,live,canonical,1,live１,literal,spot_check,同形异义编号已移至 sense_number
2857-01,89,CET-4,live,live,live,canonical,2,live２,literal,spot_check,同形异义编号已移至 sense_number
2858-01,89,CET-4,livelihood,livelihood,livelihood,canonical,,livelihood,literal,clean,
2859-01,89,CET-4,lively,lively,lively,canonical,,lively,literal,clean,
2860-01,89,CET-4,liver,liver,liver,canonical,,liver,literal,clean,
2861-01,89,CET-6,livestock,livestock,livestock,canonical,,livestock,literal,clean,
2862-01,89,CET-4,living-room,living-room,living-room,canonical,,livingＧroom,literal,spot_check,PDF 连字符/共享词尾字形已恢复
2863-01,89,CET-4,load,load,load,canonical,,load,literal,clean,
2864-01,89,CET-4,loaf,loaf,loaf,canonical,,loaf,literal,clean,
2865-01,89,CET-4,loan,loan,loan,canonical,,loan,literal,clean,
2866-01,89,CET-4,lobby,lobby,lobby,canonical,,lobby lobbyist,literal,clean,
2866-02,89,CET-4,lobby,lobbyist,lobbyist,derived,,lobby lobbyist,literal,clean,
2867-01,89,CET-4,local,local,local,canonical,,local locality,literal,clean,
2867-02,89,CET-4,local,locality,locality,derived,,local locality,literal,clean,
2868-01,89,CET-4,locate,locate,locate,canonical,,locate location,literal,clean,
2868-02,89,CET-4,locate,location,location,derived,,locate location,literal,clean,
2869-01,89,CET-4,lock,lock,lock,canonical,,lock locker,literal,clean,
2869-02,89,CET-4,lock,locker,locker,derived,,lock locker,literal,clean,
2870-01,89,CET-6,locomotive,locomotive,locomotive,canonical,,locomotive,literal,clean,
2871-01,89,CET-4,lodge,lodge,lodge,canonical,,lodge lodging,literal,clean,
2871-02,89,CET-4,lodge,lodging,lodging,derived,,lodge lodging,literal,clean,
2872-01,89,CET-6,lofty,lofty,lofty,canonical,,lofty,literal,clean,
2873-01,89,CET-4,log,log,log,canonical,,log,literal,clean,
2874-01,89,CET-4,logic,logic,logic,canonical,,logic logical,literal,clean,
2874-02,89,CET-4,logic,logical,logical,derived,,logic logical,literal,clean,
2875-01,89,CET-6,logistics,logistics,logistics,canonical,,logistics logistic(al),literal,clean,
2875-02,89,CET-6,logistics,logistic,logistic,derived,,logistics logistic(al),optional_omitted,spot_check,括号可选拼写
2875-03,89,CET-6,logistics,logistical,logistical,derived_variant,,logistics logistic(al),optional_included,spot_check,括号可选拼写
2876-01,89,CET-4,logo,logo,logo,canonical,,logo,literal,clean,
2877-01,89,CET-4,lonely,lonely,lonely,canonical,,lonely loneliness,literal,clean,
2877-02,89,CET-4,lonely,loneliness,loneliness,derived,,lonely loneliness,literal,clean,
2878-01,89,CET-4,long,long,long,canonical,1,long１,literal,spot_check,同形异义编号已移至 sense_number
2879-01,89,CET-4,long,long,long,canonical,2,long２,literal,spot_check,同形异义编号已移至 sense_number
2880-01,89,CET-6,longevity,longevity,longevity,canonical,,longevity,literal,clean,
2881-01,89,CET-6,longitude,longitude,longitude,canonical,,longitude longitudinal,literal,clean,
2881-02,89,CET-6,longitude,longitudinal,longitudinal,derived,,longitude longitudinal,literal,clean,
2882-01,89,CET-4,look,look,look,canonical,,look,literal,clean,
2883-01,89,CET-6,loom,loom,loom,canonical,,loom,literal,clean,
2884-01,89,CET-6,loop,loop,loop,canonical,,loop,literal,clean,
2885-01,89,CET-4,loophole,loophole,loophole,canonical,,loophole,literal,clean,
2886-01,89,CET-4,loose,loose,loose,canonical,,loose loosen,literal,clean,
2886-02,89,CET-4,loose,loosen,loosen,derived,,loose loosen,literal,clean,
2887-01,89,CET-6,loot,loot,loot,canonical,,loot,literal,clean,
2888-01,89,CET-4,lord,lord,lord,canonical,,lord,literal,clean,
2889-01,89,CET-4,lorry,lorry,lorry,canonical,,lorry,literal,clean,
2890-01,89,CET-4,lose,lose,lose,canonical,,lose loss,literal,clean,
2890-02,89,CET-4,lose,loss,loss,derived,,lose loss,literal,clean,
2891-01,89,CET-4,lot,lot,lot,canonical,,lot,literal,clean,
2892-01,89,CET-6,lotion,lotion,lotion,canonical,,lotion,literal,clean,
2893-01,89,CET-6,lottery,lottery,lottery,canonical,,lottery,literal,clean,
2894-01,89,CET-4,loud,loud,loud,canonical,,loud loudly,literal,clean,
2894-02,89,CET-4,loud,loudly,loudly,derived,,loud loudly,literal,clean,
2895-01,89,CET-6,lounge,lounge,lounge,canonical,,lounge,literal,clean,
2896-01,89,CET-4,love,love,love,canonical,,love lovely lover,literal,clean,
2896-02,89,CET-4,love,lovely,lovely,derived,,love lovely lover,literal,clean,
2896-03,89,CET-4,love,lover,lover,derived,,love lovely lover,literal,clean,
2897-01,89,CET-4,low,low,low,canonical,,low lower,literal,clean,
2897-02,89,CET-4,low,lower,lower,derived,,low lower,literal,clean,
2898-01,89,CET-4,loyal,loyal,loyal,canonical,,loyal loyalty,literal,clean,
2898-02,89,CET-4,loyal,loyalty,loyalty,derived,,loyal loyalty,literal,clean,
2899-01,90,CET-6,lubricate,lubricate,lubricate,canonical,,lubricate lubrication,literal,clean,
2899-02,90,CET-6,lubricate,lubrication,lubrication,derived,,lubricate lubrication,literal,clean,
2900-01,90,CET-4,luck,luck,luck,canonical,,luck lucky,literal,clean,
2900-02,90,CET-4,luck,lucky,lucky,derived,,luck lucky,literal,clean,
2901-01,90,CET-6,lucrative,lucrative,lucrative,canonical,,lucrative,literal,clean,
2902-01,90,CET-4,luggage,luggage,luggage,canonical,,luggage,literal,clean,
2903-01,90,CET-6,luminous,luminous,luminous,canonical,,luminous,literal,clean,
2904-01,90,CET-4,lump,lump,lump,canonical,,lump,literal,clean,
2905-01,90,CET-4,lunar,lunar,lunar,canonical,,lunar,literal,clean,
2906-01,90,CET-4,lunch,lunch,lunch,canonical,,lunch luncheon,literal,clean,
2906-02,90,CET-4,lunch,luncheon,luncheon,derived,,lunch luncheon,literal,clean,
2907-01,90,CET-4,lung,lung,lung,canonical,,lung,literal,clean,
2908-01,90,CET-6,lure,lure,lure,canonical,,lure,literal,clean,
2909-01,90,CET-4,luxury,luxury,luxury,canonical,,luxury luxurious,literal,clean,
2909-02,90,CET-4,luxury,luxurious,luxurious,derived,,luxury luxurious,literal,clean,
2910-01,90,CET-6,lyric,lyric,lyric,canonical,,lyric lyrical,literal,clean,
2910-02,90,CET-6,lyric,lyrical,lyrical,derived,,lyric lyrical,literal,clean,
2911-01,90,CET-4,machine,machine,machine,canonical,,machine machinery,literal,clean,
2911-02,90,CET-4,machine,machinery,machinery,derived,,machine machinery,literal,clean,
2912-01,90,CET-4,mad,mad,mad,canonical,,mad madden,literal,clean,
2912-02,90,CET-4,mad,madden,madden,derived,,mad madden,literal,clean,
2913-01,90,CET-4,madam,madam,madam,canonical,,madam,literal,clean,
2914-01,90,CET-4,magazine,magazine,magazine,canonical,,magazine,literal,clean,
2915-01,90,CET-4,magic,magic,magic,canonical,,magic magical,literal,clean,
2915-02,90,CET-4,magic,magical,magical,derived,,magic magical,literal,clean,
2916-01,90,CET-6,magistrate,magistrate,magistrate,canonical,,magistrate,literal,clean,
2917-01,90,CET-4,magnet,magnet,magnet,canonical,,magnet magnetic,literal,clean,
2917-02,90,CET-4,magnet,magnetic,magnetic,derived,,magnet magnetic,literal,clean,
2918-01,90,CET-4,magnificent,magnificent,magnificent,canonical,,magnificent magnificence,literal,clean,
2918-02,90,CET-4,magnificent,magnificence,magnificence,derived,,magnificent magnificence,literal,clean,
2919-01,90,CET-6,magnify,magnify,magnify,canonical,,magnify,literal,clean,
2920-01,90,CET-6,magnitude,magnitude,magnitude,canonical,,magnitude,literal,clean,
2921-01,90,CET-4,maid,maid,maid,canonical,,maid,literal,clean,
2922-01,90,CET-4,maiden,maiden,maiden,canonical,,maiden,literal,clean,
2923-01,90,CET-4,mail,mail,mail,canonical,,mail,literal,clean,
2924-01,90,CET-4,main,main,main,canonical,,main,literal,clean,
2925-01,90,CET-4,mainland,mainland,mainland,canonical,,mainland,literal,clean,
2926-01,90,CET-4,mainstream,mainstream,mainstream,canonical,,mainstream,literal,clean,
2927-01,90,CET-4,maintain,maintain,maintain,canonical,,maintain maintenance,literal,clean,
2927-02,90,CET-4,maintain,maintenance,maintenance,derived,,maintain maintenance,literal,clean,
2928-01,90,CET-6,majesty,majesty,majesty,canonical,,majesty majestic,literal,clean,
2928-02,90,CET-6,majesty,majestic,majestic,derived,,majesty majestic,literal,clean,
2929-01,90,CET-4,major,major,major,canonical,,major majority,literal,clean,
2929-02,90,CET-4,major,majority,majority,derived,,major majority,literal,clean,
2930-01,90,CET-4,make,make,make,canonical,,make,literal,clean,
2931-01,90,CET-4,makeup,makeup,makeup,canonical,,makeup,literal,clean,
2932-01,90,CET-4,male,male,male,canonical,,male,literal,clean,
2933-01,90,CET-6,malice,malice,malice,canonical,,malice malicious,literal,clean,
2933-02,90,CET-6,malice,malicious,malicious,derived,,malice malicious,literal,clean,
2934-01,90,CET-6,malignant,malignant,malignant,canonical,,malignant,literal,clean,
2935-01,90,CET-4,mall,mall,mall,canonical,,mall,literal,clean,
2936-01,90,CET-6,malpractice,malpractice,malpractice,canonical,,malpractice,literal,clean,
2937-01,90,CET-4,mammal,mammal,mammal,canonical,,mammal,literal,clean,
2938-01,90,CET-4,man,man,man,canonical,,man manly manhood,literal,clean,
2938-02,90,CET-4,man,manly,manly,derived,,man manly manhood,literal,clean,
2938-03,90,CET-4,man,manhood,manhood,derived,,man manly manhood,literal,clean,
2939-01,90,CET-4,manage,manage,manage,canonical,,manage management manager managerial,literal,clean,
2939-02,90,CET-4,manage,management,management,derived,,manage management manager managerial,literal,clean,
2939-03,90,CET-4,manage,manager,manager,derived,,manage management manager managerial,literal,clean,
2939-04,90,CET-4,manage,managerial,managerial,derived,,manage management manager managerial,literal,clean,
2940-01,90,CET-6,mandate,mandate,mandate,canonical,,mandate mandatory,literal,clean,
2940-02,90,CET-6,mandate,mandatory,mandatory,derived,,mandate mandatory,literal,clean,
2941-01,91,CET-6,maneuver,maneuver,maneuver,canonical,,maneuver/manoeuvre,literal,clean,
2941-02,91,CET-6,maneuver,manoeuvre,manoeuvre,canonical_variant,,maneuver/manoeuvre,slash_alternative:literal,spot_check,斜杠并列形式
2942-01,91,CET-6,manifest,manifest,manifest,canonical,,manifest manifestation,literal,clean,
2942-02,91,CET-6,manifest,manifestation,manifestation,derived,,manifest manifestation,literal,clean,
2943-01,91,CET-4,manipulate,manipulate,manipulate,canonical,,manipulate manipulation manipulative,literal,clean,
2943-02,91,CET-4,manipulate,manipulation,manipulation,derived,,manipulate manipulation manipulative,literal,clean,
2943-03,91,CET-4,manipulate,manipulative,manipulative,derived,,manipulate manipulation manipulative,literal,clean,
2944-01,91,CET-4,mankind,mankind,mankind,canonical,,mankind,literal,clean,
2945-01,91,CET-4,manner,manner,manner,canonical,,manner,literal,clean,
2946-01,91,CET-6,mansion,mansion,mansion,canonical,,mansion,literal,clean,
2947-01,91,CET-4,manual,manual,manual,canonical,,manual,literal,clean,
2948-01,91,CET-4,manufacture,manufacture,manufacture,canonical,,manufacture manufacturer,literal,clean,
2948-02,91,CET-4,manufacture,manufacturer,manufacturer,derived,,manufacture manufacturer,literal,clean,
2949-01,91,CET-6,manuscript,manuscript,manuscript,canonical,,manuscript,literal,clean,
2950-01,91,CET-4,many,many,many,canonical,,many,literal,clean,
2951-01,91,CET-4,map,map,map,canonical,,map,literal,clean,
2952-01,91,CET-6,mar,mar,mar,canonical,,mar,literal,clean,
2953-01,91,CET-4,marathon,marathon,marathon,canonical,,marathon,literal,clean,
2954-01,91,CET-6,marble,marble,marble,canonical,,marble,literal,clean,
2955-01,91,CET-4,march,march,March,canonical,,March,literal,clean,
2956-01,91,CET-4,march,march,march,canonical,,march,literal,clean,
2957-01,91,CET-4,margin,margin,margin,canonical,,margin marginal,literal,clean,
2957-02,91,CET-4,margin,marginal,marginal,derived,,margin marginal,literal,clean,
2958-01,91,CET-4,marine,marine,marine,canonical,,marine,literal,clean,
2959-01,91,CET-6,maritime,maritime,maritime,canonical,,maritime,literal,clean,
2960-01,91,CET-4,mark,mark,mark,canonical,,mark,literal,clean,
2961-01,91,CET-4,market,market,market,canonical,,market marketing,literal,clean,
2961-02,91,CET-4,market,marketing,marketing,derived,,market marketing,literal,clean,
2962-01,91,CET-4,marry,marry,marry,canonical,,marry marriage marital,literal,clean,
2962-02,91,CET-4,marry,marriage,marriage,derived,,marry marriage marital,literal,clean,
2962-03,91,CET-4,marry,marital,marital,derived,,marry marriage marital,literal,clean,
2963-01,91,CET-4,marsh,marsh,marsh,canonical,,marsh,literal,clean,
2964-01,91,CET-4,marshal,marshal,marshal,canonical,,marshal,literal,clean,
2965-01,91,CET-6,martyr,martyr,martyr,canonical,,martyr martyrdom,literal,clean,
2965-02,91,CET-6,martyr,martyrdom,martyrdom,derived,,martyr martyrdom,literal,clean,
2966-01,91,CET-4,marvel,marvel,marvel,canonical,,marvel marvel(l)ous,literal,clean,
2966-02,91,CET-4,marvel,marvelous,marvelous,derived,,marvel marvel(l)ous,optional_omitted,spot_check,括号可选拼写
2966-03,91,CET-4,marvel,marvellous,marvellous,derived_variant,,marvel marvel(l)ous,optional_included,spot_check,括号可选拼写
2967-01,91,CET-4,marxism,marxism,Marxism,canonical,,Marxism Marxist,literal,clean,
2967-02,91,CET-4,marxism,marxist,Marxist,derived,,Marxism Marxist,literal,clean,
2968-01,91,CET-6,masculine,masculine,masculine,canonical,,masculine masculinity,literal,clean,
2968-02,91,CET-6,masculine,masculinity,masculinity,derived,,masculine masculinity,literal,clean,
2969-01,91,CET-4,mask,mask,mask,canonical,,mask,literal,clean,
2970-01,91,CET-4,mass,mass,mass,canonical,,mass massive,literal,clean,
2970-02,91,CET-4,mass,massive,massive,derived,,mass massive,literal,clean,
2971-01,91,CET-6,massacre,massacre,massacre,canonical,,massacre,literal,clean,
2972-01,91,CET-4,massage,massage,massage,canonical,,massage,literal,clean,
2973-01,91,CET-4,master,master,master,canonical,,master mastery,literal,clean,
2973-02,91,CET-4,master,mastery,mastery,derived,,master mastery,literal,clean,
2974-01,91,CET-4,masterpiece,masterpiece,masterpiece,canonical,,masterpiece,literal,clean,
2975-01,91,CET-4,mat,mat,mat,canonical,,mat,literal,clean,
2976-01,91,CET-4,match,match,match,canonical,,match,literal,clean,
2977-01,91,CET-4,mate,mate,mate,canonical,,mate,literal,clean,
2978-01,91,CET-4,material,material,material,canonical,,material materialism materialist materialize/Ｇise,literal,spot_check,PDF 连字符/共享词尾字形已恢复
2978-02,91,CET-4,material,materialism,materialism,derived,,material materialism materialist materialize/Ｇise,literal,spot_check,PDF 连字符/共享词尾字形已恢复
2978-03,91,CET-4,material,materialist,materialist,derived,,material materialism materialist materialize/Ｇise,literal,spot_check,PDF 连字符/共享词尾字形已恢复
2978-04,91,CET-4,material,materialize,materialize,derived,,material materialism materialist materialize/Ｇise,literal,spot_check,PDF 连字符/共享词尾字形已恢复
2978-05,91,CET-4,material,materialise,materialise,derived_variant,,material materialism materialist materialize/Ｇise,shared_suffix:-ise,spot_check,共享词尾替换；PDF 连字符/共享词尾字形已恢复
2979-01,91,CET-6,maternal,maternal,maternal,canonical,,maternal maternity,literal,clean,
2979-02,91,CET-6,maternal,maternity,maternity,derived,,maternal maternity,literal,clean,
2980-01,91,CET-4,math,math,math,canonical,,math(ematics)/maths mathematical,optional_omitted,spot_check,括号可选拼写
2980-02,91,CET-4,math,mathematics,mathematics,canonical_variant,,math(ematics)/maths mathematical,optional_included,spot_check,括号可选拼写
2980-03,91,CET-4,math,maths,maths,canonical_variant,,math(ematics)/maths mathematical,slash_alternative:literal,spot_check,斜杠并列形式
2980-04,91,CET-4,math,mathematical,mathematical,derived,,math(ematics)/maths mathematical,literal,clean,
2981-01,91,CET-4,matter,matter,matter,canonical,,matter,literal,clean,
2982-01,91,CET-4,mature,mature,mature,canonical,,mature maturity,literal,clean,
2982-02,91,CET-4,mature,maturity,maturity,derived,,mature maturity,literal,clean,
2983-01,92,CET-4,maximum,maximum,maximum,canonical,,maximum maximize/Ｇise maximal,literal,spot_check,PDF 连字符/共享词尾字形已恢复
2983-02,92,CET-4,maximum,maximize,maximize,derived,,maximum maximize/Ｇise maximal,literal,spot_check,PDF 连字符/共享词尾字形已恢复
2983-03,92,CET-4,maximum,maximise,maximise,derived_variant,,maximum maximize/Ｇise maximal,shared_suffix:-ise,spot_check,共享词尾替换；PDF 连字符/共享词尾字形已恢复
2983-04,92,CET-4,maximum,maximal,maximal,derived,,maximum maximize/Ｇise maximal,literal,spot_check,PDF 连字符/共享词尾字形已恢复
2984-01,92,CET-4,may,may,May,canonical,,May,literal,clean,
2985-01,92,CET-4,may,may,may,canonical,,may,literal,clean,
2986-01,92,CET-4,maybe,maybe,maybe,canonical,,maybe,literal,clean,
2987-01,92,CET-4,mayor,mayor,mayor,canonical,,mayor,literal,clean,
2988-01,92,CET-4,me,me,me,canonical,,me,literal,clean,
2989-01,92,CET-6,meadow,meadow,meadow,canonical,,meadow,literal,clean,
2990-01,92,CET-4,meal,meal,meal,canonical,,meal,literal,clean,
2991-01,92,CET-4,mean,mean,mean,canonical,1,mean１,literal,spot_check,同形异义编号已移至 sense_number
2992-01,92,CET-4,mean,mean,mean,canonical,2,mean２,literal,spot_check,同形异义编号已移至 sense_number
2993-01,92,CET-4,mean,mean,mean,canonical,3,mean３,literal,spot_check,同形异义编号已移至 sense_number
2994-01,92,CET-4,means,means,means,canonical,,means,literal,clean,
2995-01,92,CET-4,meantime,meantime,meantime,canonical,,meantime,literal,clean,
2996-01,92,CET-4,meanwhile,meanwhile,meanwhile,canonical,,meanwhile,literal,clean,
2997-01,92,CET-4,measure,measure,measure,canonical,,measure measurement measurable,literal,clean,
2997-02,92,CET-4,measure,measurement,measurement,derived,,measure measurement measurable,literal,clean,
2997-03,92,CET-4,measure,measurable,measurable,derived,,measure measurement measurable,literal,clean,
2998-01,92,CET-4,meat,meat,meat,canonical,,meat meaty,literal,clean,
2998-02,92,CET-4,meat,meaty,meaty,derived,,meat meaty,literal,clean,
2999-01,92,CET-4,mechanic,mechanic,mechanic,canonical,,mechanic mechanical mechanics mechanism,literal,clean,
2999-02,92,CET-4,mechanic,mechanical,mechanical,derived,,mechanic mechanical mechanics mechanism,literal,clean,
2999-03,92,CET-4,mechanic,mechanics,mechanics,derived,,mechanic mechanical mechanics mechanism,literal,clean,
2999-04,92,CET-4,mechanic,mechanism,mechanism,derived,,mechanic mechanical mechanics mechanism,literal,clean,
3000-01,92,CET-4,mechanize,mechanize,mechanize,canonical,,mechanize/Ｇise mechanization/Ｇsation,literal,spot_check,PDF 连字符/共享词尾字形已恢复
3000-02,92,CET-4,mechanize,mechanise,mechanise,canonical_variant,,mechanize/Ｇise mechanization/Ｇsation,shared_suffix:-ise,spot_check,共享词尾替换；PDF 连字符/共享词尾字形已恢复
3000-03,92,CET-4,mechanize,mechanization,mechanization,derived,,mechanize/Ｇise mechanization/Ｇsation,literal,spot_check,PDF 连字符/共享词尾字形已恢复
3000-04,92,CET-4,mechanize,mechanisation,mechanisation,derived_variant,,mechanize/Ｇise mechanization/Ｇsation,shared_suffix:-sation,spot_check,共享词尾替换；PDF 连字符/共享词尾字形已恢复
3001-01,92,CET-4,medal,medal,medal,canonical,,medal,literal,clean,
3002-01,92,CET-6,mediate,mediate,mediate,canonical,,mediate mediation mediator,literal,clean,
3002-02,92,CET-6,mediate,mediation,mediation,derived,,mediate mediation mediator,literal,clean,
3002-03,92,CET-6,mediate,mediator,mediator,derived,,mediate mediation mediator,literal,clean,
3003-01,92,CET-4,medical,medical,medical,canonical,,medical,literal,clean,
3004-01,92,CET-4,medicare,medicare,Medicare,canonical,,Medicare,literal,clean,
3005-01,92,CET-6,medication,medication,medication,canonical,,medication,literal,clean,
3006-01,92,CET-4,medicine,medicine,medicine,canonical,,medicine medicinal,literal,clean,
3006-02,92,CET-4,medicine,medicinal,medicinal,derived,,medicine medicinal,literal,clean,
3007-01,92,CET-6,medieval,medieval,medieval,canonical,,medieval,literal,clean,
3008-01,92,CET-4,medium,medium,medium,canonical,,medium media,literal,clean,
3008-02,92,CET-4,medium,media,media,derived,,medium media,literal,clean,
3009-01,92,CET-4,meet,meet,meet,canonical,,meet,literal,clean,
3010-01,92,CET-4,meeting,meeting,meeting,canonical,,meeting,literal,clean,
3011-01,92,CET-6,melody,melody,melody,canonical,,melody melodious,literal,clean,
3011-02,92,CET-6,melody,melodious,melodious,derived,,melody melodious,literal,clean,
3012-01,92,CET-4,melon,melon,melon,canonical,,melon,literal,clean,
3013-01,92,CET-4,melt,melt,melt,canonical,,melt,literal,clean,
3014-01,92,CET-4,member,member,member,canonical,,member membership,literal,clean,
3014-02,92,CET-4,member,membership,membership,derived,,member membership,literal,clean,
3015-01,92,CET-4,memorandum,memorandum,memorandum,canonical,,memorandum/memo,literal,clean,
3015-02,92,CET-4,memorandum,memo,memo,canonical_variant,,memorandum/memo,slash_alternative:literal,spot_check,斜杠并列形式；缩写形式
3016-01,92,CET-4,memorial,memorial,memorial,canonical,,memorial,literal,clean,
3017-01,92,CET-4,memory,memory,memory,canonical,,memory memorize/Ｇise,literal,spot_check,PDF 连字符/共享词尾字形已恢复
3017-02,92,CET-4,memory,memorize,memorize,derived,,memory memorize/Ｇise,literal,spot_check,PDF 连字符/共享词尾字形已恢复
3017-03,92,CET-4,memory,memorise,memorise,derived_variant,,memory memorize/Ｇise,shared_suffix:-ise,spot_check,共享词尾替换；PDF 连字符/共享词尾字形已恢复
3018-01,92,CET-6,menace,menace,menace,canonical,,menace,literal,clean,
3019-01,92,CET-4,mend,mend,mend,canonical,,mend,literal,clean,
3020-01,92,CET-4,mental,mental,mental,canonical,,mental mentality,literal,clean,
3020-02,92,CET-4,mental,mentality,mentality,derived,,mental mentality,literal,clean,
3021-01,92,CET-4,mention,mention,mention,canonical,,mention,literal,clean,
3022-01,92,CET-6,mentor,mentor,mentor,canonical,,mentor,literal,clean,
3023-01,92,CET-4,menu,menu,menu,canonical,,menu,literal,clean,
3024-01,92,CET-6,merchandise,merchandise,merchandise,canonical,,merchandise,literal,clean,
3025-01,93,CET-4,merchant,merchant,merchant,canonical,,merchant,literal,clean,
3026-01,93,CET-6,mercury,mercury,mercury,canonical,,mercury,literal,clean,
3027-01,93,CET-4,mercy,mercy,mercy,canonical,,mercy merciful,literal,clean,
3027-02,93,CET-4,mercy,merciful,merciful,derived,,mercy merciful,literal,clean,
3028-01,93,CET-4,mere,mere,mere,canonical,,mere merely,literal,clean,
3028-02,93,CET-4,mere,merely,merely,derived,,mere merely,literal,clean,
3029-01,93,CET-6,merge,merge,merge,canonical,,merge merger,literal,clean,
3029-02,93,CET-6,merge,merger,merger,derived,,merge merger,literal,clean,
3030-01,93,CET-4,merit,merit,merit,canonical,,merit meritorious,literal,clean,
3030-02,93,CET-4,merit,meritorious,meritorious,derived,,merit meritorious,literal,clean,
3031-01,93,CET-4,merry,merry,merry,canonical,,merry merriment,literal,clean,
3031-02,93,CET-4,merry,merriment,merriment,derived,,merry merriment,literal,clean,
3032-01,93,CET-4,mess,mess,mess,canonical,,mess messy,literal,clean,
3032-02,93,CET-4,mess,messy,messy,derived,,mess messy,literal,clean,
3033-01,93,CET-4,message,message,message,canonical,,message messenger,literal,clean,
3033-02,93,CET-4,message,messenger,messenger,derived,,message messenger,literal,clean,
3034-01,93,CET-6,metabolism,metabolism,metabolism,canonical,,metabolism metabolic,literal,clean,
3034-02,93,CET-6,metabolism,metabolic,metabolic,derived,,metabolism metabolic,literal,clean,
3035-01,93,CET-4,metal,metal,metal,canonical,,metal metallic,literal,clean,
3035-02,93,CET-4,metal,metallic,metallic,derived,,metal metallic,literal,clean,
3036-01,93,CET-6,metaphor,metaphor,metaphor,canonical,,metaphor metaphorical,literal,clean,
3036-02,93,CET-6,metaphor,metaphorical,metaphorical,derived,,metaphor metaphorical,literal,clean,
3037-01,93,CET-4,meter,meter,meter,canonical,,meter/Ｇtre metric,literal,spot_check,PDF 连字符/共享词尾字形已恢复
3037-02,93,CET-4,meter,metre,metre,canonical_variant,,meter/Ｇtre metric,shared_suffix:-tre,spot_check,共享词尾替换；PDF 连字符/共享词尾字形已恢复
3037-03,93,CET-4,meter,metric,metric,derived,,meter/Ｇtre metric,literal,spot_check,PDF 连字符/共享词尾字形已恢复
3038-01,93,CET-4,method,method,method,canonical,,method methodical methodology,literal,clean,
3038-02,93,CET-4,method,methodical,methodical,derived,,method methodical methodology,literal,clean,
3038-03,93,CET-4,method,methodology,methodology,derived,,method methodical methodology,literal,clean,
3039-01,93,CET-6,meticulous,meticulous,meticulous,canonical,,meticulous,literal,clean,
3040-01,93,CET-4,metro,metro,metro,canonical,,metro,literal,clean,
3041-01,93,CET-6,metropolitan,metropolitan,metropolitan,canonical,,metropolitan,literal,clean,
3042-01,93,CET-4,microphone,microphone,microphone,canonical,,microphone,literal,clean,
3043-01,93,CET-4,microscope,microscope,microscope,canonical,,microscope microscopic,literal,clean,
3043-02,93,CET-4,microscope,microscopic,microscopic,derived,,microscope microscopic,literal,clean,
3044-01,93,CET-4,microwave,microwave,microwave,canonical,,microwave microwavable,literal,clean,
3044-02,93,CET-4,microwave,microwavable,microwavable,derived,,microwave microwavable,literal,clean,
3045-01,93,CET-4,midday,midday,midday,canonical,,midday,literal,clean,
3046-01,93,CET-4,middle,middle,middle,canonical,,middle,literal,clean,
3047-01,93,CET-4,middle-class,middle-class,middle-class,canonical,,middleＧclass,literal,spot_check,PDF 连字符/共享词尾字形已恢复
3048-01,93,CET-4,midnight,midnight,midnight,canonical,,midnight,literal,clean,
3049-01,93,CET-6,midst,midst,midst,canonical,,midst,literal,clean,
3050-01,93,CET-6,midwife,midwife,midwife,canonical,,midwife,literal,clean,
3051-01,93,CET-4,might,might,might,canonical,,might mighty,literal,clean,
3051-02,93,CET-4,might,mighty,mighty,derived,,might mighty,literal,clean,
3052-01,93,CET-4,migrate,migrate,migrate,canonical,,migrate migration migrant,literal,clean,
3052-02,93,CET-4,migrate,migration,migration,derived,,migrate migration migrant,literal,clean,
3052-03,93,CET-4,migrate,migrant,migrant,derived,,migrate migration migrant,literal,clean,
3053-01,93,CET-4,mild,mild,mild,canonical,,mild,literal,clean,
3054-01,93,CET-4,mile,mile,mile,canonical,,mile mileage,literal,clean,
3054-02,93,CET-4,mile,mileage,mileage,derived,,mile mileage,literal,clean,
3055-01,93,CET-6,milestone,milestone,milestone,canonical,,milestone,literal,clean,
3056-01,93,CET-6,militant,militant,militant,canonical,,militant militancy,literal,clean,
3056-02,93,CET-6,militant,militancy,militancy,derived,,militant militancy,literal,clean,
3057-01,93,CET-4,military,military,military,canonical,,military,literal,clean,
3058-01,93,CET-6,militia,militia,militia,canonical,,militia,literal,clean,
3059-01,93,CET-4,milk,milk,milk,canonical,,milk milky,literal,clean,
3059-02,93,CET-4,milk,milky,milky,derived,,milk milky,literal,clean,
3060-01,93,CET-4,mill,mill,mill,canonical,,mill,literal,clean,
3061-01,93,CET-4,millimeter,millimeter,millimeter,canonical,,millimeter/Ｇtre,literal,spot_check,PDF 连字符/共享词尾字形已恢复
3061-02,93,CET-4,millimeter,millimetre,millimetre,canonical_variant,,millimeter/Ｇtre,shared_suffix:-tre,spot_check,共享词尾替换；PDF 连字符/共享词尾字形已恢复
3062-01,93,CET-4,million,million,million,canonical,,million millionaire,literal,clean,
3062-02,93,CET-4,million,millionaire,millionaire,derived,,million millionaire,literal,clean,
3063-01,93,CET-4,mind,mind,mind,canonical,,mind,literal,clean,
3064-01,93,CET-6,mindset,mindset,mindset,canonical,,mindset,literal,clean,
3065-01,93,CET-4,mine,mine,mine,canonical,1,mine１,literal,spot_check,同形异义编号已移至 sense_number
3066-01,93,CET-4,mine,mine,mine,canonical,2,mine２,literal,spot_check,同形异义编号已移至 sense_number
3067-01,94,CET-4,mine,mine,mine,canonical,3,mine３,literal,spot_check,同形异义编号已移至 sense_number
3068-01,94,CET-6,mingle,mingle,mingle,canonical,,mingle,literal,clean,
3069-01,94,CET-6,miniature,miniature,miniature,canonical,,miniature,literal,clean,
3070-01,94,CET-4,minimum,minimum,minimum,canonical,,minimum minimal minimize/Ｇise,literal,spot_check,PDF 连字符/共享词尾字形已恢复
3070-02,94,CET-4,minimum,minimal,minimal,derived,,minimum minimal minimize/Ｇise,literal,spot_check,PDF 连字符/共享词尾字形已恢复
3070-03,94,CET-4,minimum,minimize,minimize,derived,,minimum minimal minimize/Ｇise,literal,spot_check,PDF 连字符/共享词尾字形已恢复
3070-04,94,CET-4,minimum,minimise,minimise,derived_variant,,minimum minimal minimize/Ｇise,shared_suffix:-ise,spot_check,共享词尾替换；PDF 连字符/共享词尾字形已恢复
3071-01,94,CET-4,minister,minister,minister,canonical,,minister ministry ministerial,literal,clean,
3071-02,94,CET-4,minister,ministry,ministry,derived,,minister ministry ministerial,literal,clean,
3071-03,94,CET-4,minister,ministerial,ministerial,derived,,minister ministry ministerial,literal,clean,
3072-01,94,CET-4,minor,minor,minor,canonical,,minor minority,literal,clean,
3072-02,94,CET-4,minor,minority,minority,derived,,minor minority,literal,clean,
3073-01,94,CET-6,mint,mint,mint,canonical,,mint,literal,clean,
3074-01,94,CET-4,minus,minus,minus,canonical,,minus,literal,clean,
3075-01,94,CET-4,minute,minute,minute,canonical,1,minute１,literal,spot_check,同形异义编号已移至 sense_number
3076-01,94,CET-4,minute,minute,minute,canonical,2,minute２,literal,spot_check,同形异义编号已移至 sense_number
3077-01,94,CET-4,miracle,miracle,miracle,canonical,,miracle miraculous,literal,clean,
3077-02,94,CET-4,miracle,miraculous,miraculous,derived,,miracle miraculous,literal,clean,
3078-01,94,CET-4,mirror,mirror,mirror,canonical,,mirror,literal,clean,
3079-01,94,CET-4,miserable,miserable,miserable,canonical,,miserable misery,literal,clean,
3079-02,94,CET-4,miserable,misery,misery,derived,,miserable misery,literal,clean,
3080-01,94,CET-4,misfortune,misfortune,misfortune,canonical,,misfortune,literal,clean,
3081-01,94,CET-4,mislead,mislead,mislead,canonical,,mislead misleading,literal,clean,
3081-02,94,CET-4,mislead,misleading,misleading,derived,,mislead misleading,literal,clean,
3082-01,94,CET-4,miss,miss,miss,canonical,1,miss１,literal,spot_check,同形异义编号已移至 sense_number
3083-01,94,CET-4,miss,miss,miss,canonical,2,miss２,literal,spot_check,同形异义编号已移至 sense_number
3084-01,94,CET-4,missile,missile,missile,canonical,,missile,literal,clean,
3085-01,94,CET-4,missing,missing,missing,canonical,,missing,literal,clean,
3086-01,94,CET-4,mission,mission,mission,canonical,,mission,literal,clean,
3087-01,94,CET-6,missionary,missionary,missionary,canonical,,missionary,literal,clean,
3088-01,94,CET-4,mist,mist,mist,canonical,,mist misty,literal,clean,
3088-02,94,CET-4,mist,misty,misty,derived,,mist misty,literal,clean,
3089-01,94,CET-4,mistake,mistake,mistake,canonical,,mistake mistaken,literal,clean,
3089-02,94,CET-4,mistake,mistaken,mistaken,derived,,mistake mistaken,literal,clean,
3090-01,94,CET-4,mister,mister,mister,canonical,,mister,literal,clean,
3091-01,94,CET-4,mistress,mistress,mistress,canonical,,mistress,literal,clean,
3092-01,94,CET-4,misunderstand,misunderstand,misunderstand,canonical,,misunderstand misunderstanding,literal,clean,
3092-02,94,CET-4,misunderstand,misunderstanding,misunderstanding,derived,,misunderstand misunderstanding,literal,clean,
3093-01,94,CET-4,mix,mix,mix,canonical,,mix mixture mixer,literal,clean,
3093-02,94,CET-4,mix,mixture,mixture,derived,,mix mixture mixer,literal,clean,
3093-03,94,CET-4,mix,mixer,mixer,derived,,mix mixture mixer,literal,clean,
3094-01,94,CET-6,moan,moan,moan,canonical,,moan,literal,clean,
3095-01,94,CET-4,mobile,mobile,mobile,canonical,,mobile,literal,clean,
3096-01,94,CET-6,mobilize,mobilize,mobilize,canonical,,mobilize/Ｇise,literal,spot_check,PDF 连字符/共享词尾字形已恢复
3096-02,94,CET-6,mobilize,mobilise,mobilise,canonical_variant,,mobilize/Ｇise,shared_suffix:-ise,spot_check,共享词尾替换；PDF 连字符/共享词尾字形已恢复
3097-01,94,CET-6,mock,mock,mock,canonical,,mock,literal,clean,
3098-01,94,CET-4,mode,mode,mode,canonical,,mode,literal,clean,
3099-01,94,CET-4,model,model,model,canonical,,model,literal,clean,
3100-01,94,CET-4,moderate,moderate,moderate,canonical,,moderate moderation moderator,literal,clean,
3100-02,94,CET-4,moderate,moderation,moderation,derived,,moderate moderation moderator,literal,clean,
3100-03,94,CET-4,moderate,moderator,moderator,derived,,moderate moderation moderator,literal,clean,
3101-01,94,CET-4,modern,modern,modern,canonical,,modern modernize/Ｇise modernization/Ｇsation,literal,spot_check,PDF 连字符/共享词尾字形已恢复
3101-02,94,CET-4,modern,modernize,modernize,derived,,modern modernize/Ｇise modernization/Ｇsation,literal,spot_check,PDF 连字符/共享词尾字形已恢复
3101-03,94,CET-4,modern,modernise,modernise,derived_variant,,modern modernize/Ｇise modernization/Ｇsation,shared_suffix:-ise,spot_check,共享词尾替换；PDF 连字符/共享词尾字形已恢复
3101-04,94,CET-4,modern,modernization,modernization,derived,,modern modernize/Ｇise modernization/Ｇsation,literal,spot_check,PDF 连字符/共享词尾字形已恢复
3101-05,94,CET-4,modern,modernisation,modernisation,derived_variant,,modern modernize/Ｇise modernization/Ｇsation,shared_suffix:-sation,spot_check,共享词尾替换；PDF 连字符/共享词尾字形已恢复
3102-01,94,CET-4,modest,modest,modest,canonical,,modest modesty,literal,clean,
3102-02,94,CET-4,modest,modesty,modesty,derived,,modest modesty,literal,clean,
3103-01,94,CET-4,modify,modify,modify,canonical,,modify modification modifier,literal,clean,
3103-02,94,CET-4,modify,modification,modification,derived,,modify modification modifier,literal,clean,
3103-03,94,CET-4,modify,modifier,modifier,derived,,modify modification modifier,literal,clean,
3104-01,94,CET-4,moist,moist,moist,canonical,,moist moisture,literal,clean,
3104-02,94,CET-4,moist,moisture,moisture,derived,,moist moisture,literal,clean,
3105-01,94,CET-4,mold,mold,mold,canonical,,mo(u)ld mo(u)ldy,optional_omitted,spot_check,括号可选拼写
3105-02,94,CET-4,mold,mould,mould,canonical_variant,,mo(u)ld mo(u)ldy,optional_included,spot_check,括号可选拼写
3105-03,94,CET-4,mold,moldy,moldy,derived,,mo(u)ld mo(u)ldy,optional_omitted,spot_check,括号可选拼写
3105-04,94,CET-4,mold,mouldy,mouldy,derived_variant,,mo(u)ld mo(u)ldy,optional_included,spot_check,括号可选拼写
3106-01,94,CET-6,molecule,molecule,molecule,canonical,,molecule molecular,literal,clean,
3106-02,94,CET-6,molecule,molecular,molecular,derived,,molecule molecular,literal,clean,
3107-01,94,CET-4,mom,mom,mom,canonical,,mom(my),optional_omitted,spot_check,括号可选拼写
3107-02,94,CET-4,mom,mommy,mommy,canonical_variant,,mom(my),optional_included,spot_check,括号可选拼写
3108-01,94,CET-4,moment,moment,moment,canonical,,moment momentary momentarily,literal,clean,
3108-02,94,CET-4,moment,momentary,momentary,derived,,moment momentary momentarily,literal,clean,
3108-03,94,CET-4,moment,momentarily,momentarily,derived,,moment momentary momentarily,literal,clean,
3109-01,95,CET-6,momentum,momentum,momentum,canonical,,momentum momentous,literal,clean,
3109-02,95,CET-6,momentum,momentous,momentous,derived,,momentum momentous,literal,clean,
3110-01,95,CET-6,monarchy,monarchy,monarchy,canonical,,monarchy monarch,literal,clean,
3110-02,95,CET-6,monarchy,monarch,monarch,derived,,monarchy monarch,literal,clean,
3111-01,95,CET-4,monday,monday,Monday,canonical,,Monday,literal,clean,
3112-01,95,CET-4,money,money,money,canonical,,money monetary,literal,clean,
3112-02,95,CET-4,money,monetary,monetary,derived,,money monetary,literal,clean,
3113-01,95,CET-4,monitor,monitor,monitor,canonical,,monitor,literal,clean,
3114-01,95,CET-4,monkey,monkey,monkey,canonical,,monkey,literal,clean,
3115-01,95,CET-6,monopoly,monopoly,monopoly,canonical,,monopoly monopolize/Ｇise,literal,spot_check,PDF 连字符/共享词尾字形已恢复
3115-02,95,CET-6,monopoly,monopolize,monopolize,derived,,monopoly monopolize/Ｇise,literal,spot_check,PDF 连字符/共享词尾字形已恢复
3115-03,95,CET-6,monopoly,monopolise,monopolise,derived_variant,,monopoly monopolize/Ｇise,shared_suffix:-ise,spot_check,共享词尾替换；PDF 连字符/共享词尾字形已恢复
3116-01,95,CET-6,monotony,monotony,monotony,canonical,,monotony monotonous,literal,clean,
3116-02,95,CET-6,monotony,monotonous,monotonous,derived,,monotony monotonous,literal,clean,
3117-01,95,CET-4,monster,monster,monster,canonical,,monster monstrous,literal,clean,
3117-02,95,CET-4,monster,monstrous,monstrous,derived,,monster monstrous,literal,clean,
3118-01,95,CET-4,month,month,month,canonical,,month monthly,literal,clean,
3118-02,95,CET-4,month,monthly,monthly,derived,,month monthly,literal,clean,
3119-01,95,CET-4,monument,monument,monument,canonical,,monument monumental,literal,clean,
3119-02,95,CET-4,monument,monumental,monumental,derived,,monument monumental,literal,clean,
3120-01,95,CET-4,mood,mood,mood,canonical,,mood moody,literal,clean,
3120-02,95,CET-4,mood,moody,moody,derived,,mood moody,literal,clean,
3121-01,95,CET-4,moon,moon,moon,canonical,,moon,literal,clean,
3122-01,95,CET-4,mop,mop,mop,canonical,,mop,literal,clean,
3123-01,95,CET-4,moral,moral,moral,canonical,,moral morality,literal,clean,
3123-02,95,CET-4,moral,morality,morality,derived,,moral morality,literal,clean,
3124-01,95,CET-6,morale,morale,morale,canonical,,morale,literal,clean,
3125-01,95,CET-4,more,more,more,canonical,,more,literal,clean,
3126-01,95,CET-4,moreover,moreover,moreover,canonical,,moreover,literal,clean,
3127-01,95,CET-4,morning,morning,morning,canonical,,morning,literal,clean,
3128-01,95,CET-6,mortal,mortal,mortal,canonical,,mortal mortality,literal,clean,
3128-02,95,CET-6,mortal,mortality,mortality,derived,,mortal mortality,literal,clean,
3129-01,95,CET-4,mortgage,mortgage,mortgage,canonical,,mortgage,literal,clean,
3130-01,95,CET-6,mosquito,mosquito,mosquito,canonical,,mosquito,literal,clean,
3131-01,95,CET-4,most,most,most,canonical,,most mostly,literal,clean,
3131-02,95,CET-4,most,mostly,mostly,derived,,most mostly,literal,clean,
3132-01,95,CET-4,motel,motel,motel,canonical,,motel,literal,clean,
3133-01,95,CET-4,mother,mother,mother,canonical,,mother motherly,literal,clean,
3133-02,95,CET-4,mother,motherly,motherly,derived,,mother motherly,literal,clean,
3134-01,95,CET-4,motion,motion,motion,canonical,,motion,literal,clean,
3135-01,95,CET-4,motivate,motivate,motivate,canonical,,motivate motivation,literal,clean,
3135-02,95,CET-4,motivate,motivation,motivation,derived,,motivate motivation,literal,clean,
3136-01,95,CET-4,motive,motive,motive,canonical,,motive,literal,clean,
3137-01,95,CET-4,motor,motor,motor,canonical,,motor,literal,clean,
3138-01,95,CET-4,motorway,motorway,motorway,canonical,,motorway,literal,clean,
3139-01,95,CET-4,mount,mount,mount,canonical,1,mount１,literal,spot_check,同形异义编号已移至 sense_number
3140-01,95,CET-4,mount,mount,mount,canonical,2,mount２,literal,spot_check,同形异义编号已移至 sense_number
3141-01,95,CET-4,mountain,mountain,mountain,canonical,,mountain mountainous,literal,clean,
3141-02,95,CET-4,mountain,mountainous,mountainous,derived,,mountain mountainous,literal,clean,
3142-01,95,CET-6,mourn,mourn,mourn,canonical,,mourn mourning,literal,clean,
3142-02,95,CET-6,mourn,mourning,mourning,derived,,mourn mourning,literal,clean,
3143-01,95,CET-4,mouse,mouse,mouse,canonical,,mouse,literal,clean,
3144-01,95,CET-4,mouth,mouth,mouth,canonical,,mouth mouthful,literal,clean,
3144-02,95,CET-4,mouth,mouthful,mouthful,derived,,mouth mouthful,literal,clean,
3145-01,95,CET-4,move,move,move,canonical,,move movement,literal,clean,
3145-02,95,CET-4,move,movement,movement,derived,,move movement,literal,clean,
3146-01,95,CET-4,movie,movie,movie,canonical,,movie,literal,clean,
3147-01,95,CET-6,mow,mow,mow,canonical,,mow,literal,clean,
3148-01,95,CET-4,much,much,much,canonical,,much,literal,clean,
3149-01,95,CET-4,mud,mud,mud,canonical,,mud muddy,literal,clean,
3149-02,95,CET-4,mud,muddy,muddy,derived,,mud muddy,literal,clean,
3150-01,95,CET-4,mug,mug,mug,canonical,,mug,literal,clean,
3151-01,96,CET-4,mule,mule,mule,canonical,,mule,literal,clean,
3152-01,96,CET-6,multilateral,multilateral,multilateral,canonical,,multilateral,literal,clean,
3153-01,96,CET-4,multiple,multiple,multiple,canonical,,multiple multiply multiplication,literal,clean,
3153-02,96,CET-4,multiple,multiply,multiply,derived,,multiple multiply multiplication,literal,clean,
3153-03,96,CET-4,multiple,multiplication,multiplication,derived,,multiple multiply multiplication,literal,clean,
3154-01,96,CET-6,multitude,multitude,multitude,canonical,,multitude,literal,clean,
3155-01,96,CET-4,municipal,municipal,municipal,canonical,,municipal municipality,literal,clean,
3155-02,96,CET-4,municipal,municipality,municipality,derived,,municipal municipality,literal,clean,
3156-01,96,CET-4,murder,murder,murder,canonical,,murder murderous,literal,clean,
3156-02,96,CET-4,murder,murderous,murderous,derived,,murder murderous,literal,clean,
3157-01,96,CET-6,murmur,murmur,murmur,canonical,,murmur,literal,clean,
3158-01,96,CET-4,muscle,muscle,muscle,canonical,,muscle muscular,literal,clean,
3158-02,96,CET-4,muscle,muscular,muscular,derived,,muscle muscular,literal,clean,
3159-01,96,CET-4,museum,museum,museum,canonical,,museum,literal,clean,
3160-01,96,CET-4,mushroom,mushroom,mushroom,canonical,,mushroom,literal,clean,
3161-01,96,CET-4,music,music,music,canonical,,music musical musician,literal,clean,
3161-02,96,CET-4,music,musical,musical,derived,,music musical musician,literal,clean,
3161-03,96,CET-4,music,musician,musician,derived,,music musical musician,literal,clean,
3162-01,96,CET-4,must,must,must,canonical,,must,literal,clean,
3163-01,96,CET-6,mute,mute,mute,canonical,,mute,literal,clean,
3164-01,96,CET-6,mutter,mutter,mutter,canonical,,mutter,literal,clean,
3165-01,96,CET-4,mutual,mutual,mutual,canonical,,mutual,literal,clean,
3166-01,96,CET-4,my,my,my,canonical,,my,literal,clean,
3167-01,96,CET-4,myself,myself,myself,canonical,,myself,literal,clean,
3168-01,96,CET-4,mystery,mystery,mystery,canonical,,mystery mysterious,literal,clean,
3168-02,96,CET-4,mystery,mysterious,mysterious,derived,,mystery mysterious,literal,clean,
3169-01,96,CET-4,myth,myth,myth,canonical,,myth mythical mythology,literal,clean,
3169-02,96,CET-4,myth,mythical,mythical,derived,,myth mythical mythology,literal,clean,
3169-03,96,CET-4,myth,mythology,mythology,derived,,myth mythical mythology,literal,clean,
3170-01,96,CET-4,nail,nail,nail,canonical,,nail,literal,clean,
3171-01,96,CET-6,naive,naive,naive,canonical,,naive naivety,literal,clean,
3171-02,96,CET-6,naive,naivety,naivety,derived,,naive naivety,literal,clean,
3172-01,96,CET-4,naked,naked,naked,canonical,,naked,literal,clean,
3173-01,96,CET-4,name,name,name,canonical,,name,literal,clean,
3174-01,96,CET-4,namely,namely,namely,canonical,,namely,literal,clean,
3175-01,96,CET-4,nap,nap,nap,canonical,,nap,literal,clean,
3176-01,96,CET-4,napkin,napkin,napkin,canonical,,napkin,literal,clean,
3177-01,96,CET-4,narrate,narrate,narrate,canonical,,narrate narration narrative narrator,literal,clean,
3177-02,96,CET-4,narrate,narration,narration,derived,,narrate narration narrative narrator,literal,clean,
3177-03,96,CET-4,narrate,narrative,narrative,derived,,narrate narration narrative narrator,literal,clean,
3177-04,96,CET-4,narrate,narrator,narrator,derived,,narrate narration narrative narrator,literal,clean,
3178-01,96,CET-4,narrow,narrow,narrow,canonical,,narrow narrowly,literal,clean,
3178-02,96,CET-4,narrow,narrowly,narrowly,derived,,narrow narrowly,literal,clean,
3179-01,96,CET-4,nasty,nasty,nasty,canonical,,nasty,literal,clean,
3180-01,96,CET-4,nation,nation,nation,canonical,,nation national nationality nationalist nationalism,literal,clean,
3180-02,96,CET-4,nation,national,national,derived,,nation national nationality nationalist nationalism,literal,clean,
3180-03,96,CET-4,nation,nationality,nationality,derived,,nation national nationality nationalist nationalism,literal,clean,
3180-04,96,CET-4,nation,nationalist,nationalist,derived,,nation national nationality nationalist nationalism,literal,clean,
3180-05,96,CET-4,nation,nationalism,nationalism,derived,,nation national nationality nationalist nationalism,literal,clean,
3181-01,96,CET-4,nationwide,nationwide,nationwide,canonical,,nationwide,literal,clean,
3182-01,96,CET-4,native,native,native,canonical,,native,literal,clean,
3183-01,96,CET-4,nature,nature,nature,canonical,,nature natural naturally,literal,clean,
3183-02,96,CET-4,nature,natural,natural,derived,,nature natural naturally,literal,clean,
3183-03,96,CET-4,nature,naturally,naturally,derived,,nature natural naturally,literal,clean,
3184-01,96,CET-4,naughty,naughty,naughty,canonical,,naughty,literal,clean,
3185-01,96,CET-6,navigate,navigate,navigate,canonical,,navigate navigation,literal,clean,
3185-02,96,CET-6,navigate,navigation,navigation,derived,,navigate navigation,literal,clean,
3186-01,96,CET-4,navy,navy,navy,canonical,,navy naval,literal,clean,
3186-02,96,CET-4,navy,naval,naval,derived,,navy naval,literal,clean,
3187-01,96,CET-4,near,near,near,canonical,,near nearly,literal,clean,
3187-02,96,CET-4,near,nearly,nearly,derived,,near nearly,literal,clean,
3188-01,96,CET-4,nearby,nearby,nearby,canonical,,nearby,literal,clean,
3189-01,96,CET-4,neat,neat,neat,canonical,,neat,literal,clean,
3190-01,96,CET-4,necessary,necessary,necessary,canonical,,necessary necessarily,literal,clean,
3190-02,96,CET-4,necessary,necessarily,necessarily,derived,,necessary necessarily,literal,clean,
3191-01,96,CET-4,necessity,necessity,necessity,canonical,,necessity necessitate,literal,clean,
3191-02,96,CET-4,necessity,necessitate,necessitate,derived,,necessity necessitate,literal,clean,
3192-01,96,CET-4,neck,neck,neck,canonical,,neck,literal,clean,
3193-01,97,CET-4,necklace,necklace,necklace,canonical,,necklace,literal,clean,
3194-01,97,CET-4,need,need,need,canonical,,need needy,literal,clean,
3194-02,97,CET-4,need,needy,needy,derived,,need needy,literal,clean,
3195-01,97,CET-4,needle,needle,needle,canonical,,needle,literal,clean,
3196-01,97,CET-4,negate,negate,negate,canonical,,negate negation negative,literal,clean,
3196-02,97,CET-4,negate,negation,negation,derived,,negate negation negative,literal,clean,
3196-03,97,CET-4,negate,negative,negative,derived,,negate negation negative,literal,clean,
3197-01,97,CET-4,neglect,neglect,neglect,canonical,,neglect neglectful,literal,clean,
3197-02,97,CET-4,neglect,neglectful,neglectful,derived,,neglect neglectful,literal,clean,
3198-01,97,CET-6,negligent,negligent,negligent,canonical,,negligent negligence,literal,clean,
3198-02,97,CET-6,negligent,negligence,negligence,derived,,negligent negligence,literal,clean,
3199-01,97,CET-6,negligible,negligible,negligible,canonical,,negligible,literal,clean,
3200-01,97,CET-4,negotiate,negotiate,negotiate,canonical,,negotiate negotiation negotiable,literal,clean,
3200-02,97,CET-4,negotiate,negotiation,negotiation,derived,,negotiate negotiation negotiable,literal,clean,
3200-03,97,CET-4,negotiate,negotiable,negotiable,derived,,negotiate negotiation negotiable,literal,clean,
3201-01,97,CET-4,neighbor,neighbor,neighbor,canonical,,neighbo(u)r neighbo(u)rhood,optional_omitted,spot_check,括号可选拼写
3201-02,97,CET-4,neighbor,neighbour,neighbour,canonical_variant,,neighbo(u)r neighbo(u)rhood,optional_included,spot_check,括号可选拼写
3201-03,97,CET-4,neighbor,neighborhood,neighborhood,derived,,neighbo(u)r neighbo(u)rhood,optional_omitted,spot_check,括号可选拼写
3201-04,97,CET-4,neighbor,neighbourhood,neighbourhood,derived_variant,,neighbo(u)r neighbo(u)rhood,optional_included,spot_check,括号可选拼写
3202-01,97,CET-4,neither,neither,neither,canonical,,neither,literal,clean,
3203-01,97,CET-4,nephew,nephew,nephew,canonical,,nephew,literal,clean,
3204-01,97,CET-4,nerve,nerve,nerve,canonical,,nerve nervous,literal,clean,
3204-02,97,CET-4,nerve,nervous,nervous,derived,,nerve nervous,literal,clean,
3205-01,97,CET-4,nest,nest,nest,canonical,,nest,literal,clean,
3206-01,97,CET-4,net,net,net,canonical,,net,literal,clean,
3207-01,97,CET-4,network,network,network,canonical,,network networking,literal,clean,
3207-02,97,CET-4,network,networking,networking,derived,,network networking,literal,clean,
3208-01,97,CET-4,neutral,neutral,neutral,canonical,,neutral neutrality neutralize/Ｇise,literal,spot_check,PDF 连字符/共享词尾字形已恢复
3208-02,97,CET-4,neutral,neutrality,neutrality,derived,,neutral neutrality neutralize/Ｇise,literal,spot_check,PDF 连字符/共享词尾字形已恢复
3208-03,97,CET-4,neutral,neutralize,neutralize,derived,,neutral neutrality neutralize/Ｇise,literal,spot_check,PDF 连字符/共享词尾字形已恢复
3208-04,97,CET-4,neutral,neutralise,neutralise,derived_variant,,neutral neutrality neutralize/Ｇise,shared_suffix:-ise,spot_check,共享词尾替换；PDF 连字符/共享词尾字形已恢复
3209-01,97,CET-4,never,never,never,canonical,,never,literal,clean,
3210-01,97,CET-4,nevertheless,nevertheless,nevertheless,canonical,,nevertheless,literal,clean,
3211-01,97,CET-4,new,new,new,canonical,,new,literal,clean,
3212-01,97,CET-4,news,news,news,canonical,,news,literal,clean,
3213-01,97,CET-4,newspaper,newspaper,newspaper,canonical,,newspaper,literal,clean,
3214-01,97,CET-4,next,next,next,canonical,,next,literal,clean,
3215-01,97,CET-4,nice,nice,nice,canonical,,nice nicety,literal,clean,
3215-02,97,CET-4,nice,nicety,nicety,derived,,nice nicety,literal,clean,
3216-01,97,CET-4,nickel,nickel,nickel,canonical,,nickel,literal,clean,
3217-01,97,CET-6,nickname,nickname,nickname,canonical,,nickname,literal,clean,
3218-01,97,CET-4,niece,niece,niece,canonical,,niece,literal,clean,
3219-01,97,CET-4,night,night,night,canonical,,night nightly,literal,clean,
3219-02,97,CET-4,night,nightly,nightly,derived,,night nightly,literal,clean,
3220-01,97,CET-4,nightmare,nightmare,nightmare,canonical,,nightmare,literal,clean,
3221-01,97,CET-6,nil,nil,nil,canonical,,nil,literal,clean,
3222-01,97,CET-4,nine,nine,nine,canonical,,nine,literal,clean,
3223-01,97,CET-4,nineteen,nineteen,nineteen,canonical,,nineteen,literal,clean,
3224-01,97,CET-4,ninety,ninety,ninety,canonical,,ninety,literal,clean,
3225-01,97,CET-4,ninth,ninth,ninth,canonical,,ninth,literal,clean,
3226-01,97,CET-6,nitrogen,nitrogen,nitrogen,canonical,,nitrogen,literal,clean,
3227-01,97,CET-4,no,no,no,canonical,,no,literal,clean,
3228-01,97,CET-4,noble,noble,noble,canonical,,noble nobility,literal,clean,
3228-02,97,CET-4,noble,nobility,nobility,derived,,noble nobility,literal,clean,
3229-01,97,CET-4,nobody,nobody,nobody,canonical,,nobody,literal,clean,
3230-01,97,CET-4,nod,nod,nod,canonical,,nod,literal,clean,
3231-01,97,CET-4,noise,noise,noise,canonical,,noise noisy,literal,clean,
3231-02,97,CET-4,noise,noisy,noisy,derived,,noise noisy,literal,clean,
3232-01,97,CET-6,nominal,nominal,nominal,canonical,,nominal,literal,clean,
3233-01,97,CET-6,nominate,nominate,nominate,canonical,,nominate nomination nominee,literal,clean,
3233-02,97,CET-6,nominate,nomination,nomination,derived,,nominate nomination nominee,literal,clean,
3233-03,97,CET-6,nominate,nominee,nominee,derived,,nominate nomination nominee,literal,clean,
3234-01,97,CET-4,none,none,none,canonical,,none,literal,clean,
3235-01,98,CET-6,nonetheless,nonetheless,nonetheless,canonical,,nonetheless,literal,clean,
3236-01,98,CET-4,nonsense,nonsense,nonsense,canonical,,nonsense,literal,clean,
3237-01,98,CET-4,noodle,noodle,noodle,canonical,,noodle,literal,clean,
3238-01,98,CET-4,noon,noon,noon,canonical,,noon,literal,clean,
3239-01,98,CET-4,nor,nor,nor,canonical,,nor,literal,clean,
3240-01,98,CET-4,norm,norm,norm,canonical,,norm,literal,clean,
3241-01,98,CET-4,normal,normal,normal,canonical,,normal normally normalize/Ｇise normalization/Ｇsation,literal,spot_check,PDF 连字符/共享词尾字形已恢复
3241-02,98,CET-4,normal,normally,normally,derived,,normal normally normalize/Ｇise normalization/Ｇsation,literal,spot_check,PDF 连字符/共享词尾字形已恢复
3241-03,98,CET-4,normal,normalize,normalize,derived,,normal normally normalize/Ｇise normalization/Ｇsation,literal,spot_check,PDF 连字符/共享词尾字形已恢复
3241-04,98,CET-4,normal,normalise,normalise,derived_variant,,normal normally normalize/Ｇise normalization/Ｇsation,shared_suffix:-ise,spot_check,共享词尾替换；PDF 连字符/共享词尾字形已恢复
3241-05,98,CET-4,normal,normalization,normalization,derived,,normal normally normalize/Ｇise normalization/Ｇsation,literal,spot_check,PDF 连字符/共享词尾字形已恢复
3241-06,98,CET-4,normal,normalisation,normalisation,derived_variant,,normal normally normalize/Ｇise normalization/Ｇsation,shared_suffix:-sation,spot_check,共享词尾替换；PDF 连字符/共享词尾字形已恢复
3242-01,98,CET-4,north,north,north,canonical,,north northern,literal,clean,
3242-02,98,CET-4,north,northern,northern,derived,,north northern,literal,clean,
3243-01,98,CET-4,northeast,northeast,northeast,canonical,,northeast northeastern,literal,clean,
3243-02,98,CET-4,northeast,northeastern,northeastern,derived,,northeast northeastern,literal,clean,
3244-01,98,CET-4,northwest,northwest,northwest,canonical,,northwest northwestern,literal,clean,
3244-02,98,CET-4,northwest,northwestern,northwestern,derived,,northwest northwestern,literal,clean,
3245-01,98,CET-4,nose,nose,nose,canonical,,nose nosy,literal,clean,
3245-02,98,CET-4,nose,nosy,nosy,derived,,nose nosy,literal,clean,
3246-01,98,CET-4,not,not,not,canonical,,not,literal,clean,
3247-01,98,CET-4,note,note,note,canonical,,note notation notable,literal,clean,
3247-02,98,CET-4,note,notation,notation,derived,,note notation notable,literal,clean,
3247-03,98,CET-4,note,notable,notable,derived,,note notation notable,literal,clean,
3248-01,98,CET-4,notebook,notebook,notebook,canonical,,notebook,literal,clean,
3249-01,98,CET-6,noteworthy,noteworthy,noteworthy,canonical,,noteworthy,literal,clean,
3250-01,98,CET-4,nothing,nothing,nothing,canonical,,nothing,literal,clean,
3251-01,98,CET-4,notice,notice,notice,canonical,,notice noticeable,literal,clean,
3251-02,98,CET-4,notice,noticeable,noticeable,derived,,notice noticeable,literal,clean,
3252-01,98,CET-4,notify,notify,notify,canonical,,notify notification,literal,clean,
3252-02,98,CET-4,notify,notification,notification,derived,,notify notification,literal,clean,
3253-01,98,CET-4,notion,notion,notion,canonical,,notion notional,literal,clean,
3253-02,98,CET-4,notion,notional,notional,derived,,notion notional,literal,clean,
3254-01,98,CET-6,notorious,notorious,notorious,canonical,,notorious notoriety,literal,clean,
3254-02,98,CET-6,notorious,notoriety,notoriety,derived,,notorious notoriety,literal,clean,
3255-01,98,CET-6,notwithstanding,notwithstanding,notwithstanding,canonical,,notwithstanding,literal,clean,
3256-01,98,CET-4,noun,noun,noun,canonical,,noun,literal,clean,
3257-01,98,CET-4,nourish,nourish,nourish,canonical,,nourish nourishment,literal,clean,
3257-02,98,CET-4,nourish,nourishment,nourishment,derived,,nourish nourishment,literal,clean,
3258-01,98,CET-4,novel,novel,novel,canonical,1,novel１,literal,spot_check,同形异义编号已移至 sense_number
3259-01,98,CET-4,novel,novel,novel,canonical,2,novel２,literal,spot_check,同形异义编号已移至 sense_number
3260-01,98,CET-4,november,november,November,canonical,,November,literal,clean,
3261-01,98,CET-4,now,now,now,canonical,,now,literal,clean,
3262-01,98,CET-4,nowadays,nowadays,nowadays,canonical,,nowadays,literal,clean,
3263-01,98,CET-4,nowhere,nowhere,nowhere,canonical,,nowhere,literal,clean,
3264-01,98,CET-4,nuclear,nuclear,nuclear,canonical,,nuclear nucleus,literal,clean,
3264-02,98,CET-4,nuclear,nucleus,nucleus,derived,,nuclear nucleus,literal,clean,
3265-01,98,CET-4,nude,nude,nude,canonical,,nude nudity,literal,clean,
3265-02,98,CET-4,nude,nudity,nudity,derived,,nude nudity,literal,clean,
3266-01,98,CET-4,nuisance,nuisance,nuisance,canonical,,nuisance,literal,clean,
3267-01,98,CET-6,numb,numb,numb,canonical,,numb,literal,clean,
3268-01,98,CET-4,number,number,number,canonical,,number,literal,clean,
3269-01,98,CET-6,numerical,numerical,numerical,canonical,,numerical,literal,clean,
3270-01,98,CET-4,numerous,numerous,numerous,canonical,,numerous,literal,clean,
3271-01,98,CET-4,nurse,nurse,nurse,canonical,,nurse,literal,clean,
3272-01,98,CET-4,nursery,nursery,nursery,canonical,,nursery,literal,clean,
3273-01,98,CET-6,nurture,nurture,nurture,canonical,,nurture,literal,clean,
3274-01,98,CET-4,nut,nut,nut,canonical,,nut,literal,clean,
3275-01,98,CET-4,nutrition,nutrition,nutrition,canonical,,nutrition nutrient,literal,clean,
3275-02,98,CET-4,nutrition,nutrient,nutrient,derived,,nutrition nutrient,literal,clean,
3276-01,98,CET-6,oak,oak,oak,canonical,,oak,literal,clean,
3277-01,99,CET-6,oar,oar,oar,canonical,,oar,literal,clean,
3278-01,99,CET-6,oath,oath,oath,canonical,,oath,literal,clean,
3279-01,99,CET-4,obese,obese,obese,canonical,,obese obesity,literal,clean,
3279-02,99,CET-4,obese,obesity,obesity,derived,,obese obesity,literal,clean,
3280-01,99,CET-4,obey,obey,obey,canonical,,obey obedient obedience,literal,clean,
3280-02,99,CET-4,obey,obedient,obedient,derived,,obey obedient obedience,literal,clean,
3280-03,99,CET-4,obey,obedience,obedience,derived,,obey obedient obedience,literal,clean,
3281-01,99,CET-4,object,object,object,canonical,1,object１,literal,spot_check,同形异义编号已移至 sense_number
3282-01,99,CET-4,object,object,object,canonical,2,object２,literal,spot_check,同形异义编号已移至 sense_number
3283-01,99,CET-4,objective,objective,objective,canonical,,objective,literal,clean,
3284-01,99,CET-4,oblige,oblige,oblige,canonical,,oblige obligation obliged obligatory,literal,clean,
3284-02,99,CET-4,oblige,obligation,obligation,derived,,oblige obligation obliged obligatory,literal,clean,
3284-03,99,CET-4,oblige,obliged,obliged,derived,,oblige obligation obliged obligatory,literal,clean,
3284-04,99,CET-4,oblige,obligatory,obligatory,derived,,oblige obligation obliged obligatory,literal,clean,
3285-01,99,CET-6,obscene,obscene,obscene,canonical,,obscene obscenity,literal,clean,
3285-02,99,CET-6,obscene,obscenity,obscenity,derived,,obscene obscenity,literal,clean,
3286-01,99,CET-6,obscure,obscure,obscure,canonical,,obscure obscurity,literal,clean,
3286-02,99,CET-6,obscure,obscurity,obscurity,derived,,obscure obscurity,literal,clean,
3287-01,99,CET-6,observatory,observatory,observatory,canonical,,observatory,literal,clean,
3288-01,99,CET-4,observe,observe,observe,canonical,,observe observation observer observant,literal,clean,
3288-02,99,CET-4,observe,observation,observation,derived,,observe observation observer observant,literal,clean,
3288-03,99,CET-4,observe,observer,observer,derived,,observe observation observer observant,literal,clean,
3288-04,99,CET-4,observe,observant,observant,derived,,observe observation observer observant,literal,clean,
3289-01,99,CET-6,obsess,obsess,obsess,canonical,,obsess obsession obsessive,literal,clean,
3289-02,99,CET-6,obsess,obsession,obsession,derived,,obsess obsession obsessive,literal,clean,
3289-03,99,CET-6,obsess,obsessive,obsessive,derived,,obsess obsession obsessive,literal,clean,
3290-01,99,CET-4,obstacle,obstacle,obstacle,canonical,,obstacle,literal,clean,
3291-01,99,CET-6,obstruct,obstruct,obstruct,canonical,,obstruct obstruction,literal,clean,
3291-02,99,CET-6,obstruct,obstruction,obstruction,derived,,obstruct obstruction,literal,clean,
3292-01,99,CET-4,obtain,obtain,obtain,canonical,,obtain obtainment,literal,clean,
3292-02,99,CET-4,obtain,obtainment,obtainment,derived,,obtain obtainment,literal,clean,
3293-01,99,CET-4,obvious,obvious,obvious,canonical,,obvious obviously,literal,clean,
3293-02,99,CET-4,obvious,obviously,obviously,derived,,obvious obviously,literal,clean,
3294-01,99,CET-4,occasion,occasion,occasion,canonical,,occasion occasional occasionally,literal,clean,
3294-02,99,CET-4,occasion,occasional,occasional,derived,,occasion occasional occasionally,literal,clean,
3294-03,99,CET-4,occasion,occasionally,occasionally,derived,,occasion occasional occasionally,literal,clean,
3295-01,99,CET-4,occupation,occupation,occupation,canonical,,occupation occupational,literal,clean,
3295-02,99,CET-4,occupation,occupational,occupational,derived,,occupation occupational,literal,clean,
3296-01,99,CET-4,occupy,occupy,occupy,canonical,,occupy occupancy occupant,literal,clean,
3296-02,99,CET-4,occupy,occupancy,occupancy,derived,,occupy occupancy occupant,literal,clean,
3296-03,99,CET-4,occupy,occupant,occupant,derived,,occupy occupancy occupant,literal,clean,
3297-01,99,CET-4,occur,occur,occur,canonical,,occur occurrence,literal,clean,
3297-02,99,CET-4,occur,occurrence,occurrence,derived,,occur occurrence,literal,clean,
3298-01,99,CET-4,ocean,ocean,ocean,canonical,,ocean oceanic,literal,clean,
3298-02,99,CET-4,ocean,oceanic,oceanic,derived,,ocean oceanic,literal,clean,
3299-01,99,CET-4,o'clock,o'clock,o'clock,canonical,,o􀆳clock,literal,clean,
3300-01,99,CET-4,october,october,October,canonical,,October,literal,clean,
3301-01,99,CET-4,odd,odd,odd,canonical,,odd oddity,literal,clean,
3301-02,99,CET-4,odd,oddity,oddity,derived,,odd oddity,literal,clean,
3302-01,99,CET-4,odds,odds,odds,canonical,,odds,literal,clean,
3303-01,99,CET-4,odor,odor,odor,canonical,,odo(u)r odorous,optional_omitted,spot_check,括号可选拼写
3303-02,99,CET-4,odor,odour,odour,canonical_variant,,odo(u)r odorous,optional_included,spot_check,括号可选拼写
3303-03,99,CET-4,odor,odorous,odorous,derived,,odo(u)r odorous,literal,clean,
3304-01,99,CET-4,of,of,of,canonical,,of,literal,clean,
3305-01,99,CET-4,off,off,off,canonical,,off,literal,clean,
3306-01,99,CET-4,offend,offend,offend,canonical,,offend offense/Ｇce offensive offender,literal,spot_check,PDF 连字符/共享词尾字形已恢复
3306-02,99,CET-4,offend,offense,offense,derived,,offend offense/Ｇce offensive offender,literal,spot_check,PDF 连字符/共享词尾字形已恢复
3306-03,99,CET-4,offend,offence,offence,derived_variant,,offend offense/Ｇce offensive offender,shared_suffix:-ce,spot_check,共享词尾替换；PDF 连字符/共享词尾字形已恢复
3306-04,99,CET-4,offend,offensive,offensive,derived,,offend offense/Ｇce offensive offender,literal,spot_check,PDF 连字符/共享词尾字形已恢复
3306-05,99,CET-4,offend,offender,offender,derived,,offend offense/Ｇce offensive offender,literal,spot_check,PDF 连字符/共享词尾字形已恢复
3307-01,99,CET-4,offer,offer,offer,canonical,,offer offering,literal,clean,
3307-02,99,CET-4,offer,offering,offering,derived,,offer offering,literal,clean,
3308-01,99,CET-4,office,office,office,canonical,,office,literal,clean,
3309-01,99,CET-4,officer,officer,officer,canonical,,officer,literal,clean,
3310-01,99,CET-4,official,official,official,canonical,,official,literal,clean,
3311-01,99,CET-6,offset,offset,offset,canonical,,offset,literal,clean,
3312-01,99,CET-6,offspring,offspring,offspring,canonical,,offspring,literal,clean,
3313-01,99,CET-4,often,often,often,canonical,,often/oftentimes,literal,clean,
3313-02,99,CET-4,often,oftentimes,oftentimes,canonical_variant,,often/oftentimes,slash_alternative:literal,spot_check,斜杠并列形式
3314-01,99,CET-4,oil,oil,oil,canonical,,oil oily,literal,clean,
3314-02,99,CET-4,oil,oily,oily,derived,,oil oily,literal,clean,
3315-01,99,CET-4,okay,okay,okay,canonical,,okay,literal,clean,
3316-01,99,CET-4,old,old,old,canonical,,old,literal,clean,
3317-01,99,CET-4,old-fashioned,old-fashioned,old-fashioned,canonical,,oldＧfashioned,literal,spot_check,PDF 连字符/共享词尾字形已恢复
3318-01,99,CET-6,olive,olive,olive,canonical,,olive,literal,clean,
3319-01,100,CET-4,olympic,olympic,Olympic,canonical,,Olympic Olympics Olympiad,literal,clean,
3319-02,100,CET-4,olympic,olympics,Olympics,derived,,Olympic Olympics Olympiad,literal,clean,
3319-03,100,CET-4,olympic,olympiad,Olympiad,derived,,Olympic Olympics Olympiad,literal,clean,
3320-01,100,CET-4,omit,omit,omit,canonical,,omit omission,literal,clean,
3320-02,100,CET-4,omit,omission,omission,derived,,omit omission,literal,clean,
3321-01,100,CET-4,on,on,on,canonical,,on,literal,clean,
3322-01,100,CET-4,once,once,once,canonical,,once,literal,clean,
3323-01,100,CET-4,one,one,one,canonical,,one,literal,clean,
3324-01,100,CET-4,oneself,oneself,oneself,canonical,,oneself,literal,clean,
3325-01,100,CET-4,ongoing,ongoing,ongoing,canonical,,ongoing,literal,clean,
3326-01,100,CET-4,onion,onion,onion,canonical,,onion,literal,clean,
3327-01,100,CET-4,online,online,online,canonical,,online,literal,clean,
3328-01,100,CET-4,only,only,only,canonical,,only,literal,clean,
3329-01,100,CET-6,onset,onset,onset,canonical,,onset,literal,clean,
3330-01,100,CET-4,onto,onto,onto,canonical,,onto,literal,clean,
3331-01,100,CET-4,onward,onward,onward,canonical,,onward,literal,clean,
3332-01,100,CET-6,opaque,opaque,opaque,canonical,,opaque,literal,clean,
3333-01,100,CET-4,open,open,open,canonical,,open opener opening openly,literal,clean,
3333-02,100,CET-4,open,opener,opener,derived,,open opener opening openly,literal,clean,
3333-03,100,CET-4,open,opening,opening,derived,,open opener opening openly,literal,clean,
3333-04,100,CET-4,open,openly,openly,derived,,open opener opening openly,literal,clean,
3334-01,100,CET-4,opera,opera,opera,canonical,,opera,literal,clean,
3335-01,100,CET-4,operate,operate,operate,canonical,,operate operation operational operator,literal,clean,
3335-02,100,CET-4,operate,operation,operation,derived,,operate operation operational operator,literal,clean,
3335-03,100,CET-4,operate,operational,operational,derived,,operate operation operational operator,literal,clean,
3335-04,100,CET-4,operate,operator,operator,derived,,operate operation operational operator,literal,clean,
3336-01,100,CET-6,operative,operative,operative,canonical,,operative,literal,clean,
3337-01,100,CET-4,opinion,opinion,opinion,canonical,,opinion,literal,clean,
3338-01,100,CET-4,opportunity,opportunity,opportunity,canonical,,opportunity,literal,clean,
3339-01,100,CET-4,oppose,oppose,oppose,canonical,,oppose opposition opponent,literal,clean,
3339-02,100,CET-4,oppose,opposition,opposition,derived,,oppose opposition opponent,literal,clean,
3339-03,100,CET-4,oppose,opponent,opponent,derived,,oppose opposition opponent,literal,clean,
3340-01,100,CET-4,opposite,opposite,opposite,canonical,,opposite,literal,clean,
3341-01,100,CET-6,oppress,oppress,oppress,canonical,,oppress oppression oppressive,literal,clean,
3341-02,100,CET-6,oppress,oppression,oppression,derived,,oppress oppression oppressive,literal,clean,
3341-03,100,CET-6,oppress,oppressive,oppressive,derived,,oppress oppression oppressive,literal,clean,
3342-01,100,CET-4,opt,opt,opt,canonical,,opt option optional,literal,clean,
3342-02,100,CET-4,opt,option,option,derived,,opt option optional,literal,clean,
3342-03,100,CET-4,opt,optional,optional,derived,,opt option optional,literal,clean,
3343-01,100,CET-6,optic,optic,optic,canonical,,optic optical,literal,clean,
3343-02,100,CET-6,optic,optical,optical,derived,,optic optical,literal,clean,
3344-01,100,CET-4,optimism,optimism,optimism,canonical,,optimism optimistic optimist,literal,clean,
3344-02,100,CET-4,optimism,optimistic,optimistic,derived,,optimism optimistic optimist,literal,clean,
3344-03,100,CET-4,optimism,optimist,optimist,derived,,optimism optimistic optimist,literal,clean,
3345-01,100,CET-6,optimum,optimum,optimum,canonical,,optimum optimal,literal,clean,
3345-02,100,CET-6,optimum,optimal,optimal,derived,,optimum optimal,literal,clean,
3346-01,100,CET-4,or,or,or,canonical,,or,literal,clean,
3347-01,100,CET-4,oral,oral,oral,canonical,,oral,literal,clean,
3348-01,100,CET-4,orange,orange,orange,canonical,,orange,literal,clean,
3349-01,100,CET-4,orbit,orbit,orbit,canonical,,orbit orbital,literal,clean,
3349-02,100,CET-4,orbit,orbital,orbital,derived,,orbit orbital,literal,clean,
3350-01,100,CET-4,orchestra,orchestra,orchestra,canonical,,orchestra,literal,clean,
3351-01,100,CET-6,ordeal,ordeal,ordeal,canonical,,ordeal,literal,clean,
3352-01,100,CET-4,order,order,order,canonical,,order orderly,literal,clean,
3352-02,100,CET-4,order,orderly,orderly,derived,,order orderly,literal,clean,
3353-01,100,CET-4,ordinary,ordinary,ordinary,canonical,,ordinary,literal,clean,
3354-01,100,CET-4,ore,ore,ore,canonical,,ore,literal,clean,
3355-01,100,CET-4,organ,organ,organ,canonical,,organ,literal,clean,
3356-01,100,CET-4,organic,organic,organic,canonical,,organic,literal,clean,
3357-01,100,CET-4,organism,organism,organism,canonical,,organism,literal,clean,
3358-01,100,CET-4,organize,organize,organize,canonical,,organize/Ｇise organization/Ｇsation organizational/Ｇsational,literal,spot_check,PDF 连字符/共享词尾字形已恢复
3358-02,100,CET-4,organize,organise,organise,canonical_variant,,organize/Ｇise organization/Ｇsation organizational/Ｇsational,shared_suffix:-ise,spot_check,共享词尾替换；PDF 连字符/共享词尾字形已恢复
3358-03,100,CET-4,organize,organization,organization,derived,,organize/Ｇise organization/Ｇsation organizational/Ｇsational,literal,spot_check,PDF 连字符/共享词尾字形已恢复
3358-04,100,CET-4,organize,organisation,organisation,derived_variant,,organize/Ｇise organization/Ｇsation organizational/Ｇsational,shared_suffix:-sation,spot_check,共享词尾替换；PDF 连字符/共享词尾字形已恢复
3358-05,100,CET-4,organize,organizational,organizational,derived,,organize/Ｇise organization/Ｇsation organizational/Ｇsational,literal,spot_check,PDF 连字符/共享词尾字形已恢复
3358-06,100,CET-4,organize,organisational,organisational,derived_variant,,organize/Ｇise organization/Ｇsation organizational/Ｇsational,shared_suffix:-sational,spot_check,共享词尾替换；PDF 连字符/共享词尾字形已恢复
3359-01,100,CET-4,orient,orient,orient,canonical,1,orient１,literal,spot_check,同形异义编号已移至 sense_number
3360-01,100,CET-4,orient,orient,orient,canonical,2,orient２,literal,spot_check,同形异义编号已移至 sense_number
3361-01,101,CET-4,origin,origin,origin,canonical,,origin original originality originate,literal,clean,
3361-02,101,CET-4,origin,original,original,derived,,origin original originality originate,literal,clean,
3361-03,101,CET-4,origin,originality,originality,derived,,origin original originality originate,literal,clean,
3361-04,101,CET-4,origin,originate,originate,derived,,origin original originality originate,literal,clean,
3362-01,101,CET-4,ornament,ornament,ornament,canonical,,ornament ornamental,literal,clean,
3362-02,101,CET-4,ornament,ornamental,ornamental,derived,,ornament ornamental,literal,clean,
3363-01,101,CET-4,orphan,orphan,orphan,canonical,,orphan orphanage,literal,clean,
3363-02,101,CET-4,orphan,orphanage,orphanage,derived,,orphan orphanage,literal,clean,
3364-01,101,CET-6,orthodox,orthodox,orthodox,canonical,,orthodox,literal,clean,
3365-01,101,CET-4,other,other,other,canonical,,other,literal,clean,
3366-01,101,CET-4,otherwise,otherwise,otherwise,canonical,,otherwise,literal,clean,
3367-01,101,CET-4,oughtto,oughtto,oughtto,canonical,,oughtto,literal,clean,
3368-01,101,CET-4,ounce,ounce,ounce,canonical,,ounce,literal,clean,
3369-01,101,CET-4,our,our,our,canonical,,our,literal,clean,
3370-01,101,CET-4,ours,ours,ours,canonical,,ours,literal,clean,
3371-01,101,CET-4,ourselves,ourselves,ourselves,canonical,,ourselves,literal,clean,
3372-01,101,CET-4,out,out,out,canonical,,out,literal,clean,
3373-01,101,CET-4,outbreak,outbreak,outbreak,canonical,,outbreak,literal,clean,
3374-01,101,CET-4,outcome,outcome,outcome,canonical,,outcome,literal,clean,
3375-01,101,CET-4,outdated,outdated,outdated,canonical,,outdated,literal,clean,
3376-01,101,CET-4,outdoor,outdoor,outdoor,canonical,,outdoor outdoors,literal,clean,
3376-02,101,CET-4,outdoor,outdoors,outdoors,derived,,outdoor outdoors,literal,clean,
3377-01,101,CET-4,outer,outer,outer,canonical,,outer,literal,clean,
3378-01,101,CET-6,outfit,outfit,outfit,canonical,,outfit,literal,clean,
3379-01,101,CET-4,outgoing,outgoing,outgoing,canonical,,outgoing,literal,clean,
3380-01,101,CET-4,outing,outing,outing,canonical,,outing,literal,clean,
3381-01,101,CET-6,outlaw,outlaw,outlaw,canonical,,outlaw,literal,clean,
3382-01,101,CET-4,outlet,outlet,outlet,canonical,,outlet,literal,clean,
3383-01,101,CET-4,outline,outline,outline,canonical,,outline,literal,clean,
3384-01,101,CET-4,outlook,outlook,outlook,canonical,,outlook,literal,clean,
3385-01,101,CET-4,output,output,output,canonical,,output,literal,clean,
3386-01,101,CET-6,outrage,outrage,outrage,canonical,,outrage outrageous,literal,clean,
3386-02,101,CET-6,outrage,outrageous,outrageous,derived,,outrage outrageous,literal,clean,
3387-01,101,CET-4,outset,outset,outset,canonical,,outset,literal,clean,
3388-01,101,CET-4,outside,outside,outside,canonical,,outside outsider,literal,clean,
3388-02,101,CET-4,outside,outsider,outsider,derived,,outside outsider,literal,clean,
3389-01,101,CET-4,outskirts,outskirts,outskirts,canonical,,outskirts,literal,clean,
3390-01,101,CET-4,outstanding,outstanding,outstanding,canonical,,outstanding,literal,clean,
3391-01,101,CET-4,outward,outward,outward,canonical,,outward outwards,literal,clean,
3391-02,101,CET-4,outward,outwards,outwards,derived,,outward outwards,literal,clean,
3392-01,101,CET-4,oval,oval,oval,canonical,,oval,literal,clean,
3393-01,101,CET-4,oven,oven,oven,canonical,,oven,literal,clean,
3394-01,101,CET-4,over,over,over,canonical,,over,literal,clean,
3395-01,101,CET-4,overall,overall,overall,canonical,,overall,literal,clean,
3396-01,101,CET-4,overcoat,overcoat,overcoat,canonical,,overcoat,literal,clean,
3397-01,101,CET-4,overcome,overcome,overcome,canonical,,overcome,literal,clean,
3398-01,101,CET-4,overdue,overdue,overdue,canonical,,overdue,literal,clean,
3399-01,101,CET-6,overflow,overflow,overflow,canonical,,overflow,literal,clean,
3400-01,101,CET-6,overhaul,overhaul,overhaul,canonical,,overhaul,literal,clean,
3401-01,101,CET-4,overhead,overhead,overhead,canonical,,overhead,literal,clean,
3402-01,101,CET-4,overhear,overhear,overhear,canonical,,overhear,literal,clean,
3403-01,102,CET-6,overlap,overlap,overlap,canonical,,overlap,literal,clean,
3404-01,102,CET-4,overlook,overlook,overlook,canonical,,overlook,literal,clean,
3405-01,102,CET-4,overnight,overnight,overnight,canonical,,overnight,literal,clean,
3406-01,102,CET-6,override,override,override,canonical,,override,literal,clean,
3407-01,102,CET-4,overseas,overseas,overseas,canonical,,overseas,literal,clean,
3408-01,102,CET-4,oversee,oversee,oversee,canonical,,oversee,literal,clean,
3409-01,102,CET-4,oversight,oversight,oversight,canonical,,oversight,literal,clean,
3410-01,102,CET-6,overstate,overstate,overstate,canonical,,overstate,literal,clean,
3411-01,102,CET-6,overt,overt,overt,canonical,,overt,literal,clean,
3412-01,102,CET-4,overtake,overtake,overtake,canonical,,overtake,literal,clean,
3413-01,102,CET-4,overthrow,overthrow,overthrow,canonical,,overthrow,literal,clean,
3414-01,102,CET-4,overtime,overtime,overtime,canonical,,overtime,literal,clean,
3415-01,102,CET-6,overturn,overturn,overturn,canonical,,overturn,literal,clean,
3416-01,102,CET-4,overwhelm,overwhelm,overwhelm,canonical,,overwhelm overwhelming overwhelmingly,literal,clean,
3416-02,102,CET-4,overwhelm,overwhelming,overwhelming,derived,,overwhelm overwhelming overwhelmingly,literal,clean,
3416-03,102,CET-4,overwhelm,overwhelmingly,overwhelmingly,derived,,overwhelm overwhelming overwhelmingly,literal,clean,
3417-01,102,CET-4,owe,owe,owe,canonical,,owe owingto,literal,clean,
3417-02,102,CET-4,owe,owingto,owingto,derived,,owe owingto,literal,clean,
3418-01,102,CET-6,owl,owl,owl,canonical,,owl,literal,clean,
3419-01,102,CET-4,own,own,own,canonical,,own owner ownership,literal,clean,
3419-02,102,CET-4,own,owner,owner,derived,,own owner ownership,literal,clean,
3419-03,102,CET-4,own,ownership,ownership,derived,,own owner ownership,literal,clean,
3420-01,102,CET-4,ox,ox,ox,canonical,,ox,literal,clean,
3421-01,102,CET-6,oxide,oxide,oxide,canonical,,oxide,literal,clean,
3422-01,102,CET-4,oxygen,oxygen,oxygen,canonical,,oxygen,literal,clean,
3423-01,102,CET-4,ozone,ozone,ozone,canonical,,ozone,literal,clean,
3424-01,102,CET-4,pace,pace,pace,canonical,,pace,literal,clean,
3425-01,102,CET-4,pack,pack,pack,canonical,,pack,literal,clean,
3426-01,102,CET-4,package,package,package,canonical,,package,literal,clean,
3427-01,102,CET-4,packet,packet,packet,canonical,,packet,literal,clean,
3428-01,102,CET-6,pact,pact,pact,canonical,,pact,literal,clean,
3429-01,102,CET-4,pad,pad,pad,canonical,,pad,literal,clean,
3430-01,102,CET-4,paddy,paddy,paddy,canonical,,paddy,literal,clean,
3431-01,102,CET-4,page,page,page,canonical,,page,literal,clean,
3432-01,102,CET-4,pain,pain,pain,canonical,,pain painful,literal,clean,
3432-02,102,CET-4,pain,painful,painful,derived,,pain painful,literal,clean,
3433-01,102,CET-4,paint,paint,paint,canonical,,paint painting painter,literal,clean,
3433-02,102,CET-4,paint,painting,painting,derived,,paint painting painter,literal,clean,
3433-03,102,CET-4,paint,painter,painter,derived,,paint painting painter,literal,clean,
3434-01,102,CET-4,pair,pair,pair,canonical,,pair,literal,clean,
3435-01,102,CET-4,palace,palace,palace,canonical,,palace,literal,clean,
3436-01,102,CET-4,pale,pale,pale,canonical,,pale,literal,clean,
3437-01,102,CET-4,palm,palm,palm,canonical,,palm,literal,clean,
3438-01,102,CET-6,pamphlet,pamphlet,pamphlet,canonical,,pamphlet,literal,clean,
3439-01,102,CET-4,pan,pan,pan,canonical,,pan,literal,clean,
3440-01,102,CET-4,panda,panda,panda,canonical,,panda,literal,clean,
3441-01,102,CET-4,panel,panel,panel,canonical,,panel,literal,clean,
3442-01,102,CET-4,panic,panic,panic,canonical,,panic,literal,clean,
3443-01,102,CET-6,panorama,panorama,panorama,canonical,,panorama panoramic,literal,clean,
3443-02,102,CET-6,panorama,panoramic,panoramic,derived,,panorama panoramic,literal,clean,
3444-01,102,CET-6,pant,pant,pant,canonical,,pant,literal,clean,
3445-01,103,CET-4,pants,pants,pants,canonical,,pants,literal,clean,
3446-01,103,CET-4,paper,paper,paper,canonical,,paper,literal,clean,
3447-01,103,CET-4,paperback,paperback,paperback,canonical,,paperback,literal,clean,
3448-01,103,CET-6,parachute,parachute,parachute,canonical,,parachute,literal,clean,
3449-01,103,CET-4,parade,parade,parade,canonical,,parade,literal,clean,
3450-01,103,CET-6,paradigm,paradigm,paradigm,canonical,,paradigm,literal,clean,
3451-01,103,CET-6,paradise,paradise,paradise,canonical,,paradise,literal,clean,
3452-01,103,CET-4,paradox,paradox,paradox,canonical,,paradox paradoxical,literal,clean,
3452-02,103,CET-4,paradox,paradoxical,paradoxical,derived,,paradox paradoxical,literal,clean,
3453-01,103,CET-4,paragraph,paragraph,paragraph,canonical,,paragraph,literal,clean,
3454-01,103,CET-4,parallel,parallel,parallel,canonical,,parallel,literal,clean,
3455-01,103,CET-6,paralyze,paralyze,paralyze,canonical,,paralyze/Ｇyse paralysis,literal,spot_check,PDF 连字符/共享词尾字形已恢复
3455-02,103,CET-6,paralyze,paralyse,paralyse,canonical_variant,,paralyze/Ｇyse paralysis,shared_suffix:-yse,spot_check,共享词尾替换；PDF 连字符/共享词尾字形已恢复
3455-03,103,CET-6,paralyze,paralysis,paralysis,derived,,paralyze/Ｇyse paralysis,literal,spot_check,PDF 连字符/共享词尾字形已恢复
3456-01,103,CET-6,parameter,parameter,parameter,canonical,,parameter,literal,clean,
3457-01,103,CET-6,parasite,parasite,parasite,canonical,,parasite,literal,clean,
3458-01,103,CET-4,parcel,parcel,parcel,canonical,,parcel,literal,clean,
3459-01,103,CET-4,pardon,pardon,pardon,canonical,,pardon,literal,clean,
3460-01,103,CET-4,parent,parent,parent,canonical,,parent parental parenting,literal,clean,
3460-02,103,CET-4,parent,parental,parental,derived,,parent parental parenting,literal,clean,
3460-03,103,CET-4,parent,parenting,parenting,derived,,parent parental parenting,literal,clean,
3461-01,103,CET-6,parish,parish,parish,canonical,,parish,literal,clean,
3462-01,103,CET-4,park,park,park,canonical,1,park１,literal,spot_check,同形异义编号已移至 sense_number
3463-01,103,CET-4,park,park,park,canonical,2,park２,literal,spot_check,同形异义编号已移至 sense_number
3464-01,103,CET-4,parliament,parliament,parliament,canonical,,parliament parliamentary,literal,clean,
3464-02,103,CET-4,parliament,parliamentary,parliamentary,derived,,parliament parliamentary,literal,clean,
3465-01,103,CET-6,parole,parole,parole,canonical,,parole,literal,clean,
3466-01,103,CET-6,parrot,parrot,parrot,canonical,,parrot,literal,clean,
3467-01,103,CET-4,part,part,part,canonical,,part partial partially,literal,clean,
3467-02,103,CET-4,part,partial,partial,derived,,part partial partially,literal,clean,
3467-03,103,CET-4,part,partially,partially,derived,,part partial partially,literal,clean,
3468-01,103,CET-4,participate,participate,participate,canonical,,participate participation participant,literal,clean,
3468-02,103,CET-4,participate,participation,participation,derived,,participate participation participant,literal,clean,
3468-03,103,CET-4,participate,participant,participant,derived,,participate participation participant,literal,clean,
3469-01,103,CET-4,particle,particle,particle,canonical,,particle,literal,clean,
3470-01,103,CET-4,particular,particular,particular,canonical,,particular particularly,literal,clean,
3470-02,103,CET-4,particular,particularly,particularly,derived,,particular particularly,literal,clean,
3471-01,103,CET-6,partisan,partisan,partisan,canonical,,partisan,literal,clean,
3472-01,103,CET-6,partition,partition,partition,canonical,,partition,literal,clean,
3473-01,103,CET-4,partly,partly,partly,canonical,,partly,literal,clean,
3474-01,103,CET-4,partner,partner,partner,canonical,,partner partnership,literal,clean,
3474-02,103,CET-4,partner,partnership,partnership,derived,,partner partnership,literal,clean,
3475-01,103,CET-4,party,party,party,canonical,,party,literal,clean,
3476-01,103,CET-4,pass,pass,pass,canonical,,pass,literal,clean,
3477-01,103,CET-4,passage,passage,passage,canonical,,passage,literal,clean,
3478-01,103,CET-4,passenger,passenger,passenger,canonical,,passenger,literal,clean,
3479-01,103,CET-6,passerby,passerby,passerby,canonical,,passerby,literal,clean,
3480-01,103,CET-4,passion,passion,passion,canonical,,passion passionate,literal,clean,
3480-02,103,CET-4,passion,passionate,passionate,derived,,passion passionate,literal,clean,
3481-01,103,CET-4,passive,passive,passive,canonical,,passive,literal,clean,
3482-01,103,CET-4,passport,passport,passport,canonical,,passport,literal,clean,
3483-01,103,CET-4,password,password,password,canonical,,password,literal,clean,
3484-01,103,CET-4,past,past,past,canonical,,past,literal,clean,
3485-01,103,CET-6,pasta,pasta,pasta,canonical,,pasta,literal,clean,
3486-01,103,CET-4,paste,paste,paste,canonical,,paste,literal,clean,
3487-01,104,CET-4,pastime,pastime,pastime,canonical,,pastime,literal,clean,
3488-01,104,CET-6,pastry,pastry,pastry,canonical,,pastry,literal,clean,
3489-01,104,CET-6,pasture,pasture,pasture,canonical,,pasture,literal,clean,
3490-01,104,CET-4,pat,pat,pat,canonical,,pat,literal,clean,
3491-01,104,CET-4,patch,patch,patch,canonical,,patch,literal,clean,
3492-01,104,CET-4,patent,patent,patent,canonical,,patent,literal,clean,
3493-01,104,CET-4,path,path,path,canonical,,path,literal,clean,
3494-01,104,CET-6,pathetic,pathetic,pathetic,canonical,,pathetic,literal,clean,
3495-01,104,CET-4,patient,patient,patient,canonical,1,patient１,literal,spot_check,同形异义编号已移至 sense_number
3496-01,104,CET-4,patient,patient,patient,canonical,2,patient２,literal,spot_check,同形异义编号已移至 sense_number
3497-01,104,CET-6,patriot,patriot,patriot,canonical,,patriot patriotic patriotism,literal,clean,
3497-02,104,CET-6,patriot,patriotic,patriotic,derived,,patriot patriotic patriotism,literal,clean,
3497-03,104,CET-6,patriot,patriotism,patriotism,derived,,patriot patriotic patriotism,literal,clean,
3498-01,104,CET-6,patrol,patrol,patrol,canonical,,patrol,literal,clean,
3499-01,104,CET-6,patron,patron,patron,canonical,,patron patronize/Ｇise patronage,literal,spot_check,PDF 连字符/共享词尾字形已恢复
3499-02,104,CET-6,patron,patronize,patronize,derived,,patron patronize/Ｇise patronage,literal,spot_check,PDF 连字符/共享词尾字形已恢复
3499-03,104,CET-6,patron,patronise,patronise,derived_variant,,patron patronize/Ｇise patronage,shared_suffix:-ise,spot_check,共享词尾替换；PDF 连字符/共享词尾字形已恢复
3499-04,104,CET-6,patron,patronage,patronage,derived,,patron patronize/Ｇise patronage,literal,spot_check,PDF 连字符/共享词尾字形已恢复
3500-01,104,CET-4,pattern,pattern,pattern,canonical,,pattern,literal,clean,
3501-01,104,CET-4,pause,pause,pause,canonical,,pause,literal,clean,
3502-01,104,CET-4,pave,pave,pave,canonical,,pave pavement,literal,clean,
3502-02,104,CET-4,pave,pavement,pavement,derived,,pave pavement,literal,clean,
3503-01,104,CET-4,paw,paw,paw,canonical,,paw,literal,clean,
3504-01,104,CET-4,pay,pay,pay,canonical,,pay payment,literal,clean,
3504-02,104,CET-4,pay,payment,payment,derived,,pay payment,literal,clean,
3505-01,104,CET-4,payroll,payroll,payroll,canonical,,payroll,literal,clean,
3506-01,104,CET-4,pea,pea,pea,canonical,,pea,literal,clean,
3507-01,104,CET-4,peace,peace,peace,canonical,,peace peaceful,literal,clean,
3507-02,104,CET-4,peace,peaceful,peaceful,derived,,peace peaceful,literal,clean,
3508-01,104,CET-4,peach,peach,peach,canonical,,peach,literal,clean,
3509-01,104,CET-4,peak,peak,peak,canonical,,peak,literal,clean,
3510-01,104,CET-4,peanut,peanut,peanut,canonical,,peanut,literal,clean,
3511-01,104,CET-4,pear,pear,pear,canonical,,pear,literal,clean,
3512-01,104,CET-4,pearl,pearl,pearl,canonical,,pearl,literal,clean,
3513-01,104,CET-4,peasant,peasant,peasant,canonical,,peasant,literal,clean,
3514-01,104,CET-6,peck,peck,peck,canonical,,peck,literal,clean,
3515-01,104,CET-4,peculiar,peculiar,peculiar,canonical,,peculiar peculiarity,literal,clean,
3515-02,104,CET-4,peculiar,peculiarity,peculiarity,derived,,peculiar peculiarity,literal,clean,
3516-01,104,CET-6,pedal,pedal,pedal,canonical,,pedal,literal,clean,
3517-01,104,CET-6,peddle,peddle,peddle,canonical,,peddle,literal,clean,
3518-01,104,CET-4,pedestrian,pedestrian,pedestrian,canonical,,pedestrian,literal,clean,
3519-01,104,CET-6,peel,peel,peel,canonical,,peel,literal,clean,
3520-01,104,CET-6,peep,peep,peep,canonical,,peep,literal,clean,
3521-01,104,CET-4,peer,peer,peer,canonical,,peer,literal,clean,
3522-01,104,CET-6,peg,peg,peg,canonical,,peg,literal,clean,
3523-01,104,CET-4,pen,pen,pen,canonical,,pen,literal,clean,
3524-01,104,CET-4,penalty,penalty,penalty,canonical,,penalty penalize/Ｇise,literal,spot_check,PDF 连字符/共享词尾字形已恢复
3524-02,104,CET-4,penalty,penalize,penalize,derived,,penalty penalize/Ｇise,literal,spot_check,PDF 连字符/共享词尾字形已恢复
3524-03,104,CET-4,penalty,penalise,penalise,derived_variant,,penalty penalize/Ｇise,shared_suffix:-ise,spot_check,共享词尾替换；PDF 连字符/共享词尾字形已恢复
3525-01,104,CET-4,pencil,pencil,pencil,canonical,,pencil,literal,clean,
3526-01,104,CET-6,pending,pending,pending,canonical,,pending,literal,clean,
3527-01,104,CET-6,pendulum,pendulum,pendulum,canonical,,pendulum,literal,clean,
3528-01,104,CET-4,penetrate,penetrate,penetrate,canonical,,penetrate penetration,literal,clean,
3528-02,104,CET-4,penetrate,penetration,penetration,derived,,penetrate penetration,literal,clean,
3529-01,105,CET-6,penguin,penguin,penguin,canonical,,penguin,literal,clean,
3530-01,105,CET-6,peninsula,peninsula,peninsula,canonical,,peninsula,literal,clean,
3531-01,105,CET-4,penny,penny,penny,canonical,,penny,literal,clean,
3532-01,105,CET-4,pension,pension,pension,canonical,,pension pensioner,literal,clean,
3532-02,105,CET-4,pension,pensioner,pensioner,derived,,pension pensioner,literal,clean,
3533-01,105,CET-4,people,people,people,canonical,,people,literal,clean,
3534-01,105,CET-4,pepper,pepper,pepper,canonical,,pepper,literal,clean,
3535-01,105,CET-4,per,per,per,canonical,,per,literal,clean,
3536-01,105,CET-4,perceive,perceive,perceive,canonical,,perceive perception perceptive,literal,clean,
3536-02,105,CET-4,perceive,perception,perception,derived,,perceive perception perceptive,literal,clean,
3536-03,105,CET-4,perceive,perceptive,perceptive,derived,,perceive perception perceptive,literal,clean,
3537-01,105,CET-4,percent,percent,percent,canonical,,percent percentage,literal,clean,
3537-02,105,CET-4,percent,percentage,percentage,derived,,percent percentage,literal,clean,
3538-01,105,CET-6,perch,perch,perch,canonical,,perch,literal,clean,
3539-01,105,CET-4,perfect,perfect,perfect,canonical,,perfect perfection,literal,clean,
3539-02,105,CET-4,perfect,perfection,perfection,derived,,perfect perfection,literal,clean,
3540-01,105,CET-4,perform,perform,perform,canonical,,perform performance performer,literal,clean,
3540-02,105,CET-4,perform,performance,performance,derived,,perform performance performer,literal,clean,
3540-03,105,CET-4,perform,performer,performer,derived,,perform performance performer,literal,clean,
3541-01,105,CET-6,perfume,perfume,perfume,canonical,,perfume,literal,clean,
3542-01,105,CET-4,perhaps,perhaps,perhaps,canonical,,perhaps,literal,clean,
3543-01,105,CET-4,peril,peril,peril,canonical,,peril perilous,literal,clean,
3543-02,105,CET-4,peril,perilous,perilous,derived,,peril perilous,literal,clean,
3544-01,105,CET-4,period,period,period,canonical,,period periodic periodical,literal,clean,
3544-02,105,CET-4,period,periodic,periodic,derived,,period periodic periodical,literal,clean,
3544-03,105,CET-4,period,periodical,periodical,derived,,period periodic periodical,literal,clean,
3545-01,105,CET-6,perish,perish,perish,canonical,,perish,literal,clean,
3546-01,105,CET-4,permanent,permanent,permanent,canonical,,permanent permanence,literal,clean,
3546-02,105,CET-4,permanent,permanence,permanence,derived,,permanent permanence,literal,clean,
3547-01,105,CET-6,permeate,permeate,permeate,canonical,,permeate permeation,literal,clean,
3547-02,105,CET-6,permeate,permeation,permeation,derived,,permeate permeation,literal,clean,
3548-01,105,CET-4,permit,permit,permit,canonical,,permit permission permissible permissive,literal,clean,
3548-02,105,CET-4,permit,permission,permission,derived,,permit permission permissible permissive,literal,clean,
3548-03,105,CET-4,permit,permissible,permissible,derived,,permit permission permissible permissive,literal,clean,
3548-04,105,CET-4,permit,permissive,permissive,derived,,permit permission permissible permissive,literal,clean,
3549-01,105,CET-6,perpetual,perpetual,perpetual,canonical,,perpetual perpetuate,literal,clean,
3549-02,105,CET-6,perpetual,perpetuate,perpetuate,derived,,perpetual perpetuate,literal,clean,
3550-01,105,CET-6,perplex,perplex,perplex,canonical,,perplex perplexity,literal,clean,
3550-02,105,CET-6,perplex,perplexity,perplexity,derived,,perplex perplexity,literal,clean,
3551-01,105,CET-6,persecute,persecute,persecute,canonical,,persecute persecution,literal,clean,
3551-02,105,CET-6,persecute,persecution,persecution,derived,,persecute persecution,literal,clean,
3552-01,105,CET-4,persevere,persevere,persevere,canonical,,persevere perseverance,literal,clean,
3552-02,105,CET-4,persevere,perseverance,perseverance,derived,,persevere perseverance,literal,clean,
3553-01,105,CET-4,persist,persist,persist,canonical,,persist persistent persistence,literal,clean,
3553-02,105,CET-4,persist,persistent,persistent,derived,,persist persistent persistence,literal,clean,
3553-03,105,CET-4,persist,persistence,persistence,derived,,persist persistent persistence,literal,clean,
3554-01,105,CET-4,person,person,person,canonical,,person personal personally personality,literal,clean,
3554-02,105,CET-4,person,personal,personal,derived,,person personal personally personality,literal,clean,
3554-03,105,CET-4,person,personally,personally,derived,,person personal personally personality,literal,clean,
3554-04,105,CET-4,person,personality,personality,derived,,person personal personally personality,literal,clean,
3555-01,105,CET-4,personnel,personnel,personnel,canonical,,personnel,literal,clean,
3556-01,105,CET-4,perspective,perspective,perspective,canonical,,perspective,literal,clean,
3557-01,105,CET-4,persuade,persuade,persuade,canonical,,persuade persuasion persuasive,literal,clean,
3557-02,105,CET-4,persuade,persuasion,persuasion,derived,,persuade persuasion persuasive,literal,clean,
3557-03,105,CET-4,persuade,persuasive,persuasive,derived,,persuade persuasion persuasive,literal,clean,
3558-01,105,CET-4,pessimism,pessimism,pessimism,canonical,,pessimism pessimistic pessimist,literal,clean,
3558-02,105,CET-4,pessimism,pessimistic,pessimistic,derived,,pessimism pessimistic pessimist,literal,clean,
3558-03,105,CET-4,pessimism,pessimist,pessimist,derived,,pessimism pessimistic pessimist,literal,clean,
3559-01,105,CET-6,pest,pest,pest,canonical,,pest,literal,clean,
3560-01,105,CET-6,pesticide,pesticide,pesticide,canonical,,pesticide,literal,clean,
3561-01,105,CET-4,pet,pet,pet,canonical,,pet,literal,clean,
3562-01,105,CET-6,petition,petition,petition,canonical,,petition petitioner,literal,clean,
3562-02,105,CET-6,petition,petitioner,petitioner,derived,,petition petitioner,literal,clean,
3563-01,105,CET-6,petrochemical,petrochemical,petrochemical,canonical,,petrochemical,literal,clean,
3564-01,105,CET-4,petrol,petrol,petrol,canonical,,petrol,literal,clean,
3565-01,105,CET-4,petroleum,petroleum,petroleum,canonical,,petroleum,literal,clean,
3566-01,105,CET-4,petty,petty,petty,canonical,,petty,literal,clean,
3567-01,105,CET-6,pharmacy,pharmacy,pharmacy,canonical,,pharmacy pharmaceutical,literal,clean,
3567-02,105,CET-6,pharmacy,pharmaceutical,pharmaceutical,derived,,pharmacy pharmaceutical,literal,clean,
3568-01,105,CET-4,phase,phase,phase,canonical,,phase,literal,clean,
3569-01,105,CET-4,phenomenon,phenomenon,phenomenon,canonical,,phenomenon,literal,clean,
3570-01,105,CET-4,philosophy,philosophy,philosophy,canonical,,philosophy philosophical philosopher,literal,clean,
3570-02,105,CET-4,philosophy,philosophical,philosophical,derived,,philosophy philosophical philosopher,literal,clean,
3570-03,105,CET-4,philosophy,philosopher,philosopher,derived,,philosophy philosophical philosopher,literal,clean,
3571-01,106,CET-4,photo,photo,photo,canonical,,photo(graph) photographic photographer photography,optional_omitted,spot_check,括号可选拼写
3571-02,106,CET-4,photo,photograph,photograph,canonical_variant,,photo(graph) photographic photographer photography,optional_included,spot_check,括号可选拼写
3571-03,106,CET-4,photo,photographic,photographic,derived,,photo(graph) photographic photographer photography,literal,clean,
3571-04,106,CET-4,photo,photographer,photographer,derived,,photo(graph) photographic photographer photography,literal,clean,
3571-05,106,CET-4,photo,photography,photography,derived,,photo(graph) photographic photographer photography,literal,clean,
3572-01,106,CET-4,phrase,phrase,phrase,canonical,,phrase phrasal,literal,clean,
3572-02,106,CET-4,phrase,phrasal,phrasal,derived,,phrase phrasal,literal,clean,
3573-01,106,CET-4,physical,physical,physical,canonical,,physical,literal,clean,
3574-01,106,CET-4,physician,physician,physician,canonical,,physician,literal,clean,
3575-01,106,CET-4,physics,physics,physics,canonical,,physics physicist,literal,clean,
3575-02,106,CET-4,physics,physicist,physicist,derived,,physics physicist,literal,clean,
3576-01,106,CET-6,physiological,physiological,physiological,canonical,,physiological,literal,clean,
3577-01,106,CET-4,piano,piano,piano,canonical,,piano pianist,literal,clean,
3577-02,106,CET-4,piano,pianist,pianist,derived,,piano pianist,literal,clean,
3578-01,106,CET-4,pick,pick,pick,canonical,,pick picky,literal,clean,
3578-02,106,CET-4,pick,picky,picky,derived,,pick picky,literal,clean,
3579-01,106,CET-4,picnic,picnic,picnic,canonical,,picnic,literal,clean,
3580-01,106,CET-4,picture,picture,picture,canonical,,picture picturesque,literal,clean,
3580-02,106,CET-4,picture,picturesque,picturesque,derived,,picture picturesque,literal,clean,
3581-01,106,CET-4,pie,pie,pie,canonical,,pie,literal,clean,
3582-01,106,CET-4,piece,piece,piece,canonical,,piece,literal,clean,
3583-01,106,CET-4,pierce,pierce,pierce,canonical,,pierce,literal,clean,
3584-01,106,CET-4,pig,pig,pig,canonical,,pig,literal,clean,
3585-01,106,CET-4,pigeon,pigeon,pigeon,canonical,,pigeon,literal,clean,
3586-01,106,CET-4,pile,pile,pile,canonical,,pile,literal,clean,
3587-01,106,CET-6,pilgrim,pilgrim,pilgrim,canonical,,pilgrim pilgrimage,literal,clean,
3587-02,106,CET-6,pilgrim,pilgrimage,pilgrimage,derived,,pilgrim pilgrimage,literal,clean,
3588-01,106,CET-4,pill,pill,pill,canonical,,pill,literal,clean,
3589-01,106,CET-4,pillar,pillar,pillar,canonical,,pillar,literal,clean,
3590-01,106,CET-4,pillow,pillow,pillow,canonical,,pillow,literal,clean,
3591-01,106,CET-4,pilot,pilot,pilot,canonical,,pilot,literal,clean,
3592-01,106,CET-4,pin,pin,pin,canonical,,pin,literal,clean,
3593-01,106,CET-4,pinch,pinch,pinch,canonical,,pinch,literal,clean,
3594-01,106,CET-4,pine,pine,pine,canonical,,pine,literal,clean,
3595-01,106,CET-4,pink,pink,pink,canonical,,pink,literal,clean,
3596-01,106,CET-4,pint,pint,pint,canonical,,pint,literal,clean,
3597-01,106,CET-4,pioneer,pioneer,pioneer,canonical,,pioneer,literal,clean,
3598-01,106,CET-4,pipe,pipe,pipe,canonical,,pipe,literal,clean,
3599-01,106,CET-4,pirate,pirate,pirate,canonical,,pirate piracy,literal,clean,
3599-02,106,CET-4,pirate,piracy,piracy,derived,,pirate piracy,literal,clean,
3600-01,106,CET-4,pistol,pistol,pistol,canonical,,pistol,literal,clean,
3601-01,106,CET-4,pit,pit,pit,canonical,,pit,literal,clean,
3602-01,106,CET-4,pitch,pitch,pitch,canonical,,pitch,literal,clean,
3603-01,106,CET-4,pity,pity,pity,canonical,,pity,literal,clean,
3604-01,106,CET-4,pizza,pizza,pizza,canonical,,pizza,literal,clean,
3605-01,106,CET-4,place,place,place,canonical,,place placement,literal,clean,
3605-02,106,CET-4,place,placement,placement,derived,,place placement,literal,clean,
3606-01,106,CET-4,plague,plague,plague,canonical,,plague,literal,clean,
3607-01,106,CET-4,plain,plain,plain,canonical,,plain,literal,clean,
3608-01,106,CET-6,plaintiff,plaintiff,plaintiff,canonical,,plaintiff,literal,clean,
3609-01,106,CET-4,plan,plan,plan,canonical,,plan planning planner,literal,clean,
3609-02,106,CET-4,plan,planning,planning,derived,,plan planning planner,literal,clean,
3609-03,106,CET-4,plan,planner,planner,derived,,plan planning planner,literal,clean,
3610-01,106,CET-4,plane,plane,plane,canonical,,plane,literal,clean,
3611-01,106,CET-4,planet,planet,planet,canonical,,planet planetary,literal,clean,
3611-02,106,CET-4,planet,planetary,planetary,derived,,planet planetary,literal,clean,
3612-01,106,CET-4,plant,plant,plant,canonical,,plant plantation,literal,clean,
3612-02,106,CET-4,plant,plantation,plantation,derived,,plant plantation,literal,clean,
3613-01,107,CET-4,plastic,plastic,plastic,canonical,,plastic,literal,clean,
3614-01,107,CET-4,plate,plate,plate,canonical,,plate,literal,clean,
3615-01,107,CET-6,plateau,plateau,plateau,canonical,,plateau,literal,clean,
3616-01,107,CET-4,platform,platform,platform,canonical,,platform,literal,clean,
3617-01,107,CET-6,plausible,plausible,plausible,canonical,,plausible,literal,clean,
3618-01,107,CET-4,play,play,play,canonical,,play player,literal,clean,
3618-02,107,CET-4,play,player,player,derived,,play player,literal,clean,
3619-01,107,CET-4,playground,playground,playground,canonical,,playground,literal,clean,
3620-01,107,CET-6,plaza,plaza,plaza,canonical,,plaza,literal,clean,
3621-01,107,CET-6,plea,plea,plea,canonical,,plea,literal,clean,
3622-01,107,CET-6,plead,plead,plead,canonical,,plead,literal,clean,
3623-01,107,CET-4,please,please,please,canonical,,please pleasure pleasant pleasing,literal,clean,
3623-02,107,CET-4,please,pleasure,pleasure,derived,,please pleasure pleasant pleasing,literal,clean,
3623-03,107,CET-4,please,pleasant,pleasant,derived,,please pleasure pleasant pleasing,literal,clean,
3623-04,107,CET-4,please,pleasing,pleasing,derived,,please pleasure pleasant pleasing,literal,clean,
3624-01,107,CET-4,pledge,pledge,pledge,canonical,,pledge,literal,clean,
3625-01,107,CET-4,plenty,plenty,plenty,canonical,,plenty plentiful,literal,clean,
3625-02,107,CET-4,plenty,plentiful,plentiful,derived,,plenty plentiful,literal,clean,
3626-01,107,CET-6,plight,plight,plight,canonical,,plight,literal,clean,
3627-01,107,CET-4,plot,plot,plot,canonical,,plot,literal,clean,
3628-01,107,CET-4,plough,plough,plough,canonical,,plough/plow,literal,clean,
3628-02,107,CET-4,plough,plow,plow,canonical_variant,,plough/plow,slash_alternative:literal,spot_check,斜杠并列形式
3629-01,107,CET-4,plug,plug,plug,canonical,,plug,literal,clean,
3630-01,107,CET-6,plumber,plumber,plumber,canonical,,plumber,literal,clean,
3631-01,107,CET-6,plumbing,plumbing,plumbing,canonical,,plumbing,literal,clean,
3632-01,107,CET-4,plunge,plunge,plunge,canonical,,plunge,literal,clean,
3633-01,107,CET-4,plural,plural,plural,canonical,,plural,literal,clean,
3634-01,107,CET-4,plus,plus,plus,canonical,,plus,literal,clean,
3635-01,107,CET-4,pocket,pocket,pocket,canonical,,pocket,literal,clean,
3636-01,107,CET-4,podcast,podcast,podcast,canonical,,podcast,literal,clean,
3637-01,107,CET-4,poem,poem,poem,canonical,,poem poetry,literal,clean,
3637-02,107,CET-4,poem,poetry,poetry,derived,,poem poetry,literal,clean,
3638-01,107,CET-4,poet,poet,poet,canonical,,poet poetic,literal,clean,
3638-02,107,CET-4,poet,poetic,poetic,derived,,poet poetic,literal,clean,
3639-01,107,CET-4,point,point,point,canonical,,point pointless,literal,clean,
3639-02,107,CET-4,point,pointless,pointless,derived,,point pointless,literal,clean,
3640-01,107,CET-6,poise,poise,poise,canonical,,poise poised,literal,clean,
3640-02,107,CET-6,poise,poised,poised,derived,,poise poised,literal,clean,
3641-01,107,CET-4,poison,poison,poison,canonical,,poison poisonous,literal,clean,
3641-02,107,CET-4,poison,poisonous,poisonous,derived,,poison poisonous,literal,clean,
3642-01,107,CET-6,poke,poke,poke,canonical,,poke,literal,clean,
3643-01,107,CET-4,pole,pole,pole,canonical,,pole polar,literal,clean,
3643-02,107,CET-4,pole,polar,polar,derived,,pole polar,literal,clean,
3644-01,107,CET-4,police,police,police,canonical,,police policeman,literal,clean,
3644-02,107,CET-4,police,policeman,policeman,derived,,police policeman,literal,clean,
3645-01,107,CET-4,policy,policy,policy,canonical,,policy,literal,clean,
3646-01,107,CET-4,polish,polish,polish,canonical,,polish,literal,clean,
3647-01,107,CET-4,polite,polite,polite,canonical,,polite politeness,literal,clean,
3647-02,107,CET-4,polite,politeness,politeness,derived,,polite politeness,literal,clean,
3648-01,107,CET-4,politics,politics,politics,canonical,,politics political politician,literal,clean,
3648-02,107,CET-4,politics,political,political,derived,,politics political politician,literal,clean,
3648-03,107,CET-4,politics,politician,politician,derived,,politics political politician,literal,clean,
3649-01,107,CET-4,poll,poll,poll,canonical,,poll pollster,literal,clean,
3649-02,107,CET-4,poll,pollster,pollster,derived,,poll pollster,literal,clean,
3650-01,107,CET-4,pollute,pollute,pollute,canonical,,pollute pollution pollutant,literal,clean,
3650-02,107,CET-4,pollute,pollution,pollution,derived,,pollute pollution pollutant,literal,clean,
3650-03,107,CET-4,pollute,pollutant,pollutant,derived,,pollute pollution pollutant,literal,clean,
3651-01,107,CET-6,polytechnic,polytechnic,polytechnic,canonical,,polytechnic,literal,clean,
3652-01,107,CET-4,pond,pond,pond,canonical,,pond,literal,clean,
3653-01,107,CET-6,ponder,ponder,ponder,canonical,,ponder,literal,clean,
3654-01,107,CET-4,pool,pool,pool,canonical,,pool,literal,clean,
3655-01,108,CET-4,poor,poor,poor,canonical,,poor poverty,literal,clean,
3655-02,108,CET-4,poor,poverty,poverty,derived,,poor poverty,literal,clean,
3656-01,108,CET-4,pop,pop,pop,canonical,,pop,literal,clean,
3657-01,108,CET-4,popular,popular,popular,canonical,,popular popularity,literal,clean,
3657-02,108,CET-4,popular,popularity,popularity,derived,,popular popularity,literal,clean,
3658-01,108,CET-4,population,population,population,canonical,,population populous populate,literal,clean,
3658-02,108,CET-4,population,populous,populous,derived,,population populous populate,literal,clean,
3658-03,108,CET-4,population,populate,populate,derived,,population populous populate,literal,clean,
3659-01,108,CET-6,porcelain,porcelain,porcelain,canonical,,porcelain,literal,clean,
3660-01,108,CET-6,porch,porch,porch,canonical,,porch,literal,clean,
3661-01,108,CET-4,pork,pork,pork,canonical,,pork,literal,clean,
3662-01,108,CET-6,porridge,porridge,porridge,canonical,,porridge,literal,clean,
3663-01,108,CET-4,port,port,port,canonical,,port portable porter,literal,clean,
3663-02,108,CET-4,port,portable,portable,derived,,port portable porter,literal,clean,
3663-03,108,CET-4,port,porter,porter,derived,,port portable porter,literal,clean,
3664-01,108,CET-6,portfolio,portfolio,portfolio,canonical,,portfolio,literal,clean,
3665-01,108,CET-4,portion,portion,portion,canonical,,portion,literal,clean,
3666-01,108,CET-6,portray,portray,portray,canonical,,portray portrayal portrait,literal,clean,
3666-02,108,CET-6,portray,portrayal,portrayal,derived,,portray portrayal portrait,literal,clean,
3666-03,108,CET-6,portray,portrait,portrait,derived,,portray portrayal portrait,literal,clean,
3667-01,108,CET-4,pose,pose,pose,canonical,,pose posture,literal,clean,
3667-02,108,CET-4,pose,posture,posture,derived,,pose posture,literal,clean,
3668-01,108,CET-4,position,position,position,canonical,,position,literal,clean,
3669-01,108,CET-4,positive,positive,positive,canonical,,positive,literal,clean,
3670-01,108,CET-4,possess,possess,possess,canonical,,possess possession possessive,literal,clean,
3670-02,108,CET-4,possess,possession,possession,derived,,possess possession possessive,literal,clean,
3670-03,108,CET-4,possess,possessive,possessive,derived,,possess possession possessive,literal,clean,
3671-01,108,CET-4,possible,possible,possible,canonical,,possible possibility possibly,literal,clean,
3671-02,108,CET-4,possible,possibility,possibility,derived,,possible possibility possibly,literal,clean,
3671-03,108,CET-4,possible,possibly,possibly,derived,,possible possibility possibly,literal,clean,
3672-01,108,CET-4,post,post,post,canonical,1,post１,literal,spot_check,同形异义编号已移至 sense_number
3673-01,108,CET-4,post,post,post,canonical,2,post２,literal,spot_check,同形异义编号已移至 sense_number
3674-01,108,CET-4,postcard,postcard,postcard,canonical,,postcard,literal,clean,
3675-01,108,CET-4,poster,poster,poster,canonical,,poster,literal,clean,
3676-01,108,CET-4,postpone,postpone,postpone,canonical,,postpone postponement,literal,clean,
3676-02,108,CET-4,postpone,postponement,postponement,derived,,postpone postponement,literal,clean,
3677-01,108,CET-4,pot,pot,pot,canonical,,pot,literal,clean,
3678-01,108,CET-4,potato,potato,potato,canonical,,potato,literal,clean,
3679-01,108,CET-6,potent,potent,potent,canonical,,potent,literal,clean,
3680-01,108,CET-4,potential,potential,potential,canonical,,potential potentiality,literal,clean,
3680-02,108,CET-4,potential,potentiality,potentiality,derived,,potential potentiality,literal,clean,
3681-01,108,CET-6,pottery,pottery,pottery,canonical,,pottery,literal,clean,
3682-01,108,CET-6,poultry,poultry,poultry,canonical,,poultry,literal,clean,
3683-01,108,CET-4,pound,pound,pound,canonical,1,pound１,literal,spot_check,同形异义编号已移至 sense_number
3684-01,108,CET-4,pound,pound,pound,canonical,2,pound２,literal,spot_check,同形异义编号已移至 sense_number
3685-01,108,CET-4,pour,pour,pour,canonical,,pour,literal,clean,
3686-01,108,CET-4,powder,powder,powder,canonical,,powder,literal,clean,
3687-01,108,CET-4,power,power,power,canonical,,power powerful,literal,clean,
3687-02,108,CET-4,power,powerful,powerful,derived,,power powerful,literal,clean,
3688-01,108,CET-4,practise,practise,practise,canonical,,practise/Ｇice practicable,literal,spot_check,PDF 连字符/共享词尾字形已恢复
3688-02,108,CET-4,practise,practice,practice,canonical_variant,,practise/Ｇice practicable,shared_suffix:-ice,spot_check,共享词尾替换；PDF 连字符/共享词尾字形已恢复
3688-03,108,CET-4,practise,practicable,practicable,derived,,practise/Ｇice practicable,literal,spot_check,PDF 连字符/共享词尾字形已恢复
3689-01,108,CET-4,practical,practical,practical,canonical,,practical practicality,literal,clean,
3689-02,108,CET-4,practical,practicality,practicality,derived,,practical practicality,literal,clean,
3690-01,108,CET-6,practitioner,practitioner,practitioner,canonical,,practitioner,literal,clean,
3691-01,108,CET-4,praise,praise,praise,canonical,,praise,literal,clean,
3692-01,108,CET-4,pray,pray,pray,canonical,,pray,literal,clean,
3693-01,108,CET-4,preach,preach,preach,canonical,,preach preacher,literal,clean,
3693-02,108,CET-4,preach,preacher,preacher,derived,,preach preacher,literal,clean,
3694-01,108,CET-4,precaution,precaution,precaution,canonical,,precaution precautionary,literal,clean,
3694-02,108,CET-4,precaution,precautionary,precautionary,derived,,precaution precautionary,literal,clean,
3695-01,108,CET-6,precede,precede,precede,canonical,,precede preceding precedent,literal,clean,
3695-02,108,CET-6,precede,preceding,preceding,derived,,precede preceding precedent,literal,clean,
3695-03,108,CET-6,precede,precedent,precedent,derived,,precede preceding precedent,literal,clean,
3696-01,108,CET-4,precious,precious,precious,canonical,,precious,literal,clean,
3697-01,109,CET-4,precise,precise,precise,canonical,,precise precision precisely,literal,clean,
3697-02,109,CET-4,precise,precision,precision,derived,,precise precision precisely,literal,clean,
3697-03,109,CET-4,precise,precisely,precisely,derived,,precise precision precisely,literal,clean,
3698-01,109,CET-6,predator,predator,predator,canonical,,predator predatory,literal,clean,
3698-02,109,CET-6,predator,predatory,predatory,derived,,predator predatory,literal,clean,
3699-01,109,CET-6,predecessor,predecessor,predecessor,canonical,,predecessor,literal,clean,
3700-01,109,CET-4,predict,predict,predict,canonical,,predict prediction predictable,literal,clean,
3700-02,109,CET-4,predict,prediction,prediction,derived,,predict prediction predictable,literal,clean,
3700-03,109,CET-4,predict,predictable,predictable,derived,,predict prediction predictable,literal,clean,
3701-01,109,CET-6,predominate,predominate,predominate,canonical,,predominate predominance predominant,literal,clean,
3701-02,109,CET-6,predominate,predominance,predominance,derived,,predominate predominance predominant,literal,clean,
3701-03,109,CET-6,predominate,predominant,predominant,derived,,predominate predominance predominant,literal,clean,
3702-01,109,CET-4,preface,preface,preface,canonical,,preface,literal,clean,
3703-01,109,CET-4,prefer,prefer,prefer,canonical,,prefer preferable preference preferential,literal,clean,
3703-02,109,CET-4,prefer,preferable,preferable,derived,,prefer preferable preference preferential,literal,clean,
3703-03,109,CET-4,prefer,preference,preference,derived,,prefer preferable preference preferential,literal,clean,
3703-04,109,CET-4,prefer,preferential,preferential,derived,,prefer preferable preference preferential,literal,clean,
3704-01,109,CET-4,pregnant,pregnant,pregnant,canonical,,pregnant pregnancy,literal,clean,
3704-02,109,CET-4,pregnant,pregnancy,pregnancy,derived,,pregnant pregnancy,literal,clean,
3705-01,109,CET-4,prejudice,prejudice,prejudice,canonical,,prejudice,literal,clean,
3706-01,109,CET-4,preliminary,preliminary,preliminary,canonical,,preliminary,literal,clean,
3707-01,109,CET-6,premature,premature,premature,canonical,,premature,literal,clean,
3708-01,109,CET-4,premier,premier,premier,canonical,,premier,literal,clean,
3709-01,109,CET-6,premise,premise,premise,canonical,,premise,literal,clean,
3710-01,109,CET-6,premium,premium,premium,canonical,,premium,literal,clean,
3711-01,109,CET-6,preoccupy,preoccupy,preoccupy,canonical,,preoccupy preoccupied,literal,clean,
3711-02,109,CET-6,preoccupy,preoccupied,preoccupied,derived,,preoccupy preoccupied,literal,clean,
3712-01,109,CET-4,prepare,prepare,prepare,canonical,,prepare preparation preparatory,literal,clean,
3712-02,109,CET-4,prepare,preparation,preparation,derived,,prepare preparation preparatory,literal,clean,
3712-03,109,CET-4,prepare,preparatory,preparatory,derived,,prepare preparation preparatory,literal,clean,
3713-01,109,CET-4,preposition,preposition,preposition,canonical,,preposition,literal,clean,
3714-01,109,CET-6,prerequisite,prerequisite,prerequisite,canonical,,prerequisite,literal,clean,
3715-01,109,CET-4,prescribe,prescribe,prescribe,canonical,,prescribe prescription,literal,clean,
3715-02,109,CET-4,prescribe,prescription,prescription,derived,,prescribe prescription,literal,clean,
3716-01,109,CET-4,present,present,present,canonical,1,present１,literal,spot_check,同形异义编号已移至 sense_number
3717-01,109,CET-4,present,present,present,canonical,2,present２,literal,spot_check,同形异义编号已移至 sense_number
3718-01,109,CET-4,present,present,present,canonical,3,present３,literal,spot_check,同形异义编号已移至 sense_number
3719-01,109,CET-4,preserve,preserve,preserve,canonical,,preserve preservation preservative,literal,clean,
3719-02,109,CET-4,preserve,preservation,preservation,derived,,preserve preservation preservative,literal,clean,
3719-03,109,CET-4,preserve,preservative,preservative,derived,,preserve preservation preservative,literal,clean,
3720-01,109,CET-6,preside,preside,preside,canonical,,preside,literal,clean,
3721-01,109,CET-4,president,president,president,canonical,,president presidency presidential,literal,clean,
3721-02,109,CET-4,president,presidency,presidency,derived,,president presidency presidential,literal,clean,
3721-03,109,CET-4,president,presidential,presidential,derived,,president presidency presidential,literal,clean,
3722-01,109,CET-4,press,press,press,canonical,1,press１,literal,spot_check,同形异义编号已移至 sense_number
3723-01,109,CET-4,press,press,press,canonical,2,press２,literal,spot_check,同形异义编号已移至 sense_number
3724-01,109,CET-6,prestige,prestige,prestige,canonical,,prestige prestigious,literal,clean,
3724-02,109,CET-6,prestige,prestigious,prestigious,derived,,prestige prestigious,literal,clean,
3725-01,109,CET-6,presume,presume,presume,canonical,,presume presumption presumably,literal,clean,
3725-02,109,CET-6,presume,presumption,presumption,derived,,presume presumption presumably,literal,clean,
3725-03,109,CET-6,presume,presumably,presumably,derived,,presume presumption presumably,literal,clean,
3726-01,109,CET-4,pretend,pretend,pretend,canonical,,pretend pretense/Ｇce,literal,spot_check,PDF 连字符/共享词尾字形已恢复
3726-02,109,CET-4,pretend,pretense,pretense,derived,,pretend pretense/Ｇce,literal,spot_check,PDF 连字符/共享词尾字形已恢复
3726-03,109,CET-4,pretend,pretence,pretence,derived_variant,,pretend pretense/Ｇce,shared_suffix:-ce,spot_check,共享词尾替换；PDF 连字符/共享词尾字形已恢复
3727-01,109,CET-6,pretext,pretext,pretext,canonical,,pretext,literal,clean,
3728-01,109,CET-4,pretty,pretty,pretty,canonical,,pretty,literal,clean,
3729-01,109,CET-4,prevail,prevail,prevail,canonical,,prevail prevalence prevalent,literal,clean,
3729-02,109,CET-4,prevail,prevalence,prevalence,derived,,prevail prevalence prevalent,literal,clean,
3729-03,109,CET-4,prevail,prevalent,prevalent,derived,,prevail prevalence prevalent,literal,clean,
3730-01,109,CET-4,prevent,prevent,prevent,canonical,,prevent prevention preventive,literal,clean,
3730-02,109,CET-4,prevent,prevention,prevention,derived,,prevent prevention preventive,literal,clean,
3730-03,109,CET-4,prevent,preventive,preventive,derived,,prevent prevention preventive,literal,clean,
3731-01,109,CET-4,preview,preview,preview,canonical,,preview,literal,clean,
3732-01,109,CET-4,previous,previous,previous,canonical,,previous,literal,clean,
3733-01,109,CET-6,prey,prey,prey,canonical,,prey,literal,clean,
3734-01,109,CET-4,price,price,price,canonical,,price priceless,literal,clean,
3734-02,109,CET-4,price,priceless,priceless,derived,,price priceless,literal,clean,
3735-01,109,CET-4,pride,pride,pride,canonical,,pride proud,literal,clean,
3735-02,109,CET-4,pride,proud,proud,derived,,pride proud,literal,clean,
3736-01,109,CET-4,priest,priest,priest,canonical,,priest,literal,clean,
3737-01,109,CET-4,primary,primary,primary,canonical,,primary primarily,literal,clean,
3737-02,109,CET-4,primary,primarily,primarily,derived,,primary primarily,literal,clean,
3738-01,109,CET-4,prime,prime,prime,canonical,,prime,literal,clean,
3739-01,110,CET-4,primitive,primitive,primitive,canonical,,primitive,literal,clean,
3740-01,110,CET-4,prince,prince,prince,canonical,,prince/princess,literal,clean,
3740-02,110,CET-4,prince,princess,princess,canonical_variant,,prince/princess,slash_alternative:literal,spot_check,斜杠并列形式
3741-01,110,CET-4,principal,principal,principal,canonical,,principal,literal,clean,
3742-01,110,CET-4,principle,principle,principle,canonical,,principle,literal,clean,
3743-01,110,CET-4,print,print,print,canonical,,print printer printing,literal,clean,
3743-02,110,CET-4,print,printer,printer,derived,,print printer printing,literal,clean,
3743-03,110,CET-4,print,printing,printing,derived,,print printer printing,literal,clean,
3744-01,110,CET-4,prior,prior,prior,canonical,,prior priority,literal,clean,
3744-02,110,CET-4,prior,priority,priority,derived,,prior priority,literal,clean,
3745-01,110,CET-4,prison,prison,prison,canonical,,prison prisoner,literal,clean,
3745-02,110,CET-4,prison,prisoner,prisoner,derived,,prison prisoner,literal,clean,
3746-01,110,CET-4,private,private,private,canonical,,private privacy privatize/Ｇise privatization/Ｇsation,literal,spot_check,PDF 连字符/共享词尾字形已恢复
3746-02,110,CET-4,private,privacy,privacy,derived,,private privacy privatize/Ｇise privatization/Ｇsation,literal,spot_check,PDF 连字符/共享词尾字形已恢复
3746-03,110,CET-4,private,privatize,privatize,derived,,private privacy privatize/Ｇise privatization/Ｇsation,literal,spot_check,PDF 连字符/共享词尾字形已恢复
3746-04,110,CET-4,private,privatise,privatise,derived_variant,,private privacy privatize/Ｇise privatization/Ｇsation,shared_suffix:-ise,spot_check,共享词尾替换；PDF 连字符/共享词尾字形已恢复
3746-05,110,CET-4,private,privatization,privatization,derived,,private privacy privatize/Ｇise privatization/Ｇsation,literal,spot_check,PDF 连字符/共享词尾字形已恢复
3746-06,110,CET-4,private,privatisation,privatisation,derived_variant,,private privacy privatize/Ｇise privatization/Ｇsation,shared_suffix:-sation,spot_check,共享词尾替换；PDF 连字符/共享词尾字形已恢复
3747-01,110,CET-4,privilege,privilege,privilege,canonical,,privilege privileged,literal,clean,
3747-02,110,CET-4,privilege,privileged,privileged,derived,,privilege privileged,literal,clean,
3748-01,110,CET-4,prize,prize,prize,canonical,,prize,literal,clean,
3749-01,110,CET-4,probable,probable,probable,canonical,,probable probability probably,literal,clean,
3749-02,110,CET-4,probable,probability,probability,derived,,probable probability probably,literal,clean,
3749-03,110,CET-4,probable,probably,probably,derived,,probable probability probably,literal,clean,
3750-01,110,CET-6,probe,probe,probe,canonical,,probe,literal,clean,
3751-01,110,CET-4,problem,problem,problem,canonical,,problem problematic,literal,clean,
3751-02,110,CET-4,problem,problematic,problematic,derived,,problem problematic,literal,clean,
3752-01,110,CET-4,procedure,procedure,procedure,canonical,,procedure,literal,clean,
3753-01,110,CET-4,proceed,proceed,proceed,canonical,,proceed proceedings,literal,clean,
3753-02,110,CET-4,proceed,proceedings,proceedings,derived,,proceed proceedings,literal,clean,
3754-01,110,CET-4,process,process,process,canonical,,process processor,literal,clean,
3754-02,110,CET-4,process,processor,processor,derived,,process processor,literal,clean,
3755-01,110,CET-4,procession,procession,procession,canonical,,procession,literal,clean,
3756-01,110,CET-4,proclaim,proclaim,proclaim,canonical,,proclaim proclamation,literal,clean,
3756-02,110,CET-4,proclaim,proclamation,proclamation,derived,,proclaim proclamation,literal,clean,
3757-01,110,CET-4,produce,produce,produce,canonical,,produce production productive productivity,literal,clean,
3757-02,110,CET-4,produce,production,production,derived,,produce production productive productivity,literal,clean,
3757-03,110,CET-4,produce,productive,productive,derived,,produce production productive productivity,literal,clean,
3757-04,110,CET-4,produce,productivity,productivity,derived,,produce production productive productivity,literal,clean,
3758-01,110,CET-4,product,product,product,canonical,,product,literal,clean,
3759-01,110,CET-4,profession,profession,profession,canonical,,profession professional,literal,clean,
3759-02,110,CET-4,profession,professional,professional,derived,,profession professional,literal,clean,
3760-01,110,CET-4,professor,professor,professor,canonical,,professor,literal,clean,
3761-01,110,CET-4,proficient,proficient,proficient,canonical,,proficient proficiency,literal,clean,
3761-02,110,CET-4,proficient,proficiency,proficiency,derived,,proficient proficiency,literal,clean,
3762-01,110,CET-6,profile,profile,profile,canonical,,profile,literal,clean,
3763-01,110,CET-4,profit,profit,profit,canonical,,profit profitable,literal,clean,
3763-02,110,CET-4,profit,profitable,profitable,derived,,profit profitable,literal,clean,
3764-01,110,CET-4,profound,profound,profound,canonical,,profound,literal,clean,
3765-01,110,CET-4,program,program,program,canonical,,program(me),optional_omitted,spot_check,括号可选拼写
3765-02,110,CET-4,program,programme,programme,canonical_variant,,program(me),optional_included,spot_check,括号可选拼写
3766-01,110,CET-4,progress,progress,progress,canonical,,progress progressive progression,literal,clean,
3766-02,110,CET-4,progress,progressive,progressive,derived,,progress progressive progression,literal,clean,
3766-03,110,CET-4,progress,progression,progression,derived,,progress progressive progression,literal,clean,
3767-01,110,CET-4,prohibit,prohibit,prohibit,canonical,,prohibit prohibition prohibitive,literal,clean,
3767-02,110,CET-4,prohibit,prohibition,prohibition,derived,,prohibit prohibition prohibitive,literal,clean,
3767-03,110,CET-4,prohibit,prohibitive,prohibitive,derived,,prohibit prohibition prohibitive,literal,clean,
3768-01,110,CET-4,project,project,project,canonical,1,project１,literal,spot_check,同形异义编号已移至 sense_number
3769-01,110,CET-4,project,project,project,canonical,2,project２,literal,spot_check,同形异义编号已移至 sense_number
3770-01,110,CET-6,prolong,prolong,prolong,canonical,,prolong,literal,clean,
3771-01,110,CET-4,prominent,prominent,prominent,canonical,,prominent prominence,literal,clean,
3771-02,110,CET-4,prominent,prominence,prominence,derived,,prominent prominence,literal,clean,
3772-01,110,CET-4,promise,promise,promise,canonical,,promise promising,literal,clean,
3772-02,110,CET-4,promise,promising,promising,derived,,promise promising,literal,clean,
3773-01,110,CET-4,promote,promote,promote,canonical,,promote promotion,literal,clean,
3773-02,110,CET-4,promote,promotion,promotion,derived,,promote promotion,literal,clean,
3774-01,110,CET-4,prompt,prompt,prompt,canonical,,prompt,literal,clean,
3775-01,110,CET-6,prone,prone,prone,canonical,,prone,literal,clean,
3776-01,110,CET-4,pronoun,pronoun,pronoun,canonical,,pronoun,literal,clean,
3777-01,110,CET-4,pronounce,pronounce,pronounce,canonical,,pronounce pronunciation,literal,clean,
3777-02,110,CET-4,pronounce,pronunciation,pronunciation,derived,,pronounce pronunciation,literal,clean,
3778-01,110,CET-4,proof,proof,proof,canonical,,proof,literal,clean,
3779-01,110,CET-6,proofread,proofread,proofread,canonical,,proofread,literal,clean,
3780-01,110,CET-6,prop,prop,prop,canonical,,prop,literal,clean,
3781-01,111,CET-6,propaganda,propaganda,propaganda,canonical,,propaganda,literal,clean,
3782-01,111,CET-6,propagate,propagate,propagate,canonical,,propagate propagation,literal,clean,
3782-02,111,CET-6,propagate,propagation,propagation,derived,,propagate propagation,literal,clean,
3783-01,111,CET-6,propel,propel,propel,canonical,,propel propeller,literal,clean,
3783-02,111,CET-6,propel,propeller,propeller,derived,,propel propeller,literal,clean,
3784-01,111,CET-4,proper,proper,proper,canonical,,proper,literal,clean,
3785-01,111,CET-4,property,property,property,canonical,,property,literal,clean,
3786-01,111,CET-4,proportion,proportion,proportion,canonical,,proportion proportional,literal,clean,
3786-02,111,CET-4,proportion,proportional,proportional,derived,,proportion proportional,literal,clean,
3787-01,111,CET-4,propose,propose,propose,canonical,,propose proposal proposition,literal,clean,
3787-02,111,CET-4,propose,proposal,proposal,derived,,propose proposal proposition,literal,clean,
3787-03,111,CET-4,propose,proposition,proposition,derived,,propose proposal proposition,literal,clean,
3788-01,111,CET-4,prose,prose,prose,canonical,,prose,literal,clean,
3789-01,111,CET-6,prosecute,prosecute,prosecute,canonical,,prosecute prosecution,literal,clean,
3789-02,111,CET-6,prosecute,prosecution,prosecution,derived,,prosecute prosecution,literal,clean,
3790-01,111,CET-4,prospect,prospect,prospect,canonical,,prospect prospective,literal,clean,
3790-02,111,CET-4,prospect,prospective,prospective,derived,,prospect prospective,literal,clean,
3791-01,111,CET-6,prosper,prosper,prosper,canonical,,prosper prosperity prosperous,literal,clean,
3791-02,111,CET-6,prosper,prosperity,prosperity,derived,,prosper prosperity prosperous,literal,clean,
3791-03,111,CET-6,prosper,prosperous,prosperous,derived,,prosper prosperity prosperous,literal,clean,
3792-01,111,CET-4,protect,protect,protect,canonical,,protect protection protective,literal,clean,
3792-02,111,CET-4,protect,protection,protection,derived,,protect protection protective,literal,clean,
3792-03,111,CET-4,protect,protective,protective,derived,,protect protection protective,literal,clean,
3793-01,111,CET-4,protein,protein,protein,canonical,,protein,literal,clean,
3794-01,111,CET-4,protest,protest,protest,canonical,,protest,literal,clean,
3795-01,111,CET-6,protocol,protocol,protocol,canonical,,protocol,literal,clean,
3796-01,111,CET-6,prototype,prototype,prototype,canonical,,prototype,literal,clean,
3797-01,111,CET-4,prove,prove,prove,canonical,,prove,literal,clean,
3798-01,111,CET-4,proverb,proverb,proverb,canonical,,proverb proverbial,literal,clean,
3798-02,111,CET-4,proverb,proverbial,proverbial,derived,,proverb proverbial,literal,clean,
3799-01,111,CET-4,provide,provide,provide,canonical,,provide provision,literal,clean,
3799-02,111,CET-4,provide,provision,provision,derived,,provide provision,literal,clean,
3800-01,111,CET-4,provided,provided,provided,canonical,,provided,literal,clean,
3801-01,111,CET-4,province,province,province,canonical,,province provincial,literal,clean,
3801-02,111,CET-4,province,provincial,provincial,derived,,province provincial,literal,clean,
3802-01,111,CET-4,provoke,provoke,provoke,canonical,,provoke provocation provocative,literal,clean,
3802-02,111,CET-4,provoke,provocation,provocation,derived,,provoke provocation provocative,literal,clean,
3802-03,111,CET-4,provoke,provocative,provocative,derived,,provoke provocation provocative,literal,clean,
3803-01,111,CET-6,proximate,proximate,proximate,canonical,,proximate proximity,literal,clean,
3803-02,111,CET-6,proximate,proximity,proximity,derived,,proximate proximity,literal,clean,
3804-01,111,CET-6,psychiatry,psychiatry,psychiatry,canonical,,psychiatry psychiatric psychiatrist,literal,clean,
3804-02,111,CET-6,psychiatry,psychiatric,psychiatric,derived,,psychiatry psychiatric psychiatrist,literal,clean,
3804-03,111,CET-6,psychiatry,psychiatrist,psychiatrist,derived,,psychiatry psychiatric psychiatrist,literal,clean,
3805-01,111,CET-4,psychology,psychology,psychology,canonical,,psychology psychological psychologist,literal,clean,
3805-02,111,CET-4,psychology,psychological,psychological,derived,,psychology psychological psychologist,literal,clean,
3805-03,111,CET-4,psychology,psychologist,psychologist,derived,,psychology psychological psychologist,literal,clean,
3806-01,111,CET-4,pub,pub,pub,canonical,,pub,literal,clean,
3807-01,111,CET-4,public,public,public,canonical,,public publicize/Ｇise publicity publicly,literal,spot_check,PDF 连字符/共享词尾字形已恢复
3807-02,111,CET-4,public,publicize,publicize,derived,,public publicize/Ｇise publicity publicly,literal,spot_check,PDF 连字符/共享词尾字形已恢复
3807-03,111,CET-4,public,publicise,publicise,derived_variant,,public publicize/Ｇise publicity publicly,shared_suffix:-ise,spot_check,共享词尾替换；PDF 连字符/共享词尾字形已恢复
3807-04,111,CET-4,public,publicity,publicity,derived,,public publicize/Ｇise publicity publicly,literal,spot_check,PDF 连字符/共享词尾字形已恢复
3807-05,111,CET-4,public,publicly,publicly,derived,,public publicize/Ｇise publicity publicly,literal,spot_check,PDF 连字符/共享词尾字形已恢复
3808-01,111,CET-4,publish,publish,publish,canonical,,publish publication,literal,clean,
3808-02,111,CET-4,publish,publication,publication,derived,,publish publication,literal,clean,
3809-01,111,CET-6,pudding,pudding,pudding,canonical,,pudding,literal,clean,
3810-01,111,CET-4,pull,pull,pull,canonical,,pull,literal,clean,
3811-01,111,CET-4,pulse,pulse,pulse,canonical,,pulse,literal,clean,
3812-01,111,CET-4,pump,pump,pump,canonical,,pump,literal,clean,
3813-01,111,CET-6,pumpkin,pumpkin,pumpkin,canonical,,pumpkin,literal,clean,
3814-01,111,CET-4,punch,punch,punch,canonical,,punch,literal,clean,
3815-01,111,CET-4,punctual,punctual,punctual,canonical,,punctual punctuality,literal,clean,
3815-02,111,CET-4,punctual,punctuality,punctuality,derived,,punctual punctuality,literal,clean,
3816-01,111,CET-4,punish,punish,punish,canonical,,punish punishment,literal,clean,
3816-02,111,CET-4,punish,punishment,punishment,derived,,punish punishment,literal,clean,
3817-01,111,CET-4,pupil,pupil,pupil,canonical,,pupil,literal,clean,
3818-01,111,CET-4,purchase,purchase,purchase,canonical,,purchase,literal,clean,
3819-01,111,CET-4,pure,pure,pure,canonical,,pure purity purify,literal,clean,
3819-02,111,CET-4,pure,purity,purity,derived,,pure purity purify,literal,clean,
3819-03,111,CET-4,pure,purify,purify,derived,,pure purity purify,literal,clean,
3820-01,111,CET-4,purple,purple,purple,canonical,,purple,literal,clean,
3821-01,111,CET-4,purpose,purpose,purpose,canonical,,purpose purposeful,literal,clean,
3821-02,111,CET-4,purpose,purposeful,purposeful,derived,,purpose purposeful,literal,clean,
3822-01,111,CET-4,purse,purse,purse,canonical,,purse,literal,clean,
3823-01,112,CET-4,pursue,pursue,pursue,canonical,,pursue pursuit,literal,clean,
3823-02,112,CET-4,pursue,pursuit,pursuit,derived,,pursue pursuit,literal,clean,
3824-01,112,CET-4,push,push,push,canonical,,push pushy,literal,clean,
3824-02,112,CET-4,push,pushy,pushy,derived,,push pushy,literal,clean,
3825-01,112,CET-4,put,put,put,canonical,,put,literal,clean,
3826-01,112,CET-4,puzzle,puzzle,puzzle,canonical,,puzzle puzzlement,literal,clean,
3826-02,112,CET-4,puzzle,puzzlement,puzzlement,derived,,puzzle puzzlement,literal,clean,
3827-01,112,CET-6,pyramid,pyramid,pyramid,canonical,,pyramid,literal,clean,
3828-01,112,CET-4,quake,quake,quake,canonical,,quake,literal,clean,
3829-01,112,CET-4,qualify,qualify,qualify,canonical,,qualify qualification,literal,clean,
3829-02,112,CET-4,qualify,qualification,qualification,derived,,qualify qualification,literal,clean,
3830-01,112,CET-4,quality,quality,quality,canonical,,quality qualitative,literal,clean,
3830-02,112,CET-4,quality,qualitative,qualitative,derived,,quality qualitative,literal,clean,
3831-01,112,CET-4,quantify,quantify,quantify,canonical,,quantify quantification,literal,clean,
3831-02,112,CET-4,quantify,quantification,quantification,derived,,quantify quantification,literal,clean,
3832-01,112,CET-4,quantity,quantity,quantity,canonical,,quantity quantitative,literal,clean,
3832-02,112,CET-4,quantity,quantitative,quantitative,derived,,quantity quantitative,literal,clean,
3833-01,112,CET-4,quarrel,quarrel,quarrel,canonical,,quarrel quarrelsome,literal,clean,
3833-02,112,CET-4,quarrel,quarrelsome,quarrelsome,derived,,quarrel quarrelsome,literal,clean,
3834-01,112,CET-6,quart,quart,quart,canonical,,quart,literal,clean,
3835-01,112,CET-4,quarter,quarter,quarter,canonical,,quarter quarterly,literal,clean,
3835-02,112,CET-4,quarter,quarterly,quarterly,derived,,quarter quarterly,literal,clean,
3836-01,112,CET-4,queen,queen,queen,canonical,,queen,literal,clean,
3837-01,112,CET-6,query,query,query,canonical,,query,literal,clean,
3838-01,112,CET-6,quest,quest,quest,canonical,,quest,literal,clean,
3839-01,112,CET-4,question,question,question,canonical,,question questionnaire,literal,clean,
3839-02,112,CET-4,question,questionnaire,questionnaire,derived,,question questionnaire,literal,clean,
3840-01,112,CET-4,queue,queue,queue,canonical,,queue,literal,clean,
3841-01,112,CET-4,quick,quick,quick,canonical,,quick,literal,clean,
3842-01,112,CET-4,quiet,quiet,quiet,canonical,,quiet,literal,clean,
3843-01,112,CET-4,quit,quit,quit,canonical,,quit,literal,clean,
3844-01,112,CET-4,quite,quite,quite,canonical,,quite,literal,clean,
3845-01,112,CET-6,quiver,quiver,quiver,canonical,,quiver,literal,clean,
3846-01,112,CET-4,quiz,quiz,quiz,canonical,,quiz,literal,clean,
3847-01,112,CET-4,quota,quota,quota,canonical,,quota,literal,clean,
3848-01,112,CET-4,quote,quote,quote,canonical,,quote quotation,literal,clean,
3848-02,112,CET-4,quote,quotation,quotation,derived,,quote quotation,literal,clean,
3849-01,112,CET-4,rabbit,rabbit,rabbit,canonical,,rabbit,literal,clean,
3850-01,112,CET-4,race,race,race,canonical,1,race１,literal,spot_check,同形异义编号已移至 sense_number
3851-01,112,CET-4,race,race,race,canonical,2,race２,literal,spot_check,同形异义编号已移至 sense_number
3852-01,112,CET-4,rack,rack,rack,canonical,,rack,literal,clean,
3853-01,112,CET-4,radar,radar,radar,canonical,,radar,literal,clean,
3854-01,112,CET-6,radiate,radiate,radiate,canonical,,radiate radiation radiator radiant,literal,clean,
3854-02,112,CET-6,radiate,radiation,radiation,derived,,radiate radiation radiator radiant,literal,clean,
3854-03,112,CET-6,radiate,radiator,radiator,derived,,radiate radiation radiator radiant,literal,clean,
3854-04,112,CET-6,radiate,radiant,radiant,derived,,radiate radiation radiator radiant,literal,clean,
3855-01,112,CET-4,radical,radical,radical,canonical,,radical,literal,clean,
3856-01,112,CET-4,radio,radio,radio,canonical,,radio,literal,clean,
3857-01,112,CET-6,radioactive,radioactive,radioactive,canonical,,radioactive radioactivity,literal,clean,
3857-02,112,CET-6,radioactive,radioactivity,radioactivity,derived,,radioactive radioactivity,literal,clean,
3858-01,112,CET-4,rag,rag,rag,canonical,,rag ragged raggedly,literal,clean,
3858-02,112,CET-4,rag,ragged,ragged,derived,,rag ragged raggedly,literal,clean,
3858-03,112,CET-4,rag,raggedly,raggedly,derived,,rag ragged raggedly,literal,clean,
3859-01,112,CET-4,rage,rage,rage,canonical,,rage raging,literal,clean,
3859-02,112,CET-4,rage,raging,raging,derived,,rage raging,literal,clean,
3860-01,112,CET-4,raid,raid,raid,canonical,,raid,literal,clean,
3861-01,112,CET-4,rail,rail,rail,canonical,,rail,literal,clean,
3862-01,112,CET-4,railway,railway,railway,canonical,,railway/railroad,literal,clean,
3862-02,112,CET-4,railway,railroad,railroad,canonical_variant,,railway/railroad,slash_alternative:literal,spot_check,斜杠并列形式
3863-01,112,CET-4,rain,rain,rain,canonical,,rain rainy,literal,clean,
3863-02,112,CET-4,rain,rainy,rainy,derived,,rain rainy,literal,clean,
3864-01,112,CET-4,rainbow,rainbow,rainbow,canonical,,rainbow,literal,clean,
3865-01,113,CET-4,raincoat,raincoat,raincoat,canonical,,raincoat,literal,clean,
3866-01,113,CET-4,raise,raise,raise,canonical,,raise,literal,clean,
3867-01,113,CET-4,rally,rally,rally,canonical,,rally,literal,clean,
3868-01,113,CET-6,ranch,ranch,ranch,canonical,,ranch,literal,clean,
3869-01,113,CET-6,random,random,random,canonical,,random,literal,clean,
3870-01,113,CET-4,range,range,range,canonical,,range,literal,clean,
3871-01,113,CET-4,rank,rank,rank,canonical,,rank,literal,clean,
3872-01,113,CET-6,rap,rap,rap,canonical,,rap,literal,clean,
3873-01,113,CET-6,rape,rape,rape,canonical,,rape,literal,clean,
3874-01,113,CET-4,rapid,rapid,rapid,canonical,,rapid rapidity,literal,clean,
3874-02,113,CET-4,rapid,rapidity,rapidity,derived,,rapid rapidity,literal,clean,
3875-01,113,CET-4,rare,rare,rare,canonical,,rare rarely rarity,literal,clean,
3875-02,113,CET-4,rare,rarely,rarely,derived,,rare rarely rarity,literal,clean,
3875-03,113,CET-4,rare,rarity,rarity,derived,,rare rarely rarity,literal,clean,
3876-01,113,CET-6,rash,rash,rash,canonical,,rash,literal,clean,
3877-01,113,CET-4,rat,rat,rat,canonical,,rat,literal,clean,
3878-01,113,CET-4,rate,rate,rate,canonical,,rate rating,literal,clean,
3878-02,113,CET-4,rate,rating,rating,derived,,rate rating,literal,clean,
3879-01,113,CET-4,rather,rather,rather,canonical,,rather,literal,clean,
3880-01,113,CET-6,ratify,ratify,ratify,canonical,,ratify ratification,literal,clean,
3880-02,113,CET-6,ratify,ratification,ratification,derived,,ratify ratification,literal,clean,
3881-01,113,CET-4,ratio,ratio,ratio,canonical,,ratio,literal,clean,
3882-01,113,CET-6,ration,ration,ration,canonical,,ration,literal,clean,
3883-01,113,CET-4,rational,rational,rational,canonical,,rational,literal,clean,
3884-01,113,CET-6,rattle,rattle,rattle,canonical,,rattle,literal,clean,
3885-01,113,CET-4,raw,raw,raw,canonical,,raw,literal,clean,
3886-01,113,CET-4,ray,ray,ray,canonical,,ray,literal,clean,
3887-01,113,CET-4,reach,reach,reach,canonical,,reach,literal,clean,
3888-01,113,CET-4,react,react,react,canonical,,react reaction reactionary,literal,clean,
3888-02,113,CET-4,react,reaction,reaction,derived,,react reaction reactionary,literal,clean,
3888-03,113,CET-4,react,reactionary,reactionary,derived,,react reaction reactionary,literal,clean,
3889-01,113,CET-4,read,read,read,canonical,,read reading reader,literal,clean,
3889-02,113,CET-4,read,reading,reading,derived,,read reading reader,literal,clean,
3889-03,113,CET-4,read,reader,reader,derived,,read reading reader,literal,clean,
3890-01,113,CET-4,ready,ready,ready,canonical,,ready readily,literal,clean,
3890-02,113,CET-4,ready,readily,readily,derived,,ready readily,literal,clean,
3891-01,113,CET-4,real,real,real,canonical,,real really reality,literal,clean,
3891-02,113,CET-4,real,really,really,derived,,real really reality,literal,clean,
3891-03,113,CET-4,real,reality,reality,derived,,real really reality,literal,clean,
3892-01,113,CET-4,realistic,realistic,realistic,canonical,,realistic realism,literal,clean,
3892-02,113,CET-4,realistic,realism,realism,derived,,realistic realism,literal,clean,
3893-01,113,CET-4,realize,realize,realize,canonical,,realize/Ｇise realization/Ｇsation,literal,spot_check,PDF 连字符/共享词尾字形已恢复
3893-02,113,CET-4,realize,realise,realise,canonical_variant,,realize/Ｇise realization/Ｇsation,shared_suffix:-ise,spot_check,共享词尾替换；PDF 连字符/共享词尾字形已恢复
3893-03,113,CET-4,realize,realization,realization,derived,,realize/Ｇise realization/Ｇsation,literal,spot_check,PDF 连字符/共享词尾字形已恢复
3893-04,113,CET-4,realize,realisation,realisation,derived_variant,,realize/Ｇise realization/Ｇsation,shared_suffix:-sation,spot_check,共享词尾替换；PDF 连字符/共享词尾字形已恢复
3894-01,113,CET-4,realm,realm,realm,canonical,,realm,literal,clean,
3895-01,113,CET-4,reap,reap,reap,canonical,,reap,literal,clean,
3896-01,113,CET-4,rear,rear,rear,canonical,,rear,literal,clean,
3897-01,113,CET-4,reason,reason,reason,canonical,,reason reasonable,literal,clean,
3897-02,113,CET-4,reason,reasonable,reasonable,derived,,reason reasonable,literal,clean,
3898-01,113,CET-6,reassure,reassure,reassure,canonical,,reassure reassurance,literal,clean,
3898-02,113,CET-6,reassure,reassurance,reassurance,derived,,reassure reassurance,literal,clean,
3899-01,113,CET-4,rebel,rebel,rebel,canonical,,rebel rebellion rebellious,literal,clean,
3899-02,113,CET-4,rebel,rebellion,rebellion,derived,,rebel rebellion rebellious,literal,clean,
3899-03,113,CET-4,rebel,rebellious,rebellious,derived,,rebel rebellion rebellious,literal,clean,
3900-01,113,CET-4,recall,recall,recall,canonical,,recall,literal,clean,
3901-01,113,CET-6,recede,recede,recede,canonical,,recede,literal,clean,
3902-01,113,CET-4,receive,receive,receive,canonical,,receive receipt recipient receptive receiver,literal,clean,
3902-02,113,CET-4,receive,receipt,receipt,derived,,receive receipt recipient receptive receiver,literal,clean,
3902-03,113,CET-4,receive,recipient,recipient,derived,,receive receipt recipient receptive receiver,literal,clean,
3902-04,113,CET-4,receive,receptive,receptive,derived,,receive receipt recipient receptive receiver,literal,clean,
3902-05,113,CET-4,receive,receiver,receiver,derived,,receive receipt recipient receptive receiver,literal,clean,
3903-01,113,CET-4,recent,recent,recent,canonical,,recent recently,literal,clean,
3903-02,113,CET-4,recent,recently,recently,derived,,recent recently,literal,clean,
3904-01,113,CET-4,reception,reception,reception,canonical,,reception receptionist,literal,clean,
3904-02,113,CET-4,reception,receptionist,receptionist,derived,,reception receptionist,literal,clean,
3905-01,113,CET-4,recession,recession,recession,canonical,,recession,literal,clean,
3906-01,113,CET-6,recipe,recipe,recipe,canonical,,recipe,literal,clean,
3907-01,114,CET-6,reciprocal,reciprocal,reciprocal,canonical,,reciprocal,literal,clean,
3908-01,114,CET-4,recite,recite,recite,canonical,,recite recitation,literal,clean,
3908-02,114,CET-4,recite,recitation,recitation,derived,,recite recitation,literal,clean,
3909-01,114,CET-6,reckless,reckless,reckless,canonical,,reckless,literal,clean,
3910-01,114,CET-4,reckon,reckon,reckon,canonical,,reckon,literal,clean,
3911-01,114,CET-4,recognize,recognize,recognize,canonical,,recognize/Ｇise recognition,literal,spot_check,PDF 连字符/共享词尾字形已恢复
3911-02,114,CET-4,recognize,recognise,recognise,canonical_variant,,recognize/Ｇise recognition,shared_suffix:-ise,spot_check,共享词尾替换；PDF 连字符/共享词尾字形已恢复
3911-03,114,CET-4,recognize,recognition,recognition,derived,,recognize/Ｇise recognition,literal,spot_check,PDF 连字符/共享词尾字形已恢复
3912-01,114,CET-4,recommend,recommend,recommend,canonical,,recommend recommendation,literal,clean,
3912-02,114,CET-4,recommend,recommendation,recommendation,derived,,recommend recommendation,literal,clean,
3913-01,114,CET-6,reconcile,reconcile,reconcile,canonical,,reconcile reconciliation reconciliatory,literal,clean,
3913-02,114,CET-6,reconcile,reconciliation,reconciliation,derived,,reconcile reconciliation reconciliatory,literal,clean,
3913-03,114,CET-6,reconcile,reconciliatory,reconciliatory,derived,,reconcile reconciliation reconciliatory,literal,clean,
3914-01,114,CET-4,record,record,record,canonical,,record recorder recording,literal,clean,
3914-02,114,CET-4,record,recorder,recorder,derived,,record recorder recording,literal,clean,
3914-03,114,CET-4,record,recording,recording,derived,,record recorder recording,literal,clean,
3915-01,114,CET-4,recover,recover,recover,canonical,,recover recovery,literal,clean,
3915-02,114,CET-4,recover,recovery,recovery,derived,,recover recovery,literal,clean,
3916-01,114,CET-4,recreation,recreation,recreation,canonical,,recreation recreational,literal,clean,
3916-02,114,CET-4,recreation,recreational,recreational,derived,,recreation recreational,literal,clean,
3917-01,114,CET-4,recruit,recruit,recruit,canonical,,recruit recruitment,literal,clean,
3917-02,114,CET-4,recruit,recruitment,recruitment,derived,,recruit recruitment,literal,clean,
3918-01,114,CET-6,rectify,rectify,rectify,canonical,,rectify rectification,literal,clean,
3918-02,114,CET-6,rectify,rectification,rectification,derived,,rectify rectification,literal,clean,
3919-01,114,CET-6,recur,recur,recur,canonical,,recur recurrence,literal,clean,
3919-02,114,CET-6,recur,recurrence,recurrence,derived,,recur recurrence,literal,clean,
3920-01,114,CET-4,recycle,recycle,recycle,canonical,,recycle recyclable,literal,clean,
3920-02,114,CET-4,recycle,recyclable,recyclable,derived,,recycle recyclable,literal,clean,
3921-01,114,CET-4,red,red,red,canonical,,red,literal,clean,
3922-01,114,CET-4,reduce,reduce,reduce,canonical,,reduce reduction,literal,clean,
3922-02,114,CET-4,reduce,reduction,reduction,derived,,reduce reduction,literal,clean,
3923-01,114,CET-6,redundant,redundant,redundant,canonical,,redundant redundancy,literal,clean,
3923-02,114,CET-6,redundant,redundancy,redundancy,derived,,redundant redundancy,literal,clean,
3924-01,114,CET-6,reel,reel,reel,canonical,,reel,literal,clean,
3925-01,114,CET-4,refer,refer,refer,canonical,,refer reference,literal,clean,
3925-02,114,CET-4,refer,reference,reference,derived,,refer reference,literal,clean,
3926-01,114,CET-6,referee,referee,referee,canonical,,referee,literal,clean,
3927-01,114,CET-6,referendum,referendum,referendum,canonical,,referendum,literal,clean,
3928-01,114,CET-4,refine,refine,refine,canonical,,refine refinery refinement,literal,clean,
3928-02,114,CET-4,refine,refinery,refinery,derived,,refine refinery refinement,literal,clean,
3928-03,114,CET-4,refine,refinement,refinement,derived,,refine refinery refinement,literal,clean,
3929-01,114,CET-4,reflect,reflect,reflect,canonical,,reflect reflection reflective,literal,clean,
3929-02,114,CET-4,reflect,reflection,reflection,derived,,reflect reflection reflective,literal,clean,
3929-03,114,CET-4,reflect,reflective,reflective,derived,,reflect reflection reflective,literal,clean,
3930-01,114,CET-4,reform,reform,reform,canonical,,reform reformation reformist,literal,clean,
3930-02,114,CET-4,reform,reformation,reformation,derived,,reform reformation reformist,literal,clean,
3930-03,114,CET-4,reform,reformist,reformist,derived,,reform reformation reformist,literal,clean,
3931-01,114,CET-4,refrain,refrain,refrain,canonical,,refrain,literal,clean,
3932-01,114,CET-4,refresh,refresh,refresh,canonical,,refresh,literal,clean,
3933-01,114,CET-4,refreshment,refreshment,refreshment,canonical,,refreshment,literal,clean,
3934-01,114,CET-4,refrigerator,refrigerator,refrigerator,canonical,,refrigerator/fridge refrigeration,literal,clean,
3934-02,114,CET-4,refrigerator,fridge,fridge,canonical_variant,,refrigerator/fridge refrigeration,slash_alternative:literal,spot_check,斜杠并列形式
3934-03,114,CET-4,refrigerator,refrigeration,refrigeration,derived,,refrigerator/fridge refrigeration,literal,clean,
3935-01,114,CET-6,refuge,refuge,refuge,canonical,,refuge refugee,literal,clean,
3935-02,114,CET-6,refuge,refugee,refugee,derived,,refuge refugee,literal,clean,
3936-01,114,CET-6,refund,refund,refund,canonical,,refund,literal,clean,
3937-01,114,CET-4,refuse,refuse,refuse,canonical,,refuse refusal,literal,clean,
3937-02,114,CET-4,refuse,refusal,refusal,derived,,refuse refusal,literal,clean,
3938-01,114,CET-6,refute,refute,refute,canonical,,refute refutation,literal,clean,
3938-02,114,CET-6,refute,refutation,refutation,derived,,refute refutation,literal,clean,
3939-01,114,CET-4,regard,regard,regard,canonical,,regard,literal,clean,
3940-01,114,CET-4,regarding,regarding,regarding,canonical,,regarding,literal,clean,
3941-01,114,CET-4,regardless,regardless,regardless,canonical,,regardless,literal,clean,
3942-01,114,CET-6,regime,regime,regime,canonical,,regime,literal,clean,
3943-01,114,CET-6,regiment,regiment,regiment,canonical,,regiment regimental,literal,clean,
3943-02,114,CET-6,regiment,regimental,regimental,derived,,regiment regimental,literal,clean,
3944-01,114,CET-4,region,region,region,canonical,,region regional,literal,clean,
3944-02,114,CET-4,region,regional,regional,derived,,region regional,literal,clean,
3945-01,114,CET-4,register,register,register,canonical,,register registration registrar,literal,clean,
3945-02,114,CET-4,register,registration,registration,derived,,register registration registrar,literal,clean,
3945-03,114,CET-4,register,registrar,registrar,derived,,register registration registrar,literal,clean,
3946-01,114,CET-4,regret,regret,regret,canonical,,regret regrettable regretful,literal,clean,
3946-02,114,CET-4,regret,regrettable,regrettable,derived,,regret regrettable regretful,literal,clean,
3946-03,114,CET-4,regret,regretful,regretful,derived,,regret regrettable regretful,literal,clean,
3947-01,114,CET-4,regular,regular,regular,canonical,,regular regularity,literal,clean,
3947-02,114,CET-4,regular,regularity,regularity,derived,,regular regularity,literal,clean,
3948-01,114,CET-4,regulate,regulate,regulate,canonical,,regulate regulation regulatory regulator,literal,clean,
3948-02,114,CET-4,regulate,regulation,regulation,derived,,regulate regulation regulatory regulator,literal,clean,
3948-03,114,CET-4,regulate,regulatory,regulatory,derived,,regulate regulation regulatory regulator,literal,clean,
3948-04,114,CET-4,regulate,regulator,regulator,derived,,regulate regulation regulatory regulator,literal,clean,
3949-01,115,CET-6,rehabilitate,rehabilitate,rehabilitate,canonical,,rehabilitate rehabilitation,literal,clean,
3949-02,115,CET-6,rehabilitate,rehabilitation,rehabilitation,derived,,rehabilitate rehabilitation,literal,clean,
3950-01,115,CET-6,rehearse,rehearse,rehearse,canonical,,rehearse rehearsal,literal,clean,
3950-02,115,CET-6,rehearse,rehearsal,rehearsal,derived,,rehearse rehearsal,literal,clean,
3951-01,115,CET-6,reign,reign,reign,canonical,,reign,literal,clean,
3952-01,115,CET-6,rein,rein,rein,canonical,,rein,literal,clean,
3953-01,115,CET-4,reinforce,reinforce,reinforce,canonical,,reinforce reinforcement,literal,clean,
3953-02,115,CET-4,reinforce,reinforcement,reinforcement,derived,,reinforce reinforcement,literal,clean,
3954-01,115,CET-4,reject,reject,reject,canonical,,reject rejection,literal,clean,
3954-02,115,CET-4,reject,rejection,rejection,derived,,reject rejection,literal,clean,
3955-01,115,CET-6,rejoice,rejoice,rejoice,canonical,,rejoice rejoicing,literal,clean,
3955-02,115,CET-6,rejoice,rejoicing,rejoicing,derived,,rejoice rejoicing,literal,clean,
3956-01,115,CET-4,relate,relate,relate,canonical,,relate relation relationship,literal,clean,
3956-02,115,CET-4,relate,relation,relation,derived,,relate relation relationship,literal,clean,
3956-03,115,CET-4,relate,relationship,relationship,derived,,relate relation relationship,literal,clean,
3957-01,115,CET-4,relative,relative,relative,canonical,,relative relativity,literal,clean,
3957-02,115,CET-4,relative,relativity,relativity,derived,,relative relativity,literal,clean,
3958-01,115,CET-4,relax,relax,relax,canonical,,relax relaxation,literal,clean,
3958-02,115,CET-4,relax,relaxation,relaxation,derived,,relax relaxation,literal,clean,
3959-01,115,CET-4,relay,relay,relay,canonical,,relay,literal,clean,
3960-01,115,CET-4,release,release,release,canonical,,release,literal,clean,
3961-01,115,CET-6,relentless,relentless,relentless,canonical,,relentless,literal,clean,
3962-01,115,CET-4,relevant,relevant,relevant,canonical,,relevant relevance,literal,clean,
3962-02,115,CET-4,relevant,relevance,relevance,derived,,relevant relevance,literal,clean,
3963-01,115,CET-6,relic,relic,relic,canonical,,relic,literal,clean,
3964-01,115,CET-4,relieve,relieve,relieve,canonical,,relieve relief,literal,clean,
3964-02,115,CET-4,relieve,relief,relief,derived,,relieve relief,literal,clean,
3965-01,115,CET-4,religion,religion,religion,canonical,,religion religious,literal,clean,
3965-02,115,CET-4,religion,religious,religious,derived,,religion religious,literal,clean,
3966-01,115,CET-6,relish,relish,relish,canonical,,relish,literal,clean,
3967-01,115,CET-4,reluctant,reluctant,reluctant,canonical,,reluctant reluctance,literal,clean,
3967-02,115,CET-4,reluctant,reluctance,reluctance,derived,,reluctant reluctance,literal,clean,
3968-01,115,CET-4,rely,rely,rely,canonical,,rely reliance reliable,literal,clean,
3968-02,115,CET-4,rely,reliance,reliance,derived,,rely reliance reliable,literal,clean,
3968-03,115,CET-4,rely,reliable,reliable,derived,,rely reliance reliable,literal,clean,
3969-01,115,CET-4,remain,remain,remain,canonical,,remain remainder,literal,clean,
3969-02,115,CET-4,remain,remainder,remainder,derived,,remain remainder,literal,clean,
3970-01,115,CET-4,remark,remark,remark,canonical,,remark remarkable,literal,clean,
3970-02,115,CET-4,remark,remarkable,remarkable,derived,,remark remarkable,literal,clean,
3971-01,115,CET-4,remedy,remedy,remedy,canonical,,remedy remedial,literal,clean,
3971-02,115,CET-4,remedy,remedial,remedial,derived,,remedy remedial,literal,clean,
3972-01,115,CET-4,remember,remember,remember,canonical,,remember remembrance,literal,clean,
3972-02,115,CET-4,remember,remembrance,remembrance,derived,,remember remembrance,literal,clean,
3973-01,115,CET-4,remind,remind,remind,canonical,,remind reminder,literal,clean,
3973-02,115,CET-4,remind,reminder,reminder,derived,,remind reminder,literal,clean,
3974-01,115,CET-6,reminiscent,reminiscent,reminiscent,canonical,,reminiscent reminiscence,literal,clean,
3974-02,115,CET-6,reminiscent,reminiscence,reminiscence,derived,,reminiscent reminiscence,literal,clean,
3975-01,115,CET-6,remnant,remnant,remnant,canonical,,remnant,literal,clean,
3976-01,115,CET-4,remote,remote,remote,canonical,,remote,literal,clean,
3977-01,115,CET-4,remove,remove,remove,canonical,,remove removal,literal,clean,
3977-02,115,CET-4,remove,removal,removal,derived,,remove removal,literal,clean,
3978-01,115,CET-6,renaissance,renaissance,renaissance,canonical,,renaissance,literal,clean,
3979-01,115,CET-4,render,render,render,canonical,,render rendering,literal,clean,
3979-02,115,CET-4,render,rendering,rendering,derived,,render rendering,literal,clean,
3980-01,115,CET-4,renew,renew,renew,canonical,,renew renewal renewable,literal,clean,
3980-02,115,CET-4,renew,renewal,renewal,derived,,renew renewal renewable,literal,clean,
3980-03,115,CET-4,renew,renewable,renewable,derived,,renew renewal renewable,literal,clean,
3981-01,115,CET-4,renovate,renovate,renovate,canonical,,renovate renovation,literal,clean,
3981-02,115,CET-4,renovate,renovation,renovation,derived,,renovate renovation,literal,clean,
3982-01,115,CET-6,renown,renown,renown,canonical,,renown renowned,literal,clean,
3982-02,115,CET-6,renown,renowned,renowned,derived,,renown renowned,literal,clean,
3983-01,115,CET-4,rent,rent,rent,canonical,,rent rental,literal,clean,
3983-02,115,CET-4,rent,rental,rental,derived,,rent rental,literal,clean,
3984-01,115,CET-4,repair,repair,repair,canonical,,repair reparable,literal,clean,
3984-02,115,CET-4,repair,reparable,reparable,derived,,repair reparable,literal,clean,
3985-01,115,CET-4,repay,repay,repay,canonical,,repay repayment,literal,clean,
3985-02,115,CET-4,repay,repayment,repayment,derived,,repay repayment,literal,clean,
3986-01,115,CET-4,repeat,repeat,repeat,canonical,,repeat repetition repetitive repeatedly,literal,clean,
3986-02,115,CET-4,repeat,repetition,repetition,derived,,repeat repetition repetitive repeatedly,literal,clean,
3986-03,115,CET-4,repeat,repetitive,repetitive,derived,,repeat repetition repetitive repeatedly,literal,clean,
3986-04,115,CET-4,repeat,repeatedly,repeatedly,derived,,repeat repetition repetitive repeatedly,literal,clean,
3987-01,115,CET-6,repel,repel,repel,canonical,,repel,literal,clean,
3988-01,115,CET-6,repertoire,repertoire,repertoire,canonical,,repertoire,literal,clean,
3989-01,115,CET-4,replace,replace,replace,canonical,,replace replacement,literal,clean,
3989-02,115,CET-4,replace,replacement,replacement,derived,,replace replacement,literal,clean,
3990-01,115,CET-4,reply,reply,reply,canonical,,reply,literal,clean,
3991-01,116,CET-4,report,report,report,canonical,,report reporter,literal,clean,
3991-02,116,CET-4,report,reporter,reporter,derived,,report reporter,literal,clean,
3992-01,116,CET-4,represent,represent,represent,canonical,,represent representation representative,literal,clean,
3992-02,116,CET-4,represent,representation,representation,derived,,represent representation representative,literal,clean,
3992-03,116,CET-4,represent,representative,representative,derived,,represent representation representative,literal,clean,
3993-01,116,CET-6,repress,repress,repress,canonical,,repress repression repressive,literal,clean,
3993-02,116,CET-6,repress,repression,repression,derived,,repress repression repressive,literal,clean,
3993-03,116,CET-6,repress,repressive,repressive,derived,,repress repression repressive,literal,clean,
3994-01,116,CET-6,reproach,reproach,reproach,canonical,,reproach,literal,clean,
3995-01,116,CET-4,reproduce,reproduce,reproduce,canonical,,reproduce reproduction reproductive,literal,clean,
3995-02,116,CET-4,reproduce,reproduction,reproduction,derived,,reproduce reproduction reproductive,literal,clean,
3995-03,116,CET-4,reproduce,reproductive,reproductive,derived,,reproduce reproduction reproductive,literal,clean,
3996-01,116,CET-4,republic,republic,republic,canonical,,republic republican,literal,clean,
3996-02,116,CET-4,republic,republican,republican,derived,,republic republican,literal,clean,
3997-01,116,CET-4,reputation,reputation,reputation,canonical,,reputation,literal,clean,
3998-01,116,CET-6,repute,repute,repute,canonical,,repute reputable,literal,clean,
3998-02,116,CET-6,repute,reputable,reputable,derived,,repute reputable,literal,clean,
3999-01,116,CET-4,request,request,request,canonical,,request,literal,clean,
4000-01,116,CET-4,require,require,require,canonical,,require requirement,literal,clean,
4000-02,116,CET-4,require,requirement,requirement,derived,,require requirement,literal,clean,
4001-01,116,CET-4,rescue,rescue,rescue,canonical,,rescue,literal,clean,
4002-01,116,CET-4,research,research,research,canonical,,research researcher,literal,clean,
4002-02,116,CET-4,research,researcher,researcher,derived,,research researcher,literal,clean,
4003-01,116,CET-4,resemble,resemble,resemble,canonical,,resemble resemblance,literal,clean,
4003-02,116,CET-4,resemble,resemblance,resemblance,derived,,resemble resemblance,literal,clean,
4004-01,116,CET-4,resent,resent,resent,canonical,,resent resentment,literal,clean,
4004-02,116,CET-4,resent,resentment,resentment,derived,,resent resentment,literal,clean,
4005-01,116,CET-4,reserve,reserve,reserve,canonical,,reserve reservation reserved,literal,clean,
4005-02,116,CET-4,reserve,reservation,reservation,derived,,reserve reservation reserved,literal,clean,
4005-03,116,CET-4,reserve,reserved,reserved,derived,,reserve reservation reserved,literal,clean,
4006-01,116,CET-6,reservoir,reservoir,reservoir,canonical,,reservoir,literal,clean,
4007-01,116,CET-6,reshuffle,reshuffle,reshuffle,canonical,,reshuffle,literal,clean,
4008-01,116,CET-4,reside,reside,reside,canonical,,reside residence resident residential,literal,clean,
4008-02,116,CET-4,reside,residence,residence,derived,,reside residence resident residential,literal,clean,
4008-03,116,CET-4,reside,resident,resident,derived,,reside residence resident residential,literal,clean,
4008-04,116,CET-4,reside,residential,residential,derived,,reside residence resident residential,literal,clean,
4009-01,116,CET-4,resign,resign,resign,canonical,,resign resignation,literal,clean,
4009-02,116,CET-4,resign,resignation,resignation,derived,,resign resignation,literal,clean,
4010-01,116,CET-4,resist,resist,resist,canonical,,resist resistance resistant,literal,clean,
4010-02,116,CET-4,resist,resistance,resistance,derived,,resist resistance resistant,literal,clean,
4010-03,116,CET-4,resist,resistant,resistant,derived,,resist resistance resistant,literal,clean,
4011-01,116,CET-4,resolve,resolve,resolve,canonical,,resolve resolution resolute,literal,clean,
4011-02,116,CET-4,resolve,resolution,resolution,derived,,resolve resolution resolute,literal,clean,
4011-03,116,CET-4,resolve,resolute,resolute,derived,,resolve resolution resolute,literal,clean,
4012-01,116,CET-4,resort,resort,resort,canonical,1,resort１,literal,spot_check,同形异义编号已移至 sense_number
4013-01,116,CET-4,resort,resort,resort,canonical,2,resort２,literal,spot_check,同形异义编号已移至 sense_number
4014-01,116,CET-4,resource,resource,resource,canonical,,resource resourceful,literal,clean,
4014-02,116,CET-4,resource,resourceful,resourceful,derived,,resource resourceful,literal,clean,
4015-01,116,CET-4,respect,respect,respect,canonical,,respect respectable respectful,literal,clean,
4015-02,116,CET-4,respect,respectable,respectable,derived,,respect respectable respectful,literal,clean,
4015-03,116,CET-4,respect,respectful,respectful,derived,,respect respectable respectful,literal,clean,
4016-01,116,CET-4,respective,respective,respective,canonical,,respective respectively,literal,clean,
4016-02,116,CET-4,respective,respectively,respectively,derived,,respective respectively,literal,clean,
4017-01,116,CET-4,respond,respond,respond,canonical,,respond response responsive respondent,literal,clean,
4017-02,116,CET-4,respond,response,response,derived,,respond response responsive respondent,literal,clean,
4017-03,116,CET-4,respond,responsive,responsive,derived,,respond response responsive respondent,literal,clean,
4017-04,116,CET-4,respond,respondent,respondent,derived,,respond response responsive respondent,literal,clean,
4018-01,116,CET-4,responsible,responsible,responsible,canonical,,responsible responsibility,literal,clean,
4018-02,116,CET-4,responsible,responsibility,responsibility,derived,,responsible responsibility,literal,clean,
4019-01,116,CET-4,rest,rest,rest,canonical,1,rest１,literal,spot_check,同形异义编号已移至 sense_number
4020-01,116,CET-4,rest,rest,rest,canonical,2,rest２,literal,spot_check,同形异义编号已移至 sense_number
4021-01,116,CET-4,restaurant,restaurant,restaurant,canonical,,restaurant,literal,clean,
4022-01,116,CET-6,restless,restless,restless,canonical,,restless,literal,clean,
4023-01,116,CET-4,restore,restore,restore,canonical,,restore restoration,literal,clean,
4023-02,116,CET-4,restore,restoration,restoration,derived,,restore restoration,literal,clean,
4024-01,116,CET-4,restrain,restrain,restrain,canonical,,restrain restraint,literal,clean,
4024-02,116,CET-4,restrain,restraint,restraint,derived,,restrain restraint,literal,clean,
4025-01,116,CET-4,restrict,restrict,restrict,canonical,,restrict restriction restrictive,literal,clean,
4025-02,116,CET-4,restrict,restriction,restriction,derived,,restrict restriction restrictive,literal,clean,
4025-03,116,CET-4,restrict,restrictive,restrictive,derived,,restrict restriction restrictive,literal,clean,
4026-01,116,CET-4,result,result,result,canonical,,result resultant,literal,clean,
4026-02,116,CET-4,result,resultant,resultant,derived,,result resultant,literal,clean,
4027-01,116,CET-4,resume,resume,resume,canonical,,resume resumption,literal,clean,
4027-02,116,CET-4,resume,resumption,resumption,derived,,resume resumption,literal,clean,
4028-01,116,CET-4,résumé,résumé,résumé,canonical,,résumé,literal,clean,
4029-01,116,CET-4,retail,retail,retail,canonical,,retail retailer,literal,clean,
4029-02,116,CET-4,retail,retailer,retailer,derived,,retail retailer,literal,clean,
4030-01,116,CET-4,retain,retain,retain,canonical,,retain retention,literal,clean,
4030-02,116,CET-4,retain,retention,retention,derived,,retain retention,literal,clean,
4031-01,116,CET-6,retaliate,retaliate,retaliate,canonical,,retaliate retaliation,literal,clean,
4031-02,116,CET-6,retaliate,retaliation,retaliation,derived,,retaliate retaliation,literal,clean,
4032-01,116,CET-6,retarded,retarded,retarded,canonical,,retarded,literal,clean,
4033-01,117,CET-4,retell,retell,retell,canonical,,retell retelling,literal,clean,
4033-02,117,CET-4,retell,retelling,retelling,derived,,retell retelling,literal,clean,
4034-01,117,CET-4,retire,retire,retire,canonical,,retire retirement retired,literal,clean,
4034-02,117,CET-4,retire,retirement,retirement,derived,,retire retirement retired,literal,clean,
4034-03,117,CET-4,retire,retired,retired,derived,,retire retirement retired,literal,clean,
4035-01,117,CET-6,retort,retort,retort,canonical,,retort,literal,clean,
4036-01,117,CET-4,retreat,retreat,retreat,canonical,,retreat,literal,clean,
4037-01,117,CET-6,retrieve,retrieve,retrieve,canonical,,retrieve retrieval,literal,clean,
4037-02,117,CET-6,retrieve,retrieval,retrieval,derived,,retrieve retrieval,literal,clean,
4038-01,117,CET-6,retrospect,retrospect,retrospect,canonical,,retrospect retrospective,literal,clean,
4038-02,117,CET-6,retrospect,retrospective,retrospective,derived,,retrospect retrospective,literal,clean,
4039-01,117,CET-4,return,return,return,canonical,,return,literal,clean,
4040-01,117,CET-4,reunite,reunite,reunite,canonical,,reunite reunification reunion,literal,clean,
4040-02,117,CET-4,reunite,reunification,reunification,derived,,reunite reunification reunion,literal,clean,
4040-03,117,CET-4,reunite,reunion,reunion,derived,,reunite reunification reunion,literal,clean,
4041-01,117,CET-4,reveal,reveal,reveal,canonical,,reveal revelation,literal,clean,
4041-02,117,CET-4,reveal,revelation,revelation,derived,,reveal revelation,literal,clean,
4042-01,117,CET-6,revenge,revenge,revenge,canonical,,revenge revengeful,literal,clean,
4042-02,117,CET-6,revenge,revengeful,revengeful,derived,,revenge revengeful,literal,clean,
4043-01,117,CET-4,revenue,revenue,revenue,canonical,,revenue,literal,clean,
4044-01,117,CET-4,reverse,reverse,reverse,canonical,,reverse reversal reversible,literal,clean,
4044-02,117,CET-4,reverse,reversal,reversal,derived,,reverse reversal reversible,literal,clean,
4044-03,117,CET-4,reverse,reversible,reversible,derived,,reverse reversal reversible,literal,clean,
4045-01,117,CET-4,review,review,review,canonical,,review reviewer,literal,clean,
4045-02,117,CET-4,review,reviewer,reviewer,derived,,review reviewer,literal,clean,
4046-01,117,CET-4,revise,revise,revise,canonical,,revise revision,literal,clean,
4046-02,117,CET-4,revise,revision,revision,derived,,revise revision,literal,clean,
4047-01,117,CET-6,revive,revive,revive,canonical,,revive revival,literal,clean,
4047-02,117,CET-6,revive,revival,revival,derived,,revive revival,literal,clean,
4048-01,117,CET-6,revolt,revolt,revolt,canonical,,revolt,literal,clean,
4049-01,117,CET-4,revolution,revolution,revolution,canonical,,revolution revolutionary,literal,clean,
4049-02,117,CET-4,revolution,revolutionary,revolutionary,derived,,revolution revolutionary,literal,clean,
4050-01,117,CET-4,revolve,revolve,revolve,canonical,,revolve,literal,clean,
4051-01,117,CET-4,reward,reward,reward,canonical,,reward rewarding,literal,clean,
4051-02,117,CET-4,reward,rewarding,rewarding,derived,,reward rewarding,literal,clean,
4052-01,117,CET-6,rhetoric,rhetoric,rhetoric,canonical,,rhetoric rhetorical,literal,clean,
4052-02,117,CET-6,rhetoric,rhetorical,rhetorical,derived,,rhetoric rhetorical,literal,clean,
4053-01,117,CET-4,rhythm,rhythm,rhythm,canonical,,rhythm rhythmic,literal,clean,
4053-02,117,CET-4,rhythm,rhythmic,rhythmic,derived,,rhythm rhythmic,literal,clean,
4054-01,117,CET-4,rib,rib,rib,canonical,,rib,literal,clean,
4055-01,117,CET-4,ribbon,ribbon,ribbon,canonical,,ribbon,literal,clean,
4056-01,117,CET-4,rice,rice,rice,canonical,,rice,literal,clean,
4057-01,117,CET-4,rich,rich,rich,canonical,,rich,literal,clean,
4058-01,117,CET-4,rid,rid,rid,canonical,,rid,literal,clean,
4059-01,117,CET-4,riddle,riddle,riddle,canonical,,riddle,literal,clean,
4060-01,117,CET-4,ride,ride,ride,canonical,,ride rider,literal,clean,
4060-02,117,CET-4,ride,rider,rider,derived,,ride rider,literal,clean,
4061-01,117,CET-6,ridge,ridge,ridge,canonical,,ridge,literal,clean,
4062-01,117,CET-4,ridicule,ridicule,ridicule,canonical,,ridicule ridiculous,literal,clean,
4062-02,117,CET-4,ridicule,ridiculous,ridiculous,derived,,ridicule ridiculous,literal,clean,
4063-01,117,CET-4,rifle,rifle,rifle,canonical,,rifle,literal,clean,
4064-01,117,CET-6,rig,rig,rig,canonical,,rig,literal,clean,
4065-01,117,CET-4,right,right,right,canonical,,right,literal,clean,
4066-01,117,CET-6,rigid,rigid,rigid,canonical,,rigid rigidity,literal,clean,
4066-02,117,CET-6,rigid,rigidity,rigidity,derived,,rigid rigidity,literal,clean,
4067-01,117,CET-6,rigor,rigor,rigor,canonical,,rigo(u)r rigorous,optional_omitted,spot_check,括号可选拼写
4067-02,117,CET-6,rigor,rigour,rigour,canonical_variant,,rigo(u)r rigorous,optional_included,spot_check,括号可选拼写
4067-03,117,CET-6,rigor,rigorous,rigorous,derived,,rigo(u)r rigorous,literal,clean,
4068-01,117,CET-6,rim,rim,rim,canonical,,rim,literal,clean,
4069-01,117,CET-4,ring,ring,ring,canonical,,ring,literal,clean,
4070-01,117,CET-4,riot,riot,riot,canonical,,riot riotous,literal,clean,
4070-02,117,CET-4,riot,riotous,riotous,derived,,riot riotous,literal,clean,
4071-01,117,CET-4,rip,rip,rip,canonical,,rip,literal,clean,
4072-01,117,CET-4,ripe,ripe,ripe,canonical,,ripe ripen,literal,clean,
4072-02,117,CET-4,ripe,ripen,ripen,derived,,ripe ripen,literal,clean,
4073-01,117,CET-4,rise,rise,rise,canonical,,rise,literal,clean,
4074-01,117,CET-4,risk,risk,risk,canonical,,risk risky,literal,clean,
4074-02,117,CET-4,risk,risky,risky,derived,,risk risky,literal,clean,
4075-01,118,CET-6,ritual,ritual,ritual,canonical,,ritual,literal,clean,
4076-01,118,CET-4,rival,rival,rival,canonical,,rival rivalry,literal,clean,
4076-02,118,CET-4,rival,rivalry,rivalry,derived,,rival rivalry,literal,clean,
4077-01,118,CET-4,river,river,river,canonical,,river,literal,clean,
4078-01,118,CET-4,road,road,road,canonical,,road,literal,clean,
4079-01,118,CET-4,roar,roar,roar,canonical,,roar,literal,clean,
4080-01,118,CET-4,roast,roast,roast,canonical,,roast,literal,clean,
4081-01,118,CET-4,rob,rob,rob,canonical,,rob robbery,literal,clean,
4081-02,118,CET-4,rob,robbery,robbery,derived,,rob robbery,literal,clean,
4082-01,118,CET-4,robot,robot,robot,canonical,,robot robotic,literal,clean,
4082-02,118,CET-4,robot,robotic,robotic,derived,,robot robotic,literal,clean,
4083-01,118,CET-6,robust,robust,robust,canonical,,robust,literal,clean,
4084-01,118,CET-4,rock,rock,rock,canonical,,rock rocky,literal,clean,
4084-02,118,CET-4,rock,rocky,rocky,derived,,rock rocky,literal,clean,
4085-01,118,CET-4,rocket,rocket,rocket,canonical,,rocket,literal,clean,
4086-01,118,CET-4,rod,rod,rod,canonical,,rod,literal,clean,
4087-01,118,CET-4,role,role,role,canonical,,role,literal,clean,
4088-01,118,CET-4,roll,roll,roll,canonical,,roll roller,literal,clean,
4088-02,118,CET-4,roll,roller,roller,derived,,roll roller,literal,clean,
4089-01,118,CET-4,romance,romance,romance,canonical,,romance romantic,literal,clean,
4089-02,118,CET-4,romance,romantic,romantic,derived,,romance romantic,literal,clean,
4090-01,118,CET-4,roof,roof,roof,canonical,,roof,literal,clean,
4091-01,118,CET-4,room,room,room,canonical,,room,literal,clean,
4092-01,118,CET-4,root,root,root,canonical,,root,literal,clean,
4093-01,118,CET-4,rope,rope,rope,canonical,,rope,literal,clean,
4094-01,118,CET-4,rose,rose,rose,canonical,,rose rosy,literal,clean,
4094-02,118,CET-4,rose,rosy,rosy,derived,,rose rosy,literal,clean,
4095-01,118,CET-6,rot,rot,rot,canonical,,rot rotten,literal,clean,
4095-02,118,CET-6,rot,rotten,rotten,derived,,rot rotten,literal,clean,
4096-01,118,CET-6,rotate,rotate,rotate,canonical,,rotate rotation,literal,clean,
4096-02,118,CET-6,rotate,rotation,rotation,derived,,rotate rotation,literal,clean,
4097-01,118,CET-4,rough,rough,rough,canonical,,rough roughly,literal,clean,
4097-02,118,CET-4,rough,roughly,roughly,derived,,rough roughly,literal,clean,
4098-01,118,CET-4,round,round,round,canonical,,round,literal,clean,
4099-01,118,CET-4,rouse,rouse,rouse,canonical,,rouse,literal,clean,
4100-01,118,CET-4,route,route,route,canonical,,route,literal,clean,
4101-01,118,CET-4,routine,routine,routine,canonical,,routine,literal,clean,
4102-01,118,CET-4,row,row,row,canonical,1,row１,literal,spot_check,同形异义编号已移至 sense_number
4103-01,118,CET-4,row,row,row,canonical,2,row２,literal,spot_check,同形异义编号已移至 sense_number
4104-01,118,CET-4,royal,royal,royal,canonical,,royal royalty,literal,clean,
4104-02,118,CET-4,royal,royalty,royalty,derived,,royal royalty,literal,clean,
4105-01,118,CET-4,rub,rub,rub,canonical,,rub,literal,clean,
4106-01,118,CET-4,rubber,rubber,rubber,canonical,,rubber,literal,clean,
4107-01,118,CET-4,rubbish,rubbish,rubbish,canonical,,rubbish,literal,clean,
4108-01,118,CET-4,rude,rude,rude,canonical,,rude,literal,clean,
4109-01,118,CET-4,rug,rug,rug,canonical,,rug,literal,clean,
4110-01,118,CET-4,ruin,ruin,ruin,canonical,,ruin ruinous,literal,clean,
4110-02,118,CET-4,ruin,ruinous,ruinous,derived,,ruin ruinous,literal,clean,
4111-01,118,CET-4,rule,rule,rule,canonical,,rule ruler ruling,literal,clean,
4111-02,118,CET-4,rule,ruler,ruler,derived,,rule ruler ruling,literal,clean,
4111-03,118,CET-4,rule,ruling,ruling,derived,,rule ruler ruling,literal,clean,
4112-01,118,CET-4,rumor,rumor,rumor,canonical,,rumo(u)r,optional_omitted,spot_check,括号可选拼写
4112-02,118,CET-4,rumor,rumour,rumour,canonical_variant,,rumo(u)r,optional_included,spot_check,括号可选拼写
4113-01,118,CET-4,run,run,run,canonical,,run runner running,literal,clean,
4113-02,118,CET-4,run,runner,runner,derived,,run runner running,literal,clean,
4113-03,118,CET-4,run,running,running,derived,,run runner running,literal,clean,
4114-01,118,CET-4,runway,runway,runway,canonical,,runway,literal,clean,
4115-01,118,CET-4,rural,rural,rural,canonical,,rural,literal,clean,
4116-01,118,CET-4,rush,rush,rush,canonical,,rush,literal,clean,
4117-01,119,CET-6,rust,rust,rust,canonical,,rust rusty,literal,clean,
4117-02,119,CET-6,rust,rusty,rusty,derived,,rust rusty,literal,clean,
4118-01,119,CET-6,ruthless,ruthless,ruthless,canonical,,ruthless,literal,clean,
4119-01,119,CET-4,sack,sack,sack,canonical,,sack,literal,clean,
4120-01,119,CET-6,sacred,sacred,sacred,canonical,,sacred,literal,clean,
4121-01,119,CET-4,sacrifice,sacrifice,sacrifice,canonical,,sacrifice sacrificial,literal,clean,
4121-02,119,CET-4,sacrifice,sacrificial,sacrificial,derived,,sacrifice sacrificial,literal,clean,
4122-01,119,CET-4,sad,sad,sad,canonical,,sad sadness sadden,literal,clean,
4122-02,119,CET-4,sad,sadness,sadness,derived,,sad sadness sadden,literal,clean,
4122-03,119,CET-4,sad,sadden,sadden,derived,,sad sadness sadden,literal,clean,
4123-01,119,CET-6,saddle,saddle,saddle,canonical,,saddle,literal,clean,
4124-01,119,CET-4,safe,safe,safe,canonical,,safe safety,literal,clean,
4124-02,119,CET-4,safe,safety,safety,derived,,safe safety,literal,clean,
4125-01,119,CET-6,safeguard,safeguard,safeguard,canonical,,safeguard,literal,clean,
4126-01,119,CET-4,sail,sail,sail,canonical,,sail sailing sailor,literal,clean,
4126-02,119,CET-4,sail,sailing,sailing,derived,,sail sailing sailor,literal,clean,
4126-03,119,CET-4,sail,sailor,sailor,derived,,sail sailing sailor,literal,clean,
4127-01,119,CET-4,saint,saint,saint,canonical,,saint,literal,clean,
4128-01,119,CET-4,sake,sake,sake,canonical,,sake,literal,clean,
4129-01,119,CET-4,salad,salad,salad,canonical,,salad,literal,clean,
4130-01,119,CET-4,salary,salary,salary,canonical,,salary,literal,clean,
4131-01,119,CET-4,sale,sale,sale,canonical,,sale,literal,clean,
4132-01,119,CET-4,salesman,salesman,salesman,canonical,,salesman,literal,clean,
4133-01,119,CET-6,salmon,salmon,salmon,canonical,,salmon,literal,clean,
4134-01,119,CET-6,salon,salon,salon,canonical,,salon,literal,clean,
4135-01,119,CET-4,salt,salt,salt,canonical,,salt salty,literal,clean,
4135-02,119,CET-4,salt,salty,salty,derived,,salt salty,literal,clean,
4136-01,119,CET-6,salute,salute,salute,canonical,,salute salutation,literal,clean,
4136-02,119,CET-6,salute,salutation,salutation,derived,,salute salutation,literal,clean,
4137-01,119,CET-6,salvage,salvage,salvage,canonical,,salvage,literal,clean,
4138-01,119,CET-6,salvation,salvation,salvation,canonical,,salvation,literal,clean,
4139-01,119,CET-4,same,same,same,canonical,,same,literal,clean,
4140-01,119,CET-4,sample,sample,sample,canonical,,sample,literal,clean,
4141-01,119,CET-6,sanction,sanction,sanction,canonical,,sanction,literal,clean,
4142-01,119,CET-6,sanctuary,sanctuary,sanctuary,canonical,,sanctuary,literal,clean,
4143-01,119,CET-4,sand,sand,sand,canonical,,sand,literal,clean,
4144-01,119,CET-4,sandwich,sandwich,sandwich,canonical,,sandwich,literal,clean,
4145-01,119,CET-6,sanitation,sanitation,sanitation,canonical,,sanitation sanitary,literal,clean,
4145-02,119,CET-6,sanitation,sanitary,sanitary,derived,,sanitation sanitary,literal,clean,
4146-01,119,CET-6,sarcasm,sarcasm,sarcasm,canonical,,sarcasm sarcastic,literal,clean,
4146-02,119,CET-6,sarcasm,sarcastic,sarcastic,derived,,sarcasm sarcastic,literal,clean,
4147-01,119,CET-4,satellite,satellite,satellite,canonical,,satellite,literal,clean,
4148-01,119,CET-6,satire,satire,satire,canonical,,satire satirical satirist,literal,clean,
4148-02,119,CET-6,satire,satirical,satirical,derived,,satire satirical satirist,literal,clean,
4148-03,119,CET-6,satire,satirist,satirist,derived,,satire satirical satirist,literal,clean,
4149-01,119,CET-4,satisfy,satisfy,satisfy,canonical,,satisfy satisfaction satisfactory,literal,clean,
4149-02,119,CET-4,satisfy,satisfaction,satisfaction,derived,,satisfy satisfaction satisfactory,literal,clean,
4149-03,119,CET-4,satisfy,satisfactory,satisfactory,derived,,satisfy satisfaction satisfactory,literal,clean,
4150-01,119,CET-6,saturate,saturate,saturate,canonical,,saturate saturation,literal,clean,
4150-02,119,CET-6,saturate,saturation,saturation,derived,,saturate saturation,literal,clean,
4151-01,119,CET-4,saturday,saturday,Saturday,canonical,,Saturday,literal,clean,
4152-01,119,CET-4,sauce,sauce,sauce,canonical,,sauce,literal,clean,
4153-01,119,CET-4,sausage,sausage,sausage,canonical,,sausage,literal,clean,
4154-01,119,CET-6,savage,savage,savage,canonical,,savage,literal,clean,
4155-01,119,CET-4,save,save,save,canonical,,save saving,literal,clean,
4155-02,119,CET-4,save,saving,saving,derived,,save saving,literal,clean,
4156-01,119,CET-4,say,say,say,canonical,,say saying,literal,clean,
4156-02,119,CET-4,say,saying,saying,derived,,say saying,literal,clean,
4157-01,119,CET-4,scale,scale,scale,canonical,,scale,literal,clean,
4158-01,119,CET-4,scan,scan,scan,canonical,,scan scanner,literal,clean,
4158-02,119,CET-4,scan,scanner,scanner,derived,,scan scanner,literal,clean,
4159-01,120,CET-4,scandal,scandal,scandal,canonical,,scandal scandalous,literal,clean,
4159-02,120,CET-4,scandal,scandalous,scandalous,derived,,scandal scandalous,literal,clean,
4160-01,120,CET-4,scar,scar,scar,canonical,,scar,literal,clean,
4161-01,120,CET-4,scarce,scarce,scarce,canonical,,scarce scarcity scarcely,literal,clean,
4161-02,120,CET-4,scarce,scarcity,scarcity,derived,,scarce scarcity scarcely,literal,clean,
4161-03,120,CET-4,scarce,scarcely,scarcely,derived,,scarce scarcity scarcely,literal,clean,
4162-01,120,CET-4,scare,scare,scare,canonical,,scare scary,literal,clean,
4162-02,120,CET-4,scare,scary,scary,derived,,scare scary,literal,clean,
4163-01,120,CET-4,scatter,scatter,scatter,canonical,,scatter,literal,clean,
4164-01,120,CET-6,scenario,scenario,scenario,canonical,,scenario,literal,clean,
4165-01,120,CET-4,scene,scene,scene,canonical,,scene scenery scenic,literal,clean,
4165-02,120,CET-4,scene,scenery,scenery,derived,,scene scenery scenic,literal,clean,
4165-03,120,CET-4,scene,scenic,scenic,derived,,scene scenery scenic,literal,clean,
4166-01,120,CET-4,scent,scent,scent,canonical,,scent,literal,clean,
4167-01,120,CET-4,schedule,schedule,schedule,canonical,,schedule,literal,clean,
4168-01,120,CET-4,scheme,scheme,scheme,canonical,,scheme,literal,clean,
4169-01,120,CET-4,scholar,scholar,scholar,canonical,,scholar scholarly scholarship scholastic,literal,clean,
4169-02,120,CET-4,scholar,scholarly,scholarly,derived,,scholar scholarly scholarship scholastic,literal,clean,
4169-03,120,CET-4,scholar,scholarship,scholarship,derived,,scholar scholarly scholarship scholastic,literal,clean,
4169-04,120,CET-4,scholar,scholastic,scholastic,derived,,scholar scholarly scholarship scholastic,literal,clean,
4170-01,120,CET-4,school,school,school,canonical,,school schooling,literal,clean,
4170-02,120,CET-4,school,schooling,schooling,derived,,school schooling,literal,clean,
4171-01,120,CET-4,science,science,science,canonical,,science scientific scientist,literal,clean,
4171-02,120,CET-4,science,scientific,scientific,derived,,science scientific scientist,literal,clean,
4171-03,120,CET-4,science,scientist,scientist,derived,,science scientific scientist,literal,clean,
4172-01,120,CET-4,scissors,scissors,scissors,canonical,,scissors,literal,clean,
4173-01,120,CET-4,scold,scold,scold,canonical,,scold,literal,clean,
4174-01,120,CET-4,scope,scope,scope,canonical,,scope,literal,clean,
4175-01,120,CET-4,score,score,score,canonical,,score,literal,clean,
4176-01,120,CET-6,scorn,scorn,scorn,canonical,,scorn scornful,literal,clean,
4176-02,120,CET-6,scorn,scornful,scornful,derived,,scorn scornful,literal,clean,
4177-01,120,CET-4,scout,scout,scout,canonical,,scout,literal,clean,
4178-01,120,CET-6,scramble,scramble,scramble,canonical,,scramble,literal,clean,
4179-01,120,CET-6,scrap,scrap,scrap,canonical,,scrap,literal,clean,
4180-01,120,CET-6,scrape,scrape,scrape,canonical,,scrape,literal,clean,
4181-01,120,CET-4,scratch,scratch,scratch,canonical,,scratch,literal,clean,
4182-01,120,CET-4,scream,scream,scream,canonical,,scream,literal,clean,
4183-01,120,CET-4,screen,screen,screen,canonical,,screen,literal,clean,
4184-01,120,CET-4,screw,screw,screw,canonical,,screw,literal,clean,
4185-01,120,CET-4,script,script,script,canonical,,script scripture,literal,clean,
4185-02,120,CET-4,script,scripture,scripture,derived,,script scripture,literal,clean,
4186-01,120,CET-6,scrub,scrub,scrub,canonical,,scrub,literal,clean,
4187-01,120,CET-6,scrutiny,scrutiny,scrutiny,canonical,,scrutiny scrutinize/Ｇise,literal,spot_check,PDF 连字符/共享词尾字形已恢复
4187-02,120,CET-6,scrutiny,scrutinize,scrutinize,derived,,scrutiny scrutinize/Ｇise,literal,spot_check,PDF 连字符/共享词尾字形已恢复
4187-03,120,CET-6,scrutiny,scrutinise,scrutinise,derived_variant,,scrutiny scrutinize/Ｇise,shared_suffix:-ise,spot_check,共享词尾替换；PDF 连字符/共享词尾字形已恢复
4188-01,120,CET-6,sculpture,sculpture,sculpture,canonical,,sculpture,literal,clean,
4189-01,120,CET-4,sea,sea,sea,canonical,,sea,literal,clean,
4190-01,120,CET-4,seal,seal,seal,canonical,,seal,literal,clean,
4191-01,120,CET-4,search,search,search,canonical,,search,literal,clean,
4192-01,120,CET-4,season,season,season,canonical,,season seasonal,literal,clean,
4192-02,120,CET-4,season,seasonal,seasonal,derived,,season seasonal,literal,clean,
4193-01,120,CET-4,seat,seat,seat,canonical,,seat,literal,clean,
4194-01,120,CET-4,second,second,second,canonical,1,second１,literal,spot_check,同形异义编号已移至 sense_number
4195-01,120,CET-4,second,second,second,canonical,2,second２,literal,spot_check,同形异义编号已移至 sense_number
4196-01,120,CET-4,secondary,secondary,secondary,canonical,,secondary,literal,clean,
4197-01,120,CET-4,second-hand,second-hand,second-hand,canonical,,secondＧhand,literal,spot_check,PDF 连字符/共享词尾字形已恢复
4198-01,120,CET-4,secret,secret,secret,canonical,,secret secrecy secretive,literal,clean,
4198-02,120,CET-4,secret,secrecy,secrecy,derived,,secret secrecy secretive,literal,clean,
4198-03,120,CET-4,secret,secretive,secretive,derived,,secret secrecy secretive,literal,clean,
4199-01,120,CET-4,secretary,secretary,secretary,canonical,,secretary secretarial,literal,clean,
4199-02,120,CET-4,secretary,secretarial,secretarial,derived,,secretary secretarial,literal,clean,
4200-01,120,CET-4,section,section,section,canonical,,section,literal,clean,
4201-01,121,CET-4,sector,sector,sector,canonical,,sector,literal,clean,
4202-01,121,CET-6,secular,secular,secular,canonical,,secular,literal,clean,
4203-01,121,CET-4,secure,secure,secure,canonical,,secure security,literal,clean,
4203-02,121,CET-4,secure,security,security,derived,,secure security,literal,clean,
4204-01,121,CET-6,seduce,seduce,seduce,canonical,,seduce seduction seductive,literal,clean,
4204-02,121,CET-6,seduce,seduction,seduction,derived,,seduce seduction seductive,literal,clean,
4204-03,121,CET-6,seduce,seductive,seductive,derived,,seduce seduction seductive,literal,clean,
4205-01,121,CET-4,see,see,see,canonical,,see,literal,clean,
4206-01,121,CET-4,seed,seed,seed,canonical,,seed seedling,literal,clean,
4206-02,121,CET-4,seed,seedling,seedling,derived,,seed seedling,literal,clean,
4207-01,121,CET-4,seek,seek,seek,canonical,,seek,literal,clean,
4208-01,121,CET-4,seem,seem,seem,canonical,,seem seeming seemingly,literal,clean,
4208-02,121,CET-4,seem,seeming,seeming,derived,,seem seeming seemingly,literal,clean,
4208-03,121,CET-4,seem,seemingly,seemingly,derived,,seem seeming seemingly,literal,clean,
4209-01,121,CET-4,segment,segment,segment,canonical,,segment segmental,literal,clean,
4209-02,121,CET-4,segment,segmental,segmental,derived,,segment segmental,literal,clean,
4210-01,121,CET-6,segregate,segregate,segregate,canonical,,segregate segregation,literal,clean,
4210-02,121,CET-6,segregate,segregation,segregation,derived,,segregate segregation,literal,clean,
4211-01,121,CET-4,seize,seize,seize,canonical,,seize seizure,literal,clean,
4211-02,121,CET-4,seize,seizure,seizure,derived,,seize seizure,literal,clean,
4212-01,121,CET-4,seldom,seldom,seldom,canonical,,seldom,literal,clean,
4213-01,121,CET-4,select,select,select,canonical,,select selection selective,literal,clean,
4213-02,121,CET-4,select,selection,selection,derived,,select selection selective,literal,clean,
4213-03,121,CET-4,select,selective,selective,derived,,select selection selective,literal,clean,
4214-01,121,CET-4,self,self,self,canonical,,self selfish selfless,literal,clean,
4214-02,121,CET-4,self,selfish,selfish,derived,,self selfish selfless,literal,clean,
4214-03,121,CET-4,self,selfless,selfless,derived,,self selfish selfless,literal,clean,
4215-01,121,CET-4,sell,sell,sell,canonical,,sell,literal,clean,
4216-01,121,CET-4,semester,semester,semester,canonical,,semester,literal,clean,
4217-01,121,CET-4,seminar,seminar,seminar,canonical,,seminar,literal,clean,
4218-01,121,CET-4,senate,senate,senate,canonical,,senate senator,literal,clean,
4218-02,121,CET-4,senate,senator,senator,derived,,senate senator,literal,clean,
4219-01,121,CET-4,send,send,send,canonical,,send,literal,clean,
4220-01,121,CET-4,senior,senior,senior,canonical,,senior seniority,literal,clean,
4220-02,121,CET-4,senior,seniority,seniority,derived,,senior seniority,literal,clean,
4221-01,121,CET-6,sensation,sensation,sensation,canonical,,sensation sensational,literal,clean,
4221-02,121,CET-6,sensation,sensational,sensational,derived,,sensation sensational,literal,clean,
4222-01,121,CET-4,sense,sense,sense,canonical,,sense sensible sensor,literal,clean,
4222-02,121,CET-4,sense,sensible,sensible,derived,,sense sensible sensor,literal,clean,
4222-03,121,CET-4,sense,sensor,sensor,derived,,sense sensible sensor,literal,clean,
4223-01,121,CET-4,sensitive,sensitive,sensitive,canonical,,sensitive sensitivity,literal,clean,
4223-02,121,CET-4,sensitive,sensitivity,sensitivity,derived,,sensitive sensitivity,literal,clean,
4224-01,121,CET-4,sentence,sentence,sentence,canonical,,sentence,literal,clean,
4225-01,121,CET-6,sentiment,sentiment,sentiment,canonical,,sentiment sentimental,literal,clean,
4225-02,121,CET-6,sentiment,sentimental,sentimental,derived,,sentiment sentimental,literal,clean,
4226-01,121,CET-4,separate,separate,separate,canonical,,separate separation separatist,literal,clean,
4226-02,121,CET-4,separate,separation,separation,derived,,separate separation separatist,literal,clean,
4226-03,121,CET-4,separate,separatist,separatist,derived,,separate separation separatist,literal,clean,
4227-01,121,CET-4,september,september,September,canonical,,September,literal,clean,
4228-01,121,CET-4,sequence,sequence,sequence,canonical,,sequence sequential,literal,clean,
4228-02,121,CET-4,sequence,sequential,sequential,derived,,sequence sequential,literal,clean,
4229-01,121,CET-6,sergeant,sergeant,sergeant,canonical,,sergeant,literal,clean,
4230-01,121,CET-6,serial,serial,serial,canonical,,serial,literal,clean,
4231-01,121,CET-4,series,series,series,canonical,,series,literal,clean,
4232-01,121,CET-4,serious,serious,serious,canonical,,serious,literal,clean,
4233-01,121,CET-4,servant,servant,servant,canonical,,servant,literal,clean,
4234-01,121,CET-4,serve,serve,serve,canonical,,serve service serving,literal,clean,
4234-02,121,CET-4,serve,service,service,derived,,serve service serving,literal,clean,
4234-03,121,CET-4,serve,serving,serving,derived,,serve service serving,literal,clean,
4235-01,121,CET-4,session,session,session,canonical,,session,literal,clean,
4236-01,121,CET-4,set,set,set,canonical,,set,literal,clean,
4237-01,121,CET-4,setback,setback,setback,canonical,,setback,literal,clean,
4238-01,121,CET-4,setting,setting,setting,canonical,,setting,literal,clean,
4239-01,121,CET-4,settle,settle,settle,canonical,,settle settlement,literal,clean,
4239-02,121,CET-4,settle,settlement,settlement,derived,,settle settlement,literal,clean,
4240-01,121,CET-4,seven,seven,seven,canonical,,seven,literal,clean,
4241-01,121,CET-4,seventeen,seventeen,seventeen,canonical,,seventeen,literal,clean,
4242-01,121,CET-4,seventy,seventy,seventy,canonical,,seventy,literal,clean,
4243-01,122,CET-4,several,several,several,canonical,,several,literal,clean,
4244-01,122,CET-4,severe,severe,severe,canonical,,severe severity,literal,clean,
4244-02,122,CET-4,severe,severity,severity,derived,,severe severity,literal,clean,
4245-01,122,CET-4,sew,sew,sew,canonical,,sew,literal,clean,
4246-01,122,CET-4,sex,sex,sex,canonical,,sex sexy sexual,literal,clean,
4246-02,122,CET-4,sex,sexy,sexy,derived,,sex sexy sexual,literal,clean,
4246-03,122,CET-4,sex,sexual,sexual,derived,,sex sexy sexual,literal,clean,
4247-01,122,CET-6,shabby,shabby,shabby,canonical,,shabby,literal,clean,
4248-01,122,CET-4,shade,shade,shade,canonical,,shade shady,literal,clean,
4248-02,122,CET-4,shade,shady,shady,derived,,shade shady,literal,clean,
4249-01,122,CET-4,shadow,shadow,shadow,canonical,,shadow,literal,clean,
4250-01,122,CET-6,shaft,shaft,shaft,canonical,,shaft,literal,clean,
4251-01,122,CET-4,shake,shake,shake,canonical,,shake shaky,literal,clean,
4251-02,122,CET-4,shake,shaky,shaky,derived,,shake shaky,literal,clean,
4252-01,122,CET-4,shall,shall,shall,canonical,,shall,literal,clean,
4253-01,122,CET-4,shallow,shallow,shallow,canonical,,shallow,literal,clean,
4254-01,122,CET-4,shame,shame,shame,canonical,,shame shameful shameless,literal,clean,
4254-02,122,CET-4,shame,shameful,shameful,derived,,shame shameful shameless,literal,clean,
4254-03,122,CET-4,shame,shameless,shameless,derived,,shame shameful shameless,literal,clean,
4255-01,122,CET-4,shape,shape,shape,canonical,,shape,literal,clean,
4256-01,122,CET-4,share,share,share,canonical,,share,literal,clean,
4257-01,122,CET-6,shark,shark,shark,canonical,,shark,literal,clean,
4258-01,122,CET-4,sharp,sharp,sharp,canonical,,sharp sharpen,literal,clean,
4258-02,122,CET-4,sharp,sharpen,sharpen,derived,,sharp sharpen,literal,clean,
4259-01,122,CET-6,shatter,shatter,shatter,canonical,,shatter,literal,clean,
4260-01,122,CET-4,shave,shave,shave,canonical,,shave shaver,literal,clean,
4260-02,122,CET-4,shave,shaver,shaver,derived,,shave shaver,literal,clean,
4261-01,122,CET-4,she,she,she,canonical,,she,literal,clean,
4262-01,122,CET-4,shed,shed,shed,canonical,,shed,literal,clean,
4263-01,122,CET-4,sheep,sheep,sheep,canonical,,sheep,literal,clean,
4264-01,122,CET-4,sheer,sheer,sheer,canonical,,sheer,literal,clean,
4265-01,122,CET-4,sheet,sheet,sheet,canonical,,sheet,literal,clean,
4266-01,122,CET-4,shelf,shelf,shelf,canonical,,shelf,literal,clean,
4267-01,122,CET-4,shell,shell,shell,canonical,,shell,literal,clean,
4268-01,122,CET-4,shelter,shelter,shelter,canonical,,shelter,literal,clean,
4269-01,122,CET-6,shepherd,shepherd,shepherd,canonical,,shepherd,literal,clean,
4270-01,122,CET-6,shield,shield,shield,canonical,,shield,literal,clean,
4271-01,122,CET-4,shift,shift,shift,canonical,,shift,literal,clean,
4272-01,122,CET-4,shine,shine,shine,canonical,,shine shiny,literal,clean,
4272-02,122,CET-4,shine,shiny,shiny,derived,,shine shiny,literal,clean,
4273-01,122,CET-4,ship,ship,ship,canonical,,ship shipping shipment,literal,clean,
4273-02,122,CET-4,ship,shipping,shipping,derived,,ship shipping shipment,literal,clean,
4273-03,122,CET-4,ship,shipment,shipment,derived,,ship shipping shipment,literal,clean,
4274-01,122,CET-6,shipyard,shipyard,shipyard,canonical,,shipyard,literal,clean,
4275-01,122,CET-4,shirt,shirt,shirt,canonical,,shirt,literal,clean,
4276-01,122,CET-4,shit,shit,shit,canonical,,shit,literal,clean,
4277-01,122,CET-4,shiver,shiver,shiver,canonical,,shiver,literal,clean,
4278-01,122,CET-4,shock,shock,shock,canonical,,shock,literal,clean,
4279-01,122,CET-4,shoe,shoe,shoe,canonical,,shoe,literal,clean,
4280-01,122,CET-4,shoot,shoot,shoot,canonical,,shoot,literal,clean,
4281-01,122,CET-4,shop,shop,shop,canonical,,shop shopping,literal,clean,
4281-02,122,CET-4,shop,shopping,shopping,derived,,shop shopping,literal,clean,
4282-01,122,CET-4,shore,shore,shore,canonical,,shore,literal,clean,
4283-01,122,CET-4,short,short,short,canonical,,short shortage shorts,literal,clean,
4283-02,122,CET-4,short,shortage,shortage,derived,,short shortage shorts,literal,clean,
4283-03,122,CET-4,short,shorts,shorts,derived,,short shortage shorts,literal,clean,
4284-01,122,CET-4,shortcoming,shortcoming,shortcoming,canonical,,shortcoming,literal,clean,
4285-01,123,CET-6,shorthand,shorthand,shorthand,canonical,,shorthand,literal,clean,
4286-01,123,CET-4,shortly,shortly,shortly,canonical,,shortly,literal,clean,
4287-01,123,CET-4,shot,shot,shot,canonical,,shot,literal,clean,
4288-01,123,CET-4,should,should,should,canonical,,should,literal,clean,
4289-01,123,CET-4,shoulder,shoulder,shoulder,canonical,,shoulder,literal,clean,
4290-01,123,CET-4,shout,shout,shout,canonical,,shout,literal,clean,
4291-01,123,CET-6,shove,shove,shove,canonical,,shove,literal,clean,
4292-01,123,CET-4,show,show,show,canonical,,show showy,literal,clean,
4292-02,123,CET-4,show,showy,showy,derived,,show showy,literal,clean,
4293-01,123,CET-6,showcase,showcase,showcase,canonical,,showcase,literal,clean,
4294-01,123,CET-4,shower,shower,shower,canonical,,shower,literal,clean,
4295-01,123,CET-6,shred,shred,shred,canonical,,shred,literal,clean,
4296-01,123,CET-6,shrewd,shrewd,shrewd,canonical,,shrewd,literal,clean,
4297-01,123,CET-4,shrimp,shrimp,shrimp,canonical,,shrimp,literal,clean,
4298-01,123,CET-4,shrink,shrink,shrink,canonical,,shrink,literal,clean,
4299-01,123,CET-6,shrub,shrub,shrub,canonical,,shrub shrubbery,literal,clean,
4299-02,123,CET-6,shrub,shrubbery,shrubbery,derived,,shrub shrubbery,literal,clean,
4300-01,123,CET-4,shrug,shrug,shrug,canonical,,shrug,literal,clean,
4301-01,123,CET-4,shut,shut,shut,canonical,,shut,literal,clean,
4302-01,123,CET-4,shuttle,shuttle,shuttle,canonical,,shuttle,literal,clean,
4303-01,123,CET-4,shy,shy,shy,canonical,,shy shyness shyly,literal,clean,
4303-02,123,CET-4,shy,shyness,shyness,derived,,shy shyness shyly,literal,clean,
4303-03,123,CET-4,shy,shyly,shyly,derived,,shy shyness shyly,literal,clean,
4304-01,123,CET-4,sick,sick,sick,canonical,,sick sicken,literal,clean,
4304-02,123,CET-4,sick,sicken,sicken,derived,,sick sicken,literal,clean,
4305-01,123,CET-4,side,side,side,canonical,,side,literal,clean,
4306-01,123,CET-4,sideways,sideways,sideways,canonical,,sideways,literal,clean,
4307-01,123,CET-4,siege,siege,siege,canonical,,siege,literal,clean,
4308-01,123,CET-4,sigh,sigh,sigh,canonical,,sigh,literal,clean,
4309-01,123,CET-4,sight,sight,sight,canonical,,sight,literal,clean,
4310-01,123,CET-4,sightseeing,sightseeing,sightseeing,canonical,,sightseeing,literal,clean,
4311-01,123,CET-4,sign,sign,sign,canonical,,sign signature,literal,clean,
4311-02,123,CET-4,sign,signature,signature,derived,,sign signature,literal,clean,
4312-01,123,CET-4,signal,signal,signal,canonical,,signal,literal,clean,
4313-01,123,CET-4,significant,significant,significant,canonical,,significant significance,literal,clean,
4313-02,123,CET-4,significant,significance,significance,derived,,significant significance,literal,clean,
4314-01,123,CET-6,signify,signify,signify,canonical,,signify,literal,clean,
4315-01,123,CET-4,silent,silent,silent,canonical,,silent silence,literal,clean,
4315-02,123,CET-4,silent,silence,silence,derived,,silent silence,literal,clean,
4316-01,123,CET-4,silicon,silicon,silicon,canonical,,silicon,literal,clean,
4317-01,123,CET-4,silk,silk,silk,canonical,,silk silky,literal,clean,
4317-02,123,CET-4,silk,silky,silky,derived,,silk silky,literal,clean,
4318-01,123,CET-4,silver,silver,silver,canonical,,silver silvery,literal,clean,
4318-02,123,CET-4,silver,silvery,silvery,derived,,silver silvery,literal,clean,
4319-01,123,CET-4,similar,similar,similar,canonical,,similar similarity,literal,clean,
4319-02,123,CET-4,similar,similarity,similarity,derived,,similar similarity,literal,clean,
4320-01,123,CET-4,simple,simple,simple,canonical,,simple simplicity simplify simply,literal,clean,
4320-02,123,CET-4,simple,simplicity,simplicity,derived,,simple simplicity simplify simply,literal,clean,
4320-03,123,CET-4,simple,simplify,simplify,derived,,simple simplicity simplify simply,literal,clean,
4320-04,123,CET-4,simple,simply,simply,derived,,simple simplicity simplify simply,literal,clean,
4321-01,123,CET-6,simulate,simulate,simulate,canonical,,simulate simulation,literal,clean,
4321-02,123,CET-6,simulate,simulation,simulation,derived,,simulate simulation,literal,clean,
4322-01,123,CET-6,simultaneous,simultaneous,simultaneous,canonical,,simultaneous,literal,clean,
4323-01,123,CET-4,sin,sin,sin,canonical,,sin,literal,clean,
4324-01,123,CET-4,since,since,since,canonical,,since,literal,clean,
4325-01,123,CET-4,sincere,sincere,sincere,canonical,,sincere sincerity,literal,clean,
4325-02,123,CET-4,sincere,sincerity,sincerity,derived,,sincere sincerity,literal,clean,
4326-01,123,CET-4,sing,sing,sing,canonical,,sing singer,literal,clean,
4326-02,123,CET-4,sing,singer,singer,derived,,sing singer,literal,clean,
4327-01,124,CET-4,single,single,single,canonical,,single,literal,clean,
4328-01,124,CET-4,singular,singular,singular,canonical,,singular singularity,literal,clean,
4328-02,124,CET-4,singular,singularity,singularity,derived,,singular singularity,literal,clean,
4329-01,124,CET-6,sinister,sinister,sinister,canonical,,sinister,literal,clean,
4330-01,124,CET-4,sink,sink,sink,canonical,,sink,literal,clean,
4331-01,124,CET-4,sip,sip,sip,canonical,,sip,literal,clean,
4332-01,124,CET-4,sir,sir,sir,canonical,,sir,literal,clean,
4333-01,124,CET-4,sister,sister,sister,canonical,,sister,literal,clean,
4334-01,124,CET-4,sit,sit,sit,canonical,,sit sitting,literal,clean,
4334-02,124,CET-4,sit,sitting,sitting,derived,,sit sitting,literal,clean,
4335-01,124,CET-4,site,site,site,canonical,,site,literal,clean,
4336-01,124,CET-4,situation,situation,situation,canonical,,situation,literal,clean,
4337-01,124,CET-4,situate,situate,situate,canonical,,situate,literal,clean,
4338-01,124,CET-4,six,six,six,canonical,,six,literal,clean,
4339-01,124,CET-4,sixteen,sixteen,sixteen,canonical,,sixteen,literal,clean,
4340-01,124,CET-4,sixty,sixty,sixty,canonical,,sixty,literal,clean,
4341-01,124,CET-4,size,size,size,canonical,,size sizable,literal,clean,
4341-02,124,CET-4,size,sizable,sizable,derived,,size sizable,literal,clean,
4342-01,124,CET-4,skate,skate,skate,canonical,,skate skating,literal,clean,
4342-02,124,CET-4,skate,skating,skating,derived,,skate skating,literal,clean,
4343-01,124,CET-4,skeleton,skeleton,skeleton,canonical,,skeleton,literal,clean,
4344-01,124,CET-6,skeptical,skeptical,skeptical,canonical,,skeptical/sceptical skeptic/sceptic skepticism/scepticism,literal,clean,
4344-02,124,CET-6,skeptical,sceptical,sceptical,canonical_variant,,skeptical/sceptical skeptic/sceptic skepticism/scepticism,slash_alternative:literal,spot_check,斜杠并列形式
4344-03,124,CET-6,skeptical,skeptic,skeptic,derived,,skeptical/sceptical skeptic/sceptic skepticism/scepticism,literal,clean,
4344-04,124,CET-6,skeptical,sceptic,sceptic,derived_variant,,skeptical/sceptical skeptic/sceptic skepticism/scepticism,slash_alternative:literal,spot_check,斜杠并列形式
4344-05,124,CET-6,skeptical,skepticism,skepticism,derived,,skeptical/sceptical skeptic/sceptic skepticism/scepticism,literal,clean,
4344-06,124,CET-6,skeptical,scepticism,scepticism,derived_variant,,skeptical/sceptical skeptic/sceptic skepticism/scepticism,slash_alternative:literal,spot_check,斜杠并列形式
4345-01,124,CET-4,sketch,sketch,sketch,canonical,,sketch sketchy,literal,clean,
4345-02,124,CET-4,sketch,sketchy,sketchy,derived,,sketch sketchy,literal,clean,
4346-01,124,CET-4,ski,ski,ski,canonical,,ski skiing,literal,clean,
4346-02,124,CET-4,ski,skiing,skiing,derived,,ski skiing,literal,clean,
4347-01,124,CET-4,skill,skill,skill,canonical,,skill skil(l)ful skilled,literal,clean,
4347-02,124,CET-4,skill,skilful,skilful,derived,,skill skil(l)ful skilled,optional_omitted,spot_check,括号可选拼写
4347-03,124,CET-4,skill,skillful,skillful,derived_variant,,skill skil(l)ful skilled,optional_included,spot_check,括号可选拼写
4347-04,124,CET-4,skill,skilled,skilled,derived,,skill skil(l)ful skilled,literal,clean,
4348-01,124,CET-6,skim,skim,skim,canonical,,skim,literal,clean,
4349-01,124,CET-4,skin,skin,skin,canonical,,skin skinny,literal,clean,
4349-02,124,CET-4,skin,skinny,skinny,derived,,skin skinny,literal,clean,
4350-01,124,CET-4,skip,skip,skip,canonical,,skip,literal,clean,
4351-01,124,CET-4,skirt,skirt,skirt,canonical,,skirt,literal,clean,
4352-01,124,CET-6,skull,skull,skull,canonical,,skull,literal,clean,
4353-01,124,CET-4,sky,sky,sky,canonical,,sky,literal,clean,
4354-01,124,CET-4,skyline,skyline,skyline,canonical,,skyline,literal,clean,
4355-01,124,CET-4,skyscraper,skyscraper,skyscraper,canonical,,skyscraper,literal,clean,
4356-01,124,CET-6,slack,slack,slack,canonical,,slack,literal,clean,
4357-01,124,CET-6,slam,slam,slam,canonical,,slam,literal,clean,
4358-01,124,CET-4,slap,slap,slap,canonical,,slap,literal,clean,
4359-01,124,CET-6,slash,slash,slash,canonical,,slash,literal,clean,
4360-01,124,CET-6,slaughter,slaughter,slaughter,canonical,,slaughter,literal,clean,
4361-01,124,CET-4,slave,slave,slave,canonical,,slave slavery,literal,clean,
4361-02,124,CET-4,slave,slavery,slavery,derived,,slave slavery,literal,clean,
4362-01,124,CET-4,sleep,sleep,sleep,canonical,,sleep sleepy sleepiness,literal,clean,
4362-02,124,CET-4,sleep,sleepy,sleepy,derived,,sleep sleepy sleepiness,literal,clean,
4362-03,124,CET-4,sleep,sleepiness,sleepiness,derived,,sleep sleepy sleepiness,literal,clean,
4363-01,124,CET-4,sleeve,sleeve,sleeve,canonical,,sleeve,literal,clean,
4364-01,124,CET-4,slender,slender,slender,canonical,,slender,literal,clean,
4365-01,124,CET-4,slice,slice,slice,canonical,,slice,literal,clean,
4366-01,124,CET-4,slide,slide,slide,canonical,,slide,literal,clean,
4367-01,124,CET-4,slight,slight,slight,canonical,,slight slightly,literal,clean,
4367-02,124,CET-4,slight,slightly,slightly,derived,,slight slightly,literal,clean,
4368-01,124,CET-4,slim,slim,slim,canonical,,slim,literal,clean,
4369-01,125,CET-4,slip,slip,slip,canonical,,slip slippery slipper,literal,clean,
4369-02,125,CET-4,slip,slippery,slippery,derived,,slip slippery slipper,literal,clean,
4369-03,125,CET-4,slip,slipper,slipper,derived,,slip slippery slipper,literal,clean,
4370-01,125,CET-4,slogan,slogan,slogan,canonical,,slogan,literal,clean,
4371-01,125,CET-4,slope,slope,slope,canonical,,slope,literal,clean,
4372-01,125,CET-6,slot,slot,slot,canonical,,slot,literal,clean,
4373-01,125,CET-4,slow,slow,slow,canonical,,slow,literal,clean,
4374-01,125,CET-6,slum,slum,slum,canonical,,slum,literal,clean,
4375-01,125,CET-6,slump,slump,slump,canonical,,slump,literal,clean,
4376-01,125,CET-4,small,small,small,canonical,,small,literal,clean,
4377-01,125,CET-4,smart,smart,smart,canonical,,smart,literal,clean,
4378-01,125,CET-4,smartphone,smartphone,smartphone,canonical,,smartphone,literal,clean,
4379-01,125,CET-4,smash,smash,smash,canonical,,smash,literal,clean,
4380-01,125,CET-4,smell,smell,smell,canonical,,smell smelly,literal,clean,
4380-02,125,CET-4,smell,smelly,smelly,derived,,smell smelly,literal,clean,
4381-01,125,CET-4,smile,smile,smile,canonical,,smile,literal,clean,
4382-01,125,CET-4,smog,smog,smog,canonical,,smog smoggy,literal,clean,
4382-02,125,CET-4,smog,smoggy,smoggy,derived,,smog smoggy,literal,clean,
4383-01,125,CET-4,smoke,smoke,smoke,canonical,,smoke smoky,literal,clean,
4383-02,125,CET-4,smoke,smoky,smoky,derived,,smoke smoky,literal,clean,
4384-01,125,CET-4,smooth,smooth,smooth,canonical,,smooth,literal,clean,
4385-01,125,CET-6,smuggle,smuggle,smuggle,canonical,,smuggle smuggling smuggler,literal,clean,
4385-02,125,CET-6,smuggle,smuggling,smuggling,derived,,smuggle smuggling smuggler,literal,clean,
4385-03,125,CET-6,smuggle,smuggler,smuggler,derived,,smuggle smuggling smuggler,literal,clean,
4386-01,125,CET-4,snack,snack,snack,canonical,,snack,literal,clean,
4387-01,125,CET-6,snail,snail,snail,canonical,,snail,literal,clean,
4388-01,125,CET-4,snake,snake,snake,canonical,,snake,literal,clean,
4389-01,125,CET-6,snap,snap,snap,canonical,,snap,literal,clean,
4390-01,125,CET-6,snatch,snatch,snatch,canonical,,snatch,literal,clean,
4391-01,125,CET-6,sneak,sneak,sneak,canonical,,sneak,literal,clean,
4392-01,125,CET-6,sniff,sniff,sniff,canonical,,sniff,literal,clean,
4393-01,125,CET-6,snob,snob,snob,canonical,,snob snobbish,literal,clean,
4393-02,125,CET-6,snob,snobbish,snobbish,derived,,snob snobbish,literal,clean,
4394-01,125,CET-4,snow,snow,snow,canonical,,snow snowy,literal,clean,
4394-02,125,CET-4,snow,snowy,snowy,derived,,snow snowy,literal,clean,
4395-01,125,CET-4,so,so,so,canonical,,so,literal,clean,
4396-01,125,CET-4,soak,soak,soak,canonical,,soak,literal,clean,
4397-01,125,CET-4,soap,soap,soap,canonical,,soap,literal,clean,
4398-01,125,CET-4,soar,soar,soar,canonical,,soar,literal,clean,
4399-01,125,CET-6,sob,sob,sob,canonical,,sob,literal,clean,
4400-01,125,CET-6,sober,sober,sober,canonical,,sober/Ｇre,literal,spot_check,PDF 连字符/共享词尾字形已恢复
4400-02,125,CET-6,sober,sobre,sobre,canonical_variant,,sober/Ｇre,shared_suffix:-re,spot_check,共享词尾替换；PDF 连字符/共享词尾字形已恢复
4401-01,125,CET-4,so-called,so-called,so-called,canonical,,soＧcalled,literal,spot_check,PDF 连字符/共享词尾字形已恢复
4402-01,125,CET-4,soccer,soccer,soccer,canonical,,soccer,literal,clean,
4403-01,125,CET-4,society,society,society,canonical,,society social socialize/Ｇise sociable,literal,spot_check,PDF 连字符/共享词尾字形已恢复
4403-02,125,CET-4,society,social,social,derived,,society social socialize/Ｇise sociable,literal,spot_check,PDF 连字符/共享词尾字形已恢复
4403-03,125,CET-4,society,socialize,socialize,derived,,society social socialize/Ｇise sociable,literal,spot_check,PDF 连字符/共享词尾字形已恢复
4403-04,125,CET-4,society,socialise,socialise,derived_variant,,society social socialize/Ｇise sociable,shared_suffix:-ise,spot_check,共享词尾替换；PDF 连字符/共享词尾字形已恢复
4403-05,125,CET-4,society,sociable,sociable,derived,,society social socialize/Ｇise sociable,literal,spot_check,PDF 连字符/共享词尾字形已恢复
4404-01,125,CET-4,socialism,socialism,socialism,canonical,,socialism socialist,literal,clean,
4404-02,125,CET-4,socialism,socialist,socialist,derived,,socialism socialist,literal,clean,
4405-01,125,CET-4,sociology,sociology,sociology,canonical,,sociology sociologist,literal,clean,
4405-02,125,CET-4,sociology,sociologist,sociologist,derived,,sociology sociologist,literal,clean,
4406-01,125,CET-4,sock,sock,sock,canonical,,sock,literal,clean,
4407-01,125,CET-6,socket,socket,socket,canonical,,socket,literal,clean,
4408-01,125,CET-4,soda,soda,soda,canonical,,soda,literal,clean,
4409-01,125,CET-6,sodium,sodium,sodium,canonical,,sodium,literal,clean,
4410-01,125,CET-4,sofa,sofa,sofa,canonical,,sofa,literal,clean,
4411-01,126,CET-4,soft,soft,soft,canonical,,soft soften,literal,clean,
4411-02,126,CET-4,soft,soften,soften,derived,,soft soften,literal,clean,
4412-01,126,CET-4,software,software,software,canonical,,software,literal,clean,
4413-01,126,CET-4,soil,soil,soil,canonical,,soil,literal,clean,
4414-01,126,CET-4,solar,solar,solar,canonical,,solar,literal,clean,
4415-01,126,CET-4,soldier,soldier,soldier,canonical,,soldier,literal,clean,
4416-01,126,CET-4,sole,sole,sole,canonical,,sole solely,literal,clean,
4416-02,126,CET-4,sole,solely,solely,derived,,sole solely,literal,clean,
4417-01,126,CET-4,solemn,solemn,solemn,canonical,,solemn solemnity,literal,clean,
4417-02,126,CET-4,solemn,solemnity,solemnity,derived,,solemn solemnity,literal,clean,
4418-01,126,CET-6,solicit,solicit,solicit,canonical,,solicit solicitor,literal,clean,
4418-02,126,CET-6,solicit,solicitor,solicitor,derived,,solicit solicitor,literal,clean,
4419-01,126,CET-4,solid,solid,solid,canonical,,solid solidity solidify,literal,clean,
4419-02,126,CET-4,solid,solidity,solidity,derived,,solid solidity solidify,literal,clean,
4419-03,126,CET-4,solid,solidify,solidify,derived,,solid solidity solidify,literal,clean,
4420-01,126,CET-6,solidarity,solidarity,solidarity,canonical,,solidarity,literal,clean,
4421-01,126,CET-6,solitary,solitary,solitary,canonical,,solitary solitude,literal,clean,
4421-02,126,CET-6,solitary,solitude,solitude,derived,,solitary solitude,literal,clean,
4422-01,126,CET-6,solo,solo,solo,canonical,,solo,literal,clean,
4423-01,126,CET-4,solve,solve,solve,canonical,,solve solution solvent soluble,literal,clean,
4423-02,126,CET-4,solve,solution,solution,derived,,solve solution solvent soluble,literal,clean,
4423-03,126,CET-4,solve,solvent,solvent,derived,,solve solution solvent soluble,literal,clean,
4423-04,126,CET-4,solve,soluble,soluble,derived,,solve solution solvent soluble,literal,clean,
4424-01,126,CET-4,some,some,some,canonical,,some,literal,clean,
4425-01,126,CET-4,somebody,somebody,somebody,canonical,,somebody,literal,clean,
4426-01,126,CET-4,somehow,somehow,somehow,canonical,,somehow,literal,clean,
4427-01,126,CET-4,someone,someone,someone,canonical,,someone,literal,clean,
4428-01,126,CET-4,something,something,something,canonical,,something,literal,clean,
4429-01,126,CET-4,sometime,sometime,sometime,canonical,,sometime,literal,clean,
4430-01,126,CET-4,sometimes,sometimes,sometimes,canonical,,sometimes,literal,clean,
4431-01,126,CET-4,somewhat,somewhat,somewhat,canonical,,somewhat,literal,clean,
4432-01,126,CET-4,somewhere,somewhere,somewhere,canonical,,somewhere,literal,clean,
4433-01,126,CET-4,son,son,son,canonical,,son,literal,clean,
4434-01,126,CET-4,song,song,song,canonical,,song,literal,clean,
4435-01,126,CET-4,soon,soon,soon,canonical,,soon,literal,clean,
4436-01,126,CET-6,soothe,soothe,soothe,canonical,,soothe,literal,clean,
4437-01,126,CET-4,sophisticated,sophisticated,sophisticated,canonical,,sophisticated sophistication,literal,clean,
4437-02,126,CET-4,sophisticated,sophistication,sophistication,derived,,sophisticated sophistication,literal,clean,
4438-01,126,CET-4,sore,sore,sore,canonical,,sore,literal,clean,
4439-01,126,CET-4,sorrow,sorrow,sorrow,canonical,,sorrow sorrowful,literal,clean,
4439-02,126,CET-4,sorrow,sorrowful,sorrowful,derived,,sorrow sorrowful,literal,clean,
4440-01,126,CET-4,sorry,sorry,sorry,canonical,,sorry,literal,clean,
4441-01,126,CET-4,sort,sort,sort,canonical,,sort,literal,clean,
4442-01,126,CET-4,soul,soul,soul,canonical,,soul,literal,clean,
4443-01,126,CET-4,sound,sound,sound,canonical,1,sound１,literal,spot_check,同形异义编号已移至 sense_number
4444-01,126,CET-4,sound,sound,sound,canonical,2,sound２,literal,spot_check,同形异义编号已移至 sense_number
4445-01,126,CET-4,soup,soup,soup,canonical,,soup,literal,clean,
4446-01,126,CET-4,sour,sour,sour,canonical,,sour,literal,clean,
4447-01,126,CET-4,source,source,source,canonical,,source,literal,clean,
4448-01,126,CET-4,south,south,south,canonical,,south southern,literal,clean,
4448-02,126,CET-4,south,southern,southern,derived,,south southern,literal,clean,
4449-01,126,CET-4,southeast,southeast,southeast,canonical,,southeast southeastern,literal,clean,
4449-02,126,CET-4,southeast,southeastern,southeastern,derived,,southeast southeastern,literal,clean,
4450-01,126,CET-4,southwest,southwest,southwest,canonical,,southwest southwestern,literal,clean,
4450-02,126,CET-4,southwest,southwestern,southwestern,derived,,southwest southwestern,literal,clean,
4451-01,126,CET-4,souvenir,souvenir,souvenir,canonical,,souvenir,literal,clean,
4452-01,126,CET-6,sovereign,sovereign,sovereign,canonical,,sovereign sovereignty,literal,clean,
4452-02,126,CET-6,sovereign,sovereignty,sovereignty,derived,,sovereign sovereignty,literal,clean,
4453-01,127,CET-4,sow,sow,sow,canonical,,sow,literal,clean,
4454-01,127,CET-4,space,space,space,canonical,,space spacious spatial,literal,clean,
4454-02,127,CET-4,space,spacious,spacious,derived,,space spacious spatial,literal,clean,
4454-03,127,CET-4,space,spatial,spatial,derived,,space spacious spatial,literal,clean,
4455-01,127,CET-4,spaceship,spaceship,spaceship,canonical,,spaceship/spacecraft,literal,clean,
4455-02,127,CET-4,spaceship,spacecraft,spacecraft,canonical_variant,,spaceship/spacecraft,slash_alternative:literal,spot_check,斜杠并列形式
4456-01,127,CET-4,spade,spade,spade,canonical,,spade,literal,clean,
4457-01,127,CET-6,spaghetti,spaghetti,spaghetti,canonical,,spaghetti,literal,clean,
4458-01,127,CET-4,span,span,span,canonical,,span,literal,clean,
4459-01,127,CET-4,spare,spare,spare,canonical,,spare sparingly,literal,clean,
4459-02,127,CET-4,spare,sparingly,sparingly,derived,,spare sparingly,literal,clean,
4460-01,127,CET-4,spark,spark,spark,canonical,,spark,literal,clean,
4461-01,127,CET-4,sparkle,sparkle,sparkle,canonical,,sparkle,literal,clean,
4462-01,127,CET-4,speak,speak,speak,canonical,,speak speaker,literal,clean,
4462-02,127,CET-4,speak,speaker,speaker,derived,,speak speaker,literal,clean,
4463-01,127,CET-6,spear,spear,spear,canonical,,spear,literal,clean,
4464-01,127,CET-4,special,special,special,canonical,,special specialize/Ｇise specialization/Ｇsation specialist,literal,spot_check,PDF 连字符/共享词尾字形已恢复
4464-02,127,CET-4,special,specialize,specialize,derived,,special specialize/Ｇise specialization/Ｇsation specialist,literal,spot_check,PDF 连字符/共享词尾字形已恢复
4464-03,127,CET-4,special,specialise,specialise,derived_variant,,special specialize/Ｇise specialization/Ｇsation specialist,shared_suffix:-ise,spot_check,共享词尾替换；PDF 连字符/共享词尾字形已恢复
4464-04,127,CET-4,special,specialization,specialization,derived,,special specialize/Ｇise specialization/Ｇsation specialist,literal,spot_check,PDF 连字符/共享词尾字形已恢复
4464-05,127,CET-4,special,specialisation,specialisation,derived_variant,,special specialize/Ｇise specialization/Ｇsation specialist,shared_suffix:-sation,spot_check,共享词尾替换；PDF 连字符/共享词尾字形已恢复
4464-06,127,CET-4,special,specialist,specialist,derived,,special specialize/Ｇise specialization/Ｇsation specialist,literal,spot_check,PDF 连字符/共享词尾字形已恢复
4465-01,127,CET-6,specialty,specialty,specialty,canonical,,specialty/speciality,literal,clean,
4465-02,127,CET-6,specialty,speciality,speciality,canonical_variant,,specialty/speciality,slash_alternative:literal,spot_check,斜杠并列形式
4466-01,127,CET-4,species,species,species,canonical,,species,literal,clean,
4467-01,127,CET-4,specific,specific,specific,canonical,,specific specifically,literal,clean,
4467-02,127,CET-4,specific,specifically,specifically,derived,,specific specifically,literal,clean,
4468-01,127,CET-4,specify,specify,specify,canonical,,specify specification,literal,clean,
4468-02,127,CET-4,specify,specification,specification,derived,,specify specification,literal,clean,
4469-01,127,CET-4,specimen,specimen,specimen,canonical,,specimen,literal,clean,
4470-01,127,CET-6,spectacle,spectacle,spectacle,canonical,,spectacle spectacular,literal,clean,
4470-02,127,CET-6,spectacle,spectacular,spectacular,derived,,spectacle spectacular,literal,clean,
4471-01,127,CET-6,spectator,spectator,spectator,canonical,,spectator,literal,clean,
4472-01,127,CET-6,spectrum,spectrum,spectrum,canonical,,spectrum,literal,clean,
4473-01,127,CET-4,speculate,speculate,speculate,canonical,,speculate speculation speculative,literal,clean,
4473-02,127,CET-4,speculate,speculation,speculation,derived,,speculate speculation speculative,literal,clean,
4473-03,127,CET-4,speculate,speculative,speculative,derived,,speculate speculation speculative,literal,clean,
4474-01,127,CET-4,speech,speech,speech,canonical,,speech speechless,literal,clean,
4474-02,127,CET-4,speech,speechless,speechless,derived,,speech speechless,literal,clean,
4475-01,127,CET-4,speed,speed,speed,canonical,,speed speedy speeding,literal,clean,
4475-02,127,CET-4,speed,speedy,speedy,derived,,speed speedy speeding,literal,clean,
4475-03,127,CET-4,speed,speeding,speeding,derived,,speed speedy speeding,literal,clean,
4476-01,127,CET-4,spell,spell,spell,canonical,,spell spelling,literal,clean,
4476-02,127,CET-4,spell,spelling,spelling,derived,,spell spelling,literal,clean,
4477-01,127,CET-4,spend,spend,spend,canonical,,spend spending,literal,clean,
4477-02,127,CET-4,spend,spending,spending,derived,,spend spending,literal,clean,
4478-01,127,CET-4,sphere,sphere,sphere,canonical,,sphere spherical,literal,clean,
4478-02,127,CET-4,sphere,spherical,spherical,derived,,sphere spherical,literal,clean,
4479-01,127,CET-6,spice,spice,spice,canonical,,spice spicy,literal,clean,
4479-02,127,CET-6,spice,spicy,spicy,derived,,spice spicy,literal,clean,
4480-01,127,CET-6,spider,spider,spider,canonical,,spider,literal,clean,
4481-01,127,CET-4,spill,spill,spill,canonical,,spill,literal,clean,
4482-01,127,CET-4,spin,spin,spin,canonical,,spin,literal,clean,
4483-01,127,CET-6,spine,spine,spine,canonical,,spine spinal,literal,clean,
4483-02,127,CET-6,spine,spinal,spinal,derived,,spine spinal,literal,clean,
4484-01,127,CET-6,spiral,spiral,spiral,canonical,,spiral,literal,clean,
4485-01,127,CET-4,spirit,spirit,spirit,canonical,,spirit spiritual,literal,clean,
4485-02,127,CET-4,spirit,spiritual,spiritual,derived,,spirit spiritual,literal,clean,
4486-01,127,CET-4,spit,spit,spit,canonical,,spit,literal,clean,
4487-01,127,CET-4,spite,spite,spite,canonical,,spite,literal,clean,
4488-01,127,CET-4,splash,splash,splash,canonical,,splash,literal,clean,
4489-01,127,CET-4,splendid,splendid,splendid,canonical,,splendid splendo(u)r,literal,clean,
4489-02,127,CET-4,splendid,splendor,splendor,derived,,splendid splendo(u)r,optional_omitted,spot_check,括号可选拼写
4489-03,127,CET-4,splendid,splendour,splendour,derived_variant,,splendid splendo(u)r,optional_included,spot_check,括号可选拼写
4490-01,127,CET-4,split,split,split,canonical,,split,literal,clean,
4491-01,127,CET-4,spoil,spoil,spoil,canonical,,spoil,literal,clean,
4492-01,127,CET-4,spokesman,spokesman,spokesman,canonical,,spokesman/spokeswoman spokesperson,literal,clean,
4492-02,127,CET-4,spokesman,spokeswoman,spokeswoman,canonical_variant,,spokesman/spokeswoman spokesperson,slash_alternative:literal,spot_check,斜杠并列形式
4492-03,127,CET-4,spokesman,spokesperson,spokesperson,derived,,spokesman/spokeswoman spokesperson,literal,clean,
4493-01,127,CET-6,sponge,sponge,sponge,canonical,,sponge spongy,literal,clean,
4493-02,127,CET-6,sponge,spongy,spongy,derived,,sponge spongy,literal,clean,
4494-01,127,CET-4,sponsor,sponsor,sponsor,canonical,,sponsor sponsorship,literal,clean,
4494-02,127,CET-4,sponsor,sponsorship,sponsorship,derived,,sponsor sponsorship,literal,clean,
4495-01,128,CET-4,spontaneous,spontaneous,spontaneous,canonical,,spontaneous spontaneity,literal,clean,
4495-02,128,CET-4,spontaneous,spontaneity,spontaneity,derived,,spontaneous spontaneity,literal,clean,
4496-01,128,CET-4,spoon,spoon,spoon,canonical,,spoon spoonful,literal,clean,
4496-02,128,CET-4,spoon,spoonful,spoonful,derived,,spoon spoonful,literal,clean,
4497-01,128,CET-4,sport,sport,sport,canonical,,sport,literal,clean,
4498-01,128,CET-4,sportsman,sportsman,sportsman,canonical,,sportsman/sportswoman,literal,clean,
4498-02,128,CET-4,sportsman,sportswoman,sportswoman,canonical_variant,,sportsman/sportswoman,slash_alternative:literal,spot_check,斜杠并列形式
4499-01,128,CET-4,spot,spot,spot,canonical,,spot,literal,clean,
4500-01,128,CET-6,spotlight,spotlight,spotlight,canonical,,spotlight,literal,clean,
4501-01,128,CET-4,spouse,spouse,spouse,canonical,,spouse,literal,clean,
4502-01,128,CET-6,sprawl,sprawl,sprawl,canonical,,sprawl,literal,clean,
4503-01,128,CET-4,spray,spray,spray,canonical,,spray,literal,clean,
4504-01,128,CET-4,spread,spread,spread,canonical,,spread,literal,clean,
4505-01,128,CET-4,spring,spring,spring,canonical,,spring,literal,clean,
4506-01,128,CET-6,sprinkle,sprinkle,sprinkle,canonical,,sprinkle,literal,clean,
4507-01,128,CET-4,spur,spur,spur,canonical,,spur,literal,clean,
4508-01,128,CET-4,spy,spy,spy,canonical,,spy,literal,clean,
4509-01,128,CET-6,squad,squad,squad,canonical,,squad,literal,clean,
4510-01,128,CET-4,square,square,square,canonical,,square,literal,clean,
4511-01,128,CET-4,squeeze,squeeze,squeeze,canonical,,squeeze,literal,clean,
4512-01,128,CET-6,stab,stab,stab,canonical,,stab,literal,clean,
4513-01,128,CET-4,stable,stable,stable,canonical,,stable stability stabilize/Ｇise,literal,spot_check,PDF 连字符/共享词尾字形已恢复
4513-02,128,CET-4,stable,stability,stability,derived,,stable stability stabilize/Ｇise,literal,spot_check,PDF 连字符/共享词尾字形已恢复
4513-03,128,CET-4,stable,stabilize,stabilize,derived,,stable stability stabilize/Ｇise,literal,spot_check,PDF 连字符/共享词尾字形已恢复
4513-04,128,CET-4,stable,stabilise,stabilise,derived_variant,,stable stability stabilize/Ｇise,shared_suffix:-ise,spot_check,共享词尾替换；PDF 连字符/共享词尾字形已恢复
4514-01,128,CET-4,stack,stack,stack,canonical,,stack,literal,clean,
4515-01,128,CET-4,stadium,stadium,stadium,canonical,,stadium,literal,clean,
4516-01,128,CET-4,staff,staff,staff,canonical,,staff,literal,clean,
4517-01,128,CET-4,stage,stage,stage,canonical,,stage,literal,clean,
4518-01,128,CET-6,stagger,stagger,stagger,canonical,,stagger,literal,clean,
4519-01,128,CET-6,stagnate,stagnate,stagnate,canonical,,stagnate stagnation stagnant,literal,clean,
4519-02,128,CET-6,stagnate,stagnation,stagnation,derived,,stagnate stagnation stagnant,literal,clean,
4519-03,128,CET-6,stagnate,stagnant,stagnant,derived,,stagnate stagnation stagnant,literal,clean,
4520-01,128,CET-4,stain,stain,stain,canonical,,stain stainless,literal,clean,
4520-02,128,CET-4,stain,stainless,stainless,derived,,stain stainless,literal,clean,
4521-01,128,CET-4,stair,stair,stair,canonical,,stair,literal,clean,
4522-01,128,CET-4,staircase,staircase,staircase,canonical,,staircase,literal,clean,
4523-01,128,CET-4,stake,stake,stake,canonical,,stake,literal,clean,
4524-01,128,CET-4,stale,stale,stale,canonical,,stale,literal,clean,
4525-01,128,CET-6,stalk,stalk,stalk,canonical,,stalk,literal,clean,
4526-01,128,CET-6,stall,stall,stall,canonical,,stall,literal,clean,
4527-01,128,CET-6,stammer,stammer,stammer,canonical,,stammer,literal,clean,
4528-01,128,CET-4,stamp,stamp,stamp,canonical,1,stamp１,literal,spot_check,同形异义编号已移至 sense_number
4529-01,128,CET-4,stamp,stamp,stamp,canonical,2,stamp２,literal,spot_check,同形异义编号已移至 sense_number
4530-01,128,CET-6,stance,stance,stance,canonical,,stance,literal,clean,
4531-01,128,CET-4,stand,stand,stand,canonical,,stand,literal,clean,
4532-01,128,CET-4,standard,standard,standard,canonical,,standard standardize/Ｇise standardization/Ｇsation,literal,spot_check,PDF 连字符/共享词尾字形已恢复
4532-02,128,CET-4,standard,standardize,standardize,derived,,standard standardize/Ｇise standardization/Ｇsation,literal,spot_check,PDF 连字符/共享词尾字形已恢复
4532-03,128,CET-4,standard,standardise,standardise,derived_variant,,standard standardize/Ｇise standardization/Ｇsation,shared_suffix:-ise,spot_check,共享词尾替换；PDF 连字符/共享词尾字形已恢复
4532-04,128,CET-4,standard,standardization,standardization,derived,,standard standardize/Ｇise standardization/Ｇsation,literal,spot_check,PDF 连字符/共享词尾字形已恢复
4532-05,128,CET-4,standard,standardisation,standardisation,derived_variant,,standard standardize/Ｇise standardization/Ｇsation,shared_suffix:-sation,spot_check,共享词尾替换；PDF 连字符/共享词尾字形已恢复
4533-01,128,CET-6,standby,standby,standby,canonical,,standby,literal,clean,
4534-01,128,CET-4,standpoint,standpoint,standpoint,canonical,,standpoint,literal,clean,
4535-01,128,CET-4,staple,staple,staple,canonical,1,staple１,literal,required,同形异义编号已移至 sense_number；同一拼写同时出现在 CET-4 与 CET-6 词族中
4536-01,128,CET-6,staple,staple,staple,canonical,2,staple２,literal,required,同形异义编号已移至 sense_number；同一拼写同时出现在 CET-4 与 CET-6 词族中
4537-01,129,CET-4,star,star,star,canonical,,star starry,literal,clean,
4537-02,129,CET-4,star,starry,starry,derived,,star starry,literal,clean,
4538-01,129,CET-4,stare,stare,stare,canonical,,stare,literal,clean,
4539-01,129,CET-6,stark,stark,stark,canonical,,stark,literal,clean,
4540-01,129,CET-4,start,start,start,canonical,,start starter,literal,clean,
4540-02,129,CET-4,start,starter,starter,derived,,start starter,literal,clean,
4541-01,129,CET-4,startle,startle,startle,canonical,,startle,literal,clean,
4542-01,129,CET-4,starve,starve,starve,canonical,,starve starvation,literal,clean,
4542-02,129,CET-4,starve,starvation,starvation,derived,,starve starvation,literal,clean,
4543-01,129,CET-4,state,state,state,canonical,,state statement,literal,clean,
4543-02,129,CET-4,state,statement,statement,derived,,state statement,literal,clean,
4544-01,129,CET-4,statesman,statesman,statesman,canonical,,statesman,literal,clean,
4545-01,129,CET-6,static,static,static,canonical,,static,literal,clean,
4546-01,129,CET-4,station,station,station,canonical,,station stationary,literal,clean,
4546-02,129,CET-4,station,stationary,stationary,derived,,station stationary,literal,clean,
4547-01,129,CET-6,stationery,stationery,stationery,canonical,,stationery,literal,clean,
4548-01,129,CET-4,statistic,statistic,statistic,canonical,,statistic statistical,literal,clean,
4548-02,129,CET-4,statistic,statistical,statistical,derived,,statistic statistical,literal,clean,
4549-01,129,CET-4,statue,statue,statue,canonical,,statue,literal,clean,
4550-01,129,CET-4,status,status,status,canonical,,status,literal,clean,
4551-01,129,CET-6,statute,statute,statute,canonical,,statute statutory,literal,clean,
4551-02,129,CET-6,statute,statutory,statutory,derived,,statute statutory,literal,clean,
4552-01,129,CET-4,stay,stay,stay,canonical,,stay,literal,clean,
4553-01,129,CET-4,steady,steady,steady,canonical,,steady steadily,literal,clean,
4553-02,129,CET-4,steady,steadily,steadily,derived,,steady steadily,literal,clean,
4554-01,129,CET-4,steak,steak,steak,canonical,,steak,literal,clean,
4555-01,129,CET-4,steal,steal,steal,canonical,,steal,literal,clean,
4556-01,129,CET-4,steam,steam,steam,canonical,,steam steamy steamer,literal,clean,
4556-02,129,CET-4,steam,steamy,steamy,derived,,steam steamy steamer,literal,clean,
4556-03,129,CET-4,steam,steamer,steamer,derived,,steam steamy steamer,literal,clean,
4557-01,129,CET-4,steel,steel,steel,canonical,,steel,literal,clean,
4558-01,129,CET-4,steep,steep,steep,canonical,,steep,literal,clean,
4559-01,129,CET-4,steer,steer,steer,canonical,,steer,literal,clean,
4560-01,129,CET-4,stem,stem,stem,canonical,1,stem１,literal,spot_check,同形异义编号已移至 sense_number
4561-01,129,CET-4,stem,stem,stem,canonical,2,stem２,literal,spot_check,同形异义编号已移至 sense_number
4562-01,129,CET-4,step,step,step,canonical,,step,literal,clean,
4563-01,129,CET-6,stereotype,stereotype,stereotype,canonical,,stereotype,literal,clean,
4564-01,129,CET-6,stern,stern,stern,canonical,,stern,literal,clean,
4565-01,129,CET-6,steward,steward,steward,canonical,,steward(ess),optional_omitted,spot_check,括号可选拼写
4565-02,129,CET-6,steward,stewardess,stewardess,canonical_variant,,steward(ess),optional_included,spot_check,括号可选拼写
4566-01,129,CET-4,stick,stick,stick,canonical,1,stick１,literal,spot_check,同形异义编号已移至 sense_number
4567-01,129,CET-4,stick,stick,stick,canonical,2,stick２,literal,spot_check,同形异义编号已移至 sense_number
4568-01,129,CET-4,stiff,stiff,stiff,canonical,,stiff stiffen,literal,clean,
4568-02,129,CET-4,stiff,stiffen,stiffen,derived,,stiff stiffen,literal,clean,
4569-01,129,CET-6,stifle,stifle,stifle,canonical,,stifle,literal,clean,
4570-01,129,CET-6,stigma,stigma,stigma,canonical,,stigma,literal,clean,
4571-01,129,CET-4,still,still,still,canonical,1,still１,literal,spot_check,同形异义编号已移至 sense_number
4572-01,129,CET-4,still,still,still,canonical,2,still２,literal,spot_check,同形异义编号已移至 sense_number
4573-01,129,CET-4,stimulate,stimulate,stimulate,canonical,,stimulate stimulation stimulus stimulant,literal,clean,
4573-02,129,CET-4,stimulate,stimulation,stimulation,derived,,stimulate stimulation stimulus stimulant,literal,clean,
4573-03,129,CET-4,stimulate,stimulus,stimulus,derived,,stimulate stimulation stimulus stimulant,literal,clean,
4573-04,129,CET-4,stimulate,stimulant,stimulant,derived,,stimulate stimulation stimulus stimulant,literal,clean,
4574-01,129,CET-4,sting,sting,sting,canonical,,sting,literal,clean,
4575-01,129,CET-6,stipulate,stipulate,stipulate,canonical,,stipulate stipulation,literal,clean,
4575-02,129,CET-6,stipulate,stipulation,stipulation,derived,,stipulate stipulation,literal,clean,
4576-01,129,CET-4,stir,stir,stir,canonical,,stir,literal,clean,
4577-01,129,CET-6,stitch,stitch,stitch,canonical,,stitch,literal,clean,
4578-01,129,CET-4,stock,stock,stock,canonical,,stock,literal,clean,
4579-01,130,CET-4,stocking,stocking,stocking,canonical,,stocking,literal,clean,
4580-01,130,CET-4,stomach,stomach,stomach,canonical,,stomach,literal,clean,
4581-01,130,CET-4,stone,stone,stone,canonical,,stone stony,literal,clean,
4581-02,130,CET-4,stone,stony,stony,derived,,stone stony,literal,clean,
4582-01,130,CET-4,stool,stool,stool,canonical,,stool,literal,clean,
4583-01,130,CET-6,stoop,stoop,stoop,canonical,,stoop,literal,clean,
4584-01,130,CET-4,stop,stop,stop,canonical,,stop stoppage,literal,clean,
4584-02,130,CET-4,stop,stoppage,stoppage,derived,,stop stoppage,literal,clean,
4585-01,130,CET-4,store,store,store,canonical,1,store１,literal,spot_check,同形异义编号已移至 sense_number
4586-01,130,CET-4,store,store,store,canonical,2,store２,literal,spot_check,同形异义编号已移至 sense_number
4587-01,130,CET-4,storm,storm,storm,canonical,,storm stormy,literal,clean,
4587-02,130,CET-4,storm,stormy,stormy,derived,,storm stormy,literal,clean,
4588-01,130,CET-4,story,story,story,canonical,1,story１,literal,spot_check,同形异义编号已移至 sense_number
4589-01,130,CET-4,story,story,story,canonical,2,stor(e)y２,optional_omitted,spot_check,括号可选拼写；同形异义编号已移至 sense_number
4589-02,130,CET-4,story,storey,storey,canonical_variant,2,stor(e)y２,optional_included,spot_check,括号可选拼写；同形异义编号已移至 sense_number
4590-01,130,CET-6,stout,stout,stout,canonical,,stout,literal,clean,
4591-01,130,CET-4,stove,stove,stove,canonical,,stove,literal,clean,
4592-01,130,CET-4,straight,straight,straight,canonical,,straight straighten,literal,clean,
4592-02,130,CET-4,straight,straighten,straighten,derived,,straight straighten,literal,clean,
4593-01,130,CET-4,straightforward,straightforward,straightforward,canonical,,straightforward,literal,clean,
4594-01,130,CET-4,strain,strain,strain,canonical,1,strain１,literal,spot_check,同形异义编号已移至 sense_number
4595-01,130,CET-4,strain,strain,strain,canonical,2,strain２,literal,spot_check,同形异义编号已移至 sense_number
4596-01,130,CET-6,strait,strait,strait,canonical,,strait,literal,clean,
4597-01,130,CET-6,strand,strand,strand,canonical,,strand,literal,clean,
4598-01,130,CET-4,strange,strange,strange,canonical,,strange stranger,literal,clean,
4598-02,130,CET-4,strange,stranger,stranger,derived,,strange stranger,literal,clean,
4599-01,130,CET-6,strangle,strangle,strangle,canonical,,strangle,literal,clean,
4600-01,130,CET-4,strap,strap,strap,canonical,,strap,literal,clean,
4601-01,130,CET-4,strategy,strategy,strategy,canonical,,strategy strategic,literal,clean,
4601-02,130,CET-4,strategy,strategic,strategic,derived,,strategy strategic,literal,clean,
4602-01,130,CET-4,straw,straw,straw,canonical,,straw,literal,clean,
4603-01,130,CET-6,stray,stray,stray,canonical,,stray,literal,clean,
4604-01,130,CET-6,streak,streak,streak,canonical,,streak,literal,clean,
4605-01,130,CET-4,stream,stream,stream,canonical,,stream,literal,clean,
4606-01,130,CET-6,streamline,streamline,streamline,canonical,,streamline,literal,clean,
4607-01,130,CET-4,street,street,street,canonical,,street,literal,clean,
4608-01,130,CET-4,stress,stress,stress,canonical,,stress stressful,literal,clean,
4608-02,130,CET-4,stress,stressful,stressful,derived,,stress stressful,literal,clean,
4609-01,130,CET-4,stretch,stretch,stretch,canonical,,stretch,literal,clean,
4610-01,130,CET-4,strict,strict,strict,canonical,,strict,literal,clean,
4611-01,130,CET-4,stride,stride,stride,canonical,,stride,literal,clean,
4612-01,130,CET-4,strike,strike,strike,canonical,,strike striking,literal,clean,
4612-02,130,CET-4,strike,striking,striking,derived,,strike striking,literal,clean,
4613-01,130,CET-4,string,string,string,canonical,,string,literal,clean,
4614-01,130,CET-4,strip,strip,strip,canonical,,strip,literal,clean,
4615-01,130,CET-4,stripe,stripe,stripe,canonical,,stripe,literal,clean,
4616-01,130,CET-4,strive,strive,strive,canonical,,strive,literal,clean,
4617-01,130,CET-4,stroke,stroke,stroke,canonical,1,stroke１,literal,spot_check,同形异义编号已移至 sense_number
4618-01,130,CET-4,stroke,stroke,stroke,canonical,2,stroke２,literal,spot_check,同形异义编号已移至 sense_number
4619-01,130,CET-6,stroll,stroll,stroll,canonical,,stroll,literal,clean,
4620-01,130,CET-4,strong,strong,strong,canonical,,strong strength strengthen,literal,clean,
4620-02,130,CET-4,strong,strength,strength,derived,,strong strength strengthen,literal,clean,
4620-03,130,CET-4,strong,strengthen,strengthen,derived,,strong strength strengthen,literal,clean,
4621-01,131,CET-4,structure,structure,structure,canonical,,structure structural,literal,clean,
4621-02,131,CET-4,structure,structural,structural,derived,,structure structural,literal,clean,
4622-01,131,CET-4,struggle,struggle,struggle,canonical,,struggle,literal,clean,
4623-01,131,CET-6,stubborn,stubborn,stubborn,canonical,,stubborn,literal,clean,
4624-01,131,CET-4,student,student,student,canonical,,student,literal,clean,
4625-01,131,CET-4,studio,studio,studio,canonical,,studio,literal,clean,
4626-01,131,CET-4,study,study,study,canonical,,study,literal,clean,
4627-01,131,CET-4,stuff,stuff,stuff,canonical,,stuff stuffy stuffing,literal,clean,
4627-02,131,CET-4,stuff,stuffy,stuffy,derived,,stuff stuffy stuffing,literal,clean,
4627-03,131,CET-4,stuff,stuffing,stuffing,derived,,stuff stuffy stuffing,literal,clean,
4628-01,131,CET-6,stumble,stumble,stumble,canonical,,stumble,literal,clean,
4629-01,131,CET-6,stump,stump,stump,canonical,,stump,literal,clean,
4630-01,131,CET-6,stun,stun,stun,canonical,,stun stunning,literal,clean,
4630-02,131,CET-6,stun,stunning,stunning,derived,,stun stunning,literal,clean,
4631-01,131,CET-4,stupid,stupid,stupid,canonical,,stupid stupidity,literal,clean,
4631-02,131,CET-4,stupid,stupidity,stupidity,derived,,stupid stupidity,literal,clean,
4632-01,131,CET-6,sturdy,sturdy,sturdy,canonical,,sturdy,literal,clean,
4633-01,131,CET-4,style,style,style,canonical,,style stylish,literal,clean,
4633-02,131,CET-4,style,stylish,stylish,derived,,style stylish,literal,clean,
4634-01,131,CET-4,subject,subject,subject,canonical,1,subject１,literal,spot_check,同形异义编号已移至 sense_number
4635-01,131,CET-4,subject,subject,subject,canonical,2,subject２,literal,spot_check,同形异义编号已移至 sense_number
4636-01,131,CET-4,subjective,subjective,subjective,canonical,,subjective,literal,clean,
4637-01,131,CET-6,submarine,submarine,submarine,canonical,,submarine,literal,clean,
4638-01,131,CET-6,submerge,submerge,submerge,canonical,,submerge,literal,clean,
4639-01,131,CET-4,submit,submit,submit,canonical,,submit submission submissive,literal,clean,
4639-02,131,CET-4,submit,submission,submission,derived,,submit submission submissive,literal,clean,
4639-03,131,CET-4,submit,submissive,submissive,derived,,submit submission submissive,literal,clean,
4640-01,131,CET-6,subordinate,subordinate,subordinate,canonical,,subordinate subordination,literal,clean,
4640-02,131,CET-6,subordinate,subordination,subordination,derived,,subordinate subordination,literal,clean,
4641-01,131,CET-6,subscribe,subscribe,subscribe,canonical,,subscribe subscription subscriber,literal,clean,
4641-02,131,CET-6,subscribe,subscription,subscription,derived,,subscribe subscription subscriber,literal,clean,
4641-03,131,CET-6,subscribe,subscriber,subscriber,derived,,subscribe subscription subscriber,literal,clean,
4642-01,131,CET-4,subsequent,subsequent,subsequent,canonical,,subsequent,literal,clean,
4643-01,131,CET-6,subsidy,subsidy,subsidy,canonical,,subsidy subsidize/Ｇise,literal,spot_check,PDF 连字符/共享词尾字形已恢复
4643-02,131,CET-6,subsidy,subsidize,subsidize,derived,,subsidy subsidize/Ｇise,literal,spot_check,PDF 连字符/共享词尾字形已恢复
4643-03,131,CET-6,subsidy,subsidise,subsidise,derived_variant,,subsidy subsidize/Ｇise,shared_suffix:-ise,spot_check,共享词尾替换；PDF 连字符/共享词尾字形已恢复
4644-01,131,CET-6,subsistence,subsistence,subsistence,canonical,,subsistence,literal,clean,
4645-01,131,CET-4,substance,substance,substance,canonical,,substance substantial,literal,clean,
4645-02,131,CET-4,substance,substantial,substantial,derived,,substance substantial,literal,clean,
4646-01,131,CET-4,substitute,substitute,substitute,canonical,,substitute substitution,literal,clean,
4646-02,131,CET-4,substitute,substitution,substitution,derived,,substitute substitution,literal,clean,
4647-01,131,CET-6,subtle,subtle,subtle,canonical,,subtle subtlety,literal,clean,
4647-02,131,CET-6,subtle,subtlety,subtlety,derived,,subtle subtlety,literal,clean,
4648-01,131,CET-4,subtract,subtract,subtract,canonical,,subtract subtraction,literal,clean,
4648-02,131,CET-4,subtract,subtraction,subtraction,derived,,subtract subtraction,literal,clean,
4649-01,131,CET-4,suburb,suburb,suburb,canonical,,suburb suburban,literal,clean,
4649-02,131,CET-4,suburb,suburban,suburban,derived,,suburb suburban,literal,clean,
4650-01,131,CET-4,subway,subway,subway,canonical,,subway,literal,clean,
4651-01,131,CET-4,succeed,succeed,succeed,canonical,,succeed successor succession successive,literal,clean,
4651-02,131,CET-4,succeed,successor,successor,derived,,succeed successor succession successive,literal,clean,
4651-03,131,CET-4,succeed,succession,succession,derived,,succeed successor succession successive,literal,clean,
4651-04,131,CET-4,succeed,successive,successive,derived,,succeed successor succession successive,literal,clean,
4652-01,131,CET-4,success,success,success,canonical,,success successful,literal,clean,
4652-02,131,CET-4,success,successful,successful,derived,,success successful,literal,clean,
4653-01,131,CET-4,such,such,such,canonical,,such,literal,clean,
4654-01,131,CET-4,suck,suck,suck,canonical,,suck,literal,clean,
4655-01,131,CET-4,sudden,sudden,sudden,canonical,,sudden suddenly,literal,clean,
4655-02,131,CET-4,sudden,suddenly,suddenly,derived,,sudden suddenly,literal,clean,
4656-01,131,CET-6,sue,sue,sue,canonical,,sue,literal,clean,
4657-01,131,CET-4,suffer,suffer,suffer,canonical,,suffer suffering,literal,clean,
4657-02,131,CET-4,suffer,suffering,suffering,derived,,suffer suffering,literal,clean,
4658-01,131,CET-6,suffice,suffice,suffice,canonical,,suffice,literal,clean,
4659-01,131,CET-4,sufficient,sufficient,sufficient,canonical,,sufficient,literal,clean,
4660-01,131,CET-4,sugar,sugar,sugar,canonical,,sugar,literal,clean,
4661-01,131,CET-4,suggest,suggest,suggest,canonical,,suggest suggestion suggestive,literal,clean,
4661-02,131,CET-4,suggest,suggestion,suggestion,derived,,suggest suggestion suggestive,literal,clean,
4661-03,131,CET-4,suggest,suggestive,suggestive,derived,,suggest suggestion suggestive,literal,clean,
4662-01,131,CET-6,suicide,suicide,suicide,canonical,,suicide suicidal,literal,clean,
4662-02,131,CET-6,suicide,suicidal,suicidal,derived,,suicide suicidal,literal,clean,
4663-01,132,CET-4,suit,suit,suit,canonical,1,suit１,literal,spot_check,同形异义编号已移至 sense_number
4664-01,132,CET-4,suit,suit,suit,canonical,2,suit２,literal,spot_check,同形异义编号已移至 sense_number
4665-01,132,CET-4,suitcase,suitcase,suitcase,canonical,,suitcase,literal,clean,
4666-01,132,CET-6,suite,suite,suite,canonical,,suite,literal,clean,
4667-01,132,CET-6,sulfur,sulfur,sulfur,canonical,,sulfur/sulphur,literal,clean,
4667-02,132,CET-6,sulfur,sulphur,sulphur,canonical_variant,,sulfur/sulphur,slash_alternative:literal,spot_check,斜杠并列形式
4668-01,132,CET-4,sum,sum,sum,canonical,,sum,literal,clean,
4669-01,132,CET-4,summary,summary,summary,canonical,,summary summarize/Ｇise,literal,spot_check,PDF 连字符/共享词尾字形已恢复
4669-02,132,CET-4,summary,summarize,summarize,derived,,summary summarize/Ｇise,literal,spot_check,PDF 连字符/共享词尾字形已恢复
4669-03,132,CET-4,summary,summarise,summarise,derived_variant,,summary summarize/Ｇise,shared_suffix:-ise,spot_check,共享词尾替换；PDF 连字符/共享词尾字形已恢复
4670-01,132,CET-4,summer,summer,summer,canonical,,summer,literal,clean,
4671-01,132,CET-4,summit,summit,summit,canonical,,summit,literal,clean,
4672-01,132,CET-6,summon,summon,summon,canonical,,summon,literal,clean,
4673-01,132,CET-4,sun,sun,sun,canonical,,sun sunny,literal,clean,
4673-02,132,CET-4,sun,sunny,sunny,derived,,sun sunny,literal,clean,
4674-01,132,CET-4,sunday,sunday,Sunday,canonical,,Sunday,literal,clean,
4675-01,132,CET-4,sunlight,sunlight,sunlight,canonical,,sunlight,literal,clean,
4676-01,132,CET-4,sunrise,sunrise,sunrise,canonical,,sunrise,literal,clean,
4677-01,132,CET-4,sunset,sunset,sunset,canonical,,sunset,literal,clean,
4678-01,132,CET-4,sunshine,sunshine,sunshine,canonical,,sunshine,literal,clean,
4679-01,132,CET-4,super,super,super,canonical,,super,literal,clean,
4680-01,132,CET-4,superb,superb,superb,canonical,,superb,literal,clean,
4681-01,132,CET-4,superficial,superficial,superficial,canonical,,superficial,literal,clean,
4682-01,132,CET-6,superintendent,superintendent,superintendent,canonical,,superintendent,literal,clean,
4683-01,132,CET-4,superior,superior,superior,canonical,,superior superiority,literal,clean,
4683-02,132,CET-4,superior,superiority,superiority,derived,,superior superiority,literal,clean,
4684-01,132,CET-4,supermarket,supermarket,supermarket,canonical,,supermarket,literal,clean,
4685-01,132,CET-6,superstition,superstition,superstition,canonical,,superstition superstitious,literal,clean,
4685-02,132,CET-6,superstition,superstitious,superstitious,derived,,superstition superstitious,literal,clean,
4686-01,132,CET-4,supervise,supervise,supervise,canonical,,supervise supervision supervisor,literal,clean,
4686-02,132,CET-4,supervise,supervision,supervision,derived,,supervise supervision supervisor,literal,clean,
4686-03,132,CET-4,supervise,supervisor,supervisor,derived,,supervise supervision supervisor,literal,clean,
4687-01,132,CET-4,supper,supper,supper,canonical,,supper,literal,clean,
4688-01,132,CET-4,supplement,supplement,supplement,canonical,,supplement supplementary,literal,clean,
4688-02,132,CET-4,supplement,supplementary,supplementary,derived,,supplement supplementary,literal,clean,
4689-01,132,CET-4,supply,supply,supply,canonical,,supply supplier,literal,clean,
4689-02,132,CET-4,supply,supplier,supplier,derived,,supply supplier,literal,clean,
4690-01,132,CET-4,support,support,support,canonical,,support supportive supporter,literal,clean,
4690-02,132,CET-4,support,supportive,supportive,derived,,support supportive supporter,literal,clean,
4690-03,132,CET-4,support,supporter,supporter,derived,,support supportive supporter,literal,clean,
4691-01,132,CET-4,suppose,suppose,suppose,canonical,,suppose supposition supposedly,literal,clean,
4691-02,132,CET-4,suppose,supposition,supposition,derived,,suppose supposition supposedly,literal,clean,
4691-03,132,CET-4,suppose,supposedly,supposedly,derived,,suppose supposition supposedly,literal,clean,
4692-01,132,CET-6,suppress,suppress,suppress,canonical,,suppress suppression suppressive,literal,clean,
4692-02,132,CET-6,suppress,suppression,suppression,derived,,suppress suppression suppressive,literal,clean,
4692-03,132,CET-6,suppress,suppressive,suppressive,derived,,suppress suppression suppressive,literal,clean,
4693-01,132,CET-4,supreme,supreme,supreme,canonical,,supreme supremacy,literal,clean,
4693-02,132,CET-4,supreme,supremacy,supremacy,derived,,supreme supremacy,literal,clean,
4694-01,132,CET-4,sure,sure,sure,canonical,,sure,literal,clean,
4695-01,132,CET-4,surf,surf,surf,canonical,,surf surfing,literal,clean,
4695-02,132,CET-4,surf,surfing,surfing,derived,,surf surfing,literal,clean,
4696-01,132,CET-4,surface,surface,surface,canonical,,surface,literal,clean,
4697-01,132,CET-4,surge,surge,surge,canonical,,surge,literal,clean,
4698-01,132,CET-4,surgery,surgery,surgery,canonical,,surgery surgical surgeon,literal,clean,
4698-02,132,CET-4,surgery,surgical,surgical,derived,,surgery surgical surgeon,literal,clean,
4698-03,132,CET-4,surgery,surgeon,surgeon,derived,,surgery surgical surgeon,literal,clean,
4699-01,132,CET-4,surname,surname,surname,canonical,,surname,literal,clean,
4700-01,132,CET-6,surpass,surpass,surpass,canonical,,surpass,literal,clean,
4701-01,132,CET-4,surplus,surplus,surplus,canonical,,surplus,literal,clean,
4702-01,132,CET-4,surprise,surprise,surprise,canonical,,surprise,literal,clean,
4703-01,132,CET-4,surrender,surrender,surrender,canonical,,surrender,literal,clean,
4704-01,132,CET-4,surround,surround,surround,canonical,,surround surroundings,literal,clean,
4704-02,132,CET-4,surround,surroundings,surroundings,derived,,surround surroundings,literal,clean,
4705-01,133,CET-6,surveillance,surveillance,surveillance,canonical,,surveillance,literal,clean,
4706-01,133,CET-4,survey,survey,survey,canonical,,survey,literal,clean,
4707-01,133,CET-4,survive,survive,survive,canonical,,survive survival survivor,literal,clean,
4707-02,133,CET-4,survive,survival,survival,derived,,survive survival survivor,literal,clean,
4707-03,133,CET-4,survive,survivor,survivor,derived,,survive survival survivor,literal,clean,
4708-01,133,CET-6,susceptible,susceptible,susceptible,canonical,,susceptible,literal,clean,
4709-01,133,CET-4,suspect,suspect,suspect,canonical,,suspect,literal,clean,
4710-01,133,CET-4,suspend,suspend,suspend,canonical,,suspend suspension suspense,literal,clean,
4710-02,133,CET-4,suspend,suspension,suspension,derived,,suspend suspension suspense,literal,clean,
4710-03,133,CET-4,suspend,suspense,suspense,derived,,suspend suspension suspense,literal,clean,
4711-01,133,CET-4,suspicion,suspicion,suspicion,canonical,,suspicion suspicious,literal,clean,
4711-02,133,CET-4,suspicion,suspicious,suspicious,derived,,suspicion suspicious,literal,clean,
4712-01,133,CET-4,sustain,sustain,sustain,canonical,,sustain sustainable sustainability,literal,clean,
4712-02,133,CET-4,sustain,sustainable,sustainable,derived,,sustain sustainable sustainability,literal,clean,
4712-03,133,CET-4,sustain,sustainability,sustainability,derived,,sustain sustainable sustainability,literal,clean,
4713-01,133,CET-4,swallow,swallow,swallow,canonical,1,swallow１,literal,spot_check,同形异义编号已移至 sense_number
4714-01,133,CET-4,swallow,swallow,swallow,canonical,2,swallow２,literal,spot_check,同形异义编号已移至 sense_number
4715-01,133,CET-6,swamp,swamp,swamp,canonical,,swamp,literal,clean,
4716-01,133,CET-6,swap,swap,swap,canonical,,swap,literal,clean,
4717-01,133,CET-4,sway,sway,sway,canonical,,sway,literal,clean,
4718-01,133,CET-4,swear,swear,swear,canonical,,swear,literal,clean,
4719-01,133,CET-4,sweat,sweat,sweat,canonical,,sweat sweater,literal,clean,
4719-02,133,CET-4,sweat,sweater,sweater,derived,,sweat sweater,literal,clean,
4720-01,133,CET-4,sweep,sweep,sweep,canonical,,sweep,literal,clean,
4721-01,133,CET-4,sweet,sweet,sweet,canonical,,sweet,literal,clean,
4722-01,133,CET-4,swell,swell,swell,canonical,,swell,literal,clean,
4723-01,133,CET-4,swift,swift,swift,canonical,,swift,literal,clean,
4724-01,133,CET-4,swim,swim,swim,canonical,,swim swimming swimmer,literal,clean,
4724-02,133,CET-4,swim,swimming,swimming,derived,,swim swimming swimmer,literal,clean,
4724-03,133,CET-4,swim,swimmer,swimmer,derived,,swim swimming swimmer,literal,clean,
4725-01,133,CET-4,swing,swing,swing,canonical,,swing,literal,clean,
4726-01,133,CET-4,swipe,swipe,swipe,canonical,,swipe,literal,clean,
4727-01,133,CET-4,switch,switch,switch,canonical,,switch,literal,clean,
4728-01,133,CET-4,sword,sword,sword,canonical,,sword,literal,clean,
4729-01,133,CET-4,symbol,symbol,symbol,canonical,,symbol symbolic(al),literal,clean,
4729-02,133,CET-4,symbol,symbolic,symbolic,derived,,symbol symbolic(al),optional_omitted,spot_check,括号可选拼写
4729-03,133,CET-4,symbol,symbolical,symbolical,derived_variant,,symbol symbolic(al),optional_included,spot_check,括号可选拼写
4730-01,133,CET-6,symmetry,symmetry,symmetry,canonical,,symmetry symmetric(al),literal,clean,
4730-02,133,CET-6,symmetry,symmetric,symmetric,derived,,symmetry symmetric(al),optional_omitted,spot_check,括号可选拼写
4730-03,133,CET-6,symmetry,symmetrical,symmetrical,derived_variant,,symmetry symmetric(al),optional_included,spot_check,括号可选拼写
4731-01,133,CET-4,sympathy,sympathy,sympathy,canonical,,sympathy sympathetic sympathize/Ｇise,literal,spot_check,PDF 连字符/共享词尾字形已恢复
4731-02,133,CET-4,sympathy,sympathetic,sympathetic,derived,,sympathy sympathetic sympathize/Ｇise,literal,spot_check,PDF 连字符/共享词尾字形已恢复
4731-03,133,CET-4,sympathy,sympathize,sympathize,derived,,sympathy sympathetic sympathize/Ｇise,literal,spot_check,PDF 连字符/共享词尾字形已恢复
4731-04,133,CET-4,sympathy,sympathise,sympathise,derived_variant,,sympathy sympathetic sympathize/Ｇise,shared_suffix:-ise,spot_check,共享词尾替换；PDF 连字符/共享词尾字形已恢复
4732-01,133,CET-6,symphony,symphony,symphony,canonical,,symphony,literal,clean,
4733-01,133,CET-6,symposium,symposium,symposium,canonical,,symposium,literal,clean,
4734-01,133,CET-4,symptom,symptom,symptom,canonical,,symptom,literal,clean,
4735-01,133,CET-6,syndicate,syndicate,syndicate,canonical,,syndicate,literal,clean,
4736-01,133,CET-6,syndrome,syndrome,syndrome,canonical,,syndrome,literal,clean,
4737-01,133,CET-6,synonym,synonym,synonym,canonical,,synonym,literal,clean,
4738-01,133,CET-6,synthesis,synthesis,synthesis,canonical,,synthesis synthetic synthesize/Ｇise,literal,spot_check,PDF 连字符/共享词尾字形已恢复
4738-02,133,CET-6,synthesis,synthetic,synthetic,derived,,synthesis synthetic synthesize/Ｇise,literal,spot_check,PDF 连字符/共享词尾字形已恢复
4738-03,133,CET-6,synthesis,synthesize,synthesize,derived,,synthesis synthetic synthesize/Ｇise,literal,spot_check,PDF 连字符/共享词尾字形已恢复
4738-04,133,CET-6,synthesis,synthesise,synthesise,derived_variant,,synthesis synthetic synthesize/Ｇise,shared_suffix:-ise,spot_check,共享词尾替换；PDF 连字符/共享词尾字形已恢复
4739-01,133,CET-4,system,system,system,canonical,,system systematic systematically,literal,clean,
4739-02,133,CET-4,system,systematic,systematic,derived,,system systematic systematically,literal,clean,
4739-03,133,CET-4,system,systematically,systematically,derived,,system systematic systematically,literal,clean,
4740-01,133,CET-4,table,table,table,canonical,,table,literal,clean,
4741-01,133,CET-4,tablet,tablet,tablet,canonical,,tablet,literal,clean,
4742-01,133,CET-6,taboo,taboo,taboo,canonical,,taboo,literal,clean,
4743-01,133,CET-6,tack,tack,tack,canonical,,tack,literal,clean,
4744-01,133,CET-4,tackle,tackle,tackle,canonical,,tackle,literal,clean,
4745-01,133,CET-6,tact,tact,tact,canonical,,tact tactful,literal,clean,
4745-02,133,CET-6,tact,tactful,tactful,derived,,tact tactful,literal,clean,
4746-01,133,CET-6,tactic,tactic,tactic,canonical,,tactic,literal,clean,
4747-01,134,CET-4,tag,tag,tag,canonical,,tag,literal,clean,
4748-01,134,CET-4,tail,tail,tail,canonical,,tail,literal,clean,
4749-01,134,CET-4,tailor,tailor,tailor,canonical,,tailor,literal,clean,
4750-01,134,CET-4,take,take,take,canonical,,take,literal,clean,
4751-01,134,CET-4,takeoff,takeoff,takeoff,canonical,,takeoff,literal,clean,
4752-01,134,CET-4,tale,tale,tale,canonical,,tale,literal,clean,
4753-01,134,CET-4,talent,talent,talent,canonical,,talent talented,literal,clean,
4753-02,134,CET-4,talent,talented,talented,derived,,talent talented,literal,clean,
4754-01,134,CET-4,talk,talk,talk,canonical,,talk talkative,literal,clean,
4754-02,134,CET-4,talk,talkative,talkative,derived,,talk talkative,literal,clean,
4755-01,134,CET-4,tall,tall,tall,canonical,,tall,literal,clean,
4756-01,134,CET-4,tame,tame,tame,canonical,,tame,literal,clean,
4757-01,134,CET-6,tan,tan,tan,canonical,,tan,literal,clean,
4758-01,134,CET-4,tangible,tangible,tangible,canonical,,tangible,literal,clean,
4759-01,134,CET-6,tangle,tangle,tangle,canonical,,tangle,literal,clean,
4760-01,134,CET-4,tank,tank,tank,canonical,,tank,literal,clean,
4761-01,134,CET-6,tanker,tanker,tanker,canonical,,tanker,literal,clean,
4762-01,134,CET-4,tap,tap,tap,canonical,,tap,literal,clean,
4763-01,134,CET-4,tape,tape,tape,canonical,,tape,literal,clean,
4764-01,134,CET-4,target,target,target,canonical,,target,literal,clean,
4765-01,134,CET-6,tariff,tariff,tariff,canonical,,tariff,literal,clean,
4766-01,134,CET-4,task,task,task,canonical,,task,literal,clean,
4767-01,134,CET-4,taste,taste,taste,canonical,,taste tasty,literal,clean,
4767-02,134,CET-4,taste,tasty,tasty,derived,,taste tasty,literal,clean,
4768-01,134,CET-4,tax,tax,tax,canonical,,tax taxation,literal,clean,
4768-02,134,CET-4,tax,taxation,taxation,derived,,tax taxation,literal,clean,
4769-01,134,CET-4,taxi,taxi,taxi,canonical,,taxi,literal,clean,
4770-01,134,CET-4,tea,tea,tea,canonical,,tea,literal,clean,
4771-01,134,CET-4,teach,teach,teach,canonical,,teach teacher teaching,literal,clean,
4771-02,134,CET-4,teach,teacher,teacher,derived,,teach teacher teaching,literal,clean,
4771-03,134,CET-4,teach,teaching,teaching,derived,,teach teacher teaching,literal,clean,
4772-01,134,CET-4,team,team,team,canonical,,team,literal,clean,
4773-01,134,CET-4,tear,tear,tear,canonical,1,tear１,literal,spot_check,同形异义编号已移至 sense_number
4774-01,134,CET-4,tear,tear,tear,canonical,2,tear２,literal,spot_check,同形异义编号已移至 sense_number
4775-01,134,CET-6,tease,tease,tease,canonical,,tease,literal,clean,
4776-01,134,CET-4,technical,technical,technical,canonical,,technical technician,literal,clean,
4776-02,134,CET-4,technical,technician,technician,derived,,technical technician,literal,clean,
4777-01,134,CET-4,technique,technique,technique,canonical,,technique,literal,clean,
4778-01,134,CET-4,technology,technology,technology,canonical,,technology/tech technological,literal,clean,
4778-02,134,CET-4,technology,tech,tech,canonical_variant,,technology/tech technological,slash_alternative:literal,spot_check,斜杠并列形式
4778-03,134,CET-4,technology,technological,technological,derived,,technology/tech technological,literal,clean,
4779-01,134,CET-4,tedious,tedious,tedious,canonical,,tedious,literal,clean,
4780-01,134,CET-4,teen,teen,teen,canonical,,teen,literal,clean,
4781-01,134,CET-4,teenager,teenager,teenager,canonical,,teenager,literal,clean,
4782-01,134,CET-4,telecommunications,telecommunications,telecommunications,canonical,,telecommunications,literal,clean,
4783-01,134,CET-4,telephone,telephone,telephone,canonical,,telephone/phone,literal,clean,
4783-02,134,CET-4,telephone,phone,phone,canonical_variant,,telephone/phone,slash_alternative:literal,spot_check,斜杠并列形式
4784-01,134,CET-4,telescope,telescope,telescope,canonical,,telescope telescopic,literal,clean,
4784-02,134,CET-4,telescope,telescopic,telescopic,derived,,telescope telescopic,literal,clean,
4785-01,134,CET-4,television,television,television,canonical,,television/TV,literal,clean,
4785-02,134,CET-4,television,tv,TV,canonical_variant,,television/TV,slash_alternative:literal,spot_check,斜杠并列形式
4786-01,134,CET-4,tell,tell,tell,canonical,,tell telling,literal,clean,
4786-02,134,CET-4,tell,telling,telling,derived,,tell telling,literal,clean,
4787-01,134,CET-4,teller,teller,teller,canonical,,teller,literal,clean,
4788-01,134,CET-4,temper,temper,temper,canonical,,temper,literal,clean,
4789-01,135,CET-6,temperament,temperament,temperament,canonical,,temperament,literal,clean,
4790-01,135,CET-4,temperature,temperature,temperature,canonical,,temperature,literal,clean,
4791-01,135,CET-4,temple,temple,temple,canonical,,temple,literal,clean,
4792-01,135,CET-6,tempo,tempo,tempo,canonical,,tempo,literal,clean,
4793-01,135,CET-6,temporal,temporal,temporal,canonical,,temporal,literal,clean,
4794-01,135,CET-4,temporary,temporary,temporary,canonical,,temporary temporarily,literal,clean,
4794-02,135,CET-4,temporary,temporarily,temporarily,derived,,temporary temporarily,literal,clean,
4795-01,135,CET-6,tempt,tempt,tempt,canonical,,tempt temptation,literal,clean,
4795-02,135,CET-6,tempt,temptation,temptation,derived,,tempt temptation,literal,clean,
4796-01,135,CET-4,ten,ten,ten,canonical,,ten,literal,clean,
4797-01,135,CET-6,tenant,tenant,tenant,canonical,,tenant,literal,clean,
4798-01,135,CET-4,tend,tend,tend,canonical,,tend tendency,literal,clean,
4798-02,135,CET-4,tend,tendency,tendency,derived,,tend tendency,literal,clean,
4799-01,135,CET-4,tender,tender,tender,canonical,,tender,literal,clean,
4800-01,135,CET-4,tennis,tennis,tennis,canonical,,tennis,literal,clean,
4801-01,135,CET-4,tense,tense,tense,canonical,1,tense１,literal,spot_check,同形异义编号已移至 sense_number
4802-01,135,CET-4,tense,tense,tense,canonical,2,tense２,literal,spot_check,同形异义编号已移至 sense_number
4803-01,135,CET-4,tent,tent,tent,canonical,,tent,literal,clean,
4804-01,135,CET-6,tentative,tentative,tentative,canonical,,tentative,literal,clean,
4805-01,135,CET-6,tenure,tenure,tenure,canonical,,tenure,literal,clean,
4806-01,135,CET-4,term,term,term,canonical,,term,literal,clean,
4807-01,135,CET-4,terminal,terminal,terminal,canonical,,terminal,literal,clean,
4808-01,135,CET-6,terminate,terminate,terminate,canonical,,terminate termination,literal,clean,
4808-02,135,CET-6,terminate,termination,termination,derived,,terminate termination,literal,clean,
4809-01,135,CET-6,terrace,terrace,terrace,canonical,,terrace,literal,clean,
4810-01,135,CET-6,terrain,terrain,terrain,canonical,,terrain,literal,clean,
4811-01,135,CET-4,terrible,terrible,terrible,canonical,,terrible terribly,literal,clean,
4811-02,135,CET-4,terrible,terribly,terribly,derived,,terrible terribly,literal,clean,
4812-01,135,CET-4,terrific,terrific,terrific,canonical,,terrific,literal,clean,
4813-01,135,CET-4,territory,territory,territory,canonical,,territory territorial,literal,clean,
4813-02,135,CET-4,territory,territorial,territorial,derived,,territory territorial,literal,clean,
4814-01,135,CET-4,terror,terror,terror,canonical,,terror terrify terrorism terrorist,literal,clean,
4814-02,135,CET-4,terror,terrify,terrify,derived,,terror terrify terrorism terrorist,literal,clean,
4814-03,135,CET-4,terror,terrorism,terrorism,derived,,terror terrify terrorism terrorist,literal,clean,
4814-04,135,CET-4,terror,terrorist,terrorist,derived,,terror terrify terrorism terrorist,literal,clean,
4815-01,135,CET-6,tertiary,tertiary,tertiary,canonical,,tertiary,literal,clean,
4816-01,135,CET-4,test,test,test,canonical,,test,literal,clean,
4817-01,135,CET-6,testify,testify,testify,canonical,,testify,literal,clean,
4818-01,135,CET-6,testimony,testimony,testimony,canonical,,testimony,literal,clean,
4819-01,135,CET-4,text,text,text,canonical,,text,literal,clean,
4820-01,135,CET-4,textbook,textbook,textbook,canonical,,textbook,literal,clean,
4821-01,135,CET-4,textile,textile,textile,canonical,,textile,literal,clean,
4822-01,135,CET-6,texture,texture,texture,canonical,,texture,literal,clean,
4823-01,135,CET-4,than,than,than,canonical,,than,literal,clean,
4824-01,135,CET-4,thank,thank,thank,canonical,,thank thankful,literal,clean,
4824-02,135,CET-4,thank,thankful,thankful,derived,,thank thankful,literal,clean,
4825-01,135,CET-4,thanksgiving,thanksgiving,Thanksgiving,canonical,,Thanksgiving,literal,clean,
4826-01,135,CET-4,that,that,that,canonical,,that,literal,clean,
4827-01,135,CET-4,the,the,the,canonical,,the,literal,clean,
4828-01,135,CET-4,theater,theater,theater,canonical,,theater/Ｇtre theatrical,literal,spot_check,PDF 连字符/共享词尾字形已恢复
4828-02,135,CET-4,theater,theatre,theatre,canonical_variant,,theater/Ｇtre theatrical,shared_suffix:-tre,spot_check,共享词尾替换；PDF 连字符/共享词尾字形已恢复
4828-03,135,CET-4,theater,theatrical,theatrical,derived,,theater/Ｇtre theatrical,literal,spot_check,PDF 连字符/共享词尾字形已恢复
4829-01,135,CET-4,theft,theft,theft,canonical,,theft,literal,clean,
4830-01,135,CET-4,their,their,their,canonical,,their,literal,clean,
4831-01,136,CET-4,theirs,theirs,theirs,canonical,,theirs,literal,clean,
4832-01,136,CET-4,them,them,them,canonical,,them,literal,clean,
4833-01,136,CET-4,theme,theme,theme,canonical,,theme,literal,clean,
4834-01,136,CET-4,themselves,themselves,themselves,canonical,,themselves,literal,clean,
4835-01,136,CET-4,then,then,then,canonical,,then,literal,clean,
4836-01,136,CET-4,theory,theory,theory,canonical,,theory theoretical,literal,clean,
4836-02,136,CET-4,theory,theoretical,theoretical,derived,,theory theoretical,literal,clean,
4837-01,136,CET-4,therapy,therapy,therapy,canonical,,therapy therapist therapeutic(al),literal,clean,
4837-02,136,CET-4,therapy,therapist,therapist,derived,,therapy therapist therapeutic(al),literal,clean,
4837-03,136,CET-4,therapy,therapeutic,therapeutic,derived,,therapy therapist therapeutic(al),optional_omitted,spot_check,括号可选拼写
4837-04,136,CET-4,therapy,therapeutical,therapeutical,derived_variant,,therapy therapist therapeutic(al),optional_included,spot_check,括号可选拼写
4838-01,136,CET-4,there,there,there,canonical,,there,literal,clean,
4839-01,136,CET-4,thereby,thereby,thereby,canonical,,thereby,literal,clean,
4840-01,136,CET-4,therefore,therefore,therefore,canonical,,therefore,literal,clean,
4841-01,136,CET-6,thermal,thermal,thermal,canonical,,thermal,literal,clean,
4842-01,136,CET-4,thermometer,thermometer,thermometer,canonical,,thermometer,literal,clean,
4843-01,136,CET-4,these,these,these,canonical,,these,literal,clean,
4844-01,136,CET-4,thesis,thesis,thesis,canonical,,thesis,literal,clean,
4845-01,136,CET-4,they,they,they,canonical,,they,literal,clean,
4846-01,136,CET-4,thick,thick,thick,canonical,,thick,literal,clean,
4847-01,136,CET-4,thief,thief,thief,canonical,,thief,literal,clean,
4848-01,136,CET-6,thigh,thigh,thigh,canonical,,thigh,literal,clean,
4849-01,136,CET-4,thin,thin,thin,canonical,,thin,literal,clean,
4850-01,136,CET-4,thing,thing,thing,canonical,,thing,literal,clean,
4851-01,136,CET-4,think,think,think,canonical,,think thinking,literal,clean,
4851-02,136,CET-4,think,thinking,thinking,derived,,think thinking,literal,clean,
4852-01,136,CET-4,third,third,third,canonical,,third,literal,clean,
4853-01,136,CET-4,thirst,thirst,thirst,canonical,,thirst thirsty,literal,clean,
4853-02,136,CET-4,thirst,thirsty,thirsty,derived,,thirst thirsty,literal,clean,
4854-01,136,CET-4,thirteen,thirteen,thirteen,canonical,,thirteen,literal,clean,
4855-01,136,CET-4,thirty,thirty,thirty,canonical,,thirty,literal,clean,
4856-01,136,CET-4,this,this,this,canonical,,this,literal,clean,
4857-01,136,CET-6,thorn,thorn,thorn,canonical,,thorn thorny,literal,clean,
4857-02,136,CET-6,thorn,thorny,thorny,derived,,thorn thorny,literal,clean,
4858-01,136,CET-4,thorough,thorough,thorough,canonical,,thorough,literal,clean,
4859-01,136,CET-4,those,those,those,canonical,,those,literal,clean,
4860-01,136,CET-4,though,though,though,canonical,,though,literal,clean,
4861-01,136,CET-4,thought,thought,thought,canonical,,thought thoughtful,literal,clean,
4861-02,136,CET-4,thought,thoughtful,thoughtful,derived,,thought thoughtful,literal,clean,
4862-01,136,CET-4,thousand,thousand,thousand,canonical,,thousand,literal,clean,
4863-01,136,CET-4,thread,thread,thread,canonical,,thread,literal,clean,
4864-01,136,CET-4,threat,threat,threat,canonical,,threat threaten,literal,clean,
4864-02,136,CET-4,threat,threaten,threaten,derived,,threat threaten,literal,clean,
4865-01,136,CET-4,three,three,three,canonical,,three,literal,clean,
4866-01,136,CET-6,threshold,threshold,threshold,canonical,,threshold,literal,clean,
4867-01,136,CET-6,thrift,thrift,thrift,canonical,,thrift thrifty,literal,clean,
4867-02,136,CET-6,thrift,thrifty,thrifty,derived,,thrift thrifty,literal,clean,
4868-01,136,CET-6,thrill,thrill,thrill,canonical,,thrill thriller,literal,clean,
4868-02,136,CET-6,thrill,thriller,thriller,derived,,thrill thriller,literal,clean,
4869-01,136,CET-4,thrive,thrive,thrive,canonical,,thrive,literal,clean,
4870-01,136,CET-4,throat,throat,throat,canonical,,throat,literal,clean,
4871-01,136,CET-6,throne,throne,throne,canonical,,throne,literal,clean,
4872-01,136,CET-4,through,through,through,canonical,,through,literal,clean,
4873-01,137,CET-4,throughout,throughout,throughout,canonical,,throughout,literal,clean,
4874-01,137,CET-4,throw,throw,throw,canonical,,throw,literal,clean,
4875-01,137,CET-4,thrust,thrust,thrust,canonical,,thrust,literal,clean,
4876-01,137,CET-4,thumb,thumb,thumb,canonical,,thumb,literal,clean,
4877-01,137,CET-4,thunder,thunder,thunder,canonical,,thunder thunderous,literal,clean,
4877-02,137,CET-4,thunder,thunderous,thunderous,derived,,thunder thunderous,literal,clean,
4878-01,137,CET-4,thursday,thursday,Thursday,canonical,,Thursday,literal,clean,
4879-01,137,CET-4,thus,thus,thus,canonical,,thus,literal,clean,
4880-01,137,CET-4,tick,tick,tick,canonical,,tick,literal,clean,
4881-01,137,CET-4,ticket,ticket,ticket,canonical,,ticket,literal,clean,
4882-01,137,CET-6,tickle,tickle,tickle,canonical,,tickle,literal,clean,
4883-01,137,CET-4,tide,tide,tide,canonical,,tide tidal,literal,clean,
4883-02,137,CET-4,tide,tidal,tidal,derived,,tide tidal,literal,clean,
4884-01,137,CET-4,tidy,tidy,tidy,canonical,,tidy,literal,clean,
4885-01,137,CET-4,tie,tie,tie,canonical,,tie,literal,clean,
4886-01,137,CET-4,tiger,tiger,tiger,canonical,,tiger tigress,literal,clean,
4886-02,137,CET-4,tiger,tigress,tigress,derived,,tiger tigress,literal,clean,
4887-01,137,CET-4,tight,tight,tight,canonical,,tight tighten,literal,clean,
4887-02,137,CET-4,tight,tighten,tighten,derived,,tight tighten,literal,clean,
4888-01,137,CET-6,tile,tile,tile,canonical,,tile,literal,clean,
4889-01,137,CET-4,till,till,till,canonical,,till,literal,clean,
4890-01,137,CET-6,tilt,tilt,tilt,canonical,,tilt,literal,clean,
4891-01,137,CET-4,timber,timber,timber,canonical,,timber,literal,clean,
4892-01,137,CET-4,time,time,time,canonical,,time timely timing,literal,clean,
4892-02,137,CET-4,time,timely,timely,derived,,time timely timing,literal,clean,
4892-03,137,CET-4,time,timing,timing,derived,,time timely timing,literal,clean,
4893-01,137,CET-6,timid,timid,timid,canonical,,timid,literal,clean,
4894-01,137,CET-4,tin,tin,tin,canonical,,tin,literal,clean,
4895-01,137,CET-4,tiny,tiny,tiny,canonical,,tiny,literal,clean,
4896-01,137,CET-4,tip,tip,tip,canonical,,tip,literal,clean,
4897-01,137,CET-4,tire,tire,tire,canonical,,tire tired tiring tireless tiresome,literal,clean,
4897-02,137,CET-4,tire,tired,tired,derived,,tire tired tiring tireless tiresome,literal,clean,
4897-03,137,CET-4,tire,tiring,tiring,derived,,tire tired tiring tireless tiresome,literal,clean,
4897-04,137,CET-4,tire,tireless,tireless,derived,,tire tired tiring tireless tiresome,literal,clean,
4897-05,137,CET-4,tire,tiresome,tiresome,derived,,tire tired tiring tireless tiresome,literal,clean,
4898-01,137,CET-4,tissue,tissue,tissue,canonical,,tissue,literal,clean,
4899-01,137,CET-4,title,title,title,canonical,,title,literal,clean,
4900-01,137,CET-4,to,to,to,canonical,,to,literal,clean,
4901-01,137,CET-4,toast,toast,toast,canonical,,toast,literal,clean,
4902-01,137,CET-4,tobacco,tobacco,tobacco,canonical,,tobacco,literal,clean,
4903-01,137,CET-4,today,today,today,canonical,,today,literal,clean,
4904-01,137,CET-4,toe,toe,toe,canonical,,toe,literal,clean,
4905-01,137,CET-4,together,together,together,canonical,,together,literal,clean,
4906-01,137,CET-6,toil,toil,toil,canonical,,toil,literal,clean,
4907-01,137,CET-4,toilet,toilet,toilet,canonical,,toilet,literal,clean,
4908-01,137,CET-4,token,token,token,canonical,,token,literal,clean,
4909-01,137,CET-4,tolerate,tolerate,tolerate,canonical,,tolerate tolerance tolerant tolerable,literal,clean,
4909-02,137,CET-4,tolerate,tolerance,tolerance,derived,,tolerate tolerance tolerant tolerable,literal,clean,
4909-03,137,CET-4,tolerate,tolerant,tolerant,derived,,tolerate tolerance tolerant tolerable,literal,clean,
4909-04,137,CET-4,tolerate,tolerable,tolerable,derived,,tolerate tolerance tolerant tolerable,literal,clean,
4910-01,137,CET-4,toll,toll,toll,canonical,,toll,literal,clean,
4911-01,137,CET-4,tomato,tomato,tomato,canonical,,tomato,literal,clean,
4912-01,137,CET-4,tomorrow,tomorrow,tomorrow,canonical,,tomorrow,literal,clean,
4913-01,137,CET-4,ton,ton,ton,canonical,,ton tonnage,literal,clean,
4913-02,137,CET-4,ton,tonnage,tonnage,derived,,ton tonnage,literal,clean,
4914-01,137,CET-4,tone,tone,tone,canonical,,tone,literal,clean,
4915-01,138,CET-4,tongue,tongue,tongue,canonical,,tongue,literal,clean,
4916-01,138,CET-4,tonight,tonight,tonight,canonical,,tonight,literal,clean,
4917-01,138,CET-4,too,too,too,canonical,,too,literal,clean,
4918-01,138,CET-4,tool,tool,tool,canonical,,tool,literal,clean,
4919-01,138,CET-4,tooth,tooth,tooth,canonical,,tooth,literal,clean,
4920-01,138,CET-4,top,top,top,canonical,,top,literal,clean,
4921-01,138,CET-4,topic,topic,topic,canonical,,topic topical,literal,clean,
4921-02,138,CET-4,topic,topical,topical,derived,,topic topical,literal,clean,
4922-01,138,CET-6,topple,topple,topple,canonical,,topple,literal,clean,
4923-01,138,CET-4,torch,torch,torch,canonical,,torch,literal,clean,
4924-01,138,CET-6,tornado,tornado,tornado,canonical,,tornado,literal,clean,
4925-01,138,CET-4,torture,torture,torture,canonical,,torture,literal,clean,
4926-01,138,CET-4,toss,toss,toss,canonical,,toss,literal,clean,
4927-01,138,CET-4,total,total,total,canonical,,total,literal,clean,
4928-01,138,CET-4,touch,touch,touch,canonical,,touch,literal,clean,
4929-01,138,CET-4,tough,tough,tough,canonical,,tough,literal,clean,
4930-01,138,CET-4,tour,tour,tour,canonical,,tour tourism tourist,literal,clean,
4930-02,138,CET-4,tour,tourism,tourism,derived,,tour tourism tourist,literal,clean,
4930-03,138,CET-4,tour,tourist,tourist,derived,,tour tourism tourist,literal,clean,
4931-01,138,CET-6,tournament,tournament,tournament,canonical,,tournament,literal,clean,
4932-01,138,CET-6,tow,tow,tow,canonical,,tow,literal,clean,
4933-01,138,CET-4,toward,toward,toward,canonical,,toward(s),optional_omitted,spot_check,括号可选拼写
4933-02,138,CET-4,toward,towards,towards,canonical_variant,,toward(s),optional_included,spot_check,括号可选拼写
4934-01,138,CET-4,towel,towel,towel,canonical,,towel,literal,clean,
4935-01,138,CET-4,tower,tower,tower,canonical,,tower,literal,clean,
4936-01,138,CET-4,town,town,town,canonical,,town township,literal,clean,
4936-02,138,CET-4,town,township,township,derived,,town township,literal,clean,
4937-01,138,CET-6,toxic,toxic,toxic,canonical,,toxic,literal,clean,
4938-01,138,CET-4,toy,toy,toy,canonical,,toy,literal,clean,
4939-01,138,CET-4,trace,trace,trace,canonical,,trace,literal,clean,
4940-01,138,CET-4,track,track,track,canonical,,track,literal,clean,
4941-01,138,CET-6,tract,tract,tract,canonical,,tract,literal,clean,
4942-01,138,CET-4,tractor,tractor,tractor,canonical,,tractor,literal,clean,
4943-01,138,CET-4,trade,trade,trade,canonical,,trade,literal,clean,
4944-01,138,CET-4,trademark,trademark,trademark,canonical,,trademark,literal,clean,
4945-01,138,CET-4,tradition,tradition,tradition,canonical,,tradition traditional,literal,clean,
4945-02,138,CET-4,tradition,traditional,traditional,derived,,tradition traditional,literal,clean,
4946-01,138,CET-4,traffic,traffic,traffic,canonical,,traffic trafficking,literal,clean,
4946-02,138,CET-4,traffic,trafficking,trafficking,derived,,traffic trafficking,literal,clean,
4947-01,138,CET-4,tragedy,tragedy,tragedy,canonical,,tragedy tragic tragically,literal,clean,
4947-02,138,CET-4,tragedy,tragic,tragic,derived,,tragedy tragic tragically,literal,clean,
4947-03,138,CET-4,tragedy,tragically,tragically,derived,,tragedy tragic tragically,literal,clean,
4948-01,138,CET-4,trail,trail,trail,canonical,,trail trailer,literal,clean,
4948-02,138,CET-4,trail,trailer,trailer,derived,,trail trailer,literal,clean,
4949-01,138,CET-4,train,train,train,canonical,,train trainer trainee training,literal,clean,
4949-02,138,CET-4,train,trainer,trainer,derived,,train trainer trainee training,literal,clean,
4949-03,138,CET-4,train,trainee,trainee,derived,,train trainer trainee training,literal,clean,
4949-04,138,CET-4,train,training,training,derived,,train trainer trainee training,literal,clean,
4950-01,138,CET-6,trait,trait,trait,canonical,,trait,literal,clean,
4951-01,138,CET-4,tram,tram,tram,canonical,,tram,literal,clean,
4952-01,138,CET-6,tranquil,tranquil,tranquil,canonical,,tranquil tranquility,literal,clean,
4952-02,138,CET-6,tranquil,tranquility,tranquility,derived,,tranquil tranquility,literal,clean,
4953-01,138,CET-4,transaction,transaction,transaction,canonical,,transaction,literal,clean,
4954-01,138,CET-6,transcend,transcend,transcend,canonical,,transcend,literal,clean,
4955-01,138,CET-4,transcript,transcript,transcript,canonical,,transcript,literal,clean,
4956-01,138,CET-4,transfer,transfer,transfer,canonical,,transfer transference,literal,clean,
4956-02,138,CET-4,transfer,transference,transference,derived,,transfer transference,literal,clean,
4957-01,139,CET-4,transform,transform,transform,canonical,,transform transformation,literal,clean,
4957-02,139,CET-4,transform,transformation,transformation,derived,,transform transformation,literal,clean,
4958-01,139,CET-6,transient,transient,transient,canonical,,transient,literal,clean,
4959-01,139,CET-6,transistor,transistor,transistor,canonical,,transistor,literal,clean,
4960-01,139,CET-4,transit,transit,transit,canonical,,transit,literal,clean,
4961-01,139,CET-6,transition,transition,transition,canonical,,transition transitional,literal,clean,
4961-02,139,CET-6,transition,transitional,transitional,derived,,transition transitional,literal,clean,
4962-01,139,CET-4,translate,translate,translate,canonical,,translate translation translator,literal,clean,
4962-02,139,CET-4,translate,translation,translation,derived,,translate translation translator,literal,clean,
4962-03,139,CET-4,translate,translator,translator,derived,,translate translation translator,literal,clean,
4963-01,139,CET-4,transmit,transmit,transmit,canonical,,transmit transmission transmitter,literal,clean,
4963-02,139,CET-4,transmit,transmission,transmission,derived,,transmit transmission transmitter,literal,clean,
4963-03,139,CET-4,transmit,transmitter,transmitter,derived,,transmit transmission transmitter,literal,clean,
4964-01,139,CET-4,transparent,transparent,transparent,canonical,,transparent transparency,literal,clean,
4964-02,139,CET-4,transparent,transparency,transparency,derived,,transparent transparency,literal,clean,
4965-01,139,CET-4,transplant,transplant,transplant,canonical,,transplant transplantation,literal,clean,
4965-02,139,CET-4,transplant,transplantation,transplantation,derived,,transplant transplantation,literal,clean,
4966-01,139,CET-4,transport,transport,transport,canonical,,transport transportation,literal,clean,
4966-02,139,CET-4,transport,transportation,transportation,derived,,transport transportation,literal,clean,
4967-01,139,CET-4,trap,trap,trap,canonical,,trap,literal,clean,
4968-01,139,CET-4,trash,trash,trash,canonical,,trash,literal,clean,
4969-01,139,CET-6,trauma,trauma,trauma,canonical,,trauma traumatic,literal,clean,
4969-02,139,CET-6,trauma,traumatic,traumatic,derived,,trauma traumatic,literal,clean,
4970-01,139,CET-4,travel,travel,travel,canonical,,travel,literal,clean,
4971-01,139,CET-4,tray,tray,tray,canonical,,tray,literal,clean,
4972-01,139,CET-6,tread,tread,tread,canonical,,tread,literal,clean,
4973-01,139,CET-4,treasure,treasure,treasure,canonical,,treasure,literal,clean,
4974-01,139,CET-6,treasury,treasury,treasury,canonical,,treasury treasurer,literal,clean,
4974-02,139,CET-6,treasury,treasurer,treasurer,derived,,treasury treasurer,literal,clean,
4975-01,139,CET-4,treat,treat,treat,canonical,,treat treatment,literal,clean,
4975-02,139,CET-4,treat,treatment,treatment,derived,,treat treatment,literal,clean,
4976-01,139,CET-4,treaty,treaty,treaty,canonical,,treaty,literal,clean,
4977-01,139,CET-4,tree,tree,tree,canonical,,tree,literal,clean,
4978-01,139,CET-6,trek,trek,trek,canonical,,trek,literal,clean,
4979-01,139,CET-4,tremble,tremble,tremble,canonical,,tremble,literal,clean,
4980-01,139,CET-4,tremendous,tremendous,tremendous,canonical,,tremendous,literal,clean,
4981-01,139,CET-6,trench,trench,trench,canonical,,trench,literal,clean,
4982-01,139,CET-4,trend,trend,trend,canonical,,trend,literal,clean,
4983-01,139,CET-4,trial,trial,trial,canonical,,trial,literal,clean,
4984-01,139,CET-4,triangle,triangle,triangle,canonical,,triangle triangular,literal,clean,
4984-02,139,CET-4,triangle,triangular,triangular,derived,,triangle triangular,literal,clean,
4985-01,139,CET-6,tribe,tribe,tribe,canonical,,tribe tribal,literal,clean,
4985-02,139,CET-6,tribe,tribal,tribal,derived,,tribe tribal,literal,clean,
4986-01,139,CET-6,tribune,tribune,tribune,canonical,,tribune,literal,clean,
4987-01,139,CET-6,tribute,tribute,tribute,canonical,,tribute,literal,clean,
4988-01,139,CET-4,trick,trick,trick,canonical,,trick tricky,literal,clean,
4988-02,139,CET-4,trick,tricky,tricky,derived,,trick tricky,literal,clean,
4989-01,139,CET-6,trickle,trickle,trickle,canonical,,trickle,literal,clean,
4990-01,139,CET-4,trifle,trifle,trifle,canonical,,trifle,literal,clean,
4991-01,139,CET-4,trigger,trigger,trigger,canonical,,trigger,literal,clean,
4992-01,139,CET-6,trillion,trillion,trillion,canonical,,trillion,literal,clean,
4993-01,139,CET-6,trim,trim,trim,canonical,,trim,literal,clean,
4994-01,139,CET-4,trip,trip,trip,canonical,,trip,literal,clean,
4995-01,139,CET-4,triple,triple,triple,canonical,,triple,literal,clean,
4996-01,139,CET-4,triumph,triumph,triumph,canonical,,triumph triumphant,literal,clean,
4996-02,139,CET-4,triumph,triumphant,triumphant,derived,,triumph triumphant,literal,clean,
4997-01,139,CET-6,trivial,trivial,trivial,canonical,,trivial,literal,clean,
4998-01,139,CET-4,trolley,trolley,trolley,canonical,,trolley,literal,clean,
4999-01,140,CET-4,troop,troop,troop,canonical,,troop,literal,clean,
5000-01,140,CET-6,trophy,trophy,trophy,canonical,,trophy,literal,clean,
5001-01,140,CET-6,tropic,tropic,tropic,canonical,,tropic tropical,literal,clean,
5001-02,140,CET-6,tropic,tropical,tropical,derived,,tropic tropical,literal,clean,
5002-01,140,CET-4,trouble,trouble,trouble,canonical,,trouble troublesome,literal,clean,
5002-02,140,CET-4,trouble,troublesome,troublesome,derived,,trouble troublesome,literal,clean,
5003-01,140,CET-4,trousers,trousers,trousers,canonical,,trousers,literal,clean,
5004-01,140,CET-4,truck,truck,truck,canonical,,truck,literal,clean,
5005-01,140,CET-4,true,true,true,canonical,,true truly,literal,clean,
5005-02,140,CET-4,true,truly,truly,derived,,true truly,literal,clean,
5006-01,140,CET-6,trumpet,trumpet,trumpet,canonical,,trumpet,literal,clean,
5007-01,140,CET-4,trunk,trunk,trunk,canonical,,trunk,literal,clean,
5008-01,140,CET-4,trust,trust,trust,canonical,,trust trustee,literal,clean,
5008-02,140,CET-4,trust,trustee,trustee,derived,,trust trustee,literal,clean,
5009-01,140,CET-4,truth,truth,truth,canonical,,truth truthful,literal,clean,
5009-02,140,CET-4,truth,truthful,truthful,derived,,truth truthful,literal,clean,
5010-01,140,CET-4,try,try,try,canonical,,try trial trying,literal,clean,
5010-02,140,CET-4,try,trial,trial,derived,,try trial trying,literal,clean,
5010-03,140,CET-4,try,trying,trying,derived,,try trial trying,literal,clean,
5011-01,140,CET-6,tub,tub,tub,canonical,,tub,literal,clean,
5012-01,140,CET-4,tube,tube,tube,canonical,,tube,literal,clean,
5013-01,140,CET-6,tuck,tuck,tuck,canonical,,tuck,literal,clean,
5014-01,140,CET-4,tuesday,tuesday,Tuesday,canonical,,Tuesday,literal,clean,
5015-01,140,CET-6,tug,tug,tug,canonical,,tug,literal,clean,
5016-01,140,CET-4,tuition,tuition,tuition,canonical,,tuition,literal,clean,
5017-01,140,CET-6,tumble,tumble,tumble,canonical,,tumble,literal,clean,
5018-01,140,CET-4,tumor,tumor,tumor,canonical,,tumo(u)r,optional_omitted,spot_check,括号可选拼写
5018-02,140,CET-4,tumor,tumour,tumour,canonical_variant,,tumo(u)r,optional_included,spot_check,括号可选拼写
5019-01,140,CET-4,tune,tune,tune,canonical,,tune,literal,clean,
5020-01,140,CET-4,tunnel,tunnel,tunnel,canonical,,tunnel,literal,clean,
5021-01,140,CET-6,turbulent,turbulent,turbulent,canonical,,turbulent turbulence,literal,clean,
5021-02,140,CET-6,turbulent,turbulence,turbulence,derived,,turbulent turbulence,literal,clean,
5022-01,140,CET-4,turkey,turkey,turkey,canonical,,turkey,literal,clean,
5023-01,140,CET-6,turmoil,turmoil,turmoil,canonical,,turmoil,literal,clean,
5024-01,140,CET-4,turn,turn,turn,canonical,,turn,literal,clean,
5025-01,140,CET-6,turnout,turnout,turnout,canonical,,turnout,literal,clean,
5026-01,140,CET-6,turnover,turnover,turnover,canonical,,turnover,literal,clean,
5027-01,140,CET-6,turtle,turtle,turtle,canonical,,turtle,literal,clean,
5028-01,140,CET-4,tutor,tutor,tutor,canonical,,tutor tutorial,literal,clean,
5028-02,140,CET-4,tutor,tutorial,tutorial,derived,,tutor tutorial,literal,clean,
5029-01,140,CET-4,twelve,twelve,twelve,canonical,,twelve twelfth,literal,clean,
5029-02,140,CET-4,twelve,twelfth,twelfth,derived,,twelve twelfth,literal,clean,
5030-01,140,CET-4,twenty,twenty,twenty,canonical,,twenty twentieth,literal,clean,
5030-02,140,CET-4,twenty,twentieth,twentieth,derived,,twenty twentieth,literal,clean,
5031-01,140,CET-4,twice,twice,twice,canonical,,twice,literal,clean,
5032-01,140,CET-4,twin,twin,twin,canonical,,twin,literal,clean,
5033-01,140,CET-4,twist,twist,twist,canonical,,twist,literal,clean,
5034-01,140,CET-4,two,two,two,canonical,,two,literal,clean,
5035-01,140,CET-4,type,type,type,canonical,,type typist,literal,clean,
5035-02,140,CET-4,type,typist,typist,derived,,type typist,literal,clean,
5036-01,140,CET-4,typewriter,typewriter,typewriter,canonical,,typewriter,literal,clean,
5037-01,140,CET-4,typical,typical,typical,canonical,,typical,literal,clean,
5038-01,140,CET-4,tyre,tyre,tyre,canonical,,tyre/tire,literal,clean,
5038-02,140,CET-4,tyre,tire,tire,canonical_variant,,tyre/tire,slash_alternative:literal,spot_check,斜杠并列形式
5039-01,140,CET-4,ugly,ugly,ugly,canonical,,ugly ugliness,literal,clean,
5039-02,140,CET-4,ugly,ugliness,ugliness,derived,,ugly ugliness,literal,clean,
5040-01,140,CET-4,ultimate,ultimate,ultimate,canonical,,ultimate ultimately,literal,clean,
5040-02,140,CET-4,ultimate,ultimately,ultimately,derived,,ultimate ultimately,literal,clean,
5041-01,141,CET-6,ultra,ultra,ultra,canonical,,ultra,literal,clean,
5042-01,141,CET-4,umbrella,umbrella,umbrella,canonical,,umbrella,literal,clean,
5043-01,141,CET-6,unanimous,unanimous,unanimous,canonical,,unanimous,literal,clean,
5044-01,141,CET-4,uncertain,uncertain,uncertain,canonical,,uncertain uncertainty,literal,clean,
5044-02,141,CET-4,uncertain,uncertainty,uncertainty,derived,,uncertain uncertainty,literal,clean,
5045-01,141,CET-4,uncle,uncle,uncle,canonical,,uncle,literal,clean,
5046-01,141,CET-4,uncover,uncover,uncover,canonical,,uncover,literal,clean,
5047-01,141,CET-4,under,under,under,canonical,,under,literal,clean,
5048-01,141,CET-4,underdeveloped,underdeveloped,underdeveloped,canonical,,underdeveloped,literal,clean,
5049-01,141,CET-4,underestimate,underestimate,underestimate,canonical,,underestimate,literal,clean,
5050-01,141,CET-4,undergo,undergo,undergo,canonical,,undergo,literal,clean,
5051-01,141,CET-4,undergraduate,undergraduate,undergraduate,canonical,,undergraduate,literal,clean,
5052-01,141,CET-4,underground,underground,underground,canonical,,underground,literal,clean,
5053-01,141,CET-6,underlie,underlie,underlie,canonical,,underlie underlying,literal,clean,
5053-02,141,CET-6,underlie,underlying,underlying,derived,,underlie underlying,literal,clean,
5054-01,141,CET-4,underline,underline,underline,canonical,,underline,literal,clean,
5055-01,141,CET-4,undermine,undermine,undermine,canonical,,undermine,literal,clean,
5056-01,141,CET-4,underneath,underneath,underneath,canonical,,underneath,literal,clean,
5057-01,141,CET-4,understand,understand,understand,canonical,,understand understanding,literal,clean,
5057-02,141,CET-4,understand,understanding,understanding,derived,,understand understanding,literal,clean,
5058-01,141,CET-4,undertake,undertake,undertake,canonical,,undertake undertaking,literal,clean,
5058-02,141,CET-4,undertake,undertaking,undertaking,derived,,undertake undertaking,literal,clean,
5059-01,141,CET-4,underwear,underwear,underwear,canonical,,underwear,literal,clean,
5060-01,141,CET-4,undo,undo,undo,canonical,,undo,literal,clean,
5061-01,141,CET-4,undoubtedly,undoubtedly,undoubtedly,canonical,,undoubtedly,literal,clean,
5062-01,141,CET-4,uneasy,uneasy,uneasy,canonical,,uneasy,literal,clean,
5063-01,141,CET-4,unemployed,unemployed,unemployed,canonical,,unemployed unemployment,literal,clean,
5063-02,141,CET-4,unemployed,unemployment,unemployment,derived,,unemployed unemployment,literal,clean,
5064-01,141,CET-6,unfold,unfold,unfold,canonical,,unfold,literal,clean,
5065-01,141,CET-4,uniform,uniform,uniform,canonical,,uniform uniformity,literal,clean,
5065-02,141,CET-4,uniform,uniformity,uniformity,derived,,uniform uniformity,literal,clean,
5066-01,141,CET-6,unify,unify,unify,canonical,,unify unification,literal,clean,
5066-02,141,CET-6,unify,unification,unification,derived,,unify unification,literal,clean,
5067-01,141,CET-6,unilateral,unilateral,unilateral,canonical,,unilateral,literal,clean,
5068-01,141,CET-4,union,union,union,canonical,,union,literal,clean,
5069-01,141,CET-4,unique,unique,unique,canonical,,unique,literal,clean,
5070-01,141,CET-4,unit,unit,unit,canonical,,unit,literal,clean,
5071-01,141,CET-4,unite,unite,unite,canonical,,unite unity,literal,clean,
5071-02,141,CET-4,unite,unity,unity,derived,,unite unity,literal,clean,
5072-01,141,CET-4,universe,universe,universe,canonical,,universe universal,literal,clean,
5072-02,141,CET-4,universe,universal,universal,derived,,universe universal,literal,clean,
5073-01,141,CET-4,university,university,university,canonical,,university,literal,clean,
5074-01,141,CET-6,unleash,unleash,unleash,canonical,,unleash,literal,clean,
5075-01,141,CET-4,unless,unless,unless,canonical,,unless,literal,clean,
5076-01,141,CET-6,unprecedented,unprecedented,unprecedented,canonical,,unprecedented,literal,clean,
5077-01,141,CET-4,until,until,until,canonical,,until,literal,clean,
5078-01,141,CET-6,unveil,unveil,unveil,canonical,,unveil,literal,clean,
5079-01,141,CET-4,up,up,up,canonical,,up,literal,clean,
5080-01,141,CET-4,update,update,update,canonical,,update,literal,clean,
5081-01,141,CET-4,upgrade,upgrade,upgrade,canonical,,upgrade,literal,clean,
5082-01,141,CET-6,uphold,uphold,uphold,canonical,,uphold,literal,clean,
5083-01,142,CET-4,upload,upload,upload,canonical,,upload,literal,clean,
5084-01,142,CET-4,upon,upon,upon,canonical,,upon,literal,clean,
5085-01,142,CET-4,upper,upper,upper,canonical,,upper,literal,clean,
5086-01,142,CET-4,upright,upright,upright,canonical,,upright,literal,clean,
5087-01,142,CET-6,uprising,uprising,uprising,canonical,,uprising,literal,clean,
5088-01,142,CET-4,upset,upset,upset,canonical,,upset,literal,clean,
5089-01,142,CET-4,upstairs,upstairs,upstairs,canonical,,upstairs,literal,clean,
5090-01,142,CET-4,up-to-date,up-to-date,up-to-date,canonical,,upＧtoＧdate,literal,spot_check,PDF 连字符/共享词尾字形已恢复
5091-01,142,CET-4,upward,upward,upward,canonical,,upward upwards,literal,clean,
5091-02,142,CET-4,upward,upwards,upwards,derived,,upward upwards,literal,clean,
5092-01,142,CET-6,uranium,uranium,uranium,canonical,,uranium,literal,clean,
5093-01,142,CET-4,urban,urban,urban,canonical,,urban urbanize/Ｇise urbanization/Ｇsation,literal,spot_check,PDF 连字符/共享词尾字形已恢复
5093-02,142,CET-4,urban,urbanize,urbanize,derived,,urban urbanize/Ｇise urbanization/Ｇsation,literal,spot_check,PDF 连字符/共享词尾字形已恢复
5093-03,142,CET-4,urban,urbanise,urbanise,derived_variant,,urban urbanize/Ｇise urbanization/Ｇsation,shared_suffix:-ise,spot_check,共享词尾替换；PDF 连字符/共享词尾字形已恢复
5093-04,142,CET-4,urban,urbanization,urbanization,derived,,urban urbanize/Ｇise urbanization/Ｇsation,literal,spot_check,PDF 连字符/共享词尾字形已恢复
5093-05,142,CET-4,urban,urbanisation,urbanisation,derived_variant,,urban urbanize/Ｇise urbanization/Ｇsation,shared_suffix:-sation,spot_check,共享词尾替换；PDF 连字符/共享词尾字形已恢复
5094-01,142,CET-4,urge,urge,urge,canonical,,urge,literal,clean,
5095-01,142,CET-4,urgent,urgent,urgent,canonical,,urgent urgency,literal,clean,
5095-02,142,CET-4,urgent,urgency,urgency,derived,,urgent urgency,literal,clean,
5096-01,142,CET-6,urine,urine,urine,canonical,,urine urinate,literal,clean,
5096-02,142,CET-6,urine,urinate,urinate,derived,,urine urinate,literal,clean,
5097-01,142,CET-4,us,us,us,canonical,,us,literal,clean,
5098-01,142,CET-4,usage,usage,usage,canonical,,usage,literal,clean,
5099-01,142,CET-4,use,use,use,canonical,,use user useful useless,literal,clean,
5099-02,142,CET-4,use,user,user,derived,,use user useful useless,literal,clean,
5099-03,142,CET-4,use,useful,useful,derived,,use user useful useless,literal,clean,
5099-04,142,CET-4,use,useless,useless,derived,,use user useful useless,literal,clean,
5100-01,142,CET-4,used,used,used,canonical,,used,literal,clean,
5101-01,142,CET-4,usual,usual,usual,canonical,,usual usually,literal,clean,
5101-02,142,CET-4,usual,usually,usually,derived,,usual usually,literal,clean,
5102-01,142,CET-4,utility,utility,utility,canonical,,utility,literal,clean,
5103-01,142,CET-4,utilize,utilize,utilize,canonical,,utilize/Ｇise utilization/Ｇsation,literal,spot_check,PDF 连字符/共享词尾字形已恢复
5103-02,142,CET-4,utilize,utilise,utilise,canonical_variant,,utilize/Ｇise utilization/Ｇsation,shared_suffix:-ise,spot_check,共享词尾替换；PDF 连字符/共享词尾字形已恢复
5103-03,142,CET-4,utilize,utilization,utilization,derived,,utilize/Ｇise utilization/Ｇsation,literal,spot_check,PDF 连字符/共享词尾字形已恢复
5103-04,142,CET-4,utilize,utilisation,utilisation,derived_variant,,utilize/Ｇise utilization/Ｇsation,shared_suffix:-sation,spot_check,共享词尾替换；PDF 连字符/共享词尾字形已恢复
5104-01,142,CET-4,utmost,utmost,utmost,canonical,,utmost,literal,clean,
5105-01,142,CET-4,utter,utter,utter,canonical,1,utter１,literal,spot_check,同形异义编号已移至 sense_number
5106-01,142,CET-4,utter,utter,utter,canonical,2,utter２,literal,spot_check,同形异义编号已移至 sense_number
5107-01,142,CET-4,vacant,vacant,vacant,canonical,,vacant vacancy,literal,clean,
5107-02,142,CET-4,vacant,vacancy,vacancy,derived,,vacant vacancy,literal,clean,
5108-01,142,CET-4,vacation,vacation,vacation,canonical,,vacation,literal,clean,
5109-01,142,CET-6,vaccine,vaccine,vaccine,canonical,,vaccine vaccinate vaccination,literal,clean,
5109-02,142,CET-6,vaccine,vaccinate,vaccinate,derived,,vaccine vaccinate vaccination,literal,clean,
5109-03,142,CET-6,vaccine,vaccination,vaccination,derived,,vaccine vaccinate vaccination,literal,clean,
5110-01,142,CET-4,vacuum,vacuum,vacuum,canonical,,vacuum,literal,clean,
5111-01,142,CET-4,vague,vague,vague,canonical,,vague,literal,clean,
5112-01,142,CET-4,vain,vain,vain,canonical,,vain vanity,literal,clean,
5112-02,142,CET-4,vain,vanity,vanity,derived,,vain vanity,literal,clean,
5113-01,142,CET-4,valid,valid,valid,canonical,,valid validate validity,literal,clean,
5113-02,142,CET-4,valid,validate,validate,derived,,valid validate validity,literal,clean,
5113-03,142,CET-4,valid,validity,validity,derived,,valid validate validity,literal,clean,
5114-01,142,CET-4,valley,valley,valley,canonical,,valley,literal,clean,
5115-01,142,CET-4,value,value,value,canonical,,value valuable,literal,clean,
5115-02,142,CET-4,value,valuable,valuable,derived,,value valuable,literal,clean,
5116-01,142,CET-6,valve,valve,valve,canonical,,valve,literal,clean,
5117-01,142,CET-4,van,van,van,canonical,,van,literal,clean,
5118-01,142,CET-4,vanish,vanish,vanish,canonical,,vanish,literal,clean,
5119-01,142,CET-4,vapor,vapor,vapor,canonical,,vapo(u)r,optional_omitted,spot_check,括号可选拼写
5119-02,142,CET-4,vapor,vapour,vapour,canonical_variant,,vapo(u)r,optional_included,spot_check,括号可选拼写
5120-01,142,CET-4,various,various,various,canonical,,various variety,literal,clean,
5120-02,142,CET-4,various,variety,variety,derived,,various variety,literal,clean,
5121-01,142,CET-4,vary,vary,vary,canonical,,vary variation variable variant,literal,clean,
5121-02,142,CET-4,vary,variation,variation,derived,,vary variation variable variant,literal,clean,
5121-03,142,CET-4,vary,variable,variable,derived,,vary variation variable variant,literal,clean,
5121-04,142,CET-4,vary,variant,variant,derived,,vary variation variable variant,literal,clean,
5122-01,142,CET-4,vast,vast,vast,canonical,,vast,literal,clean,
5123-01,142,CET-4,vegetable,vegetable,vegetable,canonical,,vegetable vegetarian,literal,clean,
5123-02,142,CET-4,vegetable,vegetarian,vegetarian,derived,,vegetable vegetarian,literal,clean,
5124-01,142,CET-6,vegetation,vegetation,vegetation,canonical,,vegetation,literal,clean,
5125-01,143,CET-4,vehicle,vehicle,vehicle,canonical,,vehicle,literal,clean,
5126-01,143,CET-4,veil,veil,veil,canonical,,veil,literal,clean,
5127-01,143,CET-6,vein,vein,vein,canonical,,vein,literal,clean,
5128-01,143,CET-6,velocity,velocity,velocity,canonical,,velocity,literal,clean,
5129-01,143,CET-6,velvet,velvet,velvet,canonical,,velvet,literal,clean,
5130-01,143,CET-4,vendor,vendor,vendor,canonical,,vendor,literal,clean,
5131-01,143,CET-6,vent,vent,vent,canonical,,vent,literal,clean,
5132-01,143,CET-6,ventilate,ventilate,ventilate,canonical,,ventilate ventilation,literal,clean,
5132-02,143,CET-6,ventilate,ventilation,ventilation,derived,,ventilate ventilation,literal,clean,
5133-01,143,CET-4,venture,venture,venture,canonical,,venture,literal,clean,
5134-01,143,CET-6,venue,venue,venue,canonical,,venue,literal,clean,
5135-01,143,CET-4,verb,verb,verb,canonical,,verb verbal,literal,clean,
5135-02,143,CET-4,verb,verbal,verbal,derived,,verb verbal,literal,clean,
5136-01,143,CET-6,verdict,verdict,verdict,canonical,,verdict,literal,clean,
5137-01,143,CET-6,verge,verge,verge,canonical,,verge,literal,clean,
5138-01,143,CET-4,verify,verify,verify,canonical,,verify verification,literal,clean,
5138-02,143,CET-4,verify,verification,verification,derived,,verify verification,literal,clean,
5139-01,143,CET-6,versatile,versatile,versatile,canonical,,versatile,literal,clean,
5140-01,143,CET-6,verse,verse,verse,canonical,,verse,literal,clean,
5141-01,143,CET-4,version,version,version,canonical,,version,literal,clean,
5142-01,143,CET-4,versus,versus,versus,canonical,,versus,literal,clean,
5143-01,143,CET-4,vertical,vertical,vertical,canonical,,vertical,literal,clean,
5144-01,143,CET-4,very,very,very,canonical,,very,literal,clean,
5145-01,143,CET-4,vessel,vessel,vessel,canonical,,vessel,literal,clean,
5146-01,143,CET-6,vest,vest,vest,canonical,,vest,literal,clean,
5147-01,143,CET-4,veteran,veteran,veteran,canonical,,veteran,literal,clean,
5148-01,143,CET-4,veto,veto,veto,canonical,,veto,literal,clean,
5149-01,143,CET-4,via,via,via,canonical,,via,literal,clean,
5150-01,143,CET-6,viable,viable,viable,canonical,,viable,literal,clean,
5151-01,143,CET-6,vibrate,vibrate,vibrate,canonical,,vibrate vibration,literal,clean,
5151-02,143,CET-6,vibrate,vibration,vibration,derived,,vibrate vibration,literal,clean,
5152-01,143,CET-6,vice,vice,vice,canonical,,vice,literal,clean,
5153-01,143,CET-6,vicinity,vicinity,vicinity,canonical,,vicinity,literal,clean,
5154-01,143,CET-6,vicious,vicious,vicious,canonical,,vicious,literal,clean,
5155-01,143,CET-4,victim,victim,victim,canonical,,victim victimize,literal,clean,
5155-02,143,CET-4,victim,victimize,victimize,derived,,victim victimize,literal,clean,
5156-01,143,CET-4,victory,victory,victory,canonical,,victory victorious,literal,clean,
5156-02,143,CET-4,victory,victorious,victorious,derived,,victory victorious,literal,clean,
5157-01,143,CET-4,video,video,video,canonical,,video,literal,clean,
5158-01,143,CET-4,view,view,view,canonical,,view,literal,clean,
5159-01,143,CET-4,viewpoint,viewpoint,viewpoint,canonical,,viewpoint,literal,clean,
5160-01,143,CET-4,vigor,vigor,vigor,canonical,,vigor vigorous,literal,clean,
5160-02,143,CET-4,vigor,vigorous,vigorous,derived,,vigor vigorous,literal,clean,
5161-01,143,CET-4,village,village,village,canonical,,village villager,literal,clean,
5161-02,143,CET-4,village,villager,villager,derived,,village villager,literal,clean,
5162-01,143,CET-4,vinegar,vinegar,vinegar,canonical,,vinegar,literal,clean,
5163-01,143,CET-4,violate,violate,violate,canonical,,violate violation,literal,clean,
5163-02,143,CET-4,violate,violation,violation,derived,,violate violation,literal,clean,
5164-01,143,CET-4,violent,violent,violent,canonical,,violent violence,literal,clean,
5164-02,143,CET-4,violent,violence,violence,derived,,violent violence,literal,clean,
5165-01,143,CET-4,violin,violin,violin,canonical,,violin violinist,literal,clean,
5165-02,143,CET-4,violin,violinist,violinist,derived,,violin violinist,literal,clean,
5166-01,143,CET-6,virgin,virgin,virgin,canonical,,virgin virginity,literal,clean,
5166-02,143,CET-6,virgin,virginity,virginity,derived,,virgin virginity,literal,clean,
5167-01,144,CET-4,virtual,virtual,virtual,canonical,,virtual virtually,literal,clean,
5167-02,144,CET-4,virtual,virtually,virtually,derived,,virtual virtually,literal,clean,
5168-01,144,CET-4,virtue,virtue,virtue,canonical,,virtue virtuous,literal,clean,
5168-02,144,CET-4,virtue,virtuous,virtuous,derived,,virtue virtuous,literal,clean,
5169-01,144,CET-4,virus,virus,virus,canonical,,virus,literal,clean,
5170-01,144,CET-4,visa,visa,visa,canonical,,visa,literal,clean,
5171-01,144,CET-4,visible,visible,visible,canonical,,visible visibility,literal,clean,
5171-02,144,CET-4,visible,visibility,visibility,derived,,visible visibility,literal,clean,
5172-01,144,CET-4,vision,vision,vision,canonical,,vision visionary,literal,clean,
5172-02,144,CET-4,vision,visionary,visionary,derived,,vision visionary,literal,clean,
5173-01,144,CET-4,visit,visit,visit,canonical,,visit visitor,literal,clean,
5173-02,144,CET-4,visit,visitor,visitor,derived,,visit visitor,literal,clean,
5174-01,144,CET-4,visual,visual,visual,canonical,,visual visualize/Ｇise,literal,spot_check,PDF 连字符/共享词尾字形已恢复
5174-02,144,CET-4,visual,visualize,visualize,derived,,visual visualize/Ｇise,literal,spot_check,PDF 连字符/共享词尾字形已恢复
5174-03,144,CET-4,visual,visualise,visualise,derived_variant,,visual visualize/Ｇise,shared_suffix:-ise,spot_check,共享词尾替换；PDF 连字符/共享词尾字形已恢复
5175-01,144,CET-4,vital,vital,vital,canonical,,vital vitality,literal,clean,
5175-02,144,CET-4,vital,vitality,vitality,derived,,vital vitality,literal,clean,
5176-01,144,CET-4,vitamin,vitamin,vitamin,canonical,,vitamin,literal,clean,
5177-01,144,CET-4,vivid,vivid,vivid,canonical,,vivid,literal,clean,
5178-01,144,CET-4,vocabulary,vocabulary,vocabulary,canonical,,vocabulary,literal,clean,
5179-01,144,CET-6,vocal,vocal,vocal,canonical,,vocal,literal,clean,
5180-01,144,CET-4,vocation,vocation,vocation,canonical,,vocation vocational,literal,clean,
5180-02,144,CET-4,vocation,vocational,vocational,derived,,vocation vocational,literal,clean,
5181-01,144,CET-6,vogue,vogue,vogue,canonical,,vogue,literal,clean,
5182-01,144,CET-4,voice,voice,voice,canonical,,voice,literal,clean,
5183-01,144,CET-6,void,void,void,canonical,,void,literal,clean,
5184-01,144,CET-6,volatile,volatile,volatile,canonical,,volatile volatility,literal,clean,
5184-02,144,CET-6,volatile,volatility,volatility,derived,,volatile volatility,literal,clean,
5185-01,144,CET-4,volcano,volcano,volcano,canonical,,volcano volcanic,literal,clean,
5185-02,144,CET-4,volcano,volcanic,volcanic,derived,,volcano volcanic,literal,clean,
5186-01,144,CET-4,volleyball,volleyball,volleyball,canonical,,volleyball,literal,clean,
5187-01,144,CET-4,volt,volt,volt,canonical,,volt voltage,literal,clean,
5187-02,144,CET-4,volt,voltage,voltage,derived,,volt voltage,literal,clean,
5188-01,144,CET-4,volume,volume,volume,canonical,,volume voluminous,literal,clean,
5188-02,144,CET-4,volume,voluminous,voluminous,derived,,volume voluminous,literal,clean,
5189-01,144,CET-4,volunteer,volunteer,volunteer,canonical,,volunteer voluntary,literal,clean,
5189-02,144,CET-4,volunteer,voluntary,voluntary,derived,,volunteer voluntary,literal,clean,
5190-01,144,CET-4,vote,vote,vote,canonical,,vote voter,literal,clean,
5190-02,144,CET-4,vote,voter,voter,derived,,vote voter,literal,clean,
5191-01,144,CET-6,voucher,voucher,voucher,canonical,,voucher,literal,clean,
5192-01,144,CET-6,vow,vow,vow,canonical,,vow,literal,clean,
5193-01,144,CET-4,voyage,voyage,voyage,canonical,,voyage,literal,clean,
5194-01,144,CET-6,vulgar,vulgar,vulgar,canonical,,vulgar,literal,clean,
5195-01,144,CET-4,vulnerable,vulnerable,vulnerable,canonical,,vulnerable vulnerability,literal,clean,
5195-02,144,CET-4,vulnerable,vulnerability,vulnerability,derived,,vulnerable vulnerability,literal,clean,
5196-01,144,CET-4,wage,wage,wage,canonical,,wage,literal,clean,
5197-01,144,CET-4,wagon,wagon,wagon,canonical,,wag(g)on,optional_omitted,spot_check,括号可选拼写
5197-02,144,CET-4,wagon,waggon,waggon,canonical_variant,,wag(g)on,optional_included,spot_check,括号可选拼写
5198-01,144,CET-4,waist,waist,waist,canonical,,waist,literal,clean,
5199-01,144,CET-4,wait,wait,wait,canonical,,wait waiter/waitress,literal,clean,
5199-02,144,CET-4,wait,waiter,waiter,derived,,wait waiter/waitress,literal,clean,
5199-03,144,CET-4,wait,waitress,waitress,derived_variant,,wait waiter/waitress,slash_alternative:literal,spot_check,斜杠并列形式
5200-01,144,CET-6,waive,waive,waive,canonical,,waive waiver,literal,clean,
5200-02,144,CET-6,waive,waiver,waiver,derived,,waive waiver,literal,clean,
5201-01,144,CET-4,wake,wake,wake,canonical,,wake waken,literal,clean,
5201-02,144,CET-4,wake,waken,waken,derived,,wake waken,literal,clean,
5202-01,144,CET-4,walk,walk,walk,canonical,,walk,literal,clean,
5203-01,144,CET-4,wall,wall,wall,canonical,,wall,literal,clean,
5204-01,144,CET-4,wallet,wallet,wallet,canonical,,wallet,literal,clean,
5205-01,144,CET-4,wander,wander,wander,canonical,,wander,literal,clean,
5206-01,144,CET-4,want,want,want,canonical,,want,literal,clean,
5207-01,144,CET-4,war,war,war,canonical,,war,literal,clean,
5208-01,144,CET-4,ward,ward,ward,canonical,,ward,literal,clean,
5209-01,145,CET-6,wardrobe,wardrobe,wardrobe,canonical,,wardrobe,literal,clean,
5210-01,145,CET-4,ware,ware,ware,canonical,,ware,literal,clean,
5211-01,145,CET-4,warehouse,warehouse,warehouse,canonical,,warehouse,literal,clean,
5212-01,145,CET-4,warfare,warfare,warfare,canonical,,warfare,literal,clean,
5213-01,145,CET-4,warm,warm,warm,canonical,,warm warmth,literal,clean,
5213-02,145,CET-4,warm,warmth,warmth,derived,,warm warmth,literal,clean,
5214-01,145,CET-4,warn,warn,warn,canonical,,warn warning,literal,clean,
5214-02,145,CET-4,warn,warning,warning,derived,,warn warning,literal,clean,
5215-01,145,CET-6,warrant,warrant,warrant,canonical,,warrant,literal,clean,
5216-01,145,CET-6,warranty,warranty,warranty,canonical,,warranty,literal,clean,
5217-01,145,CET-4,warrior,warrior,warrior,canonical,,warrior,literal,clean,
5218-01,145,CET-4,wary,wary,wary,canonical,,wary,literal,clean,
5219-01,145,CET-4,wash,wash,wash,canonical,,wash washing,literal,clean,
5219-02,145,CET-4,wash,washing,washing,derived,,wash washing,literal,clean,
5220-01,145,CET-4,waste,waste,waste,canonical,,waste wasteful,literal,clean,
5220-02,145,CET-4,waste,wasteful,wasteful,derived,,waste wasteful,literal,clean,
5221-01,145,CET-4,watch,watch,watch,canonical,,watch watchful,literal,clean,
5221-02,145,CET-4,watch,watchful,watchful,derived,,watch watchful,literal,clean,
5222-01,145,CET-4,water,water,water,canonical,,water,literal,clean,
5223-01,145,CET-4,waterproof,waterproof,waterproof,canonical,,waterproof,literal,clean,
5224-01,145,CET-4,watertight,watertight,watertight,canonical,,watertight,literal,clean,
5225-01,145,CET-6,watt,watt,watt,canonical,,watt,literal,clean,
5226-01,145,CET-4,wave,wave,wave,canonical,,wave wavy,literal,clean,
5226-02,145,CET-4,wave,wavy,wavy,derived,,wave wavy,literal,clean,
5227-01,145,CET-4,wax,wax,wax,canonical,,wax,literal,clean,
5228-01,145,CET-4,way,way,way,canonical,,way,literal,clean,
5229-01,145,CET-4,we,we,we,canonical,,we,literal,clean,
5230-01,145,CET-4,weak,weak,weak,canonical,,weak weaken weakness,literal,clean,
5230-02,145,CET-4,weak,weaken,weaken,derived,,weak weaken weakness,literal,clean,
5230-03,145,CET-4,weak,weakness,weakness,derived,,weak weaken weakness,literal,clean,
5231-01,145,CET-4,wealth,wealth,wealth,canonical,,wealth wealthy,literal,clean,
5231-02,145,CET-4,wealth,wealthy,wealthy,derived,,wealth wealthy,literal,clean,
5232-01,145,CET-4,weapon,weapon,weapon,canonical,,weapon,literal,clean,
5233-01,145,CET-4,wear,wear,wear,canonical,,wear,literal,clean,
5234-01,145,CET-6,weary,weary,weary,canonical,,weary weariness,literal,clean,
5234-02,145,CET-6,weary,weariness,weariness,derived,,weary weariness,literal,clean,
5235-01,145,CET-4,weather,weather,weather,canonical,,weather,literal,clean,
5236-01,145,CET-4,weave,weave,weave,canonical,,weave,literal,clean,
5237-01,145,CET-4,web,web,web,canonical,,web,literal,clean,
5238-01,145,CET-4,webcast,webcast,webcast,canonical,,webcast,literal,clean,
5239-01,145,CET-4,website,website,website,canonical,,website,literal,clean,
5240-01,145,CET-4,wed,wed,wed,canonical,,wed wedding,literal,clean,
5240-02,145,CET-4,wed,wedding,wedding,derived,,wed wedding,literal,clean,
5241-01,145,CET-6,wedge,wedge,wedge,canonical,,wedge,literal,clean,
5242-01,145,CET-4,wednesday,wednesday,Wednesday,canonical,,Wednesday,literal,clean,
5243-01,145,CET-4,weed,weed,weed,canonical,,weed,literal,clean,
5244-01,145,CET-4,week,week,week,canonical,,week weekly,literal,clean,
5244-02,145,CET-4,week,weekly,weekly,derived,,week weekly,literal,clean,
5245-01,145,CET-4,weekday,weekday,weekday,canonical,,weekday,literal,clean,
5246-01,145,CET-4,weekend,weekend,weekend,canonical,,weekend,literal,clean,
5247-01,145,CET-4,weep,weep,weep,canonical,,weep,literal,clean,
5248-01,145,CET-4,weigh,weigh,weigh,canonical,,weigh weight,literal,clean,
5248-02,145,CET-4,weigh,weight,weight,derived,,weigh weight,literal,clean,
5249-01,145,CET-4,weird,weird,weird,canonical,,weird,literal,clean,
5250-01,145,CET-4,welcome,welcome,welcome,canonical,,welcome,literal,clean,
5251-01,146,CET-4,welfare,welfare,welfare,canonical,,welfare,literal,clean,
5252-01,146,CET-4,well,well,well,canonical,1,well１,literal,spot_check,同形异义编号已移至 sense_number
5253-01,146,CET-4,well,well,well,canonical,2,well２,literal,spot_check,同形异义编号已移至 sense_number
5254-01,146,CET-4,well-being,well-being,well-being,canonical,,wellＧbeing,literal,spot_check,PDF 连字符/共享词尾字形已恢复
5255-01,146,CET-4,well-known,well-known,well-known,canonical,,wellＧknown,literal,spot_check,PDF 连字符/共享词尾字形已恢复
5256-01,146,CET-4,well-off,well-off,well-off,canonical,,wellＧoff,literal,spot_check,PDF 连字符/共享词尾字形已恢复
5257-01,146,CET-4,west,west,west,canonical,,west western westerner,literal,clean,
5257-02,146,CET-4,west,western,western,derived,,west western westerner,literal,clean,
5257-03,146,CET-4,west,westerner,westerner,derived,,west western westerner,literal,clean,
5258-01,146,CET-4,wet,wet,wet,canonical,,wet,literal,clean,
5259-01,146,CET-4,whale,whale,whale,canonical,,whale,literal,clean,
5260-01,146,CET-6,wharf,wharf,wharf,canonical,,wharf,literal,clean,
5261-01,146,CET-4,what,what,what,canonical,,what whatever whatsoever,literal,clean,
5261-02,146,CET-4,what,whatever,whatever,derived,,what whatever whatsoever,literal,clean,
5261-03,146,CET-4,what,whatsoever,whatsoever,derived,,what whatever whatsoever,literal,clean,
5262-01,146,CET-4,wheat,wheat,wheat,canonical,,wheat,literal,clean,
5263-01,146,CET-4,wheel,wheel,wheel,canonical,,wheel,literal,clean,
5264-01,146,CET-4,when,when,when,canonical,,when whenever,literal,clean,
5264-02,146,CET-4,when,whenever,whenever,derived,,when whenever,literal,clean,
5265-01,146,CET-4,where,where,where,canonical,,where wherever,literal,clean,
5265-02,146,CET-4,where,wherever,wherever,derived,,where wherever,literal,clean,
5266-01,146,CET-6,whereabouts,whereabouts,whereabouts,canonical,,whereabouts,literal,clean,
5267-01,146,CET-4,whereas,whereas,whereas,canonical,,whereas,literal,clean,
5268-01,146,CET-6,whereby,whereby,whereby,canonical,,whereby,literal,clean,
5269-01,146,CET-4,whether,whether,whether,canonical,,whether,literal,clean,
5270-01,146,CET-4,which,which,which,canonical,,which whichever,literal,clean,
5270-02,146,CET-4,which,whichever,whichever,derived,,which whichever,literal,clean,
5271-01,146,CET-4,while,while,while,canonical,,while/whilst,literal,clean,
5271-02,146,CET-4,while,whilst,whilst,canonical_variant,,while/whilst,slash_alternative:literal,spot_check,斜杠并列形式
5272-01,146,CET-4,whip,whip,whip,canonical,,whip,literal,clean,
5273-01,146,CET-6,whirl,whirl,whirl,canonical,,whirl,literal,clean,
5274-01,146,CET-4,whisky,whisky,whisky,canonical,,whisky,literal,clean,
5275-01,146,CET-4,whisper,whisper,whisper,canonical,,whisper,literal,clean,
5276-01,146,CET-4,whistle,whistle,whistle,canonical,,whistle,literal,clean,
5277-01,146,CET-4,white,white,white,canonical,,white,literal,clean,
5278-01,146,CET-4,who,who,who,canonical,,who whoever,literal,clean,
5278-02,146,CET-4,who,whoever,whoever,derived,,who whoever,literal,clean,
5279-01,146,CET-4,whole,whole,whole,canonical,,whole wholly,literal,clean,
5279-02,146,CET-4,whole,wholly,wholly,derived,,whole wholly,literal,clean,
5280-01,146,CET-6,wholesale,wholesale,wholesale,canonical,,wholesale,literal,clean,
5281-01,146,CET-6,wholesome,wholesome,wholesome,canonical,,wholesome,literal,clean,
5282-01,146,CET-4,whom,whom,whom,canonical,,whom,literal,clean,
5283-01,146,CET-4,whose,whose,whose,canonical,,whose,literal,clean,
5284-01,146,CET-4,why,why,why,canonical,,why,literal,clean,
5285-01,146,CET-6,wicked,wicked,wicked,canonical,,wicked,literal,clean,
5286-01,146,CET-4,wide,wide,wide,canonical,,wide width widen,literal,clean,
5286-02,146,CET-4,wide,width,width,derived,,wide width widen,literal,clean,
5286-03,146,CET-4,wide,widen,widen,derived,,wide width widen,literal,clean,
5287-01,146,CET-4,widespread,widespread,widespread,canonical,,widespread,literal,clean,
5288-01,146,CET-4,widow,widow,widow,canonical,,widow widower,literal,clean,
5288-02,146,CET-4,widow,widower,widower,derived,,widow widower,literal,clean,
5289-01,146,CET-6,wield,wield,wield,canonical,,wield,literal,clean,
5290-01,146,CET-4,wife,wife,wife,canonical,,wife,literal,clean,
5291-01,146,CET-4,wild,wild,wild,canonical,,wild,literal,clean,
5292-01,146,CET-4,wilderness,wilderness,wilderness,canonical,,wilderness,literal,clean,
5293-01,147,CET-4,wildlife,wildlife,wildlife,canonical,,wildlife,literal,clean,
5294-01,147,CET-4,will,will,will,canonical,,will willing willingness,literal,clean,
5294-02,147,CET-4,will,willing,willing,derived,,will willing willingness,literal,clean,
5294-03,147,CET-4,will,willingness,willingness,derived,,will willing willingness,literal,clean,
5295-01,147,CET-4,willpower,willpower,willpower,canonical,,willpower,literal,clean,
5296-01,147,CET-4,win,win,win,canonical,,win winner,literal,clean,
5296-02,147,CET-4,win,winner,winner,derived,,win winner,literal,clean,
5297-01,147,CET-4,wind,wind,wind,canonical,1,wind１,literal,spot_check,同形异义编号已移至 sense_number
5298-01,147,CET-4,wind,wind,wind,canonical,2,wind２,literal,spot_check,同形异义编号已移至 sense_number
5299-01,147,CET-4,window,window,window,canonical,,window,literal,clean,
5300-01,147,CET-4,wine,wine,wine,canonical,,wine winery,literal,clean,
5300-02,147,CET-4,wine,winery,winery,derived,,wine winery,literal,clean,
5301-01,147,CET-4,wing,wing,wing,canonical,,wing,literal,clean,
5302-01,147,CET-6,wink,wink,wink,canonical,,wink,literal,clean,
5303-01,147,CET-4,winter,winter,winter,canonical,,winter,literal,clean,
5304-01,147,CET-4,wipe,wipe,wipe,canonical,,wipe,literal,clean,
5305-01,147,CET-4,wire,wire,wire,canonical,,wire wireless,literal,clean,
5305-02,147,CET-4,wire,wireless,wireless,derived,,wire wireless,literal,clean,
5306-01,147,CET-4,wise,wise,wise,canonical,,wise wisdom,literal,clean,
5306-02,147,CET-4,wise,wisdom,wisdom,derived,,wise wisdom,literal,clean,
5307-01,147,CET-4,wish,wish,wish,canonical,,wish,literal,clean,
5308-01,147,CET-4,wit,wit,wit,canonical,,wit witty,literal,clean,
5308-02,147,CET-4,wit,witty,witty,derived,,wit witty,literal,clean,
5309-01,147,CET-6,witch,witch,witch,canonical,,witch,literal,clean,
5310-01,147,CET-4,with,with,with,canonical,,with,literal,clean,
5311-01,147,CET-4,withdraw,withdraw,withdraw,canonical,,withdraw withdrawal,literal,clean,
5311-02,147,CET-4,withdraw,withdrawal,withdrawal,derived,,withdraw withdrawal,literal,clean,
5312-01,147,CET-6,wither,wither,wither,canonical,,wither,literal,clean,
5313-01,147,CET-6,withhold,withhold,withhold,canonical,,withhold,literal,clean,
5314-01,147,CET-4,within,within,within,canonical,,within,literal,clean,
5315-01,147,CET-4,without,without,without,canonical,,without,literal,clean,
5316-01,147,CET-4,withstand,withstand,withstand,canonical,,withstand,literal,clean,
5317-01,147,CET-4,witness,witness,witness,canonical,,witness,literal,clean,
5318-01,147,CET-4,wolf,wolf,wolf,canonical,,wolf,literal,clean,
5319-01,147,CET-4,woman,woman,woman,canonical,,woman,literal,clean,
5320-01,147,CET-4,wonder,wonder,wonder,canonical,,wonder wonderful,literal,clean,
5320-02,147,CET-4,wonder,wonderful,wonderful,derived,,wonder wonderful,literal,clean,
5321-01,147,CET-4,wood,wood,wood,canonical,,wood wooden,literal,clean,
5321-02,147,CET-4,wood,wooden,wooden,derived,,wood wooden,literal,clean,
5322-01,147,CET-4,wool,wool,wool,canonical,,wool wool(l)en,literal,clean,
5322-02,147,CET-4,wool,woolen,woolen,derived,,wool wool(l)en,optional_omitted,spot_check,括号可选拼写
5322-03,147,CET-4,wool,woollen,woollen,derived_variant,,wool wool(l)en,optional_included,spot_check,括号可选拼写
5323-01,147,CET-4,word,word,word,canonical,,word wording,literal,clean,
5323-02,147,CET-4,word,wording,wording,derived,,word wording,literal,clean,
5324-01,147,CET-4,work,work,work,canonical,,work worker,literal,clean,
5324-02,147,CET-4,work,worker,worker,derived,,work worker,literal,clean,
5325-01,147,CET-4,workforce,workforce,workforce,canonical,,workforce,literal,clean,
5326-01,147,CET-4,workout,workout,workout,canonical,,workout,literal,clean,
5327-01,147,CET-4,workshop,workshop,workshop,canonical,,workshop,literal,clean,
5328-01,147,CET-4,world,world,world,canonical,,world,literal,clean,
5329-01,147,CET-4,worldwide,worldwide,worldwide,canonical,,worldwide,literal,clean,
5330-01,147,CET-4,worm,worm,worm,canonical,,worm,literal,clean,
5331-01,147,CET-4,worry,worry,worry,canonical,,worry worried,literal,clean,
5331-02,147,CET-4,worry,worried,worried,derived,,worry worried,literal,clean,
5332-01,147,CET-4,worse,worse,worse,canonical,,worse,literal,clean,
5333-01,147,CET-4,worship,worship,worship,canonical,,worship,literal,clean,
5334-01,147,CET-4,worst,worst,worst,canonical,,worst,literal,clean,
5335-01,148,CET-4,worth,worth,worth,canonical,,worth worthless,literal,clean,
5335-02,148,CET-4,worth,worthless,worthless,derived,,worth worthless,literal,clean,
5336-01,148,CET-4,worthwhile,worthwhile,worthwhile,canonical,,worthwhile,literal,clean,
5337-01,148,CET-4,worthy,worthy,worthy,canonical,,worthy worthiness,literal,clean,
5337-02,148,CET-4,worthy,worthiness,worthiness,derived,,worthy worthiness,literal,clean,
5338-01,148,CET-4,would,would,would,canonical,,would,literal,clean,
5339-01,148,CET-4,wound,wound,wound,canonical,,wound,literal,clean,
5340-01,148,CET-4,wrap,wrap,wrap,canonical,,wrap wrapping,literal,clean,
5340-02,148,CET-4,wrap,wrapping,wrapping,derived,,wrap wrapping,literal,clean,
5341-01,148,CET-4,wreck,wreck,wreck,canonical,,wreck wreckage,literal,clean,
5341-02,148,CET-4,wreck,wreckage,wreckage,derived,,wreck wreckage,literal,clean,
5342-01,148,CET-6,wrench,wrench,wrench,canonical,,wrench,literal,clean,
5343-01,148,CET-6,wrestle,wrestle,wrestle,canonical,,wrestle wrestling,literal,clean,
5343-02,148,CET-6,wrestle,wrestling,wrestling,derived,,wrestle wrestling,literal,clean,
5344-01,148,CET-6,wretched,wretched,wretched,canonical,,wretched,literal,clean,
5345-01,148,CET-4,wrinkle,wrinkle,wrinkle,canonical,,wrinkle,literal,clean,
5346-01,148,CET-4,wrist,wrist,wrist,canonical,,wrist,literal,clean,
5347-01,148,CET-4,write,write,write,canonical,,write writer writing,literal,clean,
5347-02,148,CET-4,write,writer,writer,derived,,write writer writing,literal,clean,
5347-03,148,CET-4,write,writing,writing,derived,,write writer writing,literal,clean,
5348-01,148,CET-4,wrong,wrong,wrong,canonical,,wrong,literal,clean,
5349-01,148,CET-4,x-ray,x-ray,x-ray,canonical,,xＧray,literal,spot_check,PDF 连字符/共享词尾字形已恢复
5350-01,148,CET-6,yacht,yacht,yacht,canonical,,yacht,literal,clean,
5351-01,148,CET-4,yard,yard,yard,canonical,,yard,literal,clean,
5352-01,148,CET-6,yawn,yawn,yawn,canonical,,yawn,literal,clean,
5353-01,148,CET-4,year,year,year,canonical,,year yearly,literal,clean,
5353-02,148,CET-4,year,yearly,yearly,derived,,year yearly,literal,clean,
5354-01,148,CET-6,yearn,yearn,yearn,canonical,,yearn yearning,literal,clean,
5354-02,148,CET-6,yearn,yearning,yearning,derived,,yearn yearning,literal,clean,
5355-01,148,CET-4,yell,yell,yell,canonical,,yell,literal,clean,
5356-01,148,CET-4,yellow,yellow,yellow,canonical,,yellow,literal,clean,
5357-01,148,CET-4,yes,yes,yes,canonical,,yes yeah,literal,clean,
5357-02,148,CET-4,yes,yeah,yeah,derived,,yes yeah,literal,clean,
5358-01,148,CET-4,yesterday,yesterday,yesterday,canonical,,yesterday,literal,clean,
5359-01,148,CET-4,yet,yet,yet,canonical,,yet,literal,clean,
5360-01,148,CET-4,yield,yield,yield,canonical,,yield,literal,clean,
5361-01,148,CET-4,yoga,yoga,yoga,canonical,,yoga,literal,clean,
5362-01,148,CET-4,yoghurt,yoghurt,yoghurt,canonical,,yoghurt,literal,clean,
5363-01,148,CET-4,you,you,you,canonical,,you,literal,clean,
5364-01,148,CET-4,young,young,young,canonical,,young,literal,clean,
5365-01,148,CET-4,youngster,youngster,youngster,canonical,,youngster,literal,clean,
5366-01,148,CET-4,your,your,your,canonical,,your,literal,clean,
5367-01,148,CET-4,yours,yours,yours,canonical,,yours,literal,clean,
5368-01,148,CET-4,yourself,yourself,yourself,canonical,,yourself yourselves,literal,clean,
5368-02,148,CET-4,yourself,yourselves,yourselves,derived,,yourself yourselves,literal,clean,
5369-01,148,CET-4,youth,youth,youth,canonical,,youth youthful,literal,clean,
5369-02,148,CET-4,youth,youthful,youthful,derived,,youth youthful,literal,clean,
5370-01,148,CET-6,zeal,zeal,zeal,canonical,,zeal zealous,literal,clean,
5370-02,148,CET-6,zeal,zealous,zealous,derived,,zeal zealous,literal,clean,
5371-01,148,CET-4,zero,zero,zero,canonical,,zero,literal,clean,
5372-01,148,CET-6,zigzag,zigzag,zigzag,canonical,,zigzag,literal,clean,
5373-01,148,CET-6,zip,zip,zip,canonical,,zip zipper,literal,clean,
5373-02,148,CET-6,zip,zipper,zipper,derived,,zip zipper,literal,clean,
5374-01,148,CET-4,zone,zone,zone,canonical,,zone,literal,clean,
5375-01,148,CET-4,zoo,zoo,zoo,canonical,,zoo,literal,clean,
5376-01,148,CET-4,zoology,zoology,zoology,canonical,,zoology zoological,literal,clean,
5376-02,148,CET-4,zoology,zoological,zoological,derived,,zoology zoological,literal,clean,
5377-01,149,CET-6,zoom,zoom,zoom,canonical,,zoom,literal,clean,
