pdf_page,column,raw_entry,entry,stage_bucket
129,left,a (an),a (an),compulsory_baseline
129,left,abandon**,abandon,selective_required_new
129,left,ability,ability,compulsory_baseline
129,left,able,able,compulsory_baseline
129,left,abnormal**,abnormal,selective_required_new
129,left,aboard**,aboard,selective_required_new
129,left,about,about,compulsory_baseline
129,right,above,above,compulsory_baseline
129,right,abroad,abroad,compulsory_baseline
129,right,absence**,absence,selective_required_new
129,right,absent,absent,compulsory_baseline
129,right,absolutely*,absolutely,required_new
129,right,absorb**,absorb,selective_required_new
129,right,abstract**,abstract,selective_required_new
129,right,abuse**,abuse,selective_required_new
129,right,academic**,academic,selective_required_new
130,left,accent**,accent,selective_required_new
130,left,accept,accept,compulsory_baseline
130,left,access**,access,selective_required_new
130,left,accident*,accident,required_new
130,left,accommodation**,accommodation,selective_required_new
130,left,accompany**,accompany,selective_required_new
130,left,according to,according to,compulsory_baseline
130,left,account*,account,required_new
130,left,accurate**,accurate,selective_required_new
130,left,accuse**,accuse,selective_required_new
130,left,ache*,ache,required_new
130,left,achieve,achieve,compulsory_baseline
130,left,achievement*,achievement,required_new
130,left,acid**,acid,selective_required_new
130,left,acknowledge**,acknowledge,selective_required_new
130,left,acquire*,acquire,required_new
130,left,across,across,compulsory_baseline
130,left,act,act,compulsory_baseline
130,left,action,action,compulsory_baseline
130,left,active,active,compulsory_baseline
130,left,activity,activity,compulsory_baseline
130,left,actor,actor,compulsory_baseline
130,left,actress,actress,compulsory_baseline
130,left,actually*,actually,required_new
130,left,AD**,AD,selective_required_new
130,left,adapt*,adapt,required_new
130,left,adaptation**,adaptation,selective_required_new
130,left,add,add,compulsory_baseline
130,right,addict*,addict,required_new
130,right,addition*,addition,required_new
130,right,address,address,compulsory_baseline
130,right,adjust**,adjust,selective_required_new
130,right,administration**,administration,selective_required_new
130,right,admire*,admire,required_new
130,right,admit*,admit,required_new
130,right,adopt**,adopt,selective_required_new
130,right,adorable**,adorable,selective_required_new
130,right,adult*,adult,required_new
130,right,advance*,advance,required_new
130,right,advantage,advantage,compulsory_baseline
130,right,adventure*,adventure,required_new
130,right,advertise**,advertise,selective_required_new
130,right,advertisement (ad)**,advertisement (ad),selective_required_new
130,right,advice,advice,compulsory_baseline
130,right,advise,advise,compulsory_baseline
130,right,advocate**,advocate,selective_required_new
130,right,affair*,affair,required_new
130,right,affect**,affect,selective_required_new
130,right,afford,afford,compulsory_baseline
130,right,afraid,afraid,compulsory_baseline
130,right,Africa,Africa,compulsory_baseline
130,right,African,African,compulsory_baseline
130,right,after,after,compulsory_baseline
130,right,afternoon,afternoon,compulsory_baseline
130,right,afterward**,afterward,selective_required_new
130,right,again,again,compulsory_baseline
131,left,against,against,compulsory_baseline
131,left,age,age,compulsory_baseline
131,left,agency**,agency,selective_required_new
131,left,agenda**,agenda,selective_required_new
131,left,ago,ago,compulsory_baseline
131,left,agree,agree,compulsory_baseline
131,left,agreement,agreement,compulsory_baseline
131,left,agriculture*,agriculture,required_new
131,left,ahead*,ahead,required_new
131,left,aid*,aid,required_new
131,left,aim*,aim,required_new
131,left,air,air,compulsory_baseline
131,left,airline**,airline,selective_required_new
131,left,airport,airport,compulsory_baseline
131,left,alarm*,alarm,required_new
131,left,alcohol**,alcohol,selective_required_new
131,left,alive,alive,compulsory_baseline
131,left,all,all,compulsory_baseline
131,left,allow,allow,compulsory_baseline
131,left,almost,almost,compulsory_baseline
131,left,alone,alone,compulsory_baseline
131,left,along,along,compulsory_baseline
131,left,alongside**,alongside,selective_required_new
131,left,aloud,aloud,compulsory_baseline
131,left,already,already,compulsory_baseline
131,left,also,also,compulsory_baseline
131,left,alternative**,alternative,selective_required_new
131,left,although,although,compulsory_baseline
131,right,altogether**,altogether,selective_required_new
131,right,always,always,compulsory_baseline
131,right,a.m.*,a.m.,required_new
131,right,amateur**,amateur,selective_required_new
131,right,amazing*,amazing,required_new
131,right,ambition**,ambition,selective_required_new
131,right,ambitious**,ambitious,selective_required_new
131,right,ambulance**,ambulance,selective_required_new
131,right,America,America,compulsory_baseline
131,right,American,American,compulsory_baseline
131,right,among,among,compulsory_baseline
131,right,amount*,amount,required_new
131,right,amuse**,amuse,selective_required_new
131,right,analyse (analyze)**,analyse (analyze),selective_required_new
131,right,ancestor**,ancestor,selective_required_new
131,right,ancient,ancient,compulsory_baseline
131,right,and,and,compulsory_baseline
131,right,anger**,anger,selective_required_new
131,right,angle**,angle,selective_required_new
131,right,angry,angry,compulsory_baseline
131,right,animal,animal,compulsory_baseline
131,right,ankle**,ankle,selective_required_new
131,right,announce*,announce,required_new
131,right,annoy**,annoy,selective_required_new
131,right,annual*,annual,required_new
131,right,another,another,compulsory_baseline
131,right,answer,answer,compulsory_baseline
131,right,ant,ant,compulsory_baseline
132,left,anticipate**,anticipate,selective_required_new
132,left,antique**,antique,selective_required_new
132,left,anxiety**,anxiety,selective_required_new
132,left,anxious*,anxious,required_new
132,left,any,any,compulsory_baseline
132,left,anybody,anybody,compulsory_baseline
132,left,anyhow**,anyhow,selective_required_new
132,left,anyone,anyone,compulsory_baseline
132,left,anything,anything,compulsory_baseline
132,left,anyway,anyway,compulsory_baseline
132,left,anywhere,anywhere,compulsory_baseline
132,left,apart**,apart,selective_required_new
132,left,apartment*,apartment,required_new
132,left,apologise (apologize)*,apologise (apologize),required_new
132,left,apparently**,apparently,selective_required_new
132,left,appeal**,appeal,selective_required_new
132,left,appear,appear,compulsory_baseline
132,left,appetite**,appetite,selective_required_new
132,left,applaud**,applaud,selective_required_new
132,left,apple,apple,compulsory_baseline
132,left,applicant**,applicant,selective_required_new
132,left,application*,application,required_new
132,left,apply*,apply,required_new
132,left,appointment**,appointment,selective_required_new
132,left,appreciate**,appreciate,selective_required_new
132,left,approach*,approach,required_new
132,left,appropriate**,appropriate,selective_required_new
132,left,approve**,approve,selective_required_new
132,right,April,April,compulsory_baseline
132,right,arch**,arch,selective_required_new
132,right,architect**,architect,selective_required_new
132,right,area,area,compulsory_baseline
132,right,argue*,argue,required_new
132,right,arise**,arise,selective_required_new
132,right,arm,arm,compulsory_baseline
132,right,army,army,compulsory_baseline
132,right,around,around,compulsory_baseline
132,right,arrangement*,arrangement,required_new
132,right,arrest**,arrest,selective_required_new
132,right,arrive,arrive,compulsory_baseline
132,right,arrow**,arrow,selective_required_new
132,right,art,art,compulsory_baseline
132,right,article,article,compulsory_baseline
132,right,artificial**,artificial,selective_required_new
132,right,artist,artist,compulsory_baseline
132,right,as,as,compulsory_baseline
132,right,ashamed**,ashamed,selective_required_new
132,right,Asia,Asia,compulsory_baseline
132,right,Asian,Asian,compulsory_baseline
132,right,aside**,aside,selective_required_new
132,right,ask,ask,compulsory_baseline
132,right,asleep,asleep,compulsory_baseline
132,right,aspect*,aspect,required_new
132,right,assess**,assess,selective_required_new
132,right,assign**,assign,selective_required_new
132,right,assistant**,assistant,selective_required_new
133,left,association**,association,selective_required_new
133,left,assume*,assume,required_new
133,left,assumption**,assumption,selective_required_new
133,left,astonish**,astonish,selective_required_new
133,left,astronaut**,astronaut,selective_required_new
133,left,astronomer**,astronomer,selective_required_new
133,left,at,at,compulsory_baseline
133,left,athlete*,athlete,required_new
133,left,Atlantic*,Atlantic,required_new
133,left,atmosphere**,atmosphere,selective_required_new
133,left,attach*,attach,required_new
133,left,attack*,attack,required_new
133,left,attain**,attain,selective_required_new
133,left,attempt*,attempt,required_new
133,left,attend,attend,compulsory_baseline
133,left,attention,attention,compulsory_baseline
133,left,attitude*,attitude,required_new
133,left,attract*,attract,required_new
133,left,audience*,audience,required_new
133,left,August,August,compulsory_baseline
133,left,aunt,aunt,compulsory_baseline
133,left,Australia,Australia,compulsory_baseline
133,left,Australian,Australian,compulsory_baseline
133,left,author*,author,required_new
133,left,authority*,authority,required_new
133,left,automatic**,automatic,selective_required_new
133,left,autonomous**,autonomous,selective_required_new
133,left,autumn,autumn,compulsory_baseline
133,right,available**,available,selective_required_new
133,right,average*,average,required_new
133,right,avoid,avoid,compulsory_baseline
133,right,awake,awake,compulsory_baseline
133,right,award*,award,required_new
133,right,aware*,aware,required_new
133,right,away,away,compulsory_baseline
133,right,awesome**,awesome,selective_required_new
133,right,awful,awful,compulsory_baseline
133,right,awkward*,awkward,required_new
133,right,baby,baby,compulsory_baseline
133,right,back,back,compulsory_baseline
133,right,background,background,compulsory_baseline
133,right,backward**,backward,selective_required_new
133,right,bacon**,bacon,selective_required_new
133,right,bad,bad,compulsory_baseline
133,right,badminton*,badminton,required_new
133,right,bag,bag,compulsory_baseline
133,right,bakery**,bakery,selective_required_new
133,right,balance*,balance,required_new
133,right,ball,ball,compulsory_baseline
133,right,ballet*,ballet,required_new
133,right,balloon,balloon,compulsory_baseline
133,right,bamboo,bamboo,compulsory_baseline
133,right,ban**,ban,selective_required_new
133,right,banana,banana,compulsory_baseline
134,left,band*,band,required_new
134,left,bank,bank,compulsory_baseline
134,left,bar*,bar,required_new
134,left,barbecue**,barbecue,selective_required_new
134,left,barely**,barely,selective_required_new
134,left,bark**,bark,selective_required_new
134,left,barrier**,barrier,selective_required_new
134,left,base*,base,required_new
134,left,baseball,baseball,compulsory_baseline
134,left,basic,basic,compulsory_baseline
134,left,basin**,basin,selective_required_new
134,left,basis*,basis,required_new
134,left,basket,basket,compulsory_baseline
134,left,basketball,basketball,compulsory_baseline
134,left,bat**,bat,selective_required_new
134,left,bath**,bath,selective_required_new
134,left,bathroom,bathroom,compulsory_baseline
134,left,battery*,battery,required_new
134,left,battle*,battle,required_new
134,left,bay**,bay,selective_required_new
134,left,BC**,BC,selective_required_new
134,left,"be (am, are, is)","be (am, are, is)",compulsory_baseline
134,left,beach,beach,compulsory_baseline
134,left,bean,bean,compulsory_baseline
134,left,bean curd (tofu)**,bean curd (tofu),selective_required_new
134,left,bear,bear,compulsory_baseline
134,left,beard**,beard,selective_required_new
134,left,beat,beat,compulsory_baseline
134,right,beautiful,beautiful,compulsory_baseline
134,right,beauty**,beauty,selective_required_new
134,right,because,because,compulsory_baseline
134,right,become,become,compulsory_baseline
134,right,bed,bed,compulsory_baseline
134,right,bedroom,bedroom,compulsory_baseline
134,right,beef,beef,compulsory_baseline
134,right,beer*,beer,required_new
134,right,before,before,compulsory_baseline
134,right,begin,begin,compulsory_baseline
134,right,behalf**,behalf,selective_required_new
134,right,behave**,behave,selective_required_new
134,right,behaviour (behavior)*,behaviour (behavior),required_new
134,right,behind,behind,compulsory_baseline
134,right,being**,being,selective_required_new
134,right,belief**,belief,selective_required_new
134,right,believe,believe,compulsory_baseline
134,right,bell,bell,compulsory_baseline
134,right,belong*,belong,required_new
134,right,below,below,compulsory_baseline
134,right,belt*,belt,required_new
134,right,bend**,bend,selective_required_new
134,right,beneath*,beneath,required_new
134,right,benefit*,benefit,required_new
134,right,beside,beside,compulsory_baseline
134,right,best,best,compulsory_baseline
134,right,bet**,bet,selective_required_new
134,right,better,better,compulsory_baseline
135,left,between,between,compulsory_baseline
135,left,beyond*,beyond,required_new
135,left,big,big,compulsory_baseline
135,left,bike (bicycle),bike (bicycle),compulsory_baseline
135,left,bill,bill,compulsory_baseline
135,left,billion**,billion,selective_required_new
135,left,biology**,biology,selective_required_new
135,left,bird,bird,compulsory_baseline
135,left,birth,birth,compulsory_baseline
135,left,birthday,birthday,compulsory_baseline
135,left,biscuit,biscuit,compulsory_baseline
135,left,bit,bit,compulsory_baseline
135,left,bite*,bite,required_new
135,left,bitter**,bitter,selective_required_new
135,left,black,black,compulsory_baseline
135,left,blackboard,blackboard,compulsory_baseline
135,left,blame**,blame,selective_required_new
135,left,blank**,blank,selective_required_new
135,left,blanket**,blanket,selective_required_new
135,left,bleed**,bleed,selective_required_new
135,left,bless**,bless,selective_required_new
135,left,blind,blind,compulsory_baseline
135,left,block,block,compulsory_baseline
135,left,blog*,blog,required_new
135,left,blood,blood,compulsory_baseline
135,left,blouse,blouse,compulsory_baseline
135,left,blow,blow,compulsory_baseline
135,left,blue,blue,compulsory_baseline
135,right,board,board,compulsory_baseline
135,right,boat,boat,compulsory_baseline
135,right,body,body,compulsory_baseline
135,right,boil**,boil,selective_required_new
135,right,bomb**,bomb,selective_required_new
135,right,bond**,bond,selective_required_new
135,right,bone*,bone,required_new
135,right,bonus**,bonus,selective_required_new
135,right,book,book,compulsory_baseline
135,right,boost**,boost,selective_required_new
135,right,boot*,boot,required_new
135,right,border**,border,selective_required_new
135,right,bored,bored,compulsory_baseline
135,right,boring,boring,compulsory_baseline
135,right,born,born,compulsory_baseline
135,right,borrow,borrow,compulsory_baseline
135,right,boss,boss,compulsory_baseline
135,right,botanical**,botanical,selective_required_new
135,right,both,both,compulsory_baseline
135,right,bother**,bother,selective_required_new
135,right,bottle,bottle,compulsory_baseline
135,right,bottom,bottom,compulsory_baseline
135,right,bounce**,bounce,selective_required_new
135,right,bound**,bound,selective_required_new
135,right,boundary**,boundary,selective_required_new
135,right,bow**,bow,selective_required_new
135,right,bowl,bowl,compulsory_baseline
135,right,bowling**,bowling,selective_required_new
136,left,box,box,compulsory_baseline
136,left,boxing*,boxing,required_new
136,left,boy,boy,compulsory_baseline
136,left,brain,brain,compulsory_baseline
136,left,branch*,branch,required_new
136,left,brave,brave,compulsory_baseline
136,left,bread,bread,compulsory_baseline
136,left,break,break,compulsory_baseline
136,left,breakfast,breakfast,compulsory_baseline
136,left,breast**,breast,selective_required_new
136,left,breath**,breath,selective_required_new
136,left,breathe*,breathe,required_new
136,left,brick**,brick,selective_required_new
136,left,bride / bridegroom**,bride / bridegroom,selective_required_new
136,left,bridge,bridge,compulsory_baseline
136,left,brief*,brief,required_new
136,left,bright,bright,compulsory_baseline
136,left,brilliant**,brilliant,selective_required_new
136,left,bring,bring,compulsory_baseline
136,left,Britain,Britain,compulsory_baseline
136,left,British,British,compulsory_baseline
136,left,broad*,broad,required_new
136,left,broadcast**,broadcast,selective_required_new
136,left,brochure*,brochure,required_new
136,left,brother,brother,compulsory_baseline
136,left,brown,brown,compulsory_baseline
136,left,brush,brush,compulsory_baseline
136,left,budget**,budget,selective_required_new
136,right,buffet**,buffet,selective_required_new
136,right,build,build,compulsory_baseline
136,right,building,building,compulsory_baseline
136,right,bunch**,bunch,selective_required_new
136,right,burn,burn,compulsory_baseline
136,right,bury**,bury,selective_required_new
136,right,bus,bus,compulsory_baseline
136,right,business,business,compulsory_baseline
136,right,busy,busy,compulsory_baseline
136,right,but,but,compulsory_baseline
136,right,butcher**,butcher,selective_required_new
136,right,butter*,butter,required_new
136,right,button*,button,required_new
136,right,buy,buy,compulsory_baseline
136,right,by,by,compulsory_baseline
136,right,cabbage**,cabbage,selective_required_new
136,right,café*,café,required_new
136,right,cafeteria**,cafeteria,selective_required_new
136,right,cage**,cage,selective_required_new
136,right,cake,cake,compulsory_baseline
136,right,calculate**,calculate,selective_required_new
136,right,calendar,calendar,compulsory_baseline
136,right,call,call,compulsory_baseline
136,right,calligraphy**,calligraphy,selective_required_new
136,right,calm*,calm,required_new
136,right,calorie**,calorie,selective_required_new
137,left,camel**,camel,selective_required_new
137,left,camera,camera,compulsory_baseline
137,left,camp,camp,compulsory_baseline
137,left,campaign**,campaign,selective_required_new
137,left,campus*,campus,required_new
137,left,can,can,compulsory_baseline
137,left,Canada,Canada,compulsory_baseline
137,left,Canadian,Canadian,compulsory_baseline
137,left,canal**,canal,selective_required_new
137,left,cancel,cancel,compulsory_baseline
137,left,cancer**,cancer,selective_required_new
137,left,candidate**,candidate,selective_required_new
137,left,candle,candle,compulsory_baseline
137,left,candy,candy,compulsory_baseline
137,left,canteen**,canteen,selective_required_new
137,left,cap,cap,compulsory_baseline
137,left,capable*,capable,required_new
137,left,capacity**,capacity,selective_required_new
137,left,capital,capital,compulsory_baseline
137,left,capsule**,capsule,selective_required_new
137,left,captain**,captain,selective_required_new
137,left,car,car,compulsory_baseline
137,left,carbon*,carbon,required_new
137,left,card,card,compulsory_baseline
137,left,care,care,compulsory_baseline
137,left,career**,career,selective_required_new
137,left,careful,careful,compulsory_baseline
137,left,careless,careless,compulsory_baseline
137,right,carpet**,carpet,selective_required_new
137,right,carrot,carrot,compulsory_baseline
137,right,carry,carry,compulsory_baseline
137,right,cartoon,cartoon,compulsory_baseline
137,right,carve**,carve,selective_required_new
137,right,case*,case,required_new
137,right,cash*,cash,required_new
137,right,cast**,cast,selective_required_new
137,right,castle**,castle,selective_required_new
137,right,cat,cat,compulsory_baseline
137,right,catch,catch,compulsory_baseline
137,right,category**,category,selective_required_new
137,right,cattle*,cattle,required_new
137,right,cause,cause,compulsory_baseline
137,right,cave**,cave,selective_required_new
137,right,cease**,cease,selective_required_new
137,right,ceiling**,ceiling,selective_required_new
137,right,celebrate,celebrate,compulsory_baseline
137,right,celebrity**,celebrity,selective_required_new
137,right,cell**,cell,selective_required_new
137,right,cent,cent,compulsory_baseline
137,right,centimetre (centimeter)**,centimetre (centimeter),selective_required_new
137,right,central,central,compulsory_baseline
137,right,centre (center),centre (center),compulsory_baseline
137,right,century,century,compulsory_baseline
137,right,certain,certain,compulsory_baseline
137,right,certainly,certainly,compulsory_baseline
137,right,certificate**,certificate,selective_required_new
138,left,chain*,chain,required_new
138,left,chair,chair,compulsory_baseline
138,left,chairman / chairwoman**,chairman / chairwoman,selective_required_new
138,left,chalk,chalk,compulsory_baseline
138,left,challenge*,challenge,required_new
138,left,champion*,champion,required_new
138,left,chance,chance,compulsory_baseline
138,left,change,change,compulsory_baseline
138,left,channel**,channel,selective_required_new
138,left,chaos**,chaos,selective_required_new
138,left,chapter*,chapter,required_new
138,left,character*,character,required_new
138,left,characteristic**,characteristic,selective_required_new
138,left,charge*,charge,required_new
138,left,charity*,charity,required_new
138,left,chart**,chart,selective_required_new
138,left,chat*,chat,required_new
138,left,cheap,cheap,compulsory_baseline
138,left,cheat**,cheat,selective_required_new
138,left,check,check,compulsory_baseline
138,left,cheek**,cheek,selective_required_new
138,left,cheer,cheer,compulsory_baseline
138,left,cheese**,cheese,selective_required_new
138,left,chef**,chef,selective_required_new
138,left,chemical**,chemical,selective_required_new
138,left,chemist**,chemist,selective_required_new
138,left,chemistry,chemistry,compulsory_baseline
138,left,chess,chess,compulsory_baseline
138,right,chest**,chest,selective_required_new
138,right,chew**,chew,selective_required_new
138,right,chicken,chicken,compulsory_baseline
138,right,chief*,chief,required_new
138,right,child (pl. children),child (pl. children),compulsory_baseline
138,right,China,China,compulsory_baseline
138,right,china*,china,required_new
138,right,Chinese,Chinese,compulsory_baseline
138,right,chocolate,chocolate,compulsory_baseline
138,right,choice,choice,compulsory_baseline
138,right,choke**,choke,selective_required_new
138,right,choose,choose,compulsory_baseline
138,right,chopsticks,chopsticks,compulsory_baseline
138,right,chorus**,chorus,selective_required_new
138,right,Christmas,Christmas,compulsory_baseline
138,right,church**,church,selective_required_new
138,right,cigarette**,cigarette,selective_required_new
138,right,cinema,cinema,compulsory_baseline
138,right,circle,circle,compulsory_baseline
138,right,circuit**,circuit,selective_required_new
138,right,circumstance**,circumstance,selective_required_new
138,right,circus**,circus,selective_required_new
138,right,cite**,cite,selective_required_new
138,right,citizen**,citizen,selective_required_new
138,right,city,city,compulsory_baseline
138,right,civil**,civil,selective_required_new
138,right,civilian**,civilian,selective_required_new
138,right,civilisation (civilization)**,civilisation (civilization),selective_required_new
139,left,claim**,claim,selective_required_new
139,left,clap*,clap,required_new
139,left,clarify**,clarify,selective_required_new
139,left,class,class,compulsory_baseline
139,left,classic**,classic,selective_required_new
139,left,classmate,classmate,compulsory_baseline
139,left,classroom,classroom,compulsory_baseline
139,left,clay**,clay,selective_required_new
139,left,clean,clean,compulsory_baseline
139,left,clear,clear,compulsory_baseline
139,left,clerk**,clerk,selective_required_new
139,left,clever,clever,compulsory_baseline
139,left,click*,click,required_new
139,left,client**,client,selective_required_new
139,left,climate*,climate,required_new
139,left,climb,climb,compulsory_baseline
139,left,clinic**,clinic,selective_required_new
139,left,clock,clock,compulsory_baseline
139,left,clone**,clone,selective_required_new
139,left,close,close,compulsory_baseline
139,left,cloth**,cloth,selective_required_new
139,left,clothes,clothes,compulsory_baseline
139,left,cloud,cloud,compulsory_baseline
139,left,cloudy,cloudy,compulsory_baseline
139,left,club,club,compulsory_baseline
139,left,clue**,clue,selective_required_new
139,left,coach,coach,compulsory_baseline
139,left,coal,coal,compulsory_baseline
139,right,coast,coast,compulsory_baseline
139,right,coat,coat,compulsory_baseline
139,right,coffee,coffee,compulsory_baseline
139,right,coin,coin,compulsory_baseline
139,right,cold,cold,compulsory_baseline
139,right,collapse**,collapse,selective_required_new
139,right,collar**,collar,selective_required_new
139,right,collect,collect,compulsory_baseline
139,right,collection*,collection,required_new
139,right,college,college,compulsory_baseline
139,right,colour (color),colour (color),compulsory_baseline
139,right,column**,column,selective_required_new
139,right,combine**,combine,selective_required_new
139,right,come,come,compulsory_baseline
139,right,comedy**,comedy,selective_required_new
139,right,comfort**,comfort,selective_required_new
139,right,comfortable,comfortable,compulsory_baseline
139,right,comic**,comic,selective_required_new
139,right,comment*,comment,required_new
139,right,commercial**,commercial,selective_required_new
139,right,commit**,commit,selective_required_new
139,right,commitment**,commitment,selective_required_new
139,right,committee*,committee,required_new
139,right,common,common,compulsory_baseline
139,right,communicate,communicate,compulsory_baseline
139,right,communication,communication,compulsory_baseline
139,right,communist**,communist,selective_required_new
139,right,community,community,compulsory_baseline
140,left,company*,company,required_new
140,left,compare,compare,compulsory_baseline
140,left,comparison**,comparison,selective_required_new
140,left,compete**,compete,selective_required_new
140,left,competence**,competence,selective_required_new
140,left,competition,competition,compulsory_baseline
140,left,complain**,complain,selective_required_new
140,left,complete,complete,compulsory_baseline
140,left,complex**,complex,selective_required_new
140,left,complicated**,complicated,selective_required_new
140,left,component**,component,selective_required_new
140,left,compose**,compose,selective_required_new
140,left,composition**,composition,selective_required_new
140,left,comprehension**,comprehension,selective_required_new
140,left,comprehensive**,comprehensive,selective_required_new
140,left,comprise**,comprise,selective_required_new
140,left,computer,computer,compulsory_baseline
140,left,concentrate*,concentrate,required_new
140,left,concept**,concept,selective_required_new
140,left,concern*,concern,required_new
140,left,concert,concert,compulsory_baseline
140,left,conclude**,conclude,selective_required_new
140,left,conclusion**,conclusion,selective_required_new
140,left,concrete**,concrete,selective_required_new
140,left,condition,condition,compulsory_baseline
140,left,conduct*,conduct,required_new
140,left,conference*,conference,required_new
140,left,confidence*,confidence,required_new
140,right,confirm*,confirm,required_new
140,right,conflict**,conflict,selective_required_new
140,right,Confucianism**,Confucianism,selective_required_new
140,right,Confucius**,Confucius,selective_required_new
140,right,confused**,confused,selective_required_new
140,right,congratulation*,congratulation,required_new
140,right,connect,connect,compulsory_baseline
140,right,consequence**,consequence,selective_required_new
140,right,conservation**,conservation,selective_required_new
140,right,consider,consider,compulsory_baseline
140,right,consist**,consist,selective_required_new
140,right,consistent**,consistent,selective_required_new
140,right,constant**,constant,selective_required_new
140,right,constitution**,constitution,selective_required_new
140,right,construction**,construction,selective_required_new
140,right,consultant**,consultant,selective_required_new
140,right,consultation**,consultation,selective_required_new
140,right,consume**,consume,selective_required_new
140,right,consumption**,consumption,selective_required_new
140,right,contact*,contact,required_new
140,right,contain*,contain,required_new
140,right,contemporary**,contemporary,selective_required_new
140,right,content*,content,required_new
140,right,contest**,contest,selective_required_new
140,right,context*,context,required_new
140,right,continent*,continent,required_new
140,right,continue,continue,compulsory_baseline
140,right,contract**,contract,selective_required_new
141,left,contradictory**,contradictory,selective_required_new
141,left,contrary**,contrary,selective_required_new
141,left,contrast**,contrast,selective_required_new
141,left,contribution*,contribution,required_new
141,left,control,control,compulsory_baseline
141,left,convenient*,convenient,required_new
141,left,conventional**,conventional,selective_required_new
141,left,conversation,conversation,compulsory_baseline
141,left,convince**,convince,selective_required_new
141,left,cook,cook,compulsory_baseline
141,left,cookie,cookie,compulsory_baseline
141,left,cool,cool,compulsory_baseline
141,left,cooperate**,cooperate,selective_required_new
141,left,copy,copy,compulsory_baseline
141,left,core**,core,selective_required_new
141,left,corn,corn,compulsory_baseline
141,left,corner,corner,compulsory_baseline
141,left,corporate**,corporate,selective_required_new
141,left,correct,correct,compulsory_baseline
141,left,correspond**,correspond,selective_required_new
141,left,cost,cost,compulsory_baseline
141,left,costume**,costume,selective_required_new
141,left,cottage**,cottage,selective_required_new
141,left,cotton**,cotton,selective_required_new
141,left,cough,cough,compulsory_baseline
141,left,could,could,compulsory_baseline
141,left,council**,council,selective_required_new
141,left,count,count,compulsory_baseline
141,right,country,country,compulsory_baseline
141,right,countryside,countryside,compulsory_baseline
141,right,county*,county,required_new
141,right,couple,couple,compulsory_baseline
141,right,courage,courage,compulsory_baseline
141,right,course,course,compulsory_baseline
141,right,court*,court,required_new
141,right,cousin,cousin,compulsory_baseline
141,right,cover,cover,compulsory_baseline
141,right,coverage**,coverage,selective_required_new
141,right,cow,cow,compulsory_baseline
141,right,crash*,crash,required_new
141,right,crayon,crayon,compulsory_baseline
141,right,crazy,crazy,compulsory_baseline
141,right,cream**,cream,selective_required_new
141,right,create,create,compulsory_baseline
141,right,creative*,creative,required_new
141,right,creature**,creature,selective_required_new
141,right,credit*,credit,required_new
141,right,crew**,crew,selective_required_new
141,right,crime**,crime,selective_required_new
141,right,crisis**,crisis,selective_required_new
141,right,criterion (pl. criteria)**,criterion (pl. criteria),selective_required_new
141,right,critical**,critical,selective_required_new
141,right,criticise (criticize)**,criticise (criticize),selective_required_new
141,right,crop**,crop,selective_required_new
141,right,cross,cross,compulsory_baseline
141,right,crowd*,crowd,required_new
142,left,crucial**,crucial,selective_required_new
142,left,cruel**,cruel,selective_required_new
142,left,cry,cry,compulsory_baseline
142,left,cuisine**,cuisine,selective_required_new
142,left,culture,culture,compulsory_baseline
142,left,cup,cup,compulsory_baseline
142,left,cupboard**,cupboard,selective_required_new
142,left,cure*,cure,required_new
142,left,curious*,curious,required_new
142,left,current*,current,required_new
142,left,curtain**,curtain,selective_required_new
142,left,custom*,custom,required_new
142,left,customer,customer,compulsory_baseline
142,left,cut,cut,compulsory_baseline
142,left,cute,cute,compulsory_baseline
142,left,cycle**,cycle,selective_required_new
142,left,daily,daily,compulsory_baseline
142,left,damage**,damage,selective_required_new
142,left,damp**,damp,selective_required_new
142,left,dance,dance,compulsory_baseline
142,left,danger,danger,compulsory_baseline
142,left,dangerous,dangerous,compulsory_baseline
142,left,dare**,dare,selective_required_new
142,left,dark,dark,compulsory_baseline
142,left,data*,data,required_new
142,left,database**,database,selective_required_new
142,right,date,date,compulsory_baseline
142,right,daughter,daughter,compulsory_baseline
142,right,day,day,compulsory_baseline
142,right,dead,dead,compulsory_baseline
142,right,deadline**,deadline,selective_required_new
142,right,deaf,deaf,compulsory_baseline
142,right,deal,deal,compulsory_baseline
142,right,dear,dear,compulsory_baseline
142,right,death*,death,required_new
142,right,debate**,debate,selective_required_new
142,right,debt**,debt,selective_required_new
142,right,decade**,decade,selective_required_new
142,right,December,December,compulsory_baseline
142,right,decent**,decent,selective_required_new
142,right,decide,decide,compulsory_baseline
142,right,decision,decision,compulsory_baseline
142,right,declare*,declare,required_new
142,right,decline**,decline,selective_required_new
142,right,decorate*,decorate,required_new
142,right,decrease**,decrease,selective_required_new
142,right,deep,deep,compulsory_baseline
142,right,deer*,deer,required_new
142,right,defeat**,defeat,selective_required_new
142,right,defence (defense)*,defence (defense),required_new
142,right,defend**,defend,selective_required_new
142,right,definitely*,definitely,required_new
142,right,definition**,definition,selective_required_new
142,right,degree,degree,compulsory_baseline
143,left,delay**,delay,selective_required_new
143,left,delete**,delete,selective_required_new
143,left,delicate**,delicate,selective_required_new
143,left,delicious,delicious,compulsory_baseline
143,left,deliver*,deliver,required_new
143,left,demand**,demand,selective_required_new
143,left,demonstrate**,demonstrate,selective_required_new
143,left,dentist**,dentist,selective_required_new
143,left,deny**,deny,selective_required_new
143,left,department**,department,selective_required_new
143,left,departure**,departure,selective_required_new
143,left,depend,depend,compulsory_baseline
143,left,depress**,depress,selective_required_new
143,left,depth**,depth,selective_required_new
143,left,describe,describe,compulsory_baseline
143,left,description*,description,required_new
143,left,desert*,desert,required_new
143,left,deserve**,deserve,selective_required_new
143,left,design*,design,required_new
143,left,desire*,desire,required_new
143,left,desk,desk,compulsory_baseline
143,left,desperate**,desperate,selective_required_new
143,left,despite*,despite,required_new
143,left,dessert**,dessert,selective_required_new
143,left,destination*,destination,required_new
143,left,destroy*,destroy,required_new
143,left,detail*,detail,required_new
143,left,detect**,detect,selective_required_new
143,right,detective**,detective,selective_required_new
143,right,determine*,determine,required_new
143,right,develop,develop,compulsory_baseline
143,right,development,development,compulsory_baseline
143,right,device**,device,selective_required_new
143,right,devote**,devote,selective_required_new
143,right,diagram*,diagram,required_new
143,right,dialogue (dialog),dialogue (dialog),compulsory_baseline
143,right,diamond**,diamond,selective_required_new
143,right,diary,diary,compulsory_baseline
143,right,dictionary,dictionary,compulsory_baseline
143,right,die,die,compulsory_baseline
143,right,diet*,diet,required_new
143,right,differ**,differ,selective_required_new
143,right,difference,difference,compulsory_baseline
143,right,different,different,compulsory_baseline
143,right,difficult,difficult,compulsory_baseline
143,right,difficulty,difficulty,compulsory_baseline
143,right,dig,dig,compulsory_baseline
143,right,digest**,digest,selective_required_new
143,right,digital*,digital,required_new
143,right,dignity**,dignity,selective_required_new
143,right,dimension**,dimension,selective_required_new
143,right,dining,dining,compulsory_baseline
143,right,dinner,dinner,compulsory_baseline
143,right,dinosaur*,dinosaur,required_new
143,right,direct,direct,compulsory_baseline
143,right,direction,direction,compulsory_baseline
144,left,director,director,compulsory_baseline
144,left,directory **,directory ,selective_required_new
144,left,dirty,dirty,compulsory_baseline
144,left,disability**,disability,selective_required_new
144,left,disabled**,disabled,selective_required_new
144,left,disappear*,disappear,required_new
144,left,disappointed**,disappointed,selective_required_new
144,left,disaster*,disaster,required_new
144,left,discipline**,discipline,selective_required_new
144,left,discount**,discount,selective_required_new
144,left,discover,discover,compulsory_baseline
144,left,discovery,discovery,compulsory_baseline
144,left,discrimination**,discrimination,selective_required_new
144,left,discuss,discuss,compulsory_baseline
144,left,discussion,discussion,compulsory_baseline
144,left,disease*,disease,required_new
144,left,dish,dish,compulsory_baseline
144,left,disk (disc)**,disk (disc),selective_required_new
144,left,dismiss**,dismiss,selective_required_new
144,left,display**,display,selective_required_new
144,left,distance*,distance,required_new
144,left,distant**,distant,selective_required_new
144,left,distinct**,distinct,selective_required_new
144,left,distinguish**,distinguish,selective_required_new
144,left,distribution**,distribution,selective_required_new
144,left,district**,district,selective_required_new
144,left,disturb**,disturb,selective_required_new
144,left,dive**,dive,selective_required_new
144,right,diverse**,diverse,selective_required_new
144,right,divide,divide,compulsory_baseline
144,right,division**,division,selective_required_new
144,right,dizzy**,dizzy,selective_required_new
144,right,do,do,compulsory_baseline
144,right,doctor,doctor,compulsory_baseline
144,right,document*,document,required_new
144,right,dog,dog,compulsory_baseline
144,right,dollar,dollar,compulsory_baseline
144,right,dolphin*,dolphin,required_new
144,right,domain**,domain,selective_required_new
144,right,domestic**,domestic,selective_required_new
144,right,dominate**,dominate,selective_required_new
144,right,donate*,donate,required_new
144,right,door,door,compulsory_baseline
144,right,dormitory**,dormitory,selective_required_new
144,right,double,double,compulsory_baseline
144,right,doubt,doubt,compulsory_baseline
144,right,down,down,compulsory_baseline
144,right,download*,download,required_new
144,right,downstairs*,downstairs,required_new
144,right,downtown*,downtown,required_new
144,right,dozen**,dozen,selective_required_new
144,right,draft**,draft,selective_required_new
144,right,drag**,drag,selective_required_new
144,right,dragon*,dragon,required_new
144,right,drama**,drama,selective_required_new
144,right,dramatic**,dramatic,selective_required_new
145,left,draw,draw,compulsory_baseline
145,left,drawer**,drawer,selective_required_new
145,left,dream,dream,compulsory_baseline
145,left,dress,dress,compulsory_baseline
145,left,drill**,drill,selective_required_new
145,left,drink,drink,compulsory_baseline
145,left,drive,drive,compulsory_baseline
145,left,driver,driver,compulsory_baseline
145,left,drop,drop,compulsory_baseline
145,left,drought*,drought,required_new
145,left,drug**,drug,selective_required_new
145,left,dry,dry,compulsory_baseline
145,left,duck,duck,compulsory_baseline
145,left,due to*,due to,required_new
145,left,dumpling,dumpling,compulsory_baseline
145,left,duration**,duration,selective_required_new
145,left,during,during,compulsory_baseline
145,left,dust**,dust,selective_required_new
145,left,duty*,duty,required_new
145,left,dynamic**,dynamic,selective_required_new
145,left,dynasty**,dynasty,selective_required_new
145,left,each,each,compulsory_baseline
145,left,eager*,eager,required_new
145,left,eagle**,eagle,selective_required_new
145,left,ear,ear,compulsory_baseline
145,left,early,early,compulsory_baseline
145,right,earn*,earn,required_new
145,right,earth,earth,compulsory_baseline
145,right,earthquake,earthquake,compulsory_baseline
145,right,ease**,ease,selective_required_new
145,right,east,east,compulsory_baseline
145,right,eastern,eastern,compulsory_baseline
145,right,easy,easy,compulsory_baseline
145,right,eat,eat,compulsory_baseline
145,right,ecology**,ecology,selective_required_new
145,right,economic**,economic,selective_required_new
145,right,edge**,edge,selective_required_new
145,right,editor*,editor,required_new
145,right,education,education,compulsory_baseline
145,right,educator**,educator,selective_required_new
145,right,effect*,effect,required_new
145,right,efficient**,efficient,selective_required_new
145,right,effort*,effort,required_new
145,right,egg,egg,compulsory_baseline
145,right,eight,eight,compulsory_baseline
145,right,eighteen,eighteen,compulsory_baseline
145,right,eighth,eighth,compulsory_baseline
145,right,eighty,eighty,compulsory_baseline
145,right,either,either,compulsory_baseline
145,right,elder,elder,compulsory_baseline
145,right,elderly**,elderly,selective_required_new
145,right,election**,election,selective_required_new
145,right,electricity*,electricity,required_new
145,right,electronic,electronic,compulsory_baseline
146,left,elegant**,elegant,selective_required_new
146,left,element*,element,required_new
146,left,elephant,elephant,compulsory_baseline
146,left,eleven,eleven,compulsory_baseline
146,left,else,else,compulsory_baseline
146,left,elsewhere**,elsewhere,selective_required_new
146,left,email,email,compulsory_baseline
146,left,embarrassed**,embarrassed,selective_required_new
146,left,emerge**,emerge,selective_required_new
146,left,emergency**,emergency,selective_required_new
146,left,emotion**,emotion,selective_required_new
146,left,emperor**,emperor,selective_required_new
146,left,emphasis**,emphasis,selective_required_new
146,left,employ**,employ,selective_required_new
146,left,empty,empty,compulsory_baseline
146,left,enable*,enable,required_new
146,left,encounter**,encounter,selective_required_new
146,left,encourage,encourage,compulsory_baseline
146,left,end,end,compulsory_baseline
146,left,enemy,enemy,compulsory_baseline
146,left,energetic*,energetic,required_new
146,left,energy*,energy,required_new
146,left,engage**,engage,selective_required_new
146,left,engine*,engine,required_new
146,left,engineer,engineer,compulsory_baseline
146,left,England,England,compulsory_baseline
146,left,English,English,compulsory_baseline
146,left,enhance**,enhance,selective_required_new
146,right,enjoy,enjoy,compulsory_baseline
146,right,enormous**,enormous,selective_required_new
146,right,enough,enough,compulsory_baseline
146,right,ensure*,ensure,required_new
146,right,enter,enter,compulsory_baseline
146,right,enterprise**,enterprise,selective_required_new
146,right,entertainment**,entertainment,selective_required_new
146,right,enthusiastic**,enthusiastic,selective_required_new
146,right,entirely*,entirely,required_new
146,right,entitle**,entitle,selective_required_new
146,right,entrance*,entrance,required_new
146,right,entry**,entry,selective_required_new
146,right,envelope*,envelope,required_new
146,right,environment,environment,compulsory_baseline
146,right,envy**,envy,selective_required_new
146,right,episode**,episode,selective_required_new
146,right,equal*,equal,required_new
146,right,equator**,equator,selective_required_new
146,right,equipment*,equipment,required_new
146,right,era**,era,selective_required_new
146,right,eraser,eraser,compulsory_baseline
146,right,error*,error,required_new
146,right,erupt*,erupt,required_new
146,right,escape*,escape,required_new
146,right,especially,especially,compulsory_baseline
146,right,essay**,essay,selective_required_new
146,right,essential**,essential,selective_required_new
146,right,establish*,establish,required_new
147,left,estate**,estate,selective_required_new
147,left,estimate**,estimate,selective_required_new
147,left,Europe,Europe,compulsory_baseline
147,left,European,European,compulsory_baseline
147,left,evaluate**,evaluate,selective_required_new
147,left,eve*,eve,required_new
147,left,even,even,compulsory_baseline
147,left,evening,evening,compulsory_baseline
147,left,event*,event,required_new
147,left,eventually*,eventually,required_new
147,left,ever,ever,compulsory_baseline
147,left,every,every,compulsory_baseline
147,left,everybody,everybody,compulsory_baseline
147,left,everyday,everyday,compulsory_baseline
147,left,everyone,everyone,compulsory_baseline
147,left,everything,everything,compulsory_baseline
147,left,everywhere,everywhere,compulsory_baseline
147,left,evidence**,evidence,selective_required_new
147,left,exactly,exactly,compulsory_baseline
147,left,exam (examination),exam (examination),compulsory_baseline
147,left,examine**,examine,selective_required_new
147,left,example,example,compulsory_baseline
147,left,excellent,excellent,compulsory_baseline
147,left,except,except,compulsory_baseline
147,left,exceptional**,exceptional,selective_required_new
147,left,exchange*,exchange,required_new
147,left,excited,excited,compulsory_baseline
147,left,exciting,exciting,compulsory_baseline
147,right,excuse,excuse,compulsory_baseline
147,right,exercise,exercise,compulsory_baseline
147,right,exhibition**,exhibition,selective_required_new
147,right,exist*,exist,required_new
147,right,exit*,exit,required_new
147,right,expand**,expand,selective_required_new
147,right,expansion**,expansion,selective_required_new
147,right,expect,expect,compulsory_baseline
147,right,expectation**,expectation,selective_required_new
147,right,expense**,expense,selective_required_new
147,right,expensive,expensive,compulsory_baseline
147,right,experience,experience,compulsory_baseline
147,right,experiment*,experiment,required_new
147,right,expert*,expert,required_new
147,right,explain,explain,compulsory_baseline
147,right,explode**,explode,selective_required_new
147,right,explore*,explore,required_new
147,right,export*,export,required_new
147,right,expose**,expose,selective_required_new
147,right,exposure**,exposure,selective_required_new
147,right,express,express,compulsory_baseline
147,right,extend**,extend,selective_required_new
147,right,extension**,extension,selective_required_new
147,right,extent*,extent,required_new
147,right,external*,external,required_new
147,right,extinction*,extinction,required_new
147,right,extra*,extra,required_new
147,right,extraordinary**,extraordinary,selective_required_new
148,left,extremely*,extremely,required_new
148,left,eye,eye,compulsory_baseline
148,left,fabric**,fabric,selective_required_new
148,left,face,face,compulsory_baseline
148,left,facilitate**,facilitate,selective_required_new
148,left,facility*,facility,required_new
148,left,fact,fact,compulsory_baseline
148,left,factor*,factor,required_new
148,left,factory,factory,compulsory_baseline
148,left,fail,fail,compulsory_baseline
148,left,failure*,failure,required_new
148,left,fair,fair,compulsory_baseline
148,left,faith**,faith,selective_required_new
148,left,fall,fall,compulsory_baseline
148,left,false**,false,selective_required_new
148,left,familiar*,familiar,required_new
148,left,family,family,compulsory_baseline
148,left,famous,famous,compulsory_baseline
148,left,fan,fan,compulsory_baseline
148,left,fancy*,fancy,required_new
148,left,fantastic,fantastic,compulsory_baseline
148,left,fantasy**,fantasy,selective_required_new
148,left,far,far,compulsory_baseline
148,left,farm,farm,compulsory_baseline
148,left,farmer,farmer,compulsory_baseline
148,left,fashion**,fashion,selective_required_new
148,right,fast,fast,compulsory_baseline
148,right,fat,fat,compulsory_baseline
148,right,father (dad),father (dad),compulsory_baseline
148,right,fault**,fault,selective_required_new
148,right,favour (favor)**,favour (favor),selective_required_new
148,right,favourite (favorite),favourite (favorite),compulsory_baseline
148,right,fear,fear,compulsory_baseline
148,right,feature*,feature,required_new
148,right,February,February,compulsory_baseline
148,right,fee**,fee,selective_required_new
148,right,feed,feed,compulsory_baseline
148,right,feel,feel,compulsory_baseline
148,right,feeling,feeling,compulsory_baseline
148,right,fellow**,fellow,selective_required_new
148,right,female*,female,required_new
148,right,fence**,fence,selective_required_new
148,right,festival,festival,compulsory_baseline
148,right,fetch**,fetch,selective_required_new
148,right,fever,fever,compulsory_baseline
148,right,few,few,compulsory_baseline
148,right,fibre (fiber)**,fibre (fiber),selective_required_new
148,right,fiction**,fiction,selective_required_new
148,right,field,field,compulsory_baseline
148,right,fifteen,fifteen,compulsory_baseline
148,right,fifth,fifth,compulsory_baseline
148,right,fifty,fifty,compulsory_baseline
148,right,fight,fight,compulsory_baseline
148,right,figure*,figure,required_new
149,left,file*,file,required_new
149,left,fill,fill,compulsory_baseline
149,left,film,film,compulsory_baseline
149,left,finally,finally,compulsory_baseline
149,left,finance**,finance,selective_required_new
149,left,financial**,financial,selective_required_new
149,left,find,find,compulsory_baseline
149,left,finding**,finding,selective_required_new
149,left,fine,fine,compulsory_baseline
149,left,finger,finger,compulsory_baseline
149,left,finish,finish,compulsory_baseline
149,left,fire,fire,compulsory_baseline
149,left,firm**,firm,selective_required_new
149,left,first,first,compulsory_baseline
149,left,fish,fish,compulsory_baseline
149,left,fisherman,fisherman,compulsory_baseline
149,left,fist**,fist,selective_required_new
149,left,fit,fit,compulsory_baseline
149,left,five,five,compulsory_baseline
149,left,fix,fix,compulsory_baseline
149,left,flag,flag,compulsory_baseline
149,left,flash*,flash,required_new
149,left,flat*,flat,required_new
149,left,flavour (flavor)**,flavour (flavor),selective_required_new
149,left,flexible*,flexible,required_new
149,left,flight*,flight,required_new
149,left,flood*,flood,required_new
149,left,floor,floor,compulsory_baseline
149,right,flour**,flour,selective_required_new
149,right,flow**,flow,selective_required_new
149,right,flower,flower,compulsory_baseline
149,right,flu**,flu,selective_required_new
149,right,fluent**,fluent,selective_required_new
149,right,fly,fly,compulsory_baseline
149,right,focus*,focus,required_new
149,right,foggy**,foggy,selective_required_new
149,right,fold**,fold,selective_required_new
149,right,folk**,folk,selective_required_new
149,right,follow,follow,compulsory_baseline
149,right,fond**,fond,selective_required_new
149,right,food,food,compulsory_baseline
149,right,foot (pl. feet),foot (pl. feet),compulsory_baseline
149,right,football,football,compulsory_baseline
149,right,for,for,compulsory_baseline
149,right,force,force,compulsory_baseline
149,right,forecast**,forecast,selective_required_new
149,right,forehead**,forehead,selective_required_new
149,right,foreign,foreign,compulsory_baseline
149,right,forest,forest,compulsory_baseline
149,right,forever**,forever,selective_required_new
149,right,forget,forget,compulsory_baseline
149,right,forgive**,forgive,selective_required_new
149,right,fork,fork,compulsory_baseline
149,right,form,form,compulsory_baseline
149,right,formal*,formal,required_new
149,right,format**,format,selective_required_new
150,left,former*,former,required_new
150,left,fortunately*,fortunately,required_new
150,left,forty,forty,compulsory_baseline
150,left,forward*,forward,required_new
150,left,found**,found,selective_required_new
150,left,foundation**,foundation,selective_required_new
150,left,fountain**,fountain,selective_required_new
150,left,four,four,compulsory_baseline
150,left,fourteen,fourteen,compulsory_baseline
150,left,fourth,fourth,compulsory_baseline
150,left,fox**,fox,selective_required_new
150,left,France,France,compulsory_baseline
150,left,frank*,frank,required_new
150,left,free,free,compulsory_baseline
150,left,freedom**,freedom,selective_required_new
150,left,freeze**,freeze,selective_required_new
150,left,French,French,compulsory_baseline
150,left,frequency**,frequency,selective_required_new
150,left,frequently*,frequently,required_new
150,left,fresh,fresh,compulsory_baseline
150,left,friction**,friction,selective_required_new
150,left,Friday,Friday,compulsory_baseline
150,left,fridge (refrigerator),fridge (refrigerator),compulsory_baseline
150,left,friend,friend,compulsory_baseline
150,left,friendly,friendly,compulsory_baseline
150,left,friendship,friendship,compulsory_baseline
150,left,frightened*,frightened,required_new
150,left,frog**,frog,selective_required_new
150,right,from,from,compulsory_baseline
150,right,front,front,compulsory_baseline
150,right,frontier**,frontier,selective_required_new
150,right,frost**,frost,selective_required_new
150,right,fruit,fruit,compulsory_baseline
150,right,fry**,fry,selective_required_new
150,right,fuel**,fuel,selective_required_new
150,right,full,full,compulsory_baseline
150,right,fun,fun,compulsory_baseline
150,right,function*,function,required_new
150,right,fund*,fund,required_new
150,right,fundamental**,fundamental,selective_required_new
150,right,funny,funny,compulsory_baseline
150,right,furniture**,furniture,selective_required_new
150,right,further*,further,required_new
150,right,future,future,compulsory_baseline
150,right,gain**,gain,selective_required_new
150,right,gallery**,gallery,selective_required_new
150,right,game,game,compulsory_baseline
150,right,gap*,gap,required_new
150,right,garbage**,garbage,selective_required_new
150,right,garden,garden,compulsory_baseline
150,right,garlic**,garlic,selective_required_new
150,right,gas*,gas,required_new
150,right,gate,gate,compulsory_baseline
150,right,gather*,gather,required_new
151,left,gender**,gender,selective_required_new
151,left,general,general,compulsory_baseline
151,left,generate**,generate,selective_required_new
151,left,generation*,generation,required_new
151,left,generous*,generous,required_new
151,left,genius**,genius,selective_required_new
151,left,gentle**,gentle,selective_required_new
151,left,gentleman,gentleman,compulsory_baseline
151,left,genuine**,genuine,selective_required_new
151,left,geography,geography,compulsory_baseline
151,left,geometry**,geometry,selective_required_new
151,left,German,German,compulsory_baseline
151,left,Germany,Germany,compulsory_baseline
151,left,get,get,compulsory_baseline
151,left,gift,gift,compulsory_baseline
151,left,gifted**,gifted,selective_required_new
151,left,giraffe,giraffe,compulsory_baseline
151,left,girl,girl,compulsory_baseline
151,left,give,give,compulsory_baseline
151,left,glad,glad,compulsory_baseline
151,left,glass,glass,compulsory_baseline
151,left,global*,global,required_new
151,left,globe**,globe,selective_required_new
151,left,glove,glove,compulsory_baseline
151,left,glue,glue,compulsory_baseline
151,left,go,go,compulsory_baseline
151,left,goal*,goal,required_new
151,left,goat**,goat,selective_required_new
151,right,gold,gold,compulsory_baseline
151,right,golf**,golf,selective_required_new
151,right,good,good,compulsory_baseline
151,right,goodbye (bye),goodbye (bye),compulsory_baseline
151,right,goods*,goods,required_new
151,right,government,government,compulsory_baseline
151,right,grab**,grab,selective_required_new
151,right,grade,grade,compulsory_baseline
151,right,gradually**,gradually,selective_required_new
151,right,graduate*,graduate,required_new
151,right,grain**,grain,selective_required_new
151,right,grammar,grammar,compulsory_baseline
151,right,gramme (gram)**,gramme (gram),selective_required_new
151,right,grand**,grand,selective_required_new
151,right,granddaughter,granddaughter,compulsory_baseline
151,right,grandfather (grandpa),grandfather (grandpa),compulsory_baseline
151,right,grandmother (grandma),grandmother (grandma),compulsory_baseline
151,right,grandparent,grandparent,compulsory_baseline
151,right,grandson,grandson,compulsory_baseline
151,right,grape,grape,compulsory_baseline
151,right,grasp**,grasp,selective_required_new
151,right,grass,grass,compulsory_baseline
151,right,grateful**,grateful,selective_required_new
151,right,gravity**,gravity,selective_required_new
151,right,great,great,compulsory_baseline
151,right,greedy**,greedy,selective_required_new
151,right,green,green,compulsory_baseline
151,right,greenhouse*,greenhouse,required_new
152,left,greet**,greet,selective_required_new
152,left,grey,grey,compulsory_baseline
152,left,grocery**,grocery,selective_required_new
152,left,ground,ground,compulsory_baseline
152,left,group,group,compulsory_baseline
152,left,grow,grow,compulsory_baseline
152,left,guarantee**,guarantee,selective_required_new
152,left,guard,guard,compulsory_baseline
152,left,guess,guess,compulsory_baseline
152,left,guest,guest,compulsory_baseline
152,left,guidance**,guidance,selective_required_new
152,left,guide,guide,compulsory_baseline
152,left,guideline*,guideline,required_new
152,left,guilty**,guilty,selective_required_new
152,left,guitar,guitar,compulsory_baseline
152,left,gun,gun,compulsory_baseline
152,left,guy*,guy,required_new
152,left,gym*,gym,required_new
152,left,gymnastics*,gymnastics,required_new
152,left,habit,habit,compulsory_baseline
152,left,habitat**,habitat,selective_required_new
152,left,hair,hair,compulsory_baseline
152,left,half,half,compulsory_baseline
152,left,hall,hall,compulsory_baseline
152,left,ham**,ham,selective_required_new
152,left,hamburger,hamburger,compulsory_baseline
152,right,hand,hand,compulsory_baseline
152,right,handbag,handbag,compulsory_baseline
152,right,handkerchief**,handkerchief,selective_required_new
152,right,handle**,handle,selective_required_new
152,right,handsome,handsome,compulsory_baseline
152,right,handwriting**,handwriting,selective_required_new
152,right,hang,hang,compulsory_baseline
152,right,happen,happen,compulsory_baseline
152,right,happy,happy,compulsory_baseline
152,right,hard,hard,compulsory_baseline
152,right,hardly,hardly,compulsory_baseline
152,right,harm**,harm,selective_required_new
152,right,harmful,harmful,compulsory_baseline
152,right,harmonious**,harmonious,selective_required_new
152,right,harmony**,harmony,selective_required_new
152,right,harvest**,harvest,selective_required_new
152,right,hat,hat,compulsory_baseline
152,right,hatch**,hatch,selective_required_new
152,right,hate,hate,compulsory_baseline
152,right,have (has),have (has),compulsory_baseline
152,right,he,he,compulsory_baseline
152,right,head,head,compulsory_baseline
152,right,headache,headache,compulsory_baseline
152,right,health,health,compulsory_baseline
152,right,healthy,healthy,compulsory_baseline
152,right,hear,hear,compulsory_baseline
152,right,heart,heart,compulsory_baseline
152,right,heat,heat,compulsory_baseline
153,left,heavy,heavy,compulsory_baseline
153,left,height,height,compulsory_baseline
153,left,hello,hello,compulsory_baseline
153,left,help,help,compulsory_baseline
153,left,helpful,helpful,compulsory_baseline
153,left,hen,hen,compulsory_baseline
153,left,hence**,hence,selective_required_new
153,left,her,her,compulsory_baseline
153,left,herb**,herb,selective_required_new
153,left,here,here,compulsory_baseline
153,left,hero,hero,compulsory_baseline
153,left,hers,hers,compulsory_baseline
153,left,herself,herself,compulsory_baseline
153,left,hesitate*,hesitate,required_new
153,left,hi,hi,compulsory_baseline
153,left,hide,hide,compulsory_baseline
153,left,high,high,compulsory_baseline
153,left,highlight**,highlight,selective_required_new
153,left,hike**,hike,selective_required_new
153,left,hill,hill,compulsory_baseline
153,left,him,him,compulsory_baseline
153,left,himself,himself,compulsory_baseline
153,left,hire**,hire,selective_required_new
153,left,his,his,compulsory_baseline
153,left,historic**,historic,selective_required_new
153,left,history,history,compulsory_baseline
153,left,hit,hit,compulsory_baseline
153,left,hobby,hobby,compulsory_baseline
153,right,hold,hold,compulsory_baseline
153,right,hole,hole,compulsory_baseline
153,right,holiday,holiday,compulsory_baseline
153,right,home,home,compulsory_baseline
153,right,hometown,hometown,compulsory_baseline
153,right,homework,homework,compulsory_baseline
153,right,honest,honest,compulsory_baseline
153,right,honey*,honey,required_new
153,right,honour (honor)*,honour (honor),required_new
153,right,hope,hope,compulsory_baseline
153,right,horrible*,horrible,required_new
153,right,horse,horse,compulsory_baseline
153,right,hospital,hospital,compulsory_baseline
153,right,host*,host,required_new
153,right,hot,hot,compulsory_baseline
153,right,hotel,hotel,compulsory_baseline
153,right,hour,hour,compulsory_baseline
153,right,house,house,compulsory_baseline
153,right,household**,household,selective_required_new
153,right,housework,housework,compulsory_baseline
153,right,housing**,housing,selective_required_new
153,right,how,how,compulsory_baseline
153,right,however,however,compulsory_baseline
153,right,hug*,hug,required_new
153,right,huge,huge,compulsory_baseline
153,right,human,human,compulsory_baseline
153,right,humble**,humble,selective_required_new
153,right,humorous,humorous,compulsory_baseline
154,left,hundred,hundred,compulsory_baseline
154,left,hungry,hungry,compulsory_baseline
154,left,hunt**,hunt,selective_required_new
154,left,hurricane*,hurricane,required_new
154,left,hurry,hurry,compulsory_baseline
154,left,hurt,hurt,compulsory_baseline
154,left,husband,husband,compulsory_baseline
154,left,hydrogen**,hydrogen,selective_required_new
154,left,ice,ice,compulsory_baseline
154,left,ice-cream,ice-cream,compulsory_baseline
154,left,idea,idea,compulsory_baseline
154,left,ideal**,ideal,selective_required_new
154,left,identical**,identical,selective_required_new
154,left,identify**,identify,selective_required_new
154,left,identity*,identity,required_new
154,left,idiom**,idiom,selective_required_new
154,left,if,if,compulsory_baseline
154,left,ignore*,ignore,required_new
154,left,ill,ill,compulsory_baseline
154,left,illegal**,illegal,selective_required_new
154,left,illness,illness,compulsory_baseline
154,left,illustrate*,illustrate,required_new
154,left,image*,image,required_new
154,left,imagine,imagine,compulsory_baseline
154,left,immediately*,immediately,required_new
154,right,impact*,impact,required_new
154,right,imply**,imply,selective_required_new
154,right,import*,import,required_new
154,right,important,important,compulsory_baseline
154,right,impossible,impossible,compulsory_baseline
154,right,impress**,impress,selective_required_new
154,right,impression*,impression,required_new
154,right,improve*,improve,required_new
154,right,in,in,compulsory_baseline
154,right,inch**,inch,selective_required_new
154,right,incident**,incident,selective_required_new
154,right,include,include,compulsory_baseline
154,right,income*,income,required_new
154,right,increase,increase,compulsory_baseline
154,right,incredible**,incredible,selective_required_new
154,right,indeed*,indeed,required_new
154,right,independent*,independent,required_new
154,right,India,India,compulsory_baseline
154,right,Indian,Indian,compulsory_baseline
154,right,indicate*,indicate,required_new
154,right,individual*,individual,required_new
154,right,industry,industry,compulsory_baseline
154,right,infection**,infection,selective_required_new
154,right,infer**,infer,selective_required_new
154,right,influence,influence,compulsory_baseline
154,right,influential**,influential,selective_required_new
154,right,information,information,compulsory_baseline
154,right,initial**,initial,selective_required_new
155,left,initiative**,initiative,selective_required_new
155,left,injury**,injury,selective_required_new
155,left,inner**,inner,selective_required_new
155,left,innocent**,innocent,selective_required_new
155,left,innovation**,innovation,selective_required_new
155,left,input**,input,selective_required_new
155,left,inquire**,inquire,selective_required_new
155,left,insect*,insect,required_new
155,left,inside,inside,compulsory_baseline
155,left,insight**,insight,selective_required_new
155,left,insist**,insist,selective_required_new
155,left,inspection**,inspection,selective_required_new
155,left,inspire*,inspire,required_new
155,left,instance**,instance,selective_required_new
155,left,instant**,instant,selective_required_new
155,left,instead,instead,compulsory_baseline
155,left,institute**,institute,selective_required_new
155,left,institution**,institution,selective_required_new
155,left,instruction,instruction,compulsory_baseline
155,left,instrument,instrument,compulsory_baseline
155,left,insurance**,insurance,selective_required_new
155,left,integrate**,integrate,selective_required_new
155,left,integrity**,integrity,selective_required_new
155,left,intelligent*,intelligent,required_new
155,left,intend*,intend,required_new
155,left,intense**,intense,selective_required_new
155,left,intention**,intention,selective_required_new
155,left,interaction**,interaction,selective_required_new
155,right,interest,interest,compulsory_baseline
155,right,interesting,interesting,compulsory_baseline
155,right,internal**,internal,selective_required_new
155,right,international,international,compulsory_baseline
155,right,Internet,Internet,compulsory_baseline
155,right,interpret**,interpret,selective_required_new
155,right,interrupt**,interrupt,selective_required_new
155,right,intervention**,intervention,selective_required_new
155,right,interview,interview,compulsory_baseline
155,right,into,into,compulsory_baseline
155,right,introduce,introduce,compulsory_baseline
155,right,introduction,introduction,compulsory_baseline
155,right,invent,invent,compulsory_baseline
155,right,invention,invention,compulsory_baseline
155,right,investigate**,investigate,selective_required_new
155,right,investment**,investment,selective_required_new
155,right,invite,invite,compulsory_baseline
155,right,involve**,involve,selective_required_new
155,right,iron**,iron,selective_required_new
155,right,island,island,compulsory_baseline
155,right,issue*,issue,required_new
155,right,it,it,compulsory_baseline
155,right,item**,item,selective_required_new
155,right,its,its,compulsory_baseline
155,right,itself,itself,compulsory_baseline
155,right,jacket,jacket,compulsory_baseline
156,left,jam**,jam,selective_required_new
156,left,January,January,compulsory_baseline
156,left,Japan,Japan,compulsory_baseline
156,left,Japanese,Japanese,compulsory_baseline
156,left,jaw**,jaw,selective_required_new
156,left,jazz**,jazz,selective_required_new
156,left,jeans*,jeans,required_new
156,left,job,job,compulsory_baseline
156,left,jog*,jog,required_new
156,left,join,join,compulsory_baseline
156,left,joint**,joint,selective_required_new
156,left,joke,joke,compulsory_baseline
156,left,journal*,journal,required_new
156,left,journalist**,journalist,selective_required_new
156,left,journey,journey,compulsory_baseline
156,left,joy*,joy,required_new
156,left,judge*,judge,required_new
156,left,juice,juice,compulsory_baseline
156,left,July,July,compulsory_baseline
156,left,jump,jump,compulsory_baseline
156,left,June,June,compulsory_baseline
156,left,jungle**,jungle,selective_required_new
156,left,junior*,junior,required_new
156,left,just,just,compulsory_baseline
156,left,justice*,justice,required_new
156,left,justify**,justify,selective_required_new
156,right,kangaroo*,kangaroo,required_new
156,right,keep,keep,compulsory_baseline
156,right,kettle**,kettle,selective_required_new
156,right,key,key,compulsory_baseline
156,right,keyboard,keyboard,compulsory_baseline
156,right,kick,kick,compulsory_baseline
156,right,kid,kid,compulsory_baseline
156,right,kill,kill,compulsory_baseline
156,right,"kilo (kilogramme,","kilo (kilogramme,",compulsory_baseline
156,right,kilogram),kilogram),compulsory_baseline
156,right,kilometre (kilometer),kilometre (kilometer),compulsory_baseline
156,right,kind,kind,compulsory_baseline
156,right,kindergarten**,kindergarten,selective_required_new
156,right,king,king,compulsory_baseline
156,right,kingdom**,kingdom,selective_required_new
156,right,kiss,kiss,compulsory_baseline
156,right,kit**,kit,selective_required_new
156,right,kitchen,kitchen,compulsory_baseline
156,right,kite,kite,compulsory_baseline
156,right,knee,knee,compulsory_baseline
156,right,knife,knife,compulsory_baseline
156,right,knock,knock,compulsory_baseline
156,right,know,know,compulsory_baseline
156,right,knowledge,knowledge,compulsory_baseline
157,left,lab (laboratory),lab (laboratory),compulsory_baseline
157,left,label**,label,selective_required_new
157,left,labour (labor)**,labour (labor),selective_required_new
157,left,lack**,lack,selective_required_new
157,left,lady,lady,compulsory_baseline
157,left,lake,lake,compulsory_baseline
157,left,lamb**,lamb,selective_required_new
157,left,lamp**,lamp,selective_required_new
157,left,land,land,compulsory_baseline
157,left,landscape**,landscape,selective_required_new
157,left,language,language,compulsory_baseline
157,left,lantern*,lantern,required_new
157,left,lap*,lap,required_new
157,left,laptop**,laptop,selective_required_new
157,left,large,large,compulsory_baseline
157,left,last,last,compulsory_baseline
157,left,late,late,compulsory_baseline
157,left,later,later,compulsory_baseline
157,left,laugh,laugh,compulsory_baseline
157,left,launch**,launch,selective_required_new
157,left,law,law,compulsory_baseline
157,left,lawyer**,lawyer,selective_required_new
157,left,lay,lay,compulsory_baseline
157,left,lazy,lazy,compulsory_baseline
157,left,lead,lead,compulsory_baseline
157,left,leader,leader,compulsory_baseline
157,right,leadership**,leadership,selective_required_new
157,right,leaf,leaf,compulsory_baseline
157,right,league**,league,selective_required_new
157,right,leak**,leak,selective_required_new
157,right,learn,learn,compulsory_baseline
157,right,least,least,compulsory_baseline
157,right,leather**,leather,selective_required_new
157,right,leave,leave,compulsory_baseline
157,right,lecture*,lecture,required_new
157,right,left,left,compulsory_baseline
157,right,leg,leg,compulsory_baseline
157,right,legal**,legal,selective_required_new
157,right,leisure**,leisure,selective_required_new
157,right,lemon,lemon,compulsory_baseline
157,right,lend,lend,compulsory_baseline
157,right,length*,length,required_new
157,right,less,less,compulsory_baseline
157,right,lesson,lesson,compulsory_baseline
157,right,let,let,compulsory_baseline
157,right,letter,letter,compulsory_baseline
157,right,level,level,compulsory_baseline
157,right,liberation**,liberation,selective_required_new
157,right,liberty**,liberty,selective_required_new
157,right,librarian**,librarian,selective_required_new
157,right,library,library,compulsory_baseline
157,right,license**,license,selective_required_new
157,right,lie,lie,compulsory_baseline
157,right,life,life,compulsory_baseline
158,left,lift,lift,compulsory_baseline
158,left,light,light,compulsory_baseline
158,left,like,like,compulsory_baseline
158,left,likely*,likely,required_new
158,left,limit**,limit,selective_required_new
158,left,limited*,limited,required_new
158,left,line,line,compulsory_baseline
158,left,link**,link,selective_required_new
158,left,lion,lion,compulsory_baseline
158,left,liquid**,liquid,selective_required_new
158,left,list,list,compulsory_baseline
158,left,listen,listen,compulsory_baseline
158,left,literally**,literally,selective_required_new
158,left,literary**,literary,selective_required_new
158,left,literature*,literature,required_new
158,left,litter,litter,compulsory_baseline
158,left,little,little,compulsory_baseline
158,left,live,live,compulsory_baseline
158,left,lively,lively,compulsory_baseline
158,left,living*,living,required_new
158,left,load**,load,selective_required_new
158,left,loan**,loan,selective_required_new
158,left,local,local,compulsory_baseline
158,left,location*,location,required_new
158,left,lock,lock,compulsory_baseline
158,left,log**,log,selective_required_new
158,left,logical**,logical,selective_required_new
158,left,London,London,compulsory_baseline
158,right,lonely,lonely,compulsory_baseline
158,right,long,long,compulsory_baseline
158,right,look,look,compulsory_baseline
158,right,loose**,loose,selective_required_new
158,right,lose,lose,compulsory_baseline
158,right,loss*,loss,required_new
158,right,lot,lot,compulsory_baseline
158,right,loud,loud,compulsory_baseline
158,right,love,love,compulsory_baseline
158,right,lovely,lovely,compulsory_baseline
158,right,low,low,compulsory_baseline
158,right,lower**,lower,selective_required_new
158,right,luck,luck,compulsory_baseline
158,right,lucky,lucky,compulsory_baseline
158,right,lunar**,lunar,selective_required_new
158,right,lunch,lunch,compulsory_baseline
158,right,lung**,lung,selective_required_new
158,right,luxury**,luxury,selective_required_new
158,right,machine,machine,compulsory_baseline
158,right,mad,mad,compulsory_baseline
158,right,madam**,madam,selective_required_new
158,right,magazine,magazine,compulsory_baseline
158,right,magic,magic,compulsory_baseline
158,right,mail**,mail,selective_required_new
158,right,main,main,compulsory_baseline
158,right,maintain*,maintain,required_new
159,left,major*,major,required_new
159,left,majority*,majority,required_new
159,left,make,make,compulsory_baseline
159,left,male*,male,required_new
159,left,man (pl. men),man (pl. men),compulsory_baseline
159,left,manage,manage,compulsory_baseline
159,left,manager,manager,compulsory_baseline
159,left,mankind**,mankind,selective_required_new
159,left,manner**,manner,selective_required_new
159,left,many,many,compulsory_baseline
159,left,map,map,compulsory_baseline
159,left,marathon**,marathon,selective_required_new
159,left,March,March,compulsory_baseline
159,left,march*,march,required_new
159,left,mark,mark,compulsory_baseline
159,left,market,market,compulsory_baseline
159,left,marriage*,marriage,required_new
159,left,marry,marry,compulsory_baseline
159,left,mass*,mass,required_new
159,left,massive**,massive,selective_required_new
159,left,master*,master,required_new
159,left,match,match,compulsory_baseline
159,left,material*,material,required_new
159,left,maths (mathematics),maths (mathematics),compulsory_baseline
159,left,matter,matter,compulsory_baseline
159,left,mature**,mature,selective_required_new
159,left,maximum**,maximum,selective_required_new
159,left,May,May,compulsory_baseline
159,right,may,may,compulsory_baseline
159,right,maybe,maybe,compulsory_baseline
159,right,me,me,compulsory_baseline
159,right,meal,meal,compulsory_baseline
159,right,mean,mean,compulsory_baseline
159,right,meaning,meaning,compulsory_baseline
159,right,means**,means,selective_required_new
159,right,measure*,measure,required_new
159,right,meat,meat,compulsory_baseline
159,right,mechanic**,mechanic,selective_required_new
159,right,medal*,medal,required_new
159,right,medical,medical,compulsory_baseline
159,right,medicine,medicine,compulsory_baseline
159,right,medium (pl. media)*,medium (pl. media),required_new
159,right,meet,meet,compulsory_baseline
159,right,meeting,meeting,compulsory_baseline
159,right,member,member,compulsory_baseline
159,right,membership**,membership,selective_required_new
159,right,memorial**,memorial,selective_required_new
159,right,memory*,memory,required_new
159,right,mental*,mental,required_new
159,right,mention,mention,compulsory_baseline
159,right,menu,menu,compulsory_baseline
159,right,mercy**,mercy,selective_required_new
159,right,merely**,merely,selective_required_new
159,right,merry*,merry,required_new
159,right,mess,mess,compulsory_baseline
159,right,message,message,compulsory_baseline
160,left,metal*,metal,required_new
160,left,method,method,compulsory_baseline
160,left,metre (meter),metre (meter),compulsory_baseline
160,left,microscope**,microscope,selective_required_new
160,left,middle,middle,compulsory_baseline
160,left,midnight*,midnight,required_new
160,left,might,might,compulsory_baseline
160,left,mild**,mild,selective_required_new
160,left,mile,mile,compulsory_baseline
160,left,military*,military,required_new
160,left,milk,milk,compulsory_baseline
160,left,millimetre (millimeter)**,millimetre (millimeter),selective_required_new
160,left,million**,million,selective_required_new
160,left,mind,mind,compulsory_baseline
160,left,mine,mine,compulsory_baseline
160,left,mineral**,mineral,selective_required_new
160,left,minimum**,minimum,selective_required_new
160,left,minister**,minister,selective_required_new
160,left,minor**,minor,selective_required_new
160,left,minority**,minority,selective_required_new
160,left,minute,minute,compulsory_baseline
160,left,mirror**,mirror,selective_required_new
160,left,Miss,Miss,compulsory_baseline
160,left,miss,miss,compulsory_baseline
160,left,missile**,missile,selective_required_new
160,left,missing,missing,compulsory_baseline
160,left,mission**,mission,selective_required_new
160,left,mist**,mist,selective_required_new
160,right,mistake,mistake,compulsory_baseline
160,right,mix,mix,compulsory_baseline
160,right,mixture**,mixture,selective_required_new
160,right,mobile phone,mobile phone,compulsory_baseline
160,right,mode**,mode,selective_required_new
160,right,model,model,compulsory_baseline
160,right,modern,modern,compulsory_baseline
160,right,moment*,moment,required_new
160,right,Monday,Monday,compulsory_baseline
160,right,money,money,compulsory_baseline
160,right,monitor**,monitor,selective_required_new
160,right,monkey,monkey,compulsory_baseline
160,right,month,month,compulsory_baseline
160,right,monthly**,monthly,selective_required_new
160,right,mood**,mood,selective_required_new
160,right,moon,moon,compulsory_baseline
160,right,moral**,moral,selective_required_new
160,right,more,more,compulsory_baseline
160,right,moreover*,moreover,required_new
160,right,morning,morning,compulsory_baseline
160,right,mosquito**,mosquito,selective_required_new
160,right,most,most,compulsory_baseline
160,right,mostly**,mostly,selective_required_new
160,right,mother (mum),mother (mum),compulsory_baseline
160,right,motion**,motion,selective_required_new
160,right,motivate**,motivate,selective_required_new
160,right,motive**,motive,selective_required_new
160,right,motor**,motor,selective_required_new
161,left,mount**,mount,selective_required_new
161,left,mountain,mountain,compulsory_baseline
161,left,mouse (pl. mice),mouse (pl. mice),compulsory_baseline
161,left,mouth,mouth,compulsory_baseline
161,left,move,move,compulsory_baseline
161,left,movement*,movement,required_new
161,left,movie,movie,compulsory_baseline
161,left,Mr,Mr,compulsory_baseline
161,left,Mrs,Mrs,compulsory_baseline
161,left,Ms,Ms,compulsory_baseline
161,left,much,much,compulsory_baseline
161,left,mud**,mud,selective_required_new
161,left,multiple**,multiple,selective_required_new
161,left,murder**,murder,selective_required_new
161,left,muscle**,muscle,selective_required_new
161,left,museum,museum,compulsory_baseline
161,left,mushroom**,mushroom,selective_required_new
161,left,music,music,compulsory_baseline
161,left,musician,musician,compulsory_baseline
161,left,must,must,compulsory_baseline
161,left,my,my,compulsory_baseline
161,left,myself,myself,compulsory_baseline
161,left,nail**,nail,selective_required_new
161,left,name,name,compulsory_baseline
161,left,narrow*,narrow,required_new
161,left,nation*,nation,required_new
161,right,national,national,compulsory_baseline
161,right,nationality*,nationality,required_new
161,right,native**,native,selective_required_new
161,right,natural,natural,compulsory_baseline
161,right,nature,nature,compulsory_baseline
161,right,navy**,navy,selective_required_new
161,right,near,near,compulsory_baseline
161,right,nearby*,nearby,required_new
161,right,nearly,nearly,compulsory_baseline
161,right,neat*,neat,required_new
161,right,necessary,necessary,compulsory_baseline
161,right,neck,neck,compulsory_baseline
161,right,need,need,compulsory_baseline
161,right,needle**,needle,selective_required_new
161,right,negative*,negative,required_new
161,right,negotiate**,negotiate,selective_required_new
161,right,neighbour (neighbor),neighbour (neighbor),compulsory_baseline
161,right,neighbourhood (neighborhood)**,neighbourhood (neighborhood),selective_required_new
161,right,neither,neither,compulsory_baseline
161,right,nephew**,nephew,selective_required_new
161,right,nervous,nervous,compulsory_baseline
161,right,nest**,nest,selective_required_new
161,right,net**,net,selective_required_new
161,right,network**,network,selective_required_new
161,right,never,never,compulsory_baseline
161,right,nevertheless**,nevertheless,selective_required_new
161,right,new,new,compulsory_baseline
161,right,news,news,compulsory_baseline
162,left,newspaper,newspaper,compulsory_baseline
162,left,next,next,compulsory_baseline
162,left,nice,nice,compulsory_baseline
162,left,niece**,niece,selective_required_new
162,left,night,night,compulsory_baseline
162,left,nine,nine,compulsory_baseline
162,left,nineteen,nineteen,compulsory_baseline
162,left,ninety,ninety,compulsory_baseline
162,left,ninth,ninth,compulsory_baseline
162,left,no,no,compulsory_baseline
162,left,noble**,noble,selective_required_new
162,left,nobody,nobody,compulsory_baseline
162,left,nod,nod,compulsory_baseline
162,left,noise,noise,compulsory_baseline
162,left,noisy,noisy,compulsory_baseline
162,left,none,none,compulsory_baseline
162,left,noodle,noodle,compulsory_baseline
162,left,noon,noon,compulsory_baseline
162,left,nor,nor,compulsory_baseline
162,left,normal*,normal,required_new
162,left,north,north,compulsory_baseline
162,left,northern,northern,compulsory_baseline
162,left,nose,nose,compulsory_baseline
162,left,not,not,compulsory_baseline
162,left,note,note,compulsory_baseline
162,left,notebook,notebook,compulsory_baseline
162,left,nothing,nothing,compulsory_baseline
162,left,notice,notice,compulsory_baseline
162,right,novel**,novel,selective_required_new
162,right,novelist**,novelist,selective_required_new
162,right,November,November,compulsory_baseline
162,right,now,now,compulsory_baseline
162,right,nowadays*,nowadays,required_new
162,right,nowhere*,nowhere,required_new
162,right,nuclear**,nuclear,selective_required_new
162,right,number,number,compulsory_baseline
162,right,nurse,nurse,compulsory_baseline
162,right,nut*,nut,required_new
162,right,nutrition**,nutrition,selective_required_new
162,right,object,object,compulsory_baseline
162,right,objective**,objective,selective_required_new
162,right,observe*,observe,required_new
162,right,obtain**,obtain,selective_required_new
162,right,obviously*,obviously,required_new
162,right,occasion*,occasion,required_new
162,right,occupation**,occupation,selective_required_new
162,right,occupy**,occupy,selective_required_new
162,right,occur*,occur,required_new
162,right,ocean*,ocean,required_new
162,right,o’clock,o’clock,compulsory_baseline
162,right,October,October,compulsory_baseline
162,right,odd*,odd,required_new
162,right,of,of,compulsory_baseline
162,right,off,off,compulsory_baseline
163,left,offer,offer,compulsory_baseline
163,left,office,office,compulsory_baseline
163,left,officer,officer,compulsory_baseline
163,left,official*,official,required_new
163,left,often,often,compulsory_baseline
163,left,oil,oil,compulsory_baseline
163,left,OK,OK,compulsory_baseline
163,left,old,old,compulsory_baseline
163,left,Olympics,Olympics,compulsory_baseline
163,left,on,on,compulsory_baseline
163,left,once,once,compulsory_baseline
163,left,one,one,compulsory_baseline
163,left,onion**,onion,selective_required_new
163,left,online,online,compulsory_baseline
163,left,only,only,compulsory_baseline
163,left,onto*,onto,required_new
163,left,open,open,compulsory_baseline
163,left,opera*,opera,required_new
163,left,operation*,operation,required_new
163,left,operator**,operator,selective_required_new
163,left,opinion*,opinion,required_new
163,left,opponent**,opponent,selective_required_new
163,left,opportunity*,opportunity,required_new
163,left,oppose**,oppose,selective_required_new
163,left,opposite,opposite,compulsory_baseline
163,left,optimistic**,optimistic,selective_required_new
163,left,option*,option,required_new
163,left,or,or,compulsory_baseline
163,right,orange,orange,compulsory_baseline
163,right,orbit**,orbit,selective_required_new
163,right,order,order,compulsory_baseline
163,right,ordinary*,ordinary,required_new
163,right,organ**,organ,selective_required_new
163,right,organic**,organic,selective_required_new
163,right,organisation (organization)*,organisation (organization),required_new
163,right,origin**,origin,selective_required_new
163,right,original*,original,required_new
163,right,other,other,compulsory_baseline
163,right,otherwise*,otherwise,required_new
163,right,ought to*,ought to,required_new
163,right,our,our,compulsory_baseline
163,right,ours,ours,compulsory_baseline
163,right,ourselves,ourselves,compulsory_baseline
163,right,out,out,compulsory_baseline
163,right,outcome**,outcome,selective_required_new
163,right,outgoing**,outgoing,selective_required_new
163,right,outline**,outline,selective_required_new
163,right,output**,output,selective_required_new
163,right,outside,outside,compulsory_baseline
163,right,outstanding**,outstanding,selective_required_new
163,right,over,over,compulsory_baseline
163,right,overall**,overall,selective_required_new
163,right,overcome**,overcome,selective_required_new
163,right,overseas*,overseas,required_new
163,right,owe**,owe,selective_required_new
163,right,own,own,compulsory_baseline
164,left,oxygen*,oxygen,required_new
164,left,pace**,pace,selective_required_new
164,left,Pacific,Pacific,compulsory_baseline
164,left,pack**,pack,selective_required_new
164,left,package*,package,required_new
164,left,page,page,compulsory_baseline
164,left,pain,pain,compulsory_baseline
164,left,paint,paint,compulsory_baseline
164,left,pair,pair,compulsory_baseline
164,left,palace,palace,compulsory_baseline
164,left,pale,pale,compulsory_baseline
164,left,pan**,pan,selective_required_new
164,left,pancake,pancake,compulsory_baseline
164,left,panda,panda,compulsory_baseline
164,left,panel**,panel,selective_required_new
164,left,panic**,panic,selective_required_new
164,left,paper,paper,compulsory_baseline
164,left,paragraph**,paragraph,selective_required_new
164,left,parcel**,parcel,selective_required_new
164,left,pardon,pardon,compulsory_baseline
164,left,parent,parent,compulsory_baseline
164,left,park,park,compulsory_baseline
164,left,parking**,parking,selective_required_new
164,left,part,part,compulsory_baseline
164,left,participate**,participate,selective_required_new
164,left,particular*,particular,required_new
164,right,partner*,partner,required_new
164,right,party,party,compulsory_baseline
164,right,pass,pass,compulsory_baseline
164,right,passage,passage,compulsory_baseline
164,right,passenger,passenger,compulsory_baseline
164,right,passion**,passion,selective_required_new
164,right,passive*,passive,required_new
164,right,passport,passport,compulsory_baseline
164,right,past,past,compulsory_baseline
164,right,patent**,patent,selective_required_new
164,right,path*,path,required_new
164,right,patience**,patience,selective_required_new
164,right,patient,patient,compulsory_baseline
164,right,pattern*,pattern,required_new
164,right,pay,pay,compulsory_baseline
164,right,PE (physical education),PE (physical education),compulsory_baseline
164,right,peace,peace,compulsory_baseline
164,right,peak**,peak,selective_required_new
164,right,pear,pear,compulsory_baseline
164,right,pen,pen,compulsory_baseline
164,right,pencil,pencil,compulsory_baseline
164,right,people,people,compulsory_baseline
164,right,pepper**,pepper,selective_required_new
164,right,per*,per,required_new
164,right,perceive**,perceive,selective_required_new
164,right,percent*,percent,required_new
164,right,percentage*,percentage,required_new
164,right,perfect,perfect,compulsory_baseline
165,left,performance*,performance,required_new
165,left,perhaps,perhaps,compulsory_baseline
165,left,period,period,compulsory_baseline
165,left,permanent**,permanent,selective_required_new
165,left,permit*,permit,required_new
165,left,person,person,compulsory_baseline
165,left,personal,personal,compulsory_baseline
165,left,personality*,personality,required_new
165,left,persuade**,persuade,selective_required_new
165,left,pessimistic**,pessimistic,selective_required_new
165,left,pet,pet,compulsory_baseline
165,left,petrol*,petrol,required_new
165,left,phase**,phase,selective_required_new
165,left,phenomenon**,phenomenon,selective_required_new
165,left,philosophy**,philosophy,selective_required_new
165,left,phone,phone,compulsory_baseline
165,left,photo (photograph),photo (photograph),compulsory_baseline
165,left,photographer**,photographer,selective_required_new
165,left,phrase**,phrase,selective_required_new
165,left,physician**,physician,selective_required_new
165,left,physics,physics,compulsory_baseline
165,left,piano*,piano,required_new
165,left,pick,pick,compulsory_baseline
165,left,picnic,picnic,compulsory_baseline
165,left,picture,picture,compulsory_baseline
165,left,pie,pie,compulsory_baseline
165,left,piece,piece,compulsory_baseline
165,left,pig,pig,compulsory_baseline
165,right,pill**,pill,selective_required_new
165,right,pilot,pilot,compulsory_baseline
165,right,pink,pink,compulsory_baseline
165,right,pioneer,pioneer,compulsory_baseline
165,right,pipe**,pipe,selective_required_new
165,right,pity,pity,compulsory_baseline
165,right,place,place,compulsory_baseline
165,right,plain**,plain,selective_required_new
165,right,plan,plan,compulsory_baseline
165,right,plane,plane,compulsory_baseline
165,right,planet,planet,compulsory_baseline
165,right,plant,plant,compulsory_baseline
165,right,plastic**,plastic,selective_required_new
165,right,plate*,plate,required_new
165,right,platform**,platform,selective_required_new
165,right,play,play,compulsory_baseline
165,right,player,player,compulsory_baseline
165,right,playground,playground,compulsory_baseline
165,right,pleasant**,pleasant,selective_required_new
165,right,please,please,compulsory_baseline
165,right,pleasure,pleasure,compulsory_baseline
165,right,plenty,plenty,compulsory_baseline
165,right,plot**,plot,selective_required_new
165,right,plug**,plug,selective_required_new
165,right,plus*,plus,required_new
165,right,p.m.*,p.m.,required_new
165,right,pocket,pocket,compulsory_baseline
165,right,poem,poem,compulsory_baseline
166,left,poet**,poet,selective_required_new
166,left,poetry*,poetry,required_new
166,left,point,point,compulsory_baseline
166,left,poison*,poison,required_new
166,left,polar**,polar,selective_required_new
166,left,pole*,pole,required_new
166,left,police,police,compulsory_baseline
166,left,policeman / policewoman,policeman / policewoman,compulsory_baseline
166,left,policy*,policy,required_new
166,left,polish**,polish,selective_required_new
166,left,polite,polite,compulsory_baseline
166,left,political**,political,selective_required_new
166,left,politician**,politician,selective_required_new
166,left,politics**,politics,selective_required_new
166,left,pollute,pollute,compulsory_baseline
166,left,pollution,pollution,compulsory_baseline
166,left,pond**,pond,selective_required_new
166,left,pool,pool,compulsory_baseline
166,left,poor,poor,compulsory_baseline
166,left,popular (pop),popular (pop),compulsory_baseline
166,left,population,population,compulsory_baseline
166,left,pork**,pork,selective_required_new
166,left,port*,port,required_new
166,left,pose**,pose,selective_required_new
166,left,position*,position,required_new
166,left,positive*,positive,required_new
166,left,possession**,possession,selective_required_new
166,left,possible,possible,compulsory_baseline
166,right,post,post,compulsory_baseline
166,right,postcard,postcard,compulsory_baseline
166,right,poster*,poster,required_new
166,right,postman,postman,compulsory_baseline
166,right,postpone*,postpone,required_new
166,right,pot**,pot,selective_required_new
166,right,potato,potato,compulsory_baseline
166,right,potential**,potential,selective_required_new
166,right,pound,pound,compulsory_baseline
166,right,pour**,pour,selective_required_new
166,right,power*,power,required_new
166,right,practical**,practical,selective_required_new
166,right,practice,practice,compulsory_baseline
166,right,praise,praise,compulsory_baseline
166,right,pray**,pray,selective_required_new
166,right,precious**,precious,selective_required_new
166,right,precisely**,precisely,selective_required_new
166,right,predict**,predict,selective_required_new
166,right,prefer*,prefer,required_new
166,right,preference**,preference,selective_required_new
166,right,prejudice**,prejudice,selective_required_new
166,right,premier**,premier,selective_required_new
166,right,prepare,prepare,compulsory_baseline
166,right,present,present,compulsory_baseline
166,right,presentation**,presentation,selective_required_new
166,right,preserve**,preserve,selective_required_new
166,right,president,president,compulsory_baseline
166,right,press*,press,required_new
167,left,pressure*,pressure,required_new
167,left,pretend**,pretend,selective_required_new
167,left,pretty,pretty,compulsory_baseline
167,left,prevent*,prevent,required_new
167,left,previous*,previous,required_new
167,left,price,price,compulsory_baseline
167,left,pride,pride,compulsory_baseline
167,left,primary,primary,compulsory_baseline
167,left,primitive**,primitive,selective_required_new
167,left,principle**,principle,selective_required_new
167,left,print,print,compulsory_baseline
167,left,prior**,prior,selective_required_new
167,left,priority**,priority,selective_required_new
167,left,prison**,prison,selective_required_new
167,left,private,private,compulsory_baseline
167,left,prize,prize,compulsory_baseline
167,left,probably,probably,compulsory_baseline
167,left,problem,problem,compulsory_baseline
167,left,procedure*,procedure,required_new
167,left,proceed**,proceed,selective_required_new
167,left,process*,process,required_new
167,left,produce,produce,compulsory_baseline
167,left,product,product,compulsory_baseline
167,left,profession**,profession,selective_required_new
167,left,professional*,professional,required_new
167,left,professor**,professor,selective_required_new
167,left,profile**,profile,selective_required_new
167,left,profit*,profit,required_new
167,right,programme (program),programme (program),compulsory_baseline
167,right,progress,progress,compulsory_baseline
167,right,prohibit**,prohibit,selective_required_new
167,right,project,project,compulsory_baseline
167,right,promise,promise,compulsory_baseline
167,right,promote**,promote,selective_required_new
167,right,pronounce,pronounce,compulsory_baseline
167,right,pronunciation,pronunciation,compulsory_baseline
167,right,proof**,proof,selective_required_new
167,right,proper,proper,compulsory_baseline
167,right,property**,property,selective_required_new
167,right,proposal*,proposal,required_new
167,right,prospect**,prospect,selective_required_new
167,right,protect,protect,compulsory_baseline
167,right,protein**,protein,selective_required_new
167,right,protest*,protest,required_new
167,right,proud,proud,compulsory_baseline
167,right,prove*,prove,required_new
167,right,provide,provide,compulsory_baseline
167,right,province*,province,required_new
167,right,psychology**,psychology,selective_required_new
167,right,pub**,pub,selective_required_new
167,right,public,public,compulsory_baseline
167,right,publish*,publish,required_new
167,right,pudding*,pudding,required_new
167,right,pull,pull,compulsory_baseline
167,right,punish,punish,compulsory_baseline
167,right,pupil,pupil,compulsory_baseline
168,left,purchase**,purchase,selective_required_new
168,left,pure**,pure,selective_required_new
168,left,purple,purple,compulsory_baseline
168,left,purpose,purpose,compulsory_baseline
168,left,purse**,purse,selective_required_new
168,left,pursue**,pursue,selective_required_new
168,left,push,push,compulsory_baseline
168,left,put,put,compulsory_baseline
168,left,qualification**,qualification,selective_required_new
168,left,qualify**,qualify,selective_required_new
168,left,quality*,quality,required_new
168,left,quantity**,quantity,selective_required_new
168,left,quarter,quarter,compulsory_baseline
168,left,queen,queen,compulsory_baseline
168,left,question,question,compulsory_baseline
168,left,quick,quick,compulsory_baseline
168,left,quiet,quiet,compulsory_baseline
168,left,quit*,quit,required_new
168,left,quite,quite,compulsory_baseline
168,left,quote**,quote,selective_required_new
168,left,rabbit,rabbit,compulsory_baseline
168,left,race,race,compulsory_baseline
168,left,racial**,racial,selective_required_new
168,left,radiation**,radiation,selective_required_new
168,right,radio,radio,compulsory_baseline
168,right,radium**,radium,selective_required_new
168,right,railway,railway,compulsory_baseline
168,right,rain,rain,compulsory_baseline
168,right,rainbow**,rainbow,selective_required_new
168,right,rainy,rainy,compulsory_baseline
168,right,raise,raise,compulsory_baseline
168,right,random**,random,selective_required_new
168,right,range*,range,required_new
168,right,rank**,rank,selective_required_new
168,right,rapid,rapid,compulsory_baseline
168,right,rare**,rare,selective_required_new
168,right,rate*,rate,required_new
168,right,rather*,rather,required_new
168,right,rating**,rating,selective_required_new
168,right,raw**,raw,selective_required_new
168,right,ray**,ray,selective_required_new
168,right,reach,reach,compulsory_baseline
168,right,react**,react,selective_required_new
168,right,reaction*,reaction,required_new
168,right,read,read,compulsory_baseline
168,right,ready,ready,compulsory_baseline
168,right,real,real,compulsory_baseline
168,right,realise (realize),realise (realize),compulsory_baseline
168,right,realistic**,realistic,selective_required_new
168,right,reality**,reality,selective_required_new
168,right,really,really,compulsory_baseline
168,right,reason,reason,compulsory_baseline
169,left,recall**,recall,selective_required_new
169,left,receipt**,receipt,selective_required_new
169,left,receive,receive,compulsory_baseline
169,left,recently,recently,compulsory_baseline
169,left,receptionist**,receptionist,selective_required_new
169,left,recipe**,recipe,selective_required_new
169,left,recite**,recite,selective_required_new
169,left,recognise (recognize)*,recognise (recognize),required_new
169,left,recognition**,recognition,selective_required_new
169,left,recommend*,recommend,required_new
169,left,record,record,compulsory_baseline
169,left,recording**,recording,selective_required_new
169,left,recover*,recover,required_new
169,left,recreation**,recreation,selective_required_new
169,left,recycle**,recycle,selective_required_new
169,left,red,red,compulsory_baseline
169,left,reduce*,reduce,required_new
169,left,refer*,refer,required_new
169,left,reference**,reference,selective_required_new
169,left,reflect*,reflect,required_new
169,left,reform**,reform,selective_required_new
169,left,refresh**,refresh,selective_required_new
169,left,refuse,refuse,compulsory_baseline
169,left,regard*,regard,required_new
169,left,regardless**,regardless,selective_required_new
169,left,region*,region,required_new
169,left,register**,register,selective_required_new
169,left,regret,regret,compulsory_baseline
169,right,regular*,regular,required_new
169,right,reject**,reject,selective_required_new
169,right,relate**,relate,selective_required_new
169,right,relationship,relationship,compulsory_baseline
169,right,relative,relative,compulsory_baseline
169,right,relax,relax,compulsory_baseline
169,right,relay**,relay,selective_required_new
169,right,release**,release,selective_required_new
169,right,relevant**,relevant,selective_required_new
169,right,reliable**,reliable,selective_required_new
169,right,relief*,relief,required_new
169,right,rely**,rely,selective_required_new
169,right,remain,remain,compulsory_baseline
169,right,remarkable**,remarkable,selective_required_new
169,right,remember,remember,compulsory_baseline
169,right,remind*,remind,required_new
169,right,remote**,remote,selective_required_new
169,right,remove*,remove,required_new
169,right,rent**,rent,selective_required_new
169,right,repair,repair,compulsory_baseline
169,right,repeat,repeat,compulsory_baseline
169,right,replace*,replace,required_new
169,right,reply,reply,compulsory_baseline
169,right,report,report,compulsory_baseline
169,right,represent*,represent,required_new
169,right,representative**,representative,selective_required_new
169,right,republic*,republic,required_new
169,right,reputation**,reputation,selective_required_new
170,left,request*,request,required_new
170,left,require,require,compulsory_baseline
170,left,rescue**,rescue,selective_required_new
170,left,research,research,compulsory_baseline
170,left,reserve**,reserve,selective_required_new
170,left,resident**,resident,selective_required_new
170,left,resign**,resign,selective_required_new
170,left,resistance**,resistance,selective_required_new
170,left,resolution**,resolution,selective_required_new
170,left,resolve**,resolve,selective_required_new
170,left,resource*,resource,required_new
170,left,respect*,respect,required_new
170,left,respective**,respective,selective_required_new
170,left,respond*,respond,required_new
170,left,response*,response,required_new
170,left,responsibility**,responsibility,selective_required_new
170,left,responsible*,responsible,required_new
170,left,rest,rest,compulsory_baseline
170,left,restaurant,restaurant,compulsory_baseline
170,left,restore**,restore,selective_required_new
170,left,restrict**,restrict,selective_required_new
170,left,result,result,compulsory_baseline
170,left,retire*,retire,required_new
170,left,return,return,compulsory_baseline
170,left,reveal*,reveal,required_new
170,left,review,review,compulsory_baseline
170,left,revise*,revise,required_new
170,left,reward**,reward,selective_required_new
170,right,rhyme**,rhyme,selective_required_new
170,right,rice,rice,compulsory_baseline
170,right,rich,rich,compulsory_baseline
170,right,riddle**,riddle,selective_required_new
170,right,ride,ride,compulsory_baseline
170,right,right,right,compulsory_baseline
170,right,rigid**,rigid,selective_required_new
170,right,ring,ring,compulsory_baseline
170,right,ripe**,ripe,selective_required_new
170,right,rise,rise,compulsory_baseline
170,right,risk,risk,compulsory_baseline
170,right,river,river,compulsory_baseline
170,right,road,road,compulsory_baseline
170,right,roast**,roast,selective_required_new
170,right,robot,robot,compulsory_baseline
170,right,rock,rock,compulsory_baseline
170,right,rocket**,rocket,selective_required_new
170,right,role,role,compulsory_baseline
170,right,roll*,roll,required_new
170,right,romantic*,romantic,required_new
170,right,roof**,roof,selective_required_new
170,right,room,room,compulsory_baseline
170,right,root**,root,selective_required_new
170,right,rope,rope,compulsory_baseline
170,right,rose,rose,compulsory_baseline
170,right,round,round,compulsory_baseline
170,right,route**,route,selective_required_new
170,right,routine**,routine,selective_required_new
171,left,row,row,compulsory_baseline
171,left,royal**,royal,selective_required_new
171,left,rubber**,rubber,selective_required_new
171,left,rubbish,rubbish,compulsory_baseline
171,left,rude**,rude,selective_required_new
171,left,rugby**,rugby,selective_required_new
171,left,ruin**,ruin,selective_required_new
171,left,rule,rule,compulsory_baseline
171,left,ruler,ruler,compulsory_baseline
171,left,run,run,compulsory_baseline
171,left,rural**,rural,selective_required_new
171,left,rush,rush,compulsory_baseline
171,left,Russia,Russia,compulsory_baseline
171,left,Russian,Russian,compulsory_baseline
171,left,sad,sad,compulsory_baseline
171,left,safe,safe,compulsory_baseline
171,left,safety,safety,compulsory_baseline
171,left,sail**,sail,selective_required_new
171,left,salad,salad,compulsory_baseline
171,left,salary**,salary,selective_required_new
171,left,sale,sale,compulsory_baseline
171,left,salesman / saleswoman**,salesman / saleswoman,selective_required_new
171,left,salt,salt,compulsory_baseline
171,left,salty**,salty,selective_required_new
171,left,same,same,compulsory_baseline
171,left,sample**,sample,selective_required_new
171,right,sand,sand,compulsory_baseline
171,right,sandwich,sandwich,compulsory_baseline
171,right,satellite**,satellite,selective_required_new
171,right,satisfaction*,satisfaction,required_new
171,right,satisfy,satisfy,compulsory_baseline
171,right,Saturday,Saturday,compulsory_baseline
171,right,saucer**,saucer,selective_required_new
171,right,sausage**,sausage,selective_required_new
171,right,save,save,compulsory_baseline
171,right,saving**,saving,selective_required_new
171,right,say,say,compulsory_baseline
171,right,saying**,saying,selective_required_new
171,right,scare*,scare,required_new
171,right,scarf,scarf,compulsory_baseline
171,right,scene*,scene,required_new
171,right,schedule*,schedule,required_new
171,right,scholarship**,scholarship,selective_required_new
171,right,school,school,compulsory_baseline
171,right,schoolbag,schoolbag,compulsory_baseline
171,right,science,science,compulsory_baseline
171,right,scientific**,scientific,selective_required_new
171,right,scientist,scientist,compulsory_baseline
171,right,scissors,scissors,compulsory_baseline
171,right,score,score,compulsory_baseline
171,right,scream**,scream,selective_required_new
171,right,screen,screen,compulsory_baseline
171,right,sculpture**,sculpture,selective_required_new
171,right,sea,sea,compulsory_baseline
172,left,search,search,compulsory_baseline
172,left,season,season,compulsory_baseline
172,left,seat,seat,compulsory_baseline
172,left,second,second,compulsory_baseline
172,left,secondary**,secondary,selective_required_new
172,left,secret,secret,compulsory_baseline
172,left,secretary,secretary,compulsory_baseline
172,left,section*,section,required_new
172,left,secure**,secure,selective_required_new
172,left,security**,security,selective_required_new
172,left,see,see,compulsory_baseline
172,left,seed**,seed,selective_required_new
172,left,seek*,seek,required_new
172,left,seem,seem,compulsory_baseline
172,left,seize**,seize,selective_required_new
172,left,seldom,seldom,compulsory_baseline
172,left,select*,select,required_new
172,left,sell,sell,compulsory_baseline
172,left,send,send,compulsory_baseline
172,left,senior*,senior,required_new
172,left,sense,sense,compulsory_baseline
172,left,sensitive**,sensitive,selective_required_new
172,left,sentence,sentence,compulsory_baseline
172,left,separate,separate,compulsory_baseline
172,left,September,September,compulsory_baseline
172,left,series*,series,required_new
172,left,serious,serious,compulsory_baseline
172,left,servant**,servant,selective_required_new
172,right,serve,serve,compulsory_baseline
172,right,service,service,compulsory_baseline
172,right,session**,session,selective_required_new
172,right,set,set,compulsory_baseline
172,right,setting**,setting,selective_required_new
172,right,settle*,settle,required_new
172,right,seven,seven,compulsory_baseline
172,right,seventeen,seventeen,compulsory_baseline
172,right,seventh,seventh,compulsory_baseline
172,right,seventy,seventy,compulsory_baseline
172,right,several,several,compulsory_baseline
172,right,severe**,severe,selective_required_new
172,right,sew**,sew,selective_required_new
172,right,sex*,sex,required_new
172,right,shade**,shade,selective_required_new
172,right,shadow**,shadow,selective_required_new
172,right,shake,shake,compulsory_baseline
172,right,shall,shall,compulsory_baseline
172,right,shallow*,shallow,required_new
172,right,shame,shame,compulsory_baseline
172,right,shape,shape,compulsory_baseline
172,right,share,share,compulsory_baseline
172,right,shark**,shark,selective_required_new
172,right,sharp*,sharp,required_new
172,right,shave**,shave,selective_required_new
172,right,she,she,compulsory_baseline
172,right,sheep,sheep,compulsory_baseline
172,right,sheet*,sheet,required_new
173,left,shelf**,shelf,selective_required_new
173,left,shelter**,shelter,selective_required_new
173,left,shift**,shift,selective_required_new
173,left,shine,shine,compulsory_baseline
173,left,ship,ship,compulsory_baseline
173,left,shirt,shirt,compulsory_baseline
173,left,shock*,shock,required_new
173,left,shoe,shoe,compulsory_baseline
173,left,shoot*,shoot,required_new
173,left,shop,shop,compulsory_baseline
173,left,shore**,shore,selective_required_new
173,left,short,short,compulsory_baseline
173,left,shortage**,shortage,selective_required_new
173,left,shorts,shorts,compulsory_baseline
173,left,should,should,compulsory_baseline
173,left,shoulder,shoulder,compulsory_baseline
173,left,shout,shout,compulsory_baseline
173,left,show,show,compulsory_baseline
173,left,shower,shower,compulsory_baseline
173,left,shut,shut,compulsory_baseline
173,left,shy,shy,compulsory_baseline
173,left,sick,sick,compulsory_baseline
173,left,side,side,compulsory_baseline
173,left,sight*,sight,required_new
173,left,sign,sign,compulsory_baseline
173,left,signal*,signal,required_new
173,left,significant*,significant,required_new
173,left,silence,silence,compulsory_baseline
173,right,silent,silent,compulsory_baseline
173,right,silk,silk,compulsory_baseline
173,right,silly,silly,compulsory_baseline
173,right,silver,silver,compulsory_baseline
173,right,similar,similar,compulsory_baseline
173,right,simple,simple,compulsory_baseline
173,right,since,since,compulsory_baseline
173,right,sincerely**,sincerely,selective_required_new
173,right,sing,sing,compulsory_baseline
173,right,single,single,compulsory_baseline
173,right,sink**,sink,selective_required_new
173,right,sir,sir,compulsory_baseline
173,right,sister,sister,compulsory_baseline
173,right,sit,sit,compulsory_baseline
173,right,site*,site,required_new
173,right,situation,situation,compulsory_baseline
173,right,six,six,compulsory_baseline
173,right,sixteen,sixteen,compulsory_baseline
173,right,sixth,sixth,compulsory_baseline
173,right,sixty,sixty,compulsory_baseline
173,right,size,size,compulsory_baseline
173,right,skate,skate,compulsory_baseline
173,right,skateboard**,skateboard,selective_required_new
173,right,ski*,ski,required_new
173,right,skill,skill,compulsory_baseline
173,right,skin*,skin,required_new
173,right,skip**,skip,selective_required_new
173,right,skirt,skirt,compulsory_baseline
174,left,sky,sky,compulsory_baseline
174,left,sleep,sleep,compulsory_baseline
174,left,sleepy,sleepy,compulsory_baseline
174,left,slice**,slice,selective_required_new
174,left,slide*,slide,required_new
174,left,slightly*,slightly,required_new
174,left,slim*,slim,required_new
174,left,slip**,slip,selective_required_new
174,left,slow,slow,compulsory_baseline
174,left,small,small,compulsory_baseline
174,left,smart,smart,compulsory_baseline
174,left,smell,smell,compulsory_baseline
174,left,smile,smile,compulsory_baseline
174,left,smog*,smog,required_new
174,left,smoke,smoke,compulsory_baseline
174,left,smooth,smooth,compulsory_baseline
174,left,snack*,snack,required_new
174,left,snake,snake,compulsory_baseline
174,left,sneeze**,sneeze,selective_required_new
174,left,snow,snow,compulsory_baseline
174,left,snowy,snowy,compulsory_baseline
174,left,so,so,compulsory_baseline
174,left,soccer*,soccer,required_new
174,left,social,social,compulsory_baseline
174,left,socialist**,socialist,selective_required_new
174,left,society,society,compulsory_baseline
174,left,sock,sock,compulsory_baseline
174,left,sofa,sofa,compulsory_baseline
174,right,soft,soft,compulsory_baseline
174,right,software*,software,required_new
174,right,soil**,soil,selective_required_new
174,right,solar**,solar,selective_required_new
174,right,soldier**,soldier,selective_required_new
174,right,solid**,solid,selective_required_new
174,right,solution*,solution,required_new
174,right,solve,solve,compulsory_baseline
174,right,some,some,compulsory_baseline
174,right,somebody,somebody,compulsory_baseline
174,right,somehow*,somehow,required_new
174,right,someone,someone,compulsory_baseline
174,right,something,something,compulsory_baseline
174,right,sometimes,sometimes,compulsory_baseline
174,right,somewhat**,somewhat,selective_required_new
174,right,somewhere,somewhere,compulsory_baseline
174,right,son,son,compulsory_baseline
174,right,song,song,compulsory_baseline
174,right,soon,soon,compulsory_baseline
174,right,sorrow**,sorrow,selective_required_new
174,right,sorry,sorry,compulsory_baseline
174,right,sort*,sort,required_new
174,right,soul**,soul,selective_required_new
174,right,sound,sound,compulsory_baseline
174,right,soup,soup,compulsory_baseline
174,right,sour**,sour,selective_required_new
174,right,source*,source,required_new
174,right,south,south,compulsory_baseline
175,left,southern,southern,compulsory_baseline
175,left,sow**,sow,selective_required_new
175,left,space,space,compulsory_baseline
175,left,spare,spare,compulsory_baseline
175,left,speak,speak,compulsory_baseline
175,left,speaker,speaker,compulsory_baseline
175,left,special,special,compulsory_baseline
175,left,specialist**,specialist,selective_required_new
175,left,species**,species,selective_required_new
175,left,specific*,specific,required_new
175,left,speech,speech,compulsory_baseline
175,left,speed,speed,compulsory_baseline
175,left,spell,spell,compulsory_baseline
175,left,spend,spend,compulsory_baseline
175,left,spirit,spirit,compulsory_baseline
175,left,splendid**,splendid,selective_required_new
175,left,sponsor**,sponsor,selective_required_new
175,left,spoon,spoon,compulsory_baseline
175,left,sport,sport,compulsory_baseline
175,left,spot**,spot,selective_required_new
175,left,spread,spread,compulsory_baseline
175,left,spring,spring,compulsory_baseline
175,left,spy**,spy,selective_required_new
175,left,square,square,compulsory_baseline
175,left,stability**,stability,selective_required_new
175,left,stadium**,stadium,selective_required_new
175,left,staff*,staff,required_new
175,left,stage*,stage,required_new
175,right,stair*,stair,required_new
175,right,stamp,stamp,compulsory_baseline
175,right,stand,stand,compulsory_baseline
175,right,standard,standard,compulsory_baseline
175,right,star,star,compulsory_baseline
175,right,stare**,stare,selective_required_new
175,right,start,start,compulsory_baseline
175,right,starve**,starve,selective_required_new
175,right,state,state,compulsory_baseline
175,right,station,station,compulsory_baseline
175,right,statistic**,statistic,selective_required_new
175,right,statue**,statue,selective_required_new
175,right,stay,stay,compulsory_baseline
175,right,steak**,steak,selective_required_new
175,right,steal,steal,compulsory_baseline
175,right,steam**,steam,selective_required_new
175,right,steel**,steel,selective_required_new
175,right,step,step,compulsory_baseline
175,right,stick,stick,compulsory_baseline
175,right,still,still,compulsory_baseline
175,right,stimulate**,stimulate,selective_required_new
175,right,stomach,stomach,compulsory_baseline
175,right,stomachache,stomachache,compulsory_baseline
175,right,stone,stone,compulsory_baseline
175,right,stop,stop,compulsory_baseline
175,right,store,store,compulsory_baseline
175,right,storm,storm,compulsory_baseline
175,right,story,story,compulsory_baseline
176,left,straight,straight,compulsory_baseline
176,left,straightforward**,straightforward,selective_required_new
176,left,strait**,strait,selective_required_new
176,left,strange,strange,compulsory_baseline
176,left,stranger,stranger,compulsory_baseline
176,left,strategy*,strategy,required_new
176,left,strawberry,strawberry,compulsory_baseline
176,left,stream**,stream,selective_required_new
176,left,street,street,compulsory_baseline
176,left,strength*,strength,required_new
176,left,strengthen**,strengthen,selective_required_new
176,left,stress*,stress,required_new
176,left,stretch**,stretch,selective_required_new
176,left,strict,strict,compulsory_baseline
176,left,strike**,strike,selective_required_new
176,left,string**,string,selective_required_new
176,left,strong,strong,compulsory_baseline
176,left,structure**,structure,selective_required_new
176,left,struggle*,struggle,required_new
176,left,student,student,compulsory_baseline
176,left,studio*,studio,required_new
176,left,study,study,compulsory_baseline
176,left,stuff*,stuff,required_new
176,left,stupid,stupid,compulsory_baseline
176,left,style*,style,required_new
176,left,subject,subject,compulsory_baseline
176,left,subjective**,subjective,selective_required_new
176,left,submit**,submit,selective_required_new
176,right,subscribe**,subscribe,selective_required_new
176,right,subsequent**,subsequent,selective_required_new
176,right,substance**,substance,selective_required_new
176,right,substantial**,substantial,selective_required_new
176,right,suburb**,suburb,selective_required_new
176,right,subway*,subway,required_new
176,right,succeed,succeed,compulsory_baseline
176,right,success,success,compulsory_baseline
176,right,successful,successful,compulsory_baseline
176,right,such,such,compulsory_baseline
176,right,sudden,sudden,compulsory_baseline
176,right,suffer*,suffer,required_new
176,right,sufficient*,sufficient,required_new
176,right,sugar,sugar,compulsory_baseline
176,right,suggest,suggest,compulsory_baseline
176,right,suggestion,suggestion,compulsory_baseline
176,right,suit**,suit,selective_required_new
176,right,suitable**,suitable,selective_required_new
176,right,sum**,sum,selective_required_new
176,right,summary*,summary,required_new
176,right,summer,summer,compulsory_baseline
176,right,sun,sun,compulsory_baseline
176,right,Sunday,Sunday,compulsory_baseline
176,right,sunny,sunny,compulsory_baseline
176,right,super*,super,required_new
176,right,superb**,superb,selective_required_new
176,right,superior**,superior,selective_required_new
176,right,supermarket,supermarket,compulsory_baseline
177,left,supply*,supply,required_new
177,left,support,support,compulsory_baseline
177,left,suppose,suppose,compulsory_baseline
177,left,sure,sure,compulsory_baseline
177,left,surf*,surf,required_new
177,left,surface,surface,compulsory_baseline
177,left,surgeon**,surgeon,selective_required_new
177,left,surgery**,surgery,selective_required_new
177,left,surprise,surprise,compulsory_baseline
177,left,surround*,surround,required_new
177,left,surrounding**,surrounding,selective_required_new
177,left,survey,survey,compulsory_baseline
177,left,survive*,survive,required_new
177,left,suspect**,suspect,selective_required_new
177,left,suspend**,suspend,selective_required_new
177,left,sustain**,sustain,selective_required_new
177,left,sweat*,sweat,required_new
177,left,sweater,sweater,compulsory_baseline
177,left,sweep**,sweep,selective_required_new
177,left,sweet,sweet,compulsory_baseline
177,left,swim,swim,compulsory_baseline
177,left,swimming,swimming,compulsory_baseline
177,left,swing**,swing,selective_required_new
177,left,switch**,switch,selective_required_new
177,left,symbol**,symbol,selective_required_new
177,left,sympathy**,sympathy,selective_required_new
177,left,symphony**,symphony,selective_required_new
177,left,system*,system,required_new
177,right,table,table,compulsory_baseline
177,right,tablet**,tablet,selective_required_new
177,right,tackle**,tackle,selective_required_new
177,right,tail,tail,compulsory_baseline
177,right,tailor**,tailor,selective_required_new
177,right,take,take,compulsory_baseline
177,right,tale**,tale,selective_required_new
177,right,talent*,talent,required_new
177,right,talk,talk,compulsory_baseline
177,right,tall,tall,compulsory_baseline
177,right,tank**,tank,selective_required_new
177,right,tape,tape,compulsory_baseline
177,right,target*,target,required_new
177,right,task,task,compulsory_baseline
177,right,taste,taste,compulsory_baseline
177,right,tax**,tax,selective_required_new
177,right,taxi,taxi,compulsory_baseline
177,right,tea,tea,compulsory_baseline
177,right,teach,teach,compulsory_baseline
177,right,teacher,teacher,compulsory_baseline
177,right,team,team,compulsory_baseline
177,right,teapot**,teapot,selective_required_new
177,right,tear*,tear,required_new
177,right,technique*,technique,required_new
177,right,technology,technology,compulsory_baseline
177,right,teenager*,teenager,required_new
178,left,telephone,telephone,compulsory_baseline
178,left,telescope**,telescope,selective_required_new
178,left,television (TV),television (TV),compulsory_baseline
178,left,tell,tell,compulsory_baseline
178,left,temperature,temperature,compulsory_baseline
178,left,temple**,temple,selective_required_new
178,left,temporary**,temporary,selective_required_new
178,left,ten,ten,compulsory_baseline
178,left,tend*,tend,required_new
178,left,tendency**,tendency,selective_required_new
178,left,tennis,tennis,compulsory_baseline
178,left,tension**,tension,selective_required_new
178,left,tenth,tenth,compulsory_baseline
178,left,term,term,compulsory_baseline
178,left,terrible,terrible,compulsory_baseline
178,left,territory**,territory,selective_required_new
178,left,test,test,compulsory_baseline
178,left,text,text,compulsory_baseline
178,left,than,than,compulsory_baseline
178,left,thank,thank,compulsory_baseline
178,left,that,that,compulsory_baseline
178,left,the,the,compulsory_baseline
178,left,theatre,theatre,compulsory_baseline
178,left,theft**,theft,selective_required_new
178,left,their,their,compulsory_baseline
178,left,them,them,compulsory_baseline
178,left,theme*,theme,required_new
178,left,themselves,themselves,compulsory_baseline
178,right,then,then,compulsory_baseline
178,right,theory**,theory,selective_required_new
178,right,there,there,compulsory_baseline
178,right,therefore*,therefore,required_new
178,right,these,these,compulsory_baseline
178,right,they,they,compulsory_baseline
178,right,thick,thick,compulsory_baseline
178,right,thin,thin,compulsory_baseline
178,right,thing,thing,compulsory_baseline
178,right,think,think,compulsory_baseline
178,right,thinking**,thinking,selective_required_new
178,right,third,third,compulsory_baseline
178,right,thirsty,thirsty,compulsory_baseline
178,right,thirteen,thirteen,compulsory_baseline
178,right,thirty,thirty,compulsory_baseline
178,right,this,this,compulsory_baseline
178,right,thorough**,thorough,selective_required_new
178,right,those,those,compulsory_baseline
178,right,though,though,compulsory_baseline
178,right,thought,thought,compulsory_baseline
178,right,thousand,thousand,compulsory_baseline
178,right,threat**,threat,selective_required_new
178,right,threaten**,threaten,selective_required_new
178,right,three,three,compulsory_baseline
178,right,through,through,compulsory_baseline
178,right,throughout*,throughout,required_new
178,right,throw,throw,compulsory_baseline
178,right,thunder**,thunder,selective_required_new
179,left,Thursday,Thursday,compulsory_baseline
179,left,thus*,thus,required_new
179,left,ticket,ticket,compulsory_baseline
179,left,tidy,tidy,compulsory_baseline
179,left,tie,tie,compulsory_baseline
179,left,tiger,tiger,compulsory_baseline
179,left,tight**,tight,selective_required_new
179,left,time,time,compulsory_baseline
179,left,tiny,tiny,compulsory_baseline
179,left,tip*,tip,required_new
179,left,tired,tired,compulsory_baseline
179,left,tissue*,tissue,required_new
179,left,title*,title,required_new
179,left,to,to,compulsory_baseline
179,left,toast**,toast,selective_required_new
179,left,tobacco**,tobacco,selective_required_new
179,left,today,today,compulsory_baseline
179,left,together,together,compulsory_baseline
179,left,toilet,toilet,compulsory_baseline
179,left,tolerate**,tolerate,selective_required_new
179,left,tomato,tomato,compulsory_baseline
179,left,tomorrow,tomorrow,compulsory_baseline
179,left,ton,ton,compulsory_baseline
179,left,tone**,tone,selective_required_new
179,left,tonight,tonight,compulsory_baseline
179,left,too,too,compulsory_baseline
179,left,tool,tool,compulsory_baseline
179,left,tooth (pl. teeth),tooth (pl. teeth),compulsory_baseline
179,right,toothache,toothache,compulsory_baseline
179,right,top,top,compulsory_baseline
179,right,topic*,topic,required_new
179,right,total,total,compulsory_baseline
179,right,touch,touch,compulsory_baseline
179,right,tough*,tough,required_new
179,right,tour,tour,compulsory_baseline
179,right,tourist,tourist,compulsory_baseline
179,right,tournament**,tournament,selective_required_new
179,right,toward(s),toward(s),compulsory_baseline
179,right,towel**,towel,selective_required_new
179,right,tower,tower,compulsory_baseline
179,right,town,town,compulsory_baseline
179,right,toy,toy,compulsory_baseline
179,right,track*,track,required_new
179,right,trade,trade,compulsory_baseline
179,right,tradition*,tradition,required_new
179,right,traditional,traditional,compulsory_baseline
179,right,traffic,traffic,compulsory_baseline
179,right,train,train,compulsory_baseline
179,right,training,training,compulsory_baseline
179,right,transform**,transform,selective_required_new
179,right,translate,translate,compulsory_baseline
179,right,transport*,transport,required_new
179,right,trap**,trap,selective_required_new
179,right,travel,travel,compulsory_baseline
179,right,treasure,treasure,compulsory_baseline
179,right,treat,treat,compulsory_baseline
180,left,treatment*,treatment,required_new
180,left,tree,tree,compulsory_baseline
180,left,trend**,trend,selective_required_new
180,left,trial**,trial,selective_required_new
180,left,trick**,trick,selective_required_new
180,left,trip,trip,compulsory_baseline
180,left,trouble,trouble,compulsory_baseline
180,left,trousers,trousers,compulsory_baseline
180,left,truck,truck,compulsory_baseline
180,left,true,true,compulsory_baseline
180,left,trunk**,trunk,selective_required_new
180,left,trust,trust,compulsory_baseline
180,left,truth,truth,compulsory_baseline
180,left,try,try,compulsory_baseline
180,left,T-shirt,T-shirt,compulsory_baseline
180,left,tube**,tube,selective_required_new
180,left,Tuesday,Tuesday,compulsory_baseline
180,left,tune**,tune,selective_required_new
180,left,turkey*,turkey,required_new
180,left,turn,turn,compulsory_baseline
180,left,twelfth,twelfth,compulsory_baseline
180,left,twelve,twelve,compulsory_baseline
180,left,twentieth,twentieth,compulsory_baseline
180,left,twenty,twenty,compulsory_baseline
180,left,twice,twice,compulsory_baseline
180,left,twin**,twin,selective_required_new
180,left,two,two,compulsory_baseline
180,left,type*,type,required_new
180,right,typhoon**,typhoon,selective_required_new
180,right,typical*,typical,required_new
180,right,ugly,ugly,compulsory_baseline
180,right,UK,UK,compulsory_baseline
180,right,ultimately**,ultimately,selective_required_new
180,right,umbrella,umbrella,compulsory_baseline
180,right,uncle,uncle,compulsory_baseline
180,right,under,under,compulsory_baseline
180,right,underground,underground,compulsory_baseline
180,right,understand,understand,compulsory_baseline
180,right,uniform**,uniform,selective_required_new
180,right,unique*,unique,required_new
180,right,unit,unit,compulsory_baseline
180,right,universe**,universe,selective_required_new
180,right,university,university,compulsory_baseline
180,right,unless,unless,compulsory_baseline
180,right,until (till),until (till),compulsory_baseline
180,right,unusual**,unusual,selective_required_new
180,right,up,up,compulsory_baseline
180,right,update*,update,required_new
180,right,upon,upon,compulsory_baseline
180,right,upper*,upper,required_new
180,right,upset**,upset,selective_required_new
180,right,urban**,urban,selective_required_new
180,right,urge**,urge,selective_required_new
180,right,urgent**,urgent,selective_required_new
181,left,US,US,compulsory_baseline
181,left,us,us,compulsory_baseline
181,left,use,use,compulsory_baseline
181,left,used,used,compulsory_baseline
181,left,useful,useful,compulsory_baseline
181,left,usual,usual,compulsory_baseline
181,left,usually,usually,compulsory_baseline
181,left,vacation,vacation,compulsory_baseline
181,left,valley**,valley,selective_required_new
181,left,valuable,valuable,compulsory_baseline
181,left,value,value,compulsory_baseline
181,left,variation**,variation,selective_required_new
181,left,variety*,variety,required_new
181,left,various*,various,required_new
181,left,vary**,vary,selective_required_new
181,left,vase**,vase,selective_required_new
181,left,vast**,vast,selective_required_new
181,left,vegetable,vegetable,compulsory_baseline
181,left,vehicle*,vehicle,required_new
181,left,venue**,venue,selective_required_new
181,left,version**,version,selective_required_new
181,left,very,very,compulsory_baseline
181,left,victim**,victim,selective_required_new
181,left,victory,victory,compulsory_baseline
181,left,video,video,compulsory_baseline
181,left,view*,view,required_new
181,right,village,village,compulsory_baseline
181,right,violence**,violence,selective_required_new
181,right,violin,violin,compulsory_baseline
181,right,virtual**,virtual,selective_required_new
181,right,virtue**,virtue,selective_required_new
181,right,virus**,virus,selective_required_new
181,right,visible**,visible,selective_required_new
181,right,vision**,vision,selective_required_new
181,right,visit,visit,compulsory_baseline
181,right,visitor,visitor,compulsory_baseline
181,right,visual**,visual,selective_required_new
181,right,vital**,vital,selective_required_new
181,right,vivid**,vivid,selective_required_new
181,right,vocabulary**,vocabulary,selective_required_new
181,right,voice,voice,compulsory_baseline
181,right,volcano*,volcano,required_new
181,right,volleyball,volleyball,compulsory_baseline
181,right,volume**,volume,selective_required_new
181,right,volunteer*,volunteer,required_new
181,right,vote**,vote,selective_required_new
181,right,wage**,wage,selective_required_new
181,right,waist**,waist,selective_required_new
181,right,wait,wait,compulsory_baseline
181,right,wake,wake,compulsory_baseline
181,right,walk,walk,compulsory_baseline
181,right,wall,wall,compulsory_baseline
182,left,wallet,wallet,compulsory_baseline
182,left,wander**,wander,selective_required_new
182,left,want,want,compulsory_baseline
182,left,war,war,compulsory_baseline
182,left,ward**,ward,selective_required_new
182,left,warm,warm,compulsory_baseline
182,left,warn,warn,compulsory_baseline
182,left,warning**,warning,selective_required_new
182,left,wash,wash,compulsory_baseline
182,left,washroom**,washroom,selective_required_new
182,left,waste,waste,compulsory_baseline
182,left,watch,watch,compulsory_baseline
182,left,water,water,compulsory_baseline
182,left,watermelon,watermelon,compulsory_baseline
182,left,wave**,wave,selective_required_new
182,left,way,way,compulsory_baseline
182,left,we,we,compulsory_baseline
182,left,weak,weak,compulsory_baseline
182,left,wealth,wealth,compulsory_baseline
182,left,weapon**,weapon,selective_required_new
182,left,wear,wear,compulsory_baseline
182,left,weather,weather,compulsory_baseline
182,left,website,website,compulsory_baseline
182,left,wedding*,wedding,required_new
182,left,Wednesday,Wednesday,compulsory_baseline
182,left,weed**,weed,selective_required_new
182,left,week,week,compulsory_baseline
182,left,weekday,weekday,compulsory_baseline
182,right,weekend,weekend,compulsory_baseline
182,right,weekly**,weekly,selective_required_new
182,right,weep**,weep,selective_required_new
182,right,weigh,weigh,compulsory_baseline
182,right,weight,weight,compulsory_baseline
182,right,welcome,welcome,compulsory_baseline
182,right,welfare**,welfare,selective_required_new
182,right,well,well,compulsory_baseline
182,right,west,west,compulsory_baseline
182,right,western,western,compulsory_baseline
182,right,wet,wet,compulsory_baseline
182,right,whale*,whale,required_new
182,right,what,what,compulsory_baseline
182,right,whatever,whatever,compulsory_baseline
182,right,wheat**,wheat,selective_required_new
182,right,wheel,wheel,compulsory_baseline
182,right,when,when,compulsory_baseline
182,right,whenever,whenever,compulsory_baseline
182,right,where,where,compulsory_baseline
182,right,whether,whether,compulsory_baseline
182,right,which,which,compulsory_baseline
182,right,while,while,compulsory_baseline
182,right,whisper**,whisper,selective_required_new
182,right,white,white,compulsory_baseline
182,right,who,who,compulsory_baseline
182,right,whole,whole,compulsory_baseline
182,right,whom,whom,compulsory_baseline
182,right,whose,whose,compulsory_baseline
183,left,why,why,compulsory_baseline
183,left,wide,wide,compulsory_baseline
183,left,widespread**,widespread,selective_required_new
183,left,wife,wife,compulsory_baseline
183,left,Wi-Fi*,Wi-Fi,required_new
183,left,wild,wild,compulsory_baseline
183,left,will,will,compulsory_baseline
183,left,win,win,compulsory_baseline
183,left,wind,wind,compulsory_baseline
183,left,window,window,compulsory_baseline
183,left,windy,windy,compulsory_baseline
183,left,wine*,wine,required_new
183,left,wing,wing,compulsory_baseline
183,left,winner,winner,compulsory_baseline
183,left,winter,winter,compulsory_baseline
183,left,wire**,wire,selective_required_new
183,left,wisdom**,wisdom,selective_required_new
183,left,wise,wise,compulsory_baseline
183,left,wish,wish,compulsory_baseline
183,left,with,with,compulsory_baseline
183,left,withdraw**,withdraw,selective_required_new
183,left,within*,within,required_new
183,left,without,without,compulsory_baseline
183,left,witness**,witness,selective_required_new
183,left,woman (pl. women),woman (pl. women),compulsory_baseline
183,left,wonder,wonder,compulsory_baseline
183,left,wonderful,wonderful,compulsory_baseline
183,left,wood,wood,compulsory_baseline
183,right,wool**,wool,selective_required_new
183,right,word,word,compulsory_baseline
183,right,work,work,compulsory_baseline
183,right,worker,worker,compulsory_baseline
183,right,world,world,compulsory_baseline
183,right,worry,worry,compulsory_baseline
183,right,worse,worse,compulsory_baseline
183,right,worst,worst,compulsory_baseline
183,right,worth,worth,compulsory_baseline
183,right,worthwhile**,worthwhile,selective_required_new
183,right,worthy**,worthy,selective_required_new
183,right,would,would,compulsory_baseline
183,right,wound,wound,compulsory_baseline
183,right,wrap**,wrap,selective_required_new
183,right,wrestle**,wrestle,selective_required_new
183,right,wrinkle**,wrinkle,selective_required_new
183,right,wrist**,wrist,selective_required_new
183,right,write,write,compulsory_baseline
183,right,writer,writer,compulsory_baseline
183,right,wrong,wrong,compulsory_baseline
183,right,X-ray,X-ray,compulsory_baseline
183,right,yard,yard,compulsory_baseline
183,right,year,year,compulsory_baseline
183,right,yellow,yellow,compulsory_baseline
184,left,yes,yes,compulsory_baseline
184,left,yesterday,yesterday,compulsory_baseline
184,left,yet,yet,compulsory_baseline
184,left,yoghurt*,yoghurt,required_new
184,left,you,you,compulsory_baseline
184,left,young,young,compulsory_baseline
184,left,your,your,compulsory_baseline
184,left,yours,yours,compulsory_baseline
184,right,yourself,yourself,compulsory_baseline
184,right,youth*,youth,required_new
184,right,zero,zero,compulsory_baseline
184,right,zone**,zone,selective_required_new
184,right,zoo,zoo,compulsory_baseline
