source_key,canonical_word,word_form,coverage_label,provenance
moe-primary-2022,a,a,小学二级词汇,PDF第95页
moe-primary-2022,about,about,小学二级词汇,PDF第95页
moe-primary-2022,after,after,小学二级词汇,PDF第95页
moe-primary-2022,afternoon,afternoon,小学二级词汇,PDF第95页
moe-primary-2022,again,again,小学二级词汇,PDF第95页
moe-primary-2022,age,age,小学二级词汇,PDF第95页
moe-primary-2022,ago,ago,小学二级词汇,PDF第95页
moe-primary-2022,air,air,小学二级词汇,PDF第95页
moe-primary-2022,all,all,小学二级词汇,PDF第95页
moe-primary-2022,also,also,小学二级词汇,PDF第95页
moe-primary-2022,always,always,小学二级词汇,PDF第95页
moe-primary-2022,be,am,小学二级词汇,PDF第95页
moe-primary-2022,a,an,小学二级词汇,PDF第95页
moe-primary-2022,and,and,小学二级词汇,PDF第95页
moe-primary-2022,angry,angry,小学二级词汇,PDF第95页
moe-primary-2022,animal,animal,小学二级词汇,PDF第95页
moe-primary-2022,answer,answer,小学二级词汇,PDF第95页
moe-primary-2022,any,any,小学二级词汇,PDF第95页
moe-primary-2022,apple,apple,小学二级词汇,PDF第95页
moe-primary-2022,be,are,小学二级词汇,PDF第95页
moe-primary-2022,arm,arm,小学二级词汇,PDF第95页
moe-primary-2022,art,art,小学二级词汇,PDF第95页
moe-primary-2022,ask,ask,小学二级词汇,PDF第95页
moe-primary-2022,astronaut,astronaut,小学二级词汇,PDF第95页
moe-primary-2022,at,at,小学二级词汇,PDF第95页
moe-primary-2022,aunt,aunt,小学二级词汇,PDF第95页
moe-primary-2022,autumn,autumn,小学二级词汇,PDF第95页
moe-primary-2022,baby,baby,小学二级词汇,PDF第95页
moe-primary-2022,back,back,小学二级词汇,PDF第95页
moe-primary-2022,bad,bad,小学二级词汇,PDF第95页
moe-primary-2022,bag,bag,小学二级词汇,PDF第95页
moe-primary-2022,ball,ball,小学二级词汇,PDF第95页
moe-primary-2022,banana,banana,小学二级词汇,PDF第95页
moe-primary-2022,basketball,basketball,小学二级词汇,PDF第95页
moe-primary-2022,be,be,小学二级词汇,PDF第95页
moe-primary-2022,beach,beach,小学二级词汇,PDF第95页
moe-primary-2022,bear,bear,小学二级词汇,PDF第95页
moe-primary-2022,beautiful,beautiful,小学二级词汇,PDF第95页
moe-primary-2022,because,because,小学二级词汇,PDF第95页
moe-primary-2022,bed,bed,小学二级词汇,PDF第95页
moe-primary-2022,bee,bee,小学二级词汇,PDF第95页
moe-primary-2022,before,before,小学二级词汇,PDF第95页
moe-primary-2022,begin,begin,小学二级词汇,PDF第95页
moe-primary-2022,behind,behind,小学二级词汇,PDF第95页
moe-primary-2022,beside,beside,小学二级词汇,PDF第95页
moe-primary-2022,best,best,小学二级词汇,PDF第95页
moe-primary-2022,between,between,小学二级词汇,PDF第95页
moe-primary-2022,bike,bicycle,小学二级词汇,PDF第95页
moe-primary-2022,big,big,小学二级词汇,PDF第95页
moe-primary-2022,bike,bike,小学二级词汇,PDF第95页
moe-primary-2022,bird,bird,小学二级词汇,PDF第95页
moe-primary-2022,birthday,birthday,小学二级词汇,PDF第95页
moe-primary-2022,black,black,小学二级词汇,PDF第95页
moe-primary-2022,blackboard,blackboard,小学二级词汇,PDF第95页
moe-primary-2022,blue,blue,小学二级词汇,PDF第95页
moe-primary-2022,boat,boat,小学二级词汇,PDF第95页
moe-primary-2022,body,body,小学二级词汇,PDF第95页
moe-primary-2022,book,book,小学二级词汇,PDF第96页
moe-primary-2022,box,box,小学二级词汇,PDF第96页
moe-primary-2022,boy,boy,小学二级词汇,PDF第96页
moe-primary-2022,bread,bread,小学二级词汇,PDF第96页
moe-primary-2022,breakfast,breakfast,小学二级词汇,PDF第96页
moe-primary-2022,bring,bring,小学二级词汇,PDF第96页
moe-primary-2022,brother,brother,小学二级词汇,PDF第96页
moe-primary-2022,brown,brown,小学二级词汇,PDF第96页
moe-primary-2022,bus,bus,小学二级词汇,PDF第96页
moe-primary-2022,busy,busy,小学二级词汇,PDF第96页
moe-primary-2022,but,but,小学二级词汇,PDF第96页
moe-primary-2022,buy,buy,小学二级词汇,PDF第96页
moe-primary-2022,by,by,小学二级词汇,PDF第96页
moe-primary-2022,goodbye,bye,小学二级词汇,PDF第98页
moe-primary-2022,cake,cake,小学二级词汇,PDF第96页
moe-primary-2022,call,call,小学二级词汇,PDF第96页
moe-primary-2022,can,can,小学二级词汇,PDF第96页
moe-primary-2022,candle,candle,小学二级词汇,PDF第96页
moe-primary-2022,candy,candy,小学二级词汇,PDF第96页
moe-primary-2022,cap,cap,小学二级词汇,PDF第96页
moe-primary-2022,car,car,小学二级词汇,PDF第96页
moe-primary-2022,card,card,小学二级词汇,PDF第96页
moe-primary-2022,careful,careful,小学二级词汇,PDF第96页
moe-primary-2022,cat,cat,小学二级词汇,PDF第96页
moe-primary-2022,catch,catch,小学二级词汇,PDF第96页
moe-primary-2022,chair,chair,小学二级词汇,PDF第96页
moe-primary-2022,chicken,chicken,小学二级词汇,PDF第96页
moe-primary-2022,child,child,小学二级词汇,PDF第96页
moe-primary-2022,child,children,小学二级词汇,PDF第96页
moe-primary-2022,china,china,小学二级词汇,PDF第96页
moe-primary-2022,chinese,chinese,小学二级词汇,PDF第96页
moe-primary-2022,chore,chore,小学二级词汇,PDF第96页
moe-primary-2022,cinema,cinema,小学二级词汇,PDF第96页
moe-primary-2022,city,city,小学二级词汇,PDF第96页
moe-primary-2022,class,class,小学二级词汇,PDF第96页
moe-primary-2022,classroom,classroom,小学二级词汇,PDF第96页
moe-primary-2022,clean,clean,小学二级词汇,PDF第96页
moe-primary-2022,clever,clever,小学二级词汇,PDF第96页
moe-primary-2022,clock,clock,小学二级词汇,PDF第96页
moe-primary-2022,close,close,小学二级词汇,PDF第96页
moe-primary-2022,clothes,clothes,小学二级词汇,PDF第96页
moe-primary-2022,cloudy,cloudy,小学二级词汇,PDF第96页
moe-primary-2022,coat,coat,小学二级词汇,PDF第96页
moe-primary-2022,cold,cold,小学二级词汇,PDF第96页
moe-primary-2022,colour,color,小学二级词汇,PDF第96页
moe-primary-2022,colour,colour,小学二级词汇,PDF第96页
moe-primary-2022,come,come,小学二级词汇,PDF第96页
moe-primary-2022,computer,computer,小学二级词汇,PDF第96页
moe-primary-2022,cook,cook,小学二级词汇,PDF第96页
moe-primary-2022,cool,cool,小学二级词汇,PDF第96页
moe-primary-2022,cousin,cousin,小学二级词汇,PDF第96页
moe-primary-2022,cow,cow,小学二级词汇,PDF第96页
moe-primary-2022,cry,cry,小学二级词汇,PDF第96页
moe-primary-2022,cup,cup,小学二级词汇,PDF第96页
moe-primary-2022,cut,cut,小学二级词汇,PDF第96页
moe-primary-2022,cute,cute,小学二级词汇,PDF第96页
moe-primary-2022,father,dad,小学二级词汇,PDF第97页
moe-primary-2022,dance,dance,小学二级词汇,PDF第97页
moe-primary-2022,day,day,小学二级词汇,PDF第97页
moe-primary-2022,dear,dear,小学二级词汇,PDF第97页
moe-primary-2022,desk,desk,小学二级词汇,PDF第97页
moe-primary-2022,difficult,difficult,小学二级词汇,PDF第97页
moe-primary-2022,dinner,dinner,小学二级词汇,PDF第97页
moe-primary-2022,dirty,dirty,小学二级词汇,PDF第97页
moe-primary-2022,do,do,小学二级词汇,PDF第97页
moe-primary-2022,doctor,doctor,小学二级词汇,PDF第97页
moe-primary-2022,dog,dog,小学二级词汇,PDF第97页
moe-primary-2022,doll,doll,小学二级词汇,PDF第97页
moe-primary-2022,door,door,小学二级词汇,PDF第97页
moe-primary-2022,down,down,小学二级词汇,PDF第97页
moe-primary-2022,draw,draw,小学二级词汇,PDF第97页
moe-primary-2022,dress,dress,小学二级词汇,PDF第97页
moe-primary-2022,drink,drink,小学二级词汇,PDF第97页
moe-primary-2022,driver,driver,小学二级词汇,PDF第97页
moe-primary-2022,duck,duck,小学二级词汇,PDF第97页
moe-primary-2022,ear,ear,小学二级词汇,PDF第97页
moe-primary-2022,early,early,小学二级词汇,PDF第97页
moe-primary-2022,earth,earth,小学二级词汇,PDF第97页
moe-primary-2022,easy,easy,小学二级词汇,PDF第97页
moe-primary-2022,eat,eat,小学二级词汇,PDF第97页
moe-primary-2022,egg,egg,小学二级词汇,PDF第97页
moe-primary-2022,elephant,elephant,小学二级词汇,PDF第97页
moe-primary-2022,email,email,小学二级词汇,PDF第97页
moe-primary-2022,english,english,小学二级词汇,PDF第97页
moe-primary-2022,evening,evening,小学二级词汇,PDF第97页
moe-primary-2022,every,every,小学二级词汇,PDF第97页
moe-primary-2022,excited,excited,小学二级词汇,PDF第97页
moe-primary-2022,exercise,exercise,小学二级词汇,PDF第97页
moe-primary-2022,eye,eye,小学二级词汇,PDF第97页
moe-primary-2022,face,face,小学二级词汇,PDF第97页
moe-primary-2022,family,family,小学二级词汇,PDF第97页
moe-primary-2022,famous,famous,小学二级词汇,PDF第97页
moe-primary-2022,fan,fan,小学二级词汇,PDF第97页
moe-primary-2022,far,far,小学二级词汇,PDF第97页
moe-primary-2022,farm,farm,小学二级词汇,PDF第97页
moe-primary-2022,farmer,farmer,小学二级词汇,PDF第97页
moe-primary-2022,fast,fast,小学二级词汇,PDF第97页
moe-primary-2022,father,father,小学二级词汇,PDF第97页
moe-primary-2022,favourite,favorite,小学二级词汇,PDF第97页
moe-primary-2022,favourite,favourite,小学二级词汇,PDF第97页
moe-primary-2022,feel,feel,小学二级词汇,PDF第97页
moe-primary-2022,foot,feet,小学二级词汇,PDF第98页
moe-primary-2022,film,film,小学二级词汇,PDF第97页
moe-primary-2022,find,find,小学二级词汇,PDF第97页
moe-primary-2022,fine,fine,小学二级词汇,PDF第97页
moe-primary-2022,fire,fire,小学二级词汇,PDF第97页
moe-primary-2022,fish,fish,小学二级词汇,PDF第97页
moe-primary-2022,floor,floor,小学二级词汇,PDF第97页
moe-primary-2022,flower,flower,小学二级词汇,PDF第97页
moe-primary-2022,fly,fly,小学二级词汇,PDF第97页
moe-primary-2022,food,food,小学二级词汇,PDF第98页
moe-primary-2022,foot,foot,小学二级词汇,PDF第98页
moe-primary-2022,football,football,小学二级词汇,PDF第98页
moe-primary-2022,for,for,小学二级词汇,PDF第98页
moe-primary-2022,free,free,小学二级词汇,PDF第98页
moe-primary-2022,friend,friend,小学二级词汇,PDF第98页
moe-primary-2022,from,from,小学二级词汇,PDF第98页
moe-primary-2022,front,front,小学二级词汇,PDF第98页
moe-primary-2022,fruit,fruit,小学二级词汇,PDF第98页
moe-primary-2022,game,game,小学二级词汇,PDF第98页
moe-primary-2022,garden,garden,小学二级词汇,PDF第98页
moe-primary-2022,get,get,小学二级词汇,PDF第98页
moe-primary-2022,gift,gift,小学二级词汇,PDF第98页
moe-primary-2022,girl,girl,小学二级词汇,PDF第98页
moe-primary-2022,give,give,小学二级词汇,PDF第98页
moe-primary-2022,glass,glass,小学二级词汇,PDF第98页
moe-primary-2022,go,go,小学二级词汇,PDF第98页
moe-primary-2022,good,good,小学二级词汇,PDF第98页
moe-primary-2022,goodbye,goodbye,小学二级词汇,PDF第98页
moe-primary-2022,grandfather,grandfather,小学二级词汇,PDF第98页
moe-primary-2022,grandmother,grandma,小学二级词汇,PDF第98页
moe-primary-2022,grandmother,grandmother,小学二级词汇,PDF第98页
moe-primary-2022,grandfather,grandpa,小学二级词汇,PDF第98页
moe-primary-2022,grape,grape,小学二级词汇,PDF第98页
moe-primary-2022,grass,grass,小学二级词汇,PDF第98页
moe-primary-2022,great,great,小学二级词汇,PDF第98页
moe-primary-2022,green,green,小学二级词汇,PDF第98页
moe-primary-2022,hair,hair,小学二级词汇,PDF第98页
moe-primary-2022,half,half,小学二级词汇,PDF第98页
moe-primary-2022,hand,hand,小学二级词汇,PDF第98页
moe-primary-2022,happy,happy,小学二级词汇,PDF第98页
moe-primary-2022,hard,hard,小学二级词汇,PDF第98页
moe-primary-2022,have,has,小学二级词汇,PDF第98页
moe-primary-2022,have,have,小学二级词汇,PDF第98页
moe-primary-2022,he,he,小学二级词汇,PDF第98页
moe-primary-2022,head,head,小学二级词汇,PDF第98页
moe-primary-2022,healthy,healthy,小学二级词汇,PDF第98页
moe-primary-2022,hear,hear,小学二级词汇,PDF第98页
moe-primary-2022,heavy,heavy,小学二级词汇,PDF第98页
moe-primary-2022,hello,hello,小学二级词汇,PDF第98页
moe-primary-2022,help,help,小学二级词汇,PDF第98页
moe-primary-2022,helpful,helpful,小学二级词汇,PDF第98页
moe-primary-2022,her,her,小学二级词汇,PDF第98页
moe-primary-2022,here,here,小学二级词汇,PDF第98页
moe-primary-2022,hi,hi,小学二级词汇,PDF第98页
moe-primary-2022,hill,hill,小学二级词汇,PDF第98页
moe-primary-2022,him,him,小学二级词汇,PDF第98页
moe-primary-2022,his,his,小学二级词汇,PDF第98页
moe-primary-2022,holiday,holiday,小学二级词汇,PDF第98页
moe-primary-2022,home,home,小学二级词汇,PDF第98页
moe-primary-2022,hometown,hometown,小学二级词汇,PDF第98页
moe-primary-2022,horse,horse,小学二级词汇,PDF第98页
moe-primary-2022,hospital,hospital,小学二级词汇,PDF第98页
moe-primary-2022,hot,hot,小学二级词汇,PDF第98页
moe-primary-2022,hour,hour,小学二级词汇,PDF第98页
moe-primary-2022,house,house,小学二级词汇,PDF第99页
moe-primary-2022,how,how,小学二级词汇,PDF第99页
moe-primary-2022,hungry,hungry,小学二级词汇,PDF第99页
moe-primary-2022,hurry,hurry,小学二级词汇,PDF第99页
moe-primary-2022,hurt,hurt,小学二级词汇,PDF第99页
moe-primary-2022,i,i,小学二级词汇,PDF第99页
moe-primary-2022,ice,ice,小学二级词汇,PDF第99页
moe-primary-2022,ice cream,ice cream,小学二级词汇,PDF第99页
moe-primary-2022,ice cream,ice-cream,小学二级词汇,PDF第99页
moe-primary-2022,idea,idea,小学二级词汇,PDF第99页
moe-primary-2022,ill,ill,小学二级词汇,PDF第99页
moe-primary-2022,in,in,小学二级词汇,PDF第99页
moe-primary-2022,interesting,interesting,小学二级词汇,PDF第99页
moe-primary-2022,internet,internet,小学二级词汇,PDF第99页
moe-primary-2022,be,is,小学二级词汇,PDF第95页
moe-primary-2022,it,it,小学二级词汇,PDF第99页
moe-primary-2022,its,its,小学二级词汇,PDF第99页
moe-primary-2022,job,job,小学二级词汇,PDF第99页
moe-primary-2022,juice,juice,小学二级词汇,PDF第99页
moe-primary-2022,jump,jump,小学二级词汇,PDF第99页
moe-primary-2022,keep,keep,小学二级词汇,PDF第99页
moe-primary-2022,kid,kid,小学二级词汇,PDF第99页
moe-primary-2022,kind,kind,小学二级词汇,PDF第99页
moe-primary-2022,kitchen,kitchen,小学二级词汇,PDF第99页
moe-primary-2022,kite,kite,小学二级词汇,PDF第99页
moe-primary-2022,know,know,小学二级词汇,PDF第99页
moe-primary-2022,lake,lake,小学二级词汇,PDF第99页
moe-primary-2022,last,last,小学二级词汇,PDF第99页
moe-primary-2022,late,late,小学二级词汇,PDF第99页
moe-primary-2022,learn,learn,小学二级词汇,PDF第99页
moe-primary-2022,left,left,小学二级词汇,PDF第99页
moe-primary-2022,leg,leg,小学二级词汇,PDF第99页
moe-primary-2022,lesson,lesson,小学二级词汇,PDF第99页
moe-primary-2022,let,let,小学二级词汇,PDF第99页
moe-primary-2022,letter,letter,小学二级词汇,PDF第99页
moe-primary-2022,library,library,小学二级词汇,PDF第99页
moe-primary-2022,light,light,小学二级词汇,PDF第99页
moe-primary-2022,like,like,小学二级词汇,PDF第99页
moe-primary-2022,lion,lion,小学二级词汇,PDF第99页
moe-primary-2022,listen,listen,小学二级词汇,PDF第99页
moe-primary-2022,little,little,小学二级词汇,PDF第99页
moe-primary-2022,live,live,小学二级词汇,PDF第99页
moe-primary-2022,long,long,小学二级词汇,PDF第99页
moe-primary-2022,look,look,小学二级词汇,PDF第99页
moe-primary-2022,lot,lot,小学二级词汇,PDF第99页
moe-primary-2022,love,love,小学二级词汇,PDF第99页
moe-primary-2022,lovely,lovely,小学二级词汇,PDF第99页
moe-primary-2022,lunch,lunch,小学二级词汇,PDF第99页
moe-primary-2022,make,make,小学二级词汇,PDF第100页
moe-primary-2022,man,man,小学二级词汇,PDF第100页
moe-primary-2022,many,many,小学二级词汇,PDF第100页
moe-primary-2022,map,map,小学二级词汇,PDF第100页
moe-primary-2022,maths,math,小学二级词汇,PDF第100页
moe-primary-2022,maths,mathematics,小学二级词汇,PDF第100页
moe-primary-2022,maths,maths,小学二级词汇,PDF第100页
moe-primary-2022,may,may,小学二级词汇,PDF第100页
moe-primary-2022,me,me,小学二级词汇,PDF第100页
moe-primary-2022,meat,meat,小学二级词汇,PDF第100页
moe-primary-2022,meet,meet,小学二级词汇,PDF第100页
moe-primary-2022,man,men,小学二级词汇,PDF第100页
moe-primary-2022,mouse,mice,小学二级词汇,PDF第100页
moe-primary-2022,middle,middle,小学二级词汇,PDF第100页
moe-primary-2022,milk,milk,小学二级词汇,PDF第100页
moe-primary-2022,minute,minute,小学二级词汇,PDF第100页
moe-primary-2022,miss,miss,小学二级词汇,PDF第100页
moe-primary-2022,mother,mom,小学二级词汇,PDF第100页
moe-primary-2022,money,money,小学二级词汇,PDF第100页
moe-primary-2022,monkey,monkey,小学二级词汇,PDF第100页
moe-primary-2022,month,month,小学二级词汇,PDF第100页
moe-primary-2022,moon,moon,小学二级词汇,PDF第100页
moe-primary-2022,morning,morning,小学二级词汇,PDF第100页
moe-primary-2022,mother,mother,小学二级词汇,PDF第100页
moe-primary-2022,mouse,mouse,小学二级词汇,PDF第100页
moe-primary-2022,mouth,mouth,小学二级词汇,PDF第100页
moe-primary-2022,move,move,小学二级词汇,PDF第100页
moe-primary-2022,mr,mr,小学二级词汇,PDF第100页
moe-primary-2022,mr,mr.,小学二级词汇,PDF第100页
moe-primary-2022,mrs,mrs,小学二级词汇,PDF第100页
moe-primary-2022,mrs,mrs.,小学二级词汇,PDF第100页
moe-primary-2022,ms,ms,小学二级词汇,PDF第100页
moe-primary-2022,ms,ms.,小学二级词汇,PDF第100页
moe-primary-2022,much,much,小学二级词汇,PDF第100页
moe-primary-2022,mother,mum,小学二级词汇,PDF第100页
moe-primary-2022,music,music,小学二级词汇,PDF第100页
moe-primary-2022,must,must,小学二级词汇,PDF第100页
moe-primary-2022,my,my,小学二级词汇,PDF第100页
moe-primary-2022,name,name,小学二级词汇,PDF第100页
moe-primary-2022,near,near,小学二级词汇,PDF第100页
moe-primary-2022,never,never,小学二级词汇,PDF第100页
moe-primary-2022,new,new,小学二级词汇,PDF第100页
moe-primary-2022,next,next,小学二级词汇,PDF第100页
moe-primary-2022,nice,nice,小学二级词汇,PDF第100页
moe-primary-2022,night,night,小学二级词汇,PDF第100页
moe-primary-2022,no,no,小学二级词汇,PDF第100页
moe-primary-2022,noodle,noodle,小学二级词汇,PDF第100页
moe-primary-2022,nose,nose,小学二级词汇,PDF第100页
moe-primary-2022,not,not,小学二级词汇,PDF第100页
moe-primary-2022,now,now,小学二级词汇,PDF第100页
moe-primary-2022,nurse,nurse,小学二级词汇,PDF第100页
moe-primary-2022,o'clock,o'clock,小学二级词汇,PDF第100页
moe-primary-2022,of,of,小学二级词汇,PDF第100页
moe-primary-2022,off,off,小学二级词汇,PDF第100页
moe-primary-2022,often,often,小学二级词汇,PDF第100页
moe-primary-2022,ok,ok,小学二级词汇,PDF第100页
moe-primary-2022,old,old,小学二级词汇,PDF第100页
moe-primary-2022,on,on,小学二级词汇,PDF第100页
moe-primary-2022,open,open,小学二级词汇,PDF第100页
moe-primary-2022,or,or,小学二级词汇,PDF第100页
moe-primary-2022,orange,orange,小学二级词汇,PDF第101页
moe-primary-2022,our,our,小学二级词汇,PDF第101页
moe-primary-2022,out,out,小学二级词汇,PDF第101页
moe-primary-2022,over,over,小学二级词汇,PDF第101页
moe-primary-2022,pair,pair,小学二级词汇,PDF第101页
moe-primary-2022,panda,panda,小学二级词汇,PDF第101页
moe-primary-2022,paper,paper,小学二级词汇,PDF第101页
moe-primary-2022,parent,parent,小学二级词汇,PDF第101页
moe-primary-2022,park,park,小学二级词汇,PDF第101页
moe-primary-2022,party,party,小学二级词汇,PDF第101页
moe-primary-2022,pe,pe,小学二级词汇,PDF第101页
moe-primary-2022,pen,pen,小学二级词汇,PDF第101页
moe-primary-2022,pencil,pencil,小学二级词汇,PDF第101页
moe-primary-2022,people,people,小学二级词汇,PDF第101页
moe-primary-2022,pet,pet,小学二级词汇,PDF第101页
moe-primary-2022,phone,phone,小学二级词汇,PDF第101页
moe-primary-2022,photo,photo,小学二级词汇,PDF第101页
moe-primary-2022,photo,photograph,小学二级词汇,PDF第101页
moe-primary-2022,pe,physical education,小学二级词汇,PDF第101页
moe-primary-2022,pe,physical-education,小学二级词汇,PDF第101页
moe-primary-2022,piano,piano,小学二级词汇,PDF第101页
moe-primary-2022,picture,picture,小学二级词汇,PDF第101页
moe-primary-2022,pig,pig,小学二级词汇,PDF第101页
moe-primary-2022,ping-pong,ping pong,小学二级词汇,PDF第101页
moe-primary-2022,ping-pong,ping-pong,小学二级词汇,PDF第101页
moe-primary-2022,pink,pink,小学二级词汇,PDF第101页
moe-primary-2022,place,place,小学二级词汇,PDF第101页
moe-primary-2022,plane,plane,小学二级词汇,PDF第101页
moe-primary-2022,plant,plant,小学二级词汇,PDF第101页
moe-primary-2022,play,play,小学二级词汇,PDF第101页
moe-primary-2022,playground,playground,小学二级词汇,PDF第101页
moe-primary-2022,please,please,小学二级词汇,PDF第101页
moe-primary-2022,police,police,小学二级词汇,PDF第101页
moe-primary-2022,potato,potato,小学二级词汇,PDF第101页
moe-primary-2022,put,put,小学二级词汇,PDF第101页
moe-primary-2022,question,question,小学二级词汇,PDF第101页
moe-primary-2022,quiet,quiet,小学二级词汇,PDF第101页
moe-primary-2022,rabbit,rabbit,小学二级词汇,PDF第101页
moe-primary-2022,rain,rain,小学二级词汇,PDF第101页
moe-primary-2022,read,read,小学二级词汇,PDF第101页
moe-primary-2022,red,red,小学二级词汇,PDF第101页
moe-primary-2022,rice,rice,小学二级词汇,PDF第101页
moe-primary-2022,right,right,小学二级词汇,PDF第101页
moe-primary-2022,river,river,小学二级词汇,PDF第101页
moe-primary-2022,robot,robot,小学二级词汇,PDF第101页
moe-primary-2022,room,room,小学二级词汇,PDF第101页
moe-primary-2022,ruler,ruler,小学二级词汇,PDF第101页
moe-primary-2022,run,run,小学二级词汇,PDF第101页
moe-primary-2022,sad,sad,小学二级词汇,PDF第101页
moe-primary-2022,safe,safe,小学二级词汇,PDF第101页
moe-primary-2022,say,say,小学二级词汇,PDF第101页
moe-primary-2022,school,school,小学二级词汇,PDF第101页
moe-primary-2022,schoolbag,schoolbag,小学二级词汇,PDF第102页
moe-primary-2022,science,science,小学二级词汇,PDF第102页
moe-primary-2022,sea,sea,小学二级词汇,PDF第102页
moe-primary-2022,season,season,小学二级词汇,PDF第102页
moe-primary-2022,see,see,小学二级词汇,PDF第102页
moe-primary-2022,sell,sell,小学二级词汇,PDF第102页
moe-primary-2022,share,share,小学二级词汇,PDF第102页
moe-primary-2022,she,she,小学二级词汇,PDF第102页
moe-primary-2022,sheep,sheep,小学二级词汇,PDF第102页
moe-primary-2022,ship,ship,小学二级词汇,PDF第102页
moe-primary-2022,shirt,shirt,小学二级词汇,PDF第102页
moe-primary-2022,shoe,shoe,小学二级词汇,PDF第102页
moe-primary-2022,shop,shop,小学二级词汇,PDF第102页
moe-primary-2022,short,short,小学二级词汇,PDF第102页
moe-primary-2022,shorts,shorts,小学二级词汇,PDF第102页
moe-primary-2022,should,should,小学二级词汇,PDF第102页
moe-primary-2022,show,show,小学二级词汇,PDF第102页
moe-primary-2022,sing,sing,小学二级词汇,PDF第102页
moe-primary-2022,sister,sister,小学二级词汇,PDF第102页
moe-primary-2022,sit,sit,小学二级词汇,PDF第102页
moe-primary-2022,skirt,skirt,小学二级词汇,PDF第102页
moe-primary-2022,sleep,sleep,小学二级词汇,PDF第102页
moe-primary-2022,slow,slow,小学二级词汇,PDF第102页
moe-primary-2022,small,small,小学二级词汇,PDF第102页
moe-primary-2022,snow,snow,小学二级词汇,PDF第102页
moe-primary-2022,so,so,小学二级词汇,PDF第102页
moe-primary-2022,sock,sock,小学二级词汇,PDF第102页
moe-primary-2022,some,some,小学二级词汇,PDF第102页
moe-primary-2022,sometimes,sometimes,小学二级词汇,PDF第102页
moe-primary-2022,song,song,小学二级词汇,PDF第102页
moe-primary-2022,sorry,sorry,小学二级词汇,PDF第102页
moe-primary-2022,soup,soup,小学二级词汇,PDF第102页
moe-primary-2022,space,space,小学二级词汇,PDF第102页
moe-primary-2022,speak,speak,小学二级词汇,PDF第102页
moe-primary-2022,sport,sport,小学二级词汇,PDF第102页
moe-primary-2022,spring,spring,小学二级词汇,PDF第102页
moe-primary-2022,stand,stand,小学二级词汇,PDF第102页
moe-primary-2022,star,star,小学二级词汇,PDF第102页
moe-primary-2022,stop,stop,小学二级词汇,PDF第102页
moe-primary-2022,story,story,小学二级词汇,PDF第102页
moe-primary-2022,street,street,小学二级词汇,PDF第102页
moe-primary-2022,strong,strong,小学二级词汇,PDF第102页
moe-primary-2022,student,student,小学二级词汇,PDF第102页
moe-primary-2022,study,study,小学二级词汇,PDF第102页
moe-primary-2022,subject,subject,小学二级词汇,PDF第102页
moe-primary-2022,summer,summer,小学二级词汇,PDF第102页
moe-primary-2022,sun,sun,小学二级词汇,PDF第102页
moe-primary-2022,sunny,sunny,小学二级词汇,PDF第102页
moe-primary-2022,supermarket,supermarket,小学二级词汇,PDF第102页
moe-primary-2022,sure,sure,小学二级词汇,PDF第102页
moe-primary-2022,sweater,sweater,小学二级词汇,PDF第102页
moe-primary-2022,sweep,sweep,小学二级词汇,PDF第102页
moe-primary-2022,swim,swim,小学二级词汇,PDF第102页
moe-primary-2022,table,table,小学二级词汇,PDF第102页
moe-primary-2022,tail,tail,小学二级词汇,PDF第103页
moe-primary-2022,take,take,小学二级词汇,PDF第103页
moe-primary-2022,talk,talk,小学二级词汇,PDF第103页
moe-primary-2022,tall,tall,小学二级词汇,PDF第103页
moe-primary-2022,taxi,taxi,小学二级词汇,PDF第103页
moe-primary-2022,tea,tea,小学二级词汇,PDF第103页
moe-primary-2022,teacher,teacher,小学二级词汇,PDF第103页
moe-primary-2022,tv,television,小学二级词汇,PDF第103页
moe-primary-2022,tell,tell,小学二级词汇,PDF第103页
moe-primary-2022,thank,thank,小学二级词汇,PDF第103页
moe-primary-2022,that,that,小学二级词汇,PDF第103页
moe-primary-2022,the,the,小学二级词汇,PDF第103页
moe-primary-2022,their,their,小学二级词汇,PDF第103页
moe-primary-2022,them,them,小学二级词汇,PDF第103页
moe-primary-2022,then,then,小学二级词汇,PDF第103页
moe-primary-2022,there,there,小学二级词汇,PDF第103页
moe-primary-2022,these,these,小学二级词汇,PDF第103页
moe-primary-2022,they,they,小学二级词汇,PDF第103页
moe-primary-2022,thin,thin,小学二级词汇,PDF第103页
moe-primary-2022,think,think,小学二级词汇,PDF第103页
moe-primary-2022,this,this,小学二级词汇,PDF第103页
moe-primary-2022,those,those,小学二级词汇,PDF第103页
moe-primary-2022,tidy,tidy,小学二级词汇,PDF第103页
moe-primary-2022,tiger,tiger,小学二级词汇,PDF第103页
moe-primary-2022,time,time,小学二级词汇,PDF第103页
moe-primary-2022,tired,tired,小学二级词汇,PDF第103页
moe-primary-2022,to,to,小学二级词汇,PDF第103页
moe-primary-2022,today,today,小学二级词汇,PDF第103页
moe-primary-2022,toilet,toilet,小学二级词汇,PDF第103页
moe-primary-2022,tomato,tomato,小学二级词汇,PDF第103页
moe-primary-2022,tomorrow,tomorrow,小学二级词汇,PDF第103页
moe-primary-2022,too,too,小学二级词汇,PDF第103页
moe-primary-2022,top,top,小学二级词汇,PDF第103页
moe-primary-2022,toy,toy,小学二级词汇,PDF第103页
moe-primary-2022,train,train,小学二级词汇,PDF第103页
moe-primary-2022,travel,travel,小学二级词汇,PDF第103页
moe-primary-2022,tree,tree,小学二级词汇,PDF第103页
moe-primary-2022,trousers,trousers,小学二级词汇,PDF第103页
moe-primary-2022,try,try,小学二级词汇,PDF第103页
moe-primary-2022,turn,turn,小学二级词汇,PDF第103页
moe-primary-2022,tv,tv,小学二级词汇,PDF第103页
moe-primary-2022,umbrella,umbrella,小学二级词汇,PDF第103页
moe-primary-2022,uncle,uncle,小学二级词汇,PDF第103页
moe-primary-2022,under,under,小学二级词汇,PDF第103页
moe-primary-2022,up,up,小学二级词汇,PDF第103页
moe-primary-2022,us,us,小学二级词汇,PDF第103页
moe-primary-2022,use,use,小学二级词汇,PDF第103页
moe-primary-2022,vegetable,vegetable,小学二级词汇,PDF第103页
moe-primary-2022,very,very,小学二级词汇,PDF第103页
moe-primary-2022,visit,visit,小学二级词汇,PDF第103页
moe-primary-2022,wait,wait,小学二级词汇,PDF第103页
moe-primary-2022,wake,wake,小学二级词汇,PDF第104页
moe-primary-2022,walk,walk,小学二级词汇,PDF第104页
moe-primary-2022,wall,wall,小学二级词汇,PDF第104页
moe-primary-2022,want,want,小学二级词汇,PDF第104页
moe-primary-2022,warm,warm,小学二级词汇,PDF第104页
moe-primary-2022,wash,wash,小学二级词汇,PDF第104页
moe-primary-2022,watch,watch,小学二级词汇,PDF第104页
moe-primary-2022,water,water,小学二级词汇,PDF第104页
moe-primary-2022,way,way,小学二级词汇,PDF第104页
moe-primary-2022,we,we,小学二级词汇,PDF第104页
moe-primary-2022,wear,wear,小学二级词汇,PDF第104页
moe-primary-2022,weather,weather,小学二级词汇,PDF第104页
moe-primary-2022,week,week,小学二级词汇,PDF第104页
moe-primary-2022,welcome,welcome,小学二级词汇,PDF第104页
moe-primary-2022,well,well,小学二级词汇,PDF第104页
moe-primary-2022,what,what,小学二级词汇,PDF第104页
moe-primary-2022,when,when,小学二级词汇,PDF第104页
moe-primary-2022,where,where,小学二级词汇,PDF第104页
moe-primary-2022,which,which,小学二级词汇,PDF第104页
moe-primary-2022,white,white,小学二级词汇,PDF第104页
moe-primary-2022,who,who,小学二级词汇,PDF第104页
moe-primary-2022,whose,whose,小学二级词汇,PDF第104页
moe-primary-2022,why,why,小学二级词汇,PDF第104页
moe-primary-2022,will,will,小学二级词汇,PDF第104页
moe-primary-2022,win,win,小学二级词汇,PDF第104页
moe-primary-2022,window,window,小学二级词汇,PDF第104页
moe-primary-2022,windy,windy,小学二级词汇,PDF第104页
moe-primary-2022,winter,winter,小学二级词汇,PDF第104页
moe-primary-2022,wish,wish,小学二级词汇,PDF第104页
moe-primary-2022,with,with,小学二级词汇,PDF第104页
moe-primary-2022,woman,woman,小学二级词汇,PDF第104页
moe-primary-2022,woman,women,小学二级词汇,PDF第104页
moe-primary-2022,wonderful,wonderful,小学二级词汇,PDF第104页
moe-primary-2022,word,word,小学二级词汇,PDF第104页
moe-primary-2022,work,work,小学二级词汇,PDF第104页
moe-primary-2022,worker,worker,小学二级词汇,PDF第104页
moe-primary-2022,world,world,小学二级词汇,PDF第104页
moe-primary-2022,worry,worry,小学二级词汇,PDF第104页
moe-primary-2022,write,write,小学二级词汇,PDF第104页
moe-primary-2022,wrong,wrong,小学二级词汇,PDF第104页
moe-primary-2022,year,year,小学二级词汇,PDF第104页
moe-primary-2022,yellow,yellow,小学二级词汇,PDF第104页
moe-primary-2022,yes,yes,小学二级词汇,PDF第104页
moe-primary-2022,yesterday,yesterday,小学二级词汇,PDF第104页
moe-primary-2022,you,you,小学二级词汇,PDF第104页
moe-primary-2022,young,young,小学二级词汇,PDF第104页
moe-primary-2022,your,your,小学二级词汇,PDF第104页
moe-primary-2022,zoo,zoo,小学二级词汇,PDF第104页
moe-junior-2022,a,a,小学二级词汇（三级表继承）,PDF第105页
moe-junior-2022,a.m.,a.m.,初中新增词汇,PDF第106页
moe-junior-2022,ability,ability,初中新增词汇,PDF第105页
moe-junior-2022,able,able,初中新增词汇,PDF第105页
moe-junior-2022,about,about,小学二级词汇（三级表继承）,PDF第105页
moe-junior-2022,above,above,初中新增词汇,PDF第105页
moe-junior-2022,abroad,abroad,初中新增词汇,PDF第105页
moe-junior-2022,absent,absent,初中新增词汇,PDF第105页
moe-junior-2022,accept,accept,初中新增词汇,PDF第106页
moe-junior-2022,accident,accident,初中新增词汇,PDF第106页
moe-junior-2022,according to,according,初中新增词汇,PDF第106页
moe-junior-2022,according to,according to,初中新增词汇,PDF第106页
moe-junior-2022,according to,according-to,初中新增词汇,PDF第106页
moe-junior-2022,account,account,初中新增词汇,PDF第106页
moe-junior-2022,ache,ache,初中新增词汇,PDF第106页
moe-junior-2022,achieve,achieve,初中新增词汇,PDF第106页
moe-junior-2022,across,across,初中新增词汇,PDF第106页
moe-junior-2022,act,act,初中新增词汇,PDF第106页
moe-junior-2022,action,action,初中新增词汇,PDF第106页
moe-junior-2022,active,active,初中新增词汇,PDF第106页
moe-junior-2022,activity,activity,初中新增词汇,PDF第106页
moe-junior-2022,actor,actor,初中新增词汇,PDF第106页
moe-junior-2022,actor,actress,初中新增词汇,PDF第106页
moe-junior-2022,actually,actually,初中新增词汇,PDF第106页
moe-junior-2022,ad,ad,初中新增词汇,PDF第106页
moe-junior-2022,add,add,初中新增词汇,PDF第106页
moe-junior-2022,address,address,初中新增词汇,PDF第106页
moe-junior-2022,admire,admire,初中新增词汇,PDF第106页
moe-junior-2022,adult,adult,初中新增词汇,PDF第106页
moe-junior-2022,advantage,advantage,初中新增词汇,PDF第106页
moe-junior-2022,ad,advertisement,初中新增词汇,PDF第106页
moe-junior-2022,advice,advice,初中新增词汇,PDF第106页
moe-junior-2022,advise,advise,初中新增词汇,PDF第106页
moe-junior-2022,afford,afford,初中新增词汇,PDF第106页
moe-junior-2022,afraid,afraid,初中新增词汇,PDF第106页
moe-junior-2022,after,after,小学二级词汇（三级表继承）,PDF第106页
moe-junior-2022,afternoon,afternoon,小学二级词汇（三级表继承）,PDF第106页
moe-junior-2022,again,again,小学二级词汇（三级表继承）,PDF第106页
moe-junior-2022,against,against,初中新增词汇,PDF第106页
moe-junior-2022,age,age,小学二级词汇（三级表继承）,PDF第106页
moe-junior-2022,ago,ago,小学二级词汇（三级表继承）,PDF第106页
moe-junior-2022,agree,agree,初中新增词汇,PDF第106页
moe-junior-2022,ahead,ahead,初中新增词汇,PDF第106页
moe-junior-2022,ai,ai,初中新增词汇,PDF第106页
moe-junior-2022,aid,aid,初中新增词汇,PDF第106页
moe-junior-2022,aim,aim,初中新增词汇,PDF第106页
moe-junior-2022,air,air,小学二级词汇（三级表继承）,PDF第106页
moe-junior-2022,airport,airport,初中新增词汇,PDF第106页
moe-junior-2022,alarm,alarm,初中新增词汇,PDF第106页
moe-junior-2022,alive,alive,初中新增词汇,PDF第106页
moe-junior-2022,all,all,小学二级词汇（三级表继承）,PDF第106页
moe-junior-2022,allow,allow,初中新增词汇,PDF第106页
moe-junior-2022,almost,almost,初中新增词汇,PDF第106页
moe-junior-2022,alone,alone,初中新增词汇,PDF第106页
moe-junior-2022,along,along,初中新增词汇,PDF第106页
moe-junior-2022,aloud,aloud,初中新增词汇,PDF第106页
moe-junior-2022,already,already,初中新增词汇,PDF第106页
moe-junior-2022,also,also,小学二级词汇（三级表继承）,PDF第106页
moe-junior-2022,although,although,初中新增词汇,PDF第106页
moe-junior-2022,always,always,小学二级词汇（三级表继承）,PDF第106页
moe-junior-2022,be,am,小学二级词汇（三级表继承）,PDF第108页
moe-junior-2022,amazing,amazing,初中新增词汇,PDF第106页
moe-junior-2022,among,among,初中新增词汇,PDF第106页
moe-junior-2022,a,an,小学二级词汇（三级表继承）,PDF第105页
moe-junior-2022,ancient,ancient,初中新增词汇,PDF第106页
moe-junior-2022,and,and,小学二级词汇（三级表继承）,PDF第106页
moe-junior-2022,angry,angry,小学二级词汇（三级表继承）,PDF第106页
moe-junior-2022,animal,animal,小学二级词汇（三级表继承）,PDF第106页
moe-junior-2022,another,another,初中新增词汇,PDF第106页
moe-junior-2022,answer,answer,小学二级词汇（三级表继承）,PDF第107页
moe-junior-2022,ant,ant,初中新增词汇,PDF第107页
moe-junior-2022,any,any,小学二级词汇（三级表继承）,PDF第107页
moe-junior-2022,anybody,anybody,初中新增词汇,PDF第107页
moe-junior-2022,anybody,anyone,初中新增词汇,PDF第107页
moe-junior-2022,anything,anything,初中新增词汇,PDF第107页
moe-junior-2022,anyway,anyway,初中新增词汇,PDF第107页
moe-junior-2022,anywhere,anywhere,初中新增词汇,PDF第107页
moe-junior-2022,apartment,apartment,初中新增词汇,PDF第107页
moe-junior-2022,app,app,初中新增词汇,PDF第107页
moe-junior-2022,appear,appear,初中新增词汇,PDF第107页
moe-junior-2022,apple,apple,小学二级词汇（三级表继承）,PDF第107页
moe-junior-2022,app,application,初中新增词汇,PDF第107页
moe-junior-2022,be,are,小学二级词汇（三级表继承）,PDF第108页
moe-junior-2022,area,area,初中新增词汇,PDF第107页
moe-junior-2022,argue,argue,初中新增词汇,PDF第107页
moe-junior-2022,arm,arm,小学二级词汇（三级表继承）,PDF第107页
moe-junior-2022,army,army,初中新增词汇,PDF第107页
moe-junior-2022,around,around,初中新增词汇,PDF第107页
moe-junior-2022,arrive,arrive,初中新增词汇,PDF第107页
moe-junior-2022,art,art,小学二级词汇（三级表继承）,PDF第107页
moe-junior-2022,article,article,初中新增词汇,PDF第107页
moe-junior-2022,ai,artificial intelligence,初中新增词汇,PDF第106页
moe-junior-2022,ai,artificial-intelligence,初中新增词汇,PDF第106页
moe-junior-2022,artist,artist,初中新增词汇,PDF第107页
moe-junior-2022,as,as,初中新增词汇,PDF第107页
moe-junior-2022,ask,ask,小学二级词汇（三级表继承）,PDF第107页
moe-junior-2022,asleep,asleep,初中新增词汇,PDF第107页
moe-junior-2022,astronaut,astronaut,小学二级词汇（三级表继承）,PDF第107页
moe-junior-2022,at,at,小学二级词汇（三级表继承）,PDF第107页
moe-junior-2022,athlete,athlete,初中新增词汇,PDF第107页
moe-junior-2022,attack,attack,初中新增词汇,PDF第107页
moe-junior-2022,attend,attend,初中新增词汇,PDF第107页
moe-junior-2022,attention,attention,初中新增词汇,PDF第107页
moe-junior-2022,aunt,aunt,小学二级词汇（三级表继承）,PDF第107页
moe-junior-2022,autumn,autumn,小学二级词汇（三级表继承）,PDF第107页
moe-junior-2022,average,average,初中新增词汇,PDF第107页
moe-junior-2022,avoid,avoid,初中新增词汇,PDF第107页
moe-junior-2022,awake,awake,初中新增词汇,PDF第107页
moe-junior-2022,award,award,初中新增词汇,PDF第107页
moe-junior-2022,aware,aware,初中新增词汇,PDF第107页
moe-junior-2022,away,away,初中新增词汇,PDF第107页
moe-junior-2022,awful,awful,初中新增词汇,PDF第107页
moe-junior-2022,baby,baby,小学二级词汇（三级表继承）,PDF第107页
moe-junior-2022,back,back,小学二级词汇（三级表继承）,PDF第107页
moe-junior-2022,background,background,初中新增词汇,PDF第107页
moe-junior-2022,bad,bad,小学二级词汇（三级表继承）,PDF第107页
moe-junior-2022,badminton,badminton,初中新增词汇,PDF第107页
moe-junior-2022,bag,bag,小学二级词汇（三级表继承）,PDF第107页
moe-junior-2022,balance,balance,初中新增词汇,PDF第107页
moe-junior-2022,ball,ball,小学二级词汇（三级表继承）,PDF第107页
moe-junior-2022,balloon,balloon,初中新增词汇,PDF第107页
moe-junior-2022,bamboo,bamboo,初中新增词汇,PDF第107页
moe-junior-2022,banana,banana,小学二级词汇（三级表继承）,PDF第107页
moe-junior-2022,band,band,初中新增词汇,PDF第107页
moe-junior-2022,bank,bank,初中新增词汇,PDF第107页
moe-junior-2022,baseball,baseball,初中新增词汇,PDF第107页
moe-junior-2022,basic,basic,初中新增词汇,PDF第107页
moe-junior-2022,basket,basket,初中新增词汇,PDF第107页
moe-junior-2022,basketball,basketball,小学二级词汇（三级表继承）,PDF第108页
moe-junior-2022,bat,bat,初中新增词汇,PDF第108页
moe-junior-2022,bath,bath,初中新增词汇,PDF第108页
moe-junior-2022,bathroom,bathroom,初中新增词汇,PDF第108页
moe-junior-2022,be,be,小学二级词汇（三级表继承）,PDF第108页
moe-junior-2022,beach,beach,小学二级词汇（三级表继承）,PDF第108页
moe-junior-2022,bean,bean,初中新增词汇,PDF第108页
moe-junior-2022,bear,bear,小学二级词汇（三级表继承）,PDF第108页
moe-junior-2022,beat,beat,初中新增词汇,PDF第108页
moe-junior-2022,beautiful,beautiful,小学二级词汇（三级表继承）,PDF第108页
moe-junior-2022,because,because,小学二级词汇（三级表继承）,PDF第108页
moe-junior-2022,become,become,初中新增词汇,PDF第108页
moe-junior-2022,bed,bed,小学二级词汇（三级表继承）,PDF第108页
moe-junior-2022,bedroom,bedroom,初中新增词汇,PDF第108页
moe-junior-2022,bee,bee,小学二级词汇（三级表继承）,PDF第108页
moe-junior-2022,beef,beef,初中新增词汇,PDF第108页
moe-junior-2022,before,before,小学二级词汇（三级表继承）,PDF第108页
moe-junior-2022,begin,begin,小学二级词汇（三级表继承）,PDF第108页
moe-junior-2022,behave,behave,初中新增词汇,PDF第108页
moe-junior-2022,behind,behind,小学二级词汇（三级表继承）,PDF第108页
moe-junior-2022,believe,believe,初中新增词汇,PDF第108页
moe-junior-2022,bell,bell,初中新增词汇,PDF第108页
moe-junior-2022,belong,belong,初中新增词汇,PDF第108页
moe-junior-2022,below,below,初中新增词汇,PDF第108页
moe-junior-2022,belt,belt,初中新增词汇,PDF第108页
moe-junior-2022,benefit,benefit,初中新增词汇,PDF第108页
moe-junior-2022,beside,beside,小学二级词汇（三级表继承）,PDF第108页
moe-junior-2022,best,best,小学二级词汇（三级表继承）,PDF第108页
moe-junior-2022,better,better,初中新增词汇,PDF第108页
moe-junior-2022,between,between,小学二级词汇（三级表继承）,PDF第108页
moe-junior-2022,bike,bicycle,小学二级词汇（三级表继承）,PDF第108页
moe-junior-2022,big,big,小学二级词汇（三级表继承）,PDF第108页
moe-junior-2022,bike,bike,小学二级词汇（三级表继承）,PDF第108页
moe-junior-2022,bill,bill,初中新增词汇,PDF第108页
moe-junior-2022,bin,bin,初中新增词汇,PDF第108页
moe-junior-2022,biology,biology,初中新增词汇,PDF第108页
moe-junior-2022,bird,bird,小学二级词汇（三级表继承）,PDF第108页
moe-junior-2022,birth,birth,初中新增词汇,PDF第108页
moe-junior-2022,birthday,birthday,小学二级词汇（三级表继承）,PDF第108页
moe-junior-2022,biscuit,biscuit,初中新增词汇,PDF第108页
moe-junior-2022,bit,bit,初中新增词汇,PDF第108页
moe-junior-2022,black,black,小学二级词汇（三级表继承）,PDF第108页
moe-junior-2022,blackboard,blackboard,小学二级词汇（三级表继承）,PDF第108页
moe-junior-2022,bleed,bleed,初中新增词汇,PDF第108页
moe-junior-2022,blind,blind,初中新增词汇,PDF第108页
moe-junior-2022,block,block,初中新增词汇,PDF第108页
moe-junior-2022,blood,blood,初中新增词汇,PDF第108页
moe-junior-2022,blouse,blouse,初中新增词汇,PDF第108页
moe-junior-2022,blow,blow,初中新增词汇,PDF第108页
moe-junior-2022,blue,blue,小学二级词汇（三级表继承）,PDF第108页
moe-junior-2022,board,board,初中新增词汇,PDF第108页
moe-junior-2022,boat,boat,小学二级词汇（三级表继承）,PDF第108页
moe-junior-2022,body,body,小学二级词汇（三级表继承）,PDF第108页
moe-junior-2022,boil,boil,初中新增词汇,PDF第108页
moe-junior-2022,book,book,小学二级词汇（三级表继承）,PDF第108页
moe-junior-2022,boring,boring,初中新增词汇,PDF第108页
moe-junior-2022,born,born,初中新增词汇,PDF第108页
moe-junior-2022,borrow,borrow,初中新增词汇,PDF第109页
moe-junior-2022,boss,boss,初中新增词汇,PDF第109页
moe-junior-2022,both,both,初中新增词汇,PDF第109页
moe-junior-2022,bottle,bottle,初中新增词汇,PDF第109页
moe-junior-2022,bottom,bottom,初中新增词汇,PDF第109页
moe-junior-2022,bowl,bowl,初中新增词汇,PDF第109页
moe-junior-2022,box,box,小学二级词汇（三级表继承）,PDF第109页
moe-junior-2022,boy,boy,小学二级词汇（三级表继承）,PDF第109页
moe-junior-2022,brain,brain,初中新增词汇,PDF第109页
moe-junior-2022,brave,brave,初中新增词汇,PDF第109页
moe-junior-2022,bread,bread,小学二级词汇（三级表继承）,PDF第109页
moe-junior-2022,break,break,初中新增词汇,PDF第109页
moe-junior-2022,breakfast,breakfast,小学二级词汇（三级表继承）,PDF第109页
moe-junior-2022,breath,breath,初中新增词汇,PDF第109页
moe-junior-2022,bridge,bridge,初中新增词汇,PDF第109页
moe-junior-2022,bright,bright,初中新增词汇,PDF第109页
moe-junior-2022,bring,bring,小学二级词汇（三级表继承）,PDF第109页
moe-junior-2022,brother,brother,小学二级词汇（三级表继承）,PDF第109页
moe-junior-2022,brown,brown,小学二级词汇（三级表继承）,PDF第109页
moe-junior-2022,brush,brush,初中新增词汇,PDF第109页
moe-junior-2022,budget,budget,初中新增词汇,PDF第109页
moe-junior-2022,build,build,初中新增词汇,PDF第109页
moe-junior-2022,building,building,初中新增词汇,PDF第109页
moe-junior-2022,bully,bully,初中新增词汇,PDF第109页
moe-junior-2022,burn,burn,初中新增词汇,PDF第109页
moe-junior-2022,bus,bus,小学二级词汇（三级表继承）,PDF第109页
moe-junior-2022,business,business,初中新增词汇,PDF第109页
moe-junior-2022,busy,busy,小学二级词汇（三级表继承）,PDF第109页
moe-junior-2022,but,but,小学二级词汇（三级表继承）,PDF第109页
moe-junior-2022,butter,butter,初中新增词汇,PDF第109页
moe-junior-2022,butterfly,butterfly,初中新增词汇,PDF第109页
moe-junior-2022,buy,buy,小学二级词汇（三级表继承）,PDF第109页
moe-junior-2022,by,by,小学二级词汇（三级表继承）,PDF第109页
moe-junior-2022,goodbye,bye,小学二级词汇（三级表继承）,PDF第116页
moe-junior-2022,cabbage,cabbage,初中新增词汇,PDF第109页
moe-junior-2022,cake,cake,小学二级词汇（三级表继承）,PDF第109页
moe-junior-2022,calendar,calendar,初中新增词汇,PDF第109页
moe-junior-2022,call,call,小学二级词汇（三级表继承）,PDF第109页
moe-junior-2022,calm,calm,初中新增词汇,PDF第109页
moe-junior-2022,camera,camera,初中新增词汇,PDF第109页
moe-junior-2022,camp,camp,初中新增词汇,PDF第109页
moe-junior-2022,can,can,小学二级词汇（三级表继承）,PDF第109页
moe-junior-2022,cancel,cancel,初中新增词汇,PDF第109页
moe-junior-2022,cancer,cancer,初中新增词汇,PDF第109页
moe-junior-2022,candle,candle,小学二级词汇（三级表继承）,PDF第109页
moe-junior-2022,candy,candy,小学二级词汇（三级表继承）,PDF第109页
moe-junior-2022,cap,cap,小学二级词汇（三级表继承）,PDF第109页
moe-junior-2022,capital,capital,初中新增词汇,PDF第109页
moe-junior-2022,car,car,小学二级词汇（三级表继承）,PDF第109页
moe-junior-2022,card,card,小学二级词汇（三级表继承）,PDF第109页
moe-junior-2022,care,care,初中新增词汇,PDF第109页
moe-junior-2022,careful,careful,小学二级词汇（三级表继承）,PDF第109页
moe-junior-2022,careless,careless,初中新增词汇,PDF第109页
moe-junior-2022,carrot,carrot,初中新增词汇,PDF第109页
moe-junior-2022,carry,carry,初中新增词汇,PDF第109页
moe-junior-2022,cartoon,cartoon,初中新增词汇,PDF第110页
moe-junior-2022,case,case,初中新增词汇,PDF第110页
moe-junior-2022,cash,cash,初中新增词汇,PDF第110页
moe-junior-2022,cat,cat,小学二级词汇（三级表继承）,PDF第110页
moe-junior-2022,catch,catch,小学二级词汇（三级表继承）,PDF第110页
moe-junior-2022,cause,cause,初中新增词汇,PDF第110页
moe-junior-2022,celebrate,celebrate,初中新增词汇,PDF第110页
moe-junior-2022,cent,cent,初中新增词汇,PDF第110页
moe-junior-2022,centre,center,初中新增词汇,PDF第110页
moe-junior-2022,central,central,初中新增词汇,PDF第110页
moe-junior-2022,centre,centre,初中新增词汇,PDF第110页
moe-junior-2022,century,century,初中新增词汇,PDF第110页
moe-junior-2022,certain,certain,初中新增词汇,PDF第110页
moe-junior-2022,chair,chair,小学二级词汇（三级表继承）,PDF第110页
moe-junior-2022,chalk,chalk,初中新增词汇,PDF第110页
moe-junior-2022,challenge,challenge,初中新增词汇,PDF第110页
moe-junior-2022,champion,champion,初中新增词汇,PDF第110页
moe-junior-2022,chance,chance,初中新增词汇,PDF第110页
moe-junior-2022,change,change,初中新增词汇,PDF第110页
moe-junior-2022,character,character,初中新增词汇,PDF第110页
moe-junior-2022,characteristic,characteristic,初中新增词汇,PDF第110页
moe-junior-2022,charity,charity,初中新增词汇,PDF第110页
moe-junior-2022,chat,chat,初中新增词汇,PDF第110页
moe-junior-2022,cheap,cheap,初中新增词汇,PDF第110页
moe-junior-2022,cheat,cheat,初中新增词汇,PDF第110页
moe-junior-2022,check,check,初中新增词汇,PDF第110页
moe-junior-2022,cheer,cheer,初中新增词汇,PDF第110页
moe-junior-2022,cheese,cheese,初中新增词汇,PDF第110页
moe-junior-2022,chemistry,chemistry,初中新增词汇,PDF第110页
moe-junior-2022,chess,chess,初中新增词汇,PDF第110页
moe-junior-2022,chicken,chicken,小学二级词汇（三级表继承）,PDF第110页
moe-junior-2022,child,child,小学二级词汇（三级表继承）,PDF第110页
moe-junior-2022,child,children,小学二级词汇（三级表继承）,PDF第110页
moe-junior-2022,china,china,小学二级词汇（三级表继承）,PDF第110页
moe-junior-2022,chinese,chinese,小学二级词汇（三级表继承）,PDF第110页
moe-junior-2022,chip,chip,初中新增词汇,PDF第110页
moe-junior-2022,chocolate,chocolate,初中新增词汇,PDF第110页
moe-junior-2022,choice,choice,初中新增词汇,PDF第110页
moe-junior-2022,choose,choose,初中新增词汇,PDF第110页
moe-junior-2022,chopsticks,chopsticks,初中新增词汇,PDF第110页
moe-junior-2022,chore,chore,小学二级词汇（三级表继承）,PDF第110页
moe-junior-2022,christmas,christmas,初中新增词汇,PDF第110页
moe-junior-2022,cinema,cinema,小学二级词汇（三级表继承）,PDF第110页
moe-junior-2022,circle,circle,初中新增词汇,PDF第110页
moe-junior-2022,citizen,citizen,初中新增词汇,PDF第110页
moe-junior-2022,city,city,小学二级词汇（三级表继承）,PDF第110页
moe-junior-2022,class,class,小学二级词汇（三级表继承）,PDF第110页
moe-junior-2022,classic,classic,初中新增词汇,PDF第110页
moe-junior-2022,classmate,classmate,初中新增词汇,PDF第110页
moe-junior-2022,classroom,classroom,小学二级词汇（三级表继承）,PDF第110页
moe-junior-2022,clean,clean,小学二级词汇（三级表继承）,PDF第110页
moe-junior-2022,clear,clear,初中新增词汇,PDF第110页
moe-junior-2022,clever,clever,小学二级词汇（三级表继承）,PDF第110页
moe-junior-2022,click,click,初中新增词汇,PDF第110页
moe-junior-2022,climate,climate,初中新增词汇,PDF第110页
moe-junior-2022,climb,climb,初中新增词汇,PDF第110页
moe-junior-2022,clock,clock,小学二级词汇（三级表继承）,PDF第110页
moe-junior-2022,close,close,小学二级词汇（三级表继承）,PDF第110页
moe-junior-2022,clothes,clothes,小学二级词汇（三级表继承）,PDF第111页
moe-junior-2022,cloud,cloud,初中新增词汇,PDF第111页
moe-junior-2022,cloudy,cloudy,小学二级词汇（三级表继承）,PDF第111页
moe-junior-2022,club,club,初中新增词汇,PDF第111页
moe-junior-2022,coach,coach,初中新增词汇,PDF第111页
moe-junior-2022,coast,coast,初中新增词汇,PDF第111页
moe-junior-2022,coat,coat,小学二级词汇（三级表继承）,PDF第111页
moe-junior-2022,coffee,coffee,初中新增词汇,PDF第111页
moe-junior-2022,coin,coin,初中新增词汇,PDF第111页
moe-junior-2022,cold,cold,小学二级词汇（三级表继承）,PDF第111页
moe-junior-2022,collect,collect,初中新增词汇,PDF第111页
moe-junior-2022,college,college,初中新增词汇,PDF第111页
moe-junior-2022,colour,color,小学二级词汇（三级表继承）,PDF第111页
moe-junior-2022,colour,colour,小学二级词汇（三级表继承）,PDF第111页
moe-junior-2022,come,come,小学二级词汇（三级表继承）,PDF第111页
moe-junior-2022,comfortable,comfortable,初中新增词汇,PDF第111页
moe-junior-2022,common,common,初中新增词汇,PDF第111页
moe-junior-2022,communicate,communicate,初中新增词汇,PDF第111页
moe-junior-2022,community,community,初中新增词汇,PDF第111页
moe-junior-2022,company,company,初中新增词汇,PDF第111页
moe-junior-2022,compare,compare,初中新增词汇,PDF第111页
moe-junior-2022,compete,compete,初中新增词汇,PDF第111页
moe-junior-2022,complete,complete,初中新增词汇,PDF第111页
moe-junior-2022,computer,computer,小学二级词汇（三级表继承）,PDF第111页
moe-junior-2022,concert,concert,初中新增词汇,PDF第111页
moe-junior-2022,condition,condition,初中新增词汇,PDF第111页
moe-junior-2022,confidence,confidence,初中新增词汇,PDF第111页
moe-junior-2022,congratulation,congratulation,初中新增词汇,PDF第111页
moe-junior-2022,connect,connect,初中新增词汇,PDF第111页
moe-junior-2022,consider,consider,初中新增词汇,PDF第111页
moe-junior-2022,continue,continue,初中新增词汇,PDF第111页
moe-junior-2022,control,control,初中新增词汇,PDF第111页
moe-junior-2022,convenient,convenient,初中新增词汇,PDF第111页
moe-junior-2022,conversation,conversation,初中新增词汇,PDF第111页
moe-junior-2022,cook,cook,小学二级词汇（三级表继承）,PDF第111页
moe-junior-2022,cookie,cookie,初中新增词汇,PDF第111页
moe-junior-2022,cool,cool,小学二级词汇（三级表继承）,PDF第111页
moe-junior-2022,cooperate,cooperate,初中新增词汇,PDF第111页
moe-junior-2022,copy,copy,初中新增词汇,PDF第111页
moe-junior-2022,corn,corn,初中新增词汇,PDF第111页
moe-junior-2022,corner,corner,初中新增词汇,PDF第111页
moe-junior-2022,correct,correct,初中新增词汇,PDF第111页
moe-junior-2022,cost,cost,初中新增词汇,PDF第111页
moe-junior-2022,cotton,cotton,初中新增词汇,PDF第111页
moe-junior-2022,cough,cough,初中新增词汇,PDF第111页
moe-junior-2022,could,could,初中新增词汇,PDF第111页
moe-junior-2022,count,count,初中新增词汇,PDF第111页
moe-junior-2022,country,country,初中新增词汇,PDF第111页
moe-junior-2022,countryside,countryside,初中新增词汇,PDF第111页
moe-junior-2022,couple,couple,初中新增词汇,PDF第111页
moe-junior-2022,courage,courage,初中新增词汇,PDF第111页
moe-junior-2022,course,course,初中新增词汇,PDF第111页
moe-junior-2022,cousin,cousin,小学二级词汇（三级表继承）,PDF第111页
moe-junior-2022,cover,cover,初中新增词汇,PDF第111页
moe-junior-2022,cow,cow,小学二级词汇（三级表继承）,PDF第111页
moe-junior-2022,crazy,crazy,初中新增词汇,PDF第111页
moe-junior-2022,create,create,初中新增词汇,PDF第111页
moe-junior-2022,creative,creative,初中新增词汇,PDF第112页
moe-junior-2022,cross,cross,初中新增词汇,PDF第112页
moe-junior-2022,crowded,crowded,初中新增词汇,PDF第112页
moe-junior-2022,cry,cry,小学二级词汇（三级表继承）,PDF第112页
moe-junior-2022,cucumber,cucumber,初中新增词汇,PDF第112页
moe-junior-2022,culture,culture,初中新增词汇,PDF第112页
moe-junior-2022,cup,cup,小学二级词汇（三级表继承）,PDF第112页
moe-junior-2022,curious,curious,初中新增词汇,PDF第112页
moe-junior-2022,customer,customer,初中新增词汇,PDF第112页
moe-junior-2022,cut,cut,小学二级词汇（三级表继承）,PDF第112页
moe-junior-2022,cute,cute,小学二级词汇（三级表继承）,PDF第112页
moe-junior-2022,father,dad,小学二级词汇（三级表继承）,PDF第115页
moe-junior-2022,daily,daily,初中新增词汇,PDF第112页
moe-junior-2022,dance,dance,小学二级词汇（三级表继承）,PDF第112页
moe-junior-2022,danger,danger,初中新增词汇,PDF第112页
moe-junior-2022,dangerous,dangerous,初中新增词汇,PDF第112页
moe-junior-2022,dark,dark,初中新增词汇,PDF第112页
moe-junior-2022,date,date,初中新增词汇,PDF第112页
moe-junior-2022,daughter,daughter,初中新增词汇,PDF第112页
moe-junior-2022,day,day,小学二级词汇（三级表继承）,PDF第112页
moe-junior-2022,dead,dead,初中新增词汇,PDF第112页
moe-junior-2022,deaf,deaf,初中新增词汇,PDF第112页
moe-junior-2022,deal,deal,初中新增词汇,PDF第112页
moe-junior-2022,dear,dear,小学二级词汇（三级表继承）,PDF第112页
moe-junior-2022,death,death,初中新增词汇,PDF第112页
moe-junior-2022,decide,decide,初中新增词汇,PDF第112页
moe-junior-2022,deep,deep,初中新增词汇,PDF第112页
moe-junior-2022,degree,degree,初中新增词汇,PDF第112页
moe-junior-2022,delicious,delicious,初中新增词汇,PDF第112页
moe-junior-2022,dentist,dentist,初中新增词汇,PDF第112页
moe-junior-2022,depend,depend,初中新增词汇,PDF第112页
moe-junior-2022,describe,describe,初中新增词汇,PDF第112页
moe-junior-2022,desert,desert,初中新增词汇,PDF第112页
moe-junior-2022,design,design,初中新增词汇,PDF第112页
moe-junior-2022,desk,desk,小学二级词汇（三级表继承）,PDF第112页
moe-junior-2022,develop,develop,初中新增词汇,PDF第112页
moe-junior-2022,dialogue,dialog,初中新增词汇,PDF第112页
moe-junior-2022,dialogue,dialogue,初中新增词汇,PDF第112页
moe-junior-2022,diary,diary,初中新增词汇,PDF第112页
moe-junior-2022,dictionary,dictionary,初中新增词汇,PDF第112页
moe-junior-2022,die,die,初中新增词汇,PDF第112页
moe-junior-2022,diet,diet,初中新增词汇,PDF第112页
moe-junior-2022,difference,difference,初中新增词汇,PDF第112页
moe-junior-2022,different,different,初中新增词汇,PDF第112页
moe-junior-2022,difficult,difficult,小学二级词汇（三级表继承）,PDF第112页
moe-junior-2022,dig,dig,初中新增词汇,PDF第112页
moe-junior-2022,digital,digital,初中新增词汇,PDF第112页
moe-junior-2022,dining,dining,初中新增词汇,PDF第112页
moe-junior-2022,dinner,dinner,小学二级词汇（三级表继承）,PDF第112页
moe-junior-2022,direct,direct,初中新增词汇,PDF第112页
moe-junior-2022,director,director,初中新增词汇,PDF第112页
moe-junior-2022,dirty,dirty,小学二级词汇（三级表继承）,PDF第112页
moe-junior-2022,disappoint,disappoint,初中新增词汇,PDF第112页
moe-junior-2022,disaster,disaster,初中新增词汇,PDF第112页
moe-junior-2022,discover,discover,初中新增词汇,PDF第112页
moe-junior-2022,discuss,discuss,初中新增词汇,PDF第112页
moe-junior-2022,disease,disease,初中新增词汇,PDF第113页
moe-junior-2022,dish,dish,初中新增词汇,PDF第113页
moe-junior-2022,divide,divide,初中新增词汇,PDF第113页
moe-junior-2022,do,do,小学二级词汇（三级表继承）,PDF第113页
moe-junior-2022,doctor,doctor,小学二级词汇（三级表继承）,PDF第113页
moe-junior-2022,dog,dog,小学二级词汇（三级表继承）,PDF第113页
moe-junior-2022,doll,doll,小学二级词汇（三级表继承）,PDF第113页
moe-junior-2022,dollar,dollar,初中新增词汇,PDF第113页
moe-junior-2022,donate,donate,初中新增词汇,PDF第113页
moe-junior-2022,door,door,小学二级词汇（三级表继承）,PDF第113页
moe-junior-2022,double,double,初中新增词汇,PDF第113页
moe-junior-2022,doubt,doubt,初中新增词汇,PDF第113页
moe-junior-2022,down,down,小学二级词汇（三级表继承）,PDF第113页
moe-junior-2022,download,download,初中新增词汇,PDF第113页
moe-junior-2022,dragon,dragon,初中新增词汇,PDF第113页
moe-junior-2022,drama,drama,初中新增词汇,PDF第113页
moe-junior-2022,draw,draw,小学二级词汇（三级表继承）,PDF第113页
moe-junior-2022,dream,dream,初中新增词汇,PDF第113页
moe-junior-2022,dress,dress,小学二级词汇（三级表继承）,PDF第113页
moe-junior-2022,drink,drink,小学二级词汇（三级表继承）,PDF第113页
moe-junior-2022,drive,drive,初中新增词汇,PDF第113页
moe-junior-2022,driver,driver,小学二级词汇（三级表继承）,PDF第113页
moe-junior-2022,drop,drop,初中新增词汇,PDF第113页
moe-junior-2022,dry,dry,初中新增词汇,PDF第113页
moe-junior-2022,duck,duck,小学二级词汇（三级表继承）,PDF第113页
moe-junior-2022,dumpling,dumpling,初中新增词汇,PDF第113页
moe-junior-2022,during,during,初中新增词汇,PDF第113页
moe-junior-2022,duty,duty,初中新增词汇,PDF第113页
moe-junior-2022,each,each,初中新增词汇,PDF第113页
moe-junior-2022,eagle,eagle,初中新增词汇,PDF第113页
moe-junior-2022,ear,ear,小学二级词汇（三级表继承）,PDF第113页
moe-junior-2022,early,early,小学二级词汇（三级表继承）,PDF第113页
moe-junior-2022,earth,earth,小学二级词汇（三级表继承）,PDF第113页
moe-junior-2022,earthquake,earthquake,初中新增词汇,PDF第113页
moe-junior-2022,east,east,初中新增词汇,PDF第113页
moe-junior-2022,easy,easy,小学二级词汇（三级表继承）,PDF第113页
moe-junior-2022,eat,eat,小学二级词汇（三级表继承）,PDF第113页
moe-junior-2022,education,education,初中新增词汇,PDF第113页
moe-junior-2022,effect,effect,初中新增词汇,PDF第113页
moe-junior-2022,effort,effort,初中新增词汇,PDF第113页
moe-junior-2022,egg,egg,小学二级词汇（三级表继承）,PDF第113页
moe-junior-2022,either,either,初中新增词汇,PDF第113页
moe-junior-2022,elder,elder,初中新增词汇,PDF第113页
moe-junior-2022,electric,electric,初中新增词汇,PDF第113页
moe-junior-2022,electronic,electronic,初中新增词汇,PDF第113页
moe-junior-2022,elephant,elephant,小学二级词汇（三级表继承）,PDF第113页
moe-junior-2022,else,else,初中新增词汇,PDF第113页
moe-junior-2022,email,email,小学二级词汇（三级表继承）,PDF第113页
moe-junior-2022,emergency,emergency,初中新增词汇,PDF第113页
moe-junior-2022,emperor,emperor,初中新增词汇,PDF第113页
moe-junior-2022,emperor,empress,初中新增词汇,PDF第113页
moe-junior-2022,empty,empty,初中新增词汇,PDF第113页
moe-junior-2022,encourage,encourage,初中新增词汇,PDF第113页
moe-junior-2022,end,end,初中新增词汇,PDF第113页
moe-junior-2022,enemy,enemy,初中新增词汇,PDF第113页
moe-junior-2022,energetic,energetic,初中新增词汇,PDF第113页
moe-junior-2022,energy,energy,初中新增词汇,PDF第114页
moe-junior-2022,engineer,engineer,初中新增词汇,PDF第114页
moe-junior-2022,english,english,小学二级词汇（三级表继承）,PDF第114页
moe-junior-2022,enjoy,enjoy,初中新增词汇,PDF第114页
moe-junior-2022,enough,enough,初中新增词汇,PDF第114页
moe-junior-2022,enter,enter,初中新增词汇,PDF第114页
moe-junior-2022,environment,environment,初中新增词汇,PDF第114页
moe-junior-2022,era,era,初中新增词汇,PDF第114页
moe-junior-2022,eraser,eraser,初中新增词汇,PDF第114页
moe-junior-2022,especially,especially,初中新增词汇,PDF第114页
moe-junior-2022,even,even,初中新增词汇,PDF第114页
moe-junior-2022,evening,evening,小学二级词汇（三级表继承）,PDF第114页
moe-junior-2022,event,event,初中新增词汇,PDF第114页
moe-junior-2022,ever,ever,初中新增词汇,PDF第114页
moe-junior-2022,every,every,小学二级词汇（三级表继承）,PDF第114页
moe-junior-2022,everybody,everybody,初中新增词汇,PDF第114页
moe-junior-2022,everyday,everyday,初中新增词汇,PDF第114页
moe-junior-2022,everybody,everyone,初中新增词汇,PDF第114页
moe-junior-2022,everything,everything,初中新增词汇,PDF第114页
moe-junior-2022,everywhere,everywhere,初中新增词汇,PDF第114页
moe-junior-2022,exactly,exactly,初中新增词汇,PDF第114页
moe-junior-2022,exam,exam,初中新增词汇,PDF第114页
moe-junior-2022,exam,examination,初中新增词汇,PDF第114页
moe-junior-2022,example,example,初中新增词汇,PDF第114页
moe-junior-2022,excellent,excellent,初中新增词汇,PDF第114页
moe-junior-2022,except,except,初中新增词汇,PDF第114页
moe-junior-2022,excited,excited,小学二级词汇（三级表继承）,PDF第114页
moe-junior-2022,exciting,exciting,初中新增词汇,PDF第114页
moe-junior-2022,excuse,excuse,初中新增词汇,PDF第114页
moe-junior-2022,exercise,exercise,小学二级词汇（三级表继承）,PDF第114页
moe-junior-2022,expect,expect,初中新增词汇,PDF第114页
moe-junior-2022,expensive,expensive,初中新增词汇,PDF第114页
moe-junior-2022,experience,experience,初中新增词汇,PDF第114页
moe-junior-2022,expert,expert,初中新增词汇,PDF第114页
moe-junior-2022,explain,explain,初中新增词汇,PDF第114页
moe-junior-2022,explore,explore,初中新增词汇,PDF第114页
moe-junior-2022,express,express,初中新增词汇,PDF第114页
moe-junior-2022,eye,eye,小学二级词汇（三级表继承）,PDF第114页
moe-junior-2022,face,face,小学二级词汇（三级表继承）,PDF第114页
moe-junior-2022,fact,fact,初中新增词汇,PDF第114页
moe-junior-2022,factory,factory,初中新增词汇,PDF第114页
moe-junior-2022,fail,fail,初中新增词汇,PDF第114页
moe-junior-2022,fair,fair,初中新增词汇,PDF第114页
moe-junior-2022,fall,fall,初中新增词汇,PDF第114页
moe-junior-2022,false,false,初中新增词汇,PDF第114页
moe-junior-2022,familiar,familiar,初中新增词汇,PDF第114页
moe-junior-2022,family,family,小学二级词汇（三级表继承）,PDF第114页
moe-junior-2022,famous,famous,小学二级词汇（三级表继承）,PDF第114页
moe-junior-2022,fan,fan,小学二级词汇（三级表继承）,PDF第114页
moe-junior-2022,fantastic,fantastic,初中新增词汇,PDF第114页
moe-junior-2022,far,far,小学二级词汇（三级表继承）,PDF第114页
moe-junior-2022,farm,farm,小学二级词汇（三级表继承）,PDF第114页
moe-junior-2022,farmer,farmer,小学二级词汇（三级表继承）,PDF第114页
moe-junior-2022,fashion,fashion,初中新增词汇,PDF第114页
moe-junior-2022,fast,fast,小学二级词汇（三级表继承）,PDF第114页
moe-junior-2022,fat,fat,初中新增词汇,PDF第114页
moe-junior-2022,father,father,小学二级词汇（三级表继承）,PDF第115页
moe-junior-2022,favourite,favorite,小学二级词汇（三级表继承）,PDF第115页
moe-junior-2022,favourite,favourite,小学二级词汇（三级表继承）,PDF第115页
moe-junior-2022,fear,fear,初中新增词汇,PDF第115页
moe-junior-2022,feed,feed,初中新增词汇,PDF第115页
moe-junior-2022,feel,feel,小学二级词汇（三级表继承）,PDF第115页
moe-junior-2022,feeling,feeling,初中新增词汇,PDF第115页
moe-junior-2022,foot,feet,小学二级词汇（三级表继承）,PDF第115页
moe-junior-2022,festival,festival,初中新增词汇,PDF第115页
moe-junior-2022,fever,fever,初中新增词汇,PDF第115页
moe-junior-2022,few,few,初中新增词汇,PDF第115页
moe-junior-2022,field,field,初中新增词汇,PDF第115页
moe-junior-2022,fight,fight,初中新增词汇,PDF第115页
moe-junior-2022,fill,fill,初中新增词汇,PDF第115页
moe-junior-2022,film,film,小学二级词汇（三级表继承）,PDF第115页
moe-junior-2022,final,final,初中新增词汇,PDF第115页
moe-junior-2022,find,find,小学二级词汇（三级表继承）,PDF第115页
moe-junior-2022,fine,fine,小学二级词汇（三级表继承）,PDF第115页
moe-junior-2022,finger,finger,初中新增词汇,PDF第115页
moe-junior-2022,finish,finish,初中新增词汇,PDF第115页
moe-junior-2022,fire,fire,小学二级词汇（三级表继承）,PDF第115页
moe-junior-2022,fireman,fireman,初中新增词汇,PDF第115页
moe-junior-2022,fireman,firemen,初中新增词汇,PDF第115页
moe-junior-2022,firework,firework,初中新增词汇,PDF第115页
moe-junior-2022,fish,fish,小学二级词汇（三级表继承）,PDF第115页
moe-junior-2022,fit,fit,初中新增词汇,PDF第115页
moe-junior-2022,fix,fix,初中新增词汇,PDF第115页
moe-junior-2022,flag,flag,初中新增词汇,PDF第115页
moe-junior-2022,flat,flat,初中新增词汇,PDF第115页
moe-junior-2022,flood,flood,初中新增词汇,PDF第115页
moe-junior-2022,floor,floor,小学二级词汇（三级表继承）,PDF第115页
moe-junior-2022,flower,flower,小学二级词汇（三级表继承）,PDF第115页
moe-junior-2022,flu,flu,初中新增词汇,PDF第115页
moe-junior-2022,fly,fly,小学二级词汇（三级表继承）,PDF第115页
moe-junior-2022,focus,focus,初中新增词汇,PDF第115页
moe-junior-2022,fog,fog,初中新增词汇,PDF第115页
moe-junior-2022,folk,folk,初中新增词汇,PDF第115页
moe-junior-2022,follow,follow,初中新增词汇,PDF第115页
moe-junior-2022,food,food,小学二级词汇（三级表继承）,PDF第115页
moe-junior-2022,fool,fool,初中新增词汇,PDF第115页
moe-junior-2022,foot,foot,小学二级词汇（三级表继承）,PDF第115页
moe-junior-2022,football,football,小学二级词汇（三级表继承）,PDF第115页
moe-junior-2022,for,for,小学二级词汇（三级表继承）,PDF第115页
moe-junior-2022,force,force,初中新增词汇,PDF第115页
moe-junior-2022,foreign,foreign,初中新增词汇,PDF第115页
moe-junior-2022,forest,forest,初中新增词汇,PDF第115页
moe-junior-2022,forever,forever,初中新增词汇,PDF第115页
moe-junior-2022,forget,forget,初中新增词汇,PDF第115页
moe-junior-2022,fork,fork,初中新增词汇,PDF第115页
moe-junior-2022,form,form,初中新增词汇,PDF第115页
moe-junior-2022,forward,forward,初中新增词汇,PDF第115页
moe-junior-2022,found,found,初中新增词汇,PDF第115页
moe-junior-2022,fox,fox,初中新增词汇,PDF第115页
moe-junior-2022,free,free,小学二级词汇（三级表继承）,PDF第115页
moe-junior-2022,freeze,freeze,初中新增词汇,PDF第115页
moe-junior-2022,fresh,fresh,初中新增词汇,PDF第115页
moe-junior-2022,fridge,fridge,初中新增词汇,PDF第115页
moe-junior-2022,friend,friend,小学二级词汇（三级表继承）,PDF第115页
moe-junior-2022,friendly,friendly,初中新增词汇,PDF第115页
moe-junior-2022,friendship,friendship,初中新增词汇,PDF第116页
moe-junior-2022,from,from,小学二级词汇（三级表继承）,PDF第116页
moe-junior-2022,front,front,小学二级词汇（三级表继承）,PDF第116页
moe-junior-2022,fruit,fruit,小学二级词汇（三级表继承）,PDF第116页
moe-junior-2022,full,full,初中新增词汇,PDF第116页
moe-junior-2022,fun,fun,初中新增词汇,PDF第116页
moe-junior-2022,funny,funny,初中新增词汇,PDF第116页
moe-junior-2022,future,future,初中新增词汇,PDF第116页
moe-junior-2022,game,game,小学二级词汇（三级表继承）,PDF第116页
moe-junior-2022,garden,garden,小学二级词汇（三级表继承）,PDF第116页
moe-junior-2022,gas,gas,初中新增词汇,PDF第116页
moe-junior-2022,gate,gate,初中新增词汇,PDF第116页
moe-junior-2022,general,general,初中新增词汇,PDF第116页
moe-junior-2022,gentleman,gentleman,初中新增词汇,PDF第116页
moe-junior-2022,gentleman,gentlemen,初中新增词汇,PDF第116页
moe-junior-2022,geography,geography,初中新增词汇,PDF第116页
moe-junior-2022,get,get,小学二级词汇（三级表继承）,PDF第116页
moe-junior-2022,gift,gift,小学二级词汇（三级表继承）,PDF第116页
moe-junior-2022,giraffe,giraffe,初中新增词汇,PDF第116页
moe-junior-2022,girl,girl,小学二级词汇（三级表继承）,PDF第116页
moe-junior-2022,give,give,小学二级词汇（三级表继承）,PDF第116页
moe-junior-2022,glad,glad,初中新增词汇,PDF第116页
moe-junior-2022,glass,glass,小学二级词汇（三级表继承）,PDF第116页
moe-junior-2022,glove,glove,初中新增词汇,PDF第116页
moe-junior-2022,glue,glue,初中新增词汇,PDF第116页
moe-junior-2022,go,go,小学二级词汇（三级表继承）,PDF第116页
moe-junior-2022,goal,goal,初中新增词汇,PDF第116页
moe-junior-2022,god,god,初中新增词汇,PDF第116页
moe-junior-2022,gold,gold,初中新增词汇,PDF第116页
moe-junior-2022,good,good,小学二级词汇（三级表继承）,PDF第116页
moe-junior-2022,goodbye,goodbye,小学二级词汇（三级表继承）,PDF第116页
moe-junior-2022,government,government,初中新增词汇,PDF第116页
moe-junior-2022,grade,grade,初中新增词汇,PDF第116页
moe-junior-2022,graduate,graduate,初中新增词汇,PDF第116页
moe-junior-2022,grammar,grammar,初中新增词汇,PDF第116页
moe-junior-2022,grandfather,grandfather,小学二级词汇（三级表继承）,PDF第116页
moe-junior-2022,grandmother,grandma,小学二级词汇（三级表继承）,PDF第116页
moe-junior-2022,grandmother,grandmother,小学二级词汇（三级表继承）,PDF第116页
moe-junior-2022,grandfather,grandpa,小学二级词汇（三级表继承）,PDF第116页
moe-junior-2022,grape,grape,小学二级词汇（三级表继承）,PDF第116页
moe-junior-2022,grass,grass,小学二级词汇（三级表继承）,PDF第116页
moe-junior-2022,grey,gray,初中新增词汇,PDF第116页
moe-junior-2022,great,great,小学二级词汇（三级表继承）,PDF第116页
moe-junior-2022,green,green,小学二级词汇（三级表继承）,PDF第116页
moe-junior-2022,greet,greet,初中新增词汇,PDF第116页
moe-junior-2022,grey,grey,初中新增词汇,PDF第116页
moe-junior-2022,ground,ground,初中新增词汇,PDF第116页
moe-junior-2022,group,group,初中新增词汇,PDF第116页
moe-junior-2022,grow,grow,初中新增词汇,PDF第116页
moe-junior-2022,guard,guard,初中新增词汇,PDF第116页
moe-junior-2022,guess,guess,初中新增词汇,PDF第116页
moe-junior-2022,guest,guest,初中新增词汇,PDF第116页
moe-junior-2022,guide,guide,初中新增词汇,PDF第116页
moe-junior-2022,guitar,guitar,初中新增词汇,PDF第116页
moe-junior-2022,gun,gun,初中新增词汇,PDF第116页
moe-junior-2022,gym,gym,初中新增词汇,PDF第116页
moe-junior-2022,gym,gymnasium,初中新增词汇,PDF第116页
moe-junior-2022,habit,habit,初中新增词汇,PDF第117页
moe-junior-2022,hair,hair,小学二级词汇（三级表继承）,PDF第117页
moe-junior-2022,half,half,小学二级词汇（三级表继承）,PDF第117页
moe-junior-2022,hall,hall,初中新增词汇,PDF第117页
moe-junior-2022,hamburger,hamburger,初中新增词汇,PDF第117页
moe-junior-2022,hand,hand,小学二级词汇（三级表继承）,PDF第117页
moe-junior-2022,handsome,handsome,初中新增词汇,PDF第117页
moe-junior-2022,hang,hang,初中新增词汇,PDF第117页
moe-junior-2022,happen,happen,初中新增词汇,PDF第117页
moe-junior-2022,happy,happy,小学二级词汇（三级表继承）,PDF第117页
moe-junior-2022,hard,hard,小学二级词汇（三级表继承）,PDF第117页
moe-junior-2022,hardly,hardly,初中新增词汇,PDF第117页
moe-junior-2022,harm,harm,初中新增词汇,PDF第117页
moe-junior-2022,have,has,小学二级词汇（三级表继承）,PDF第117页
moe-junior-2022,hat,hat,初中新增词汇,PDF第117页
moe-junior-2022,hate,hate,初中新增词汇,PDF第117页
moe-junior-2022,have,have,小学二级词汇（三级表继承）,PDF第117页
moe-junior-2022,he,he,小学二级词汇（三级表继承）,PDF第117页
moe-junior-2022,head,head,小学二级词汇（三级表继承）,PDF第117页
moe-junior-2022,health,health,初中新增词汇,PDF第117页
moe-junior-2022,healthy,healthy,小学二级词汇（三级表继承）,PDF第117页
moe-junior-2022,hear,hear,小学二级词汇（三级表继承）,PDF第117页
moe-junior-2022,heart,heart,初中新增词汇,PDF第117页
moe-junior-2022,heat,heat,初中新增词汇,PDF第117页
moe-junior-2022,heavy,heavy,小学二级词汇（三级表继承）,PDF第117页
moe-junior-2022,height,height,初中新增词汇,PDF第117页
moe-junior-2022,hello,hello,小学二级词汇（三级表继承）,PDF第117页
moe-junior-2022,help,help,小学二级词汇（三级表继承）,PDF第117页
moe-junior-2022,helpful,helpful,小学二级词汇（三级表继承）,PDF第117页
moe-junior-2022,hen,hen,初中新增词汇,PDF第117页
moe-junior-2022,her,her,小学二级词汇（三级表继承）,PDF第117页
moe-junior-2022,here,here,小学二级词汇（三级表继承）,PDF第117页
moe-junior-2022,hero,hero,初中新增词汇,PDF第117页
moe-junior-2022,hers,hers,初中新增词汇,PDF第117页
moe-junior-2022,herself,herself,初中新增词汇,PDF第117页
moe-junior-2022,hi,hi,小学二级词汇（三级表继承）,PDF第117页
moe-junior-2022,hide,hide,初中新增词汇,PDF第117页
moe-junior-2022,high,high,初中新增词汇,PDF第117页
moe-junior-2022,hike,hike,初中新增词汇,PDF第117页
moe-junior-2022,hill,hill,小学二级词汇（三级表继承）,PDF第117页
moe-junior-2022,him,him,小学二级词汇（三级表继承）,PDF第117页
moe-junior-2022,himself,himself,初中新增词汇,PDF第117页
moe-junior-2022,his,his,小学二级词汇（三级表继承）,PDF第117页
moe-junior-2022,history,history,初中新增词汇,PDF第117页
moe-junior-2022,hit,hit,初中新增词汇,PDF第117页
moe-junior-2022,hobby,hobby,初中新增词汇,PDF第117页
moe-junior-2022,hold,hold,初中新增词汇,PDF第117页
moe-junior-2022,hole,hole,初中新增词汇,PDF第117页
moe-junior-2022,holiday,holiday,小学二级词汇（三级表继承）,PDF第117页
moe-junior-2022,home,home,小学二级词汇（三级表继承）,PDF第117页
moe-junior-2022,hometown,hometown,小学二级词汇（三级表继承）,PDF第117页
moe-junior-2022,homework,homework,初中新增词汇,PDF第117页
moe-junior-2022,honest,honest,初中新增词汇,PDF第117页
moe-junior-2022,honey,honey,初中新增词汇,PDF第117页
moe-junior-2022,honour,honor,初中新增词汇,PDF第117页
moe-junior-2022,honour,honour,初中新增词汇,PDF第117页
moe-junior-2022,hope,hope,初中新增词汇,PDF第117页
moe-junior-2022,horse,horse,小学二级词汇（三级表继承）,PDF第118页
moe-junior-2022,hospital,hospital,小学二级词汇（三级表继承）,PDF第118页
moe-junior-2022,host,host,初中新增词汇,PDF第118页
moe-junior-2022,host,hostess,初中新增词汇,PDF第118页
moe-junior-2022,hot,hot,小学二级词汇（三级表继承）,PDF第118页
moe-junior-2022,hotel,hotel,初中新增词汇,PDF第118页
moe-junior-2022,hour,hour,小学二级词汇（三级表继承）,PDF第118页
moe-junior-2022,house,house,小学二级词汇（三级表继承）,PDF第118页
moe-junior-2022,housework,housework,初中新增词汇,PDF第118页
moe-junior-2022,how,how,小学二级词汇（三级表继承）,PDF第118页
moe-junior-2022,however,however,初中新增词汇,PDF第118页
moe-junior-2022,hug,hug,初中新增词汇,PDF第118页
moe-junior-2022,huge,huge,初中新增词汇,PDF第118页
moe-junior-2022,human,human,初中新增词汇,PDF第118页
moe-junior-2022,humour,humor,初中新增词汇,PDF第118页
moe-junior-2022,humour,humour,初中新增词汇,PDF第118页
moe-junior-2022,hungry,hungry,小学二级词汇（三级表继承）,PDF第118页
moe-junior-2022,hunt,hunt,初中新增词汇,PDF第118页
moe-junior-2022,hurry,hurry,小学二级词汇（三级表继承）,PDF第118页
moe-junior-2022,hurt,hurt,小学二级词汇（三级表继承）,PDF第118页
moe-junior-2022,husband,husband,初中新增词汇,PDF第118页
moe-junior-2022,i,i,小学二级词汇（三级表继承）,PDF第118页
moe-junior-2022,ice,ice,小学二级词汇（三级表继承）,PDF第118页
moe-junior-2022,ice cream,ice cream,小学二级词汇（三级表继承）,PDF第118页
moe-junior-2022,ice cream,ice-cream,小学二级词汇（三级表继承）,PDF第118页
moe-junior-2022,idea,idea,小学二级词汇（三级表继承）,PDF第118页
moe-junior-2022,if,if,初中新增词汇,PDF第118页
moe-junior-2022,ill,ill,小学二级词汇（三级表继承）,PDF第118页
moe-junior-2022,illness,illness,初中新增词汇,PDF第118页
moe-junior-2022,imagine,imagine,初中新增词汇,PDF第118页
moe-junior-2022,important,important,初中新增词汇,PDF第118页
moe-junior-2022,impossible,impossible,初中新增词汇,PDF第118页
moe-junior-2022,improve,improve,初中新增词汇,PDF第118页
moe-junior-2022,in,in,小学二级词汇（三级表继承）,PDF第118页
moe-junior-2022,include,include,初中新增词汇,PDF第118页
moe-junior-2022,increase,increase,初中新增词汇,PDF第118页
moe-junior-2022,industry,industry,初中新增词汇,PDF第118页
moe-junior-2022,influence,influence,初中新增词汇,PDF第118页
moe-junior-2022,information,information,初中新增词汇,PDF第118页
moe-junior-2022,insect,insect,初中新增词汇,PDF第118页
moe-junior-2022,inside,inside,初中新增词汇,PDF第118页
moe-junior-2022,instead,instead,初中新增词汇,PDF第118页
moe-junior-2022,instruction,instruction,初中新增词汇,PDF第118页
moe-junior-2022,instrument,instrument,初中新增词汇,PDF第118页
moe-junior-2022,interest,interest,初中新增词汇,PDF第118页
moe-junior-2022,interesting,interesting,小学二级词汇（三级表继承）,PDF第118页
moe-junior-2022,international,international,初中新增词汇,PDF第118页
moe-junior-2022,internet,internet,小学二级词汇（三级表继承）,PDF第118页
moe-junior-2022,interview,interview,初中新增词汇,PDF第118页
moe-junior-2022,into,into,初中新增词汇,PDF第118页
moe-junior-2022,introduce,introduce,初中新增词汇,PDF第118页
moe-junior-2022,invent,invent,初中新增词汇,PDF第118页
moe-junior-2022,invite,invite,初中新增词汇,PDF第118页
moe-junior-2022,be,is,小学二级词汇（三级表继承）,PDF第108页
moe-junior-2022,island,island,初中新增词汇,PDF第118页
moe-junior-2022,it,it,小学二级词汇（三级表继承）,PDF第118页
moe-junior-2022,its,its,小学二级词汇（三级表继承）,PDF第118页
moe-junior-2022,itself,itself,初中新增词汇,PDF第118页
moe-junior-2022,jacket,jacket,初中新增词汇,PDF第119页
moe-junior-2022,jeans,jeans,初中新增词汇,PDF第119页
moe-junior-2022,job,job,小学二级词汇（三级表继承）,PDF第119页
moe-junior-2022,jog,jog,初中新增词汇,PDF第119页
moe-junior-2022,join,join,初中新增词汇,PDF第119页
moe-junior-2022,joke,joke,初中新增词汇,PDF第119页
moe-junior-2022,journey,journey,初中新增词汇,PDF第119页
moe-junior-2022,joy,joy,初中新增词汇,PDF第119页
moe-junior-2022,judge,judge,初中新增词汇,PDF第119页
moe-junior-2022,juice,juice,小学二级词汇（三级表继承）,PDF第119页
moe-junior-2022,jump,jump,小学二级词汇（三级表继承）,PDF第119页
moe-junior-2022,junior,junior,初中新增词汇,PDF第119页
moe-junior-2022,just,just,初中新增词汇,PDF第119页
moe-junior-2022,keep,keep,小学二级词汇（三级表继承）,PDF第119页
moe-junior-2022,key,key,初中新增词汇,PDF第119页
moe-junior-2022,keyboard,keyboard,初中新增词汇,PDF第119页
moe-junior-2022,kick,kick,初中新增词汇,PDF第119页
moe-junior-2022,kid,kid,小学二级词汇（三级表继承）,PDF第119页
moe-junior-2022,kill,kill,初中新增词汇,PDF第119页
moe-junior-2022,kilo,kilo,初中新增词汇,PDF第119页
moe-junior-2022,kilo,kilogram,初中新增词汇,PDF第119页
moe-junior-2022,kilometre,kilometer,初中新增词汇,PDF第119页
moe-junior-2022,kilometre,kilometre,初中新增词汇,PDF第119页
moe-junior-2022,kind,kind,小学二级词汇（三级表继承）,PDF第119页
moe-junior-2022,king,king,初中新增词汇,PDF第119页
moe-junior-2022,kiss,kiss,初中新增词汇,PDF第119页
moe-junior-2022,kitchen,kitchen,小学二级词汇（三级表继承）,PDF第119页
moe-junior-2022,kite,kite,小学二级词汇（三级表继承）,PDF第119页
moe-junior-2022,knee,knee,初中新增词汇,PDF第119页
moe-junior-2022,knife,knife,初中新增词汇,PDF第119页
moe-junior-2022,knife,knives,初中新增词汇,PDF第119页
moe-junior-2022,knock,knock,初中新增词汇,PDF第119页
moe-junior-2022,know,know,小学二级词汇（三级表继承）,PDF第119页
moe-junior-2022,knowledge,knowledge,初中新增词汇,PDF第119页
moe-junior-2022,kung fu,kung fu,初中新增词汇,PDF第119页
moe-junior-2022,kung fu,kung-fu,初中新增词汇,PDF第119页
moe-junior-2022,lab,lab,初中新增词汇,PDF第119页
moe-junior-2022,lab,laboratory,初中新增词汇,PDF第119页
moe-junior-2022,lady,lady,初中新增词汇,PDF第119页
moe-junior-2022,lake,lake,小学二级词汇（三级表继承）,PDF第119页
moe-junior-2022,lamp,lamp,初中新增词汇,PDF第119页
moe-junior-2022,land,land,初中新增词汇,PDF第119页
moe-junior-2022,landscape,landscape,初中新增词汇,PDF第119页
moe-junior-2022,language,language,初中新增词汇,PDF第119页
moe-junior-2022,lantern,lantern,初中新增词汇,PDF第119页
moe-junior-2022,laptop,laptop,初中新增词汇,PDF第119页
moe-junior-2022,large,large,初中新增词汇,PDF第119页
moe-junior-2022,last,last,小学二级词汇（三级表继承）,PDF第119页
moe-junior-2022,late,late,小学二级词汇（三级表继承）,PDF第119页
moe-junior-2022,later,later,初中新增词汇,PDF第119页
moe-junior-2022,laugh,laugh,初中新增词汇,PDF第119页
moe-junior-2022,law,law,初中新增词汇,PDF第119页
moe-junior-2022,lawyer,lawyer,初中新增词汇,PDF第119页
moe-junior-2022,lay,lay,初中新增词汇,PDF第119页
moe-junior-2022,lazy,lazy,初中新增词汇,PDF第119页
moe-junior-2022,lead,lead,初中新增词汇,PDF第119页
moe-junior-2022,leaf,leaf,初中新增词汇,PDF第120页
moe-junior-2022,learn,learn,小学二级词汇（三级表继承）,PDF第120页
moe-junior-2022,least,least,初中新增词汇,PDF第120页
moe-junior-2022,leave,leave,初中新增词汇,PDF第120页
moe-junior-2022,leaf,leaves,初中新增词汇,PDF第120页
moe-junior-2022,left,left,小学二级词汇（三级表继承）,PDF第120页
moe-junior-2022,leg,leg,小学二级词汇（三级表继承）,PDF第120页
moe-junior-2022,lemon,lemon,初中新增词汇,PDF第120页
moe-junior-2022,lend,lend,初中新增词汇,PDF第120页
moe-junior-2022,less,less,初中新增词汇,PDF第120页
moe-junior-2022,lesson,lesson,小学二级词汇（三级表继承）,PDF第120页
moe-junior-2022,let,let,小学二级词汇（三级表继承）,PDF第120页
moe-junior-2022,letter,letter,小学二级词汇（三级表继承）,PDF第120页
moe-junior-2022,level,level,初中新增词汇,PDF第120页
moe-junior-2022,library,library,小学二级词汇（三级表继承）,PDF第120页
moe-junior-2022,lie,lie,初中新增词汇,PDF第120页
moe-junior-2022,life,life,初中新增词汇,PDF第120页
moe-junior-2022,lift,lift,初中新增词汇,PDF第120页
moe-junior-2022,light,light,小学二级词汇（三级表继承）,PDF第120页
moe-junior-2022,lightning,lightning,初中新增词汇,PDF第120页
moe-junior-2022,like,like,小学二级词汇（三级表继承）,PDF第120页
moe-junior-2022,likely,likely,初中新增词汇,PDF第120页
moe-junior-2022,line,line,初中新增词汇,PDF第120页
moe-junior-2022,lion,lion,小学二级词汇（三级表继承）,PDF第120页
moe-junior-2022,list,list,初中新增词汇,PDF第120页
moe-junior-2022,listen,listen,小学二级词汇（三级表继承）,PDF第120页
moe-junior-2022,literature,literature,初中新增词汇,PDF第120页
moe-junior-2022,litter,litter,初中新增词汇,PDF第120页
moe-junior-2022,little,little,小学二级词汇（三级表继承）,PDF第120页
moe-junior-2022,live,live,小学二级词汇（三级表继承）,PDF第120页
moe-junior-2022,lively,lively,初中新增词汇,PDF第120页
moe-junior-2022,life,lives,初中新增词汇,PDF第120页
moe-junior-2022,local,local,初中新增词汇,PDF第120页
moe-junior-2022,lock,lock,初中新增词汇,PDF第120页
moe-junior-2022,lonely,lonely,初中新增词汇,PDF第120页
moe-junior-2022,long,long,小学二级词汇（三级表继承）,PDF第120页
moe-junior-2022,look,look,小学二级词汇（三级表继承）,PDF第120页
moe-junior-2022,lose,lose,初中新增词汇,PDF第120页
moe-junior-2022,loss,loss,初中新增词汇,PDF第120页
moe-junior-2022,lost,lost,初中新增词汇,PDF第120页
moe-junior-2022,lot,lot,小学二级词汇（三级表继承）,PDF第120页
moe-junior-2022,loud,loud,初中新增词汇,PDF第120页
moe-junior-2022,love,love,小学二级词汇（三级表继承）,PDF第120页
moe-junior-2022,lovely,lovely,小学二级词汇（三级表继承）,PDF第120页
moe-junior-2022,low,low,初中新增词汇,PDF第120页
moe-junior-2022,luck,luck,初中新增词汇,PDF第120页
moe-junior-2022,lunch,lunch,小学二级词汇（三级表继承）,PDF第120页
moe-junior-2022,machine,machine,初中新增词汇,PDF第120页
moe-junior-2022,mad,mad,初中新增词汇,PDF第120页
moe-junior-2022,madam,madam,初中新增词汇,PDF第120页
moe-junior-2022,magazine,magazine,初中新增词汇,PDF第120页
moe-junior-2022,magic,magic,初中新增词汇,PDF第120页
moe-junior-2022,main,main,初中新增词汇,PDF第120页
moe-junior-2022,make,make,小学二级词汇（三级表继承）,PDF第120页
moe-junior-2022,mall,mall,初中新增词汇,PDF第120页
moe-junior-2022,man,man,小学二级词汇（三级表继承）,PDF第120页
moe-junior-2022,manage,manage,初中新增词汇,PDF第121页
moe-junior-2022,manner,manner,初中新增词汇,PDF第121页
moe-junior-2022,many,many,小学二级词汇（三级表继承）,PDF第121页
moe-junior-2022,map,map,小学二级词汇（三级表继承）,PDF第121页
moe-junior-2022,mark,mark,初中新增词汇,PDF第121页
moe-junior-2022,market,market,初中新增词汇,PDF第121页
moe-junior-2022,marry,marry,初中新增词汇,PDF第121页
moe-junior-2022,master,master,初中新增词汇,PDF第121页
moe-junior-2022,match,match,初中新增词汇,PDF第121页
moe-junior-2022,material,material,初中新增词汇,PDF第121页
moe-junior-2022,maths,math,小学二级词汇（三级表继承）,PDF第121页
moe-junior-2022,maths,mathematics,小学二级词汇（三级表继承）,PDF第121页
moe-junior-2022,maths,maths,小学二级词汇（三级表继承）,PDF第121页
moe-junior-2022,matter,matter,初中新增词汇,PDF第121页
moe-junior-2022,may,may,小学二级词汇（三级表继承）,PDF第121页
moe-junior-2022,maybe,maybe,初中新增词汇,PDF第121页
moe-junior-2022,me,me,小学二级词汇（三级表继承）,PDF第121页
moe-junior-2022,meal,meal,初中新增词汇,PDF第121页
moe-junior-2022,mean,mean,初中新增词汇,PDF第121页
moe-junior-2022,meaning,meaning,初中新增词汇,PDF第121页
moe-junior-2022,meat,meat,小学二级词汇（三级表继承）,PDF第121页
moe-junior-2022,medal,medal,初中新增词汇,PDF第121页
moe-junior-2022,medium,media,初中新增词汇,PDF第121页
moe-junior-2022,medical,medical,初中新增词汇,PDF第121页
moe-junior-2022,medicine,medicine,初中新增词汇,PDF第121页
moe-junior-2022,medium,medium,初中新增词汇,PDF第121页
moe-junior-2022,meet,meet,小学二级词汇（三级表继承）,PDF第121页
moe-junior-2022,meeting,meeting,初中新增词汇,PDF第121页
moe-junior-2022,member,member,初中新增词汇,PDF第121页
moe-junior-2022,man,men,小学二级词汇（三级表继承）,PDF第120页
moe-junior-2022,mention,mention,初中新增词汇,PDF第121页
moe-junior-2022,menu,menu,初中新增词汇,PDF第121页
moe-junior-2022,mess,mess,初中新增词汇,PDF第121页
moe-junior-2022,message,message,初中新增词汇,PDF第121页
moe-junior-2022,metre,meter,初中新增词汇,PDF第121页
moe-junior-2022,method,method,初中新增词汇,PDF第121页
moe-junior-2022,metre,metre,初中新增词汇,PDF第121页
moe-junior-2022,mouse,mice,小学二级词汇（三级表继承）,PDF第122页
moe-junior-2022,middle,middle,小学二级词汇（三级表继承）,PDF第121页
moe-junior-2022,might,might,初中新增词汇,PDF第121页
moe-junior-2022,mile,mile,初中新增词汇,PDF第121页
moe-junior-2022,milk,milk,小学二级词汇（三级表继承）,PDF第121页
moe-junior-2022,mind,mind,初中新增词汇,PDF第121页
moe-junior-2022,mine,mine,初中新增词汇,PDF第121页
moe-junior-2022,minute,minute,小学二级词汇（三级表继承）,PDF第121页
moe-junior-2022,mirror,mirror,初中新增词汇,PDF第121页
moe-junior-2022,miss,miss,初中新增词汇 · 小学二级词汇（三级表继承）,PDF第121页
moe-junior-2022,mistake,mistake,初中新增词汇,PDF第121页
moe-junior-2022,mix,mix,初中新增词汇,PDF第121页
moe-junior-2022,mobile,mobile,初中新增词汇,PDF第121页
moe-junior-2022,model,model,初中新增词汇,PDF第121页
moe-junior-2022,modern,modern,初中新增词汇,PDF第121页
moe-junior-2022,mother,mom,小学二级词汇（三级表继承）,PDF第121页
moe-junior-2022,moment,moment,初中新增词汇,PDF第121页
moe-junior-2022,money,money,小学二级词汇（三级表继承）,PDF第121页
moe-junior-2022,monkey,monkey,小学二级词汇（三级表继承）,PDF第121页
moe-junior-2022,month,month,小学二级词汇（三级表继承）,PDF第121页
moe-junior-2022,moon,moon,小学二级词汇（三级表继承）,PDF第121页
moe-junior-2022,more,more,初中新增词汇,PDF第121页
moe-junior-2022,morning,morning,小学二级词汇（三级表继承）,PDF第121页
moe-junior-2022,most,most,初中新增词汇,PDF第121页
moe-junior-2022,mother,mother,小学二级词汇（三级表继承）,PDF第121页
moe-junior-2022,mountain,mountain,初中新增词汇,PDF第122页
moe-junior-2022,mouse,mouse,小学二级词汇（三级表继承）,PDF第122页
moe-junior-2022,mouth,mouth,小学二级词汇（三级表继承）,PDF第122页
moe-junior-2022,move,move,小学二级词汇（三级表继承）,PDF第122页
moe-junior-2022,movie,movie,初中新增词汇,PDF第122页
moe-junior-2022,mr,mr,小学二级词汇（三级表继承）,PDF第122页
moe-junior-2022,mr,mr.,小学二级词汇（三级表继承）,PDF第122页
moe-junior-2022,mrs,mrs,小学二级词汇（三级表继承）,PDF第122页
moe-junior-2022,mrs,mrs.,小学二级词汇（三级表继承）,PDF第122页
moe-junior-2022,ms,ms,小学二级词汇（三级表继承）,PDF第122页
moe-junior-2022,ms,ms.,小学二级词汇（三级表继承）,PDF第122页
moe-junior-2022,much,much,小学二级词汇（三级表继承）,PDF第122页
moe-junior-2022,mother,mum,小学二级词汇（三级表继承）,PDF第121页
moe-junior-2022,museum,museum,初中新增词汇,PDF第122页
moe-junior-2022,music,music,小学二级词汇（三级表继承）,PDF第122页
moe-junior-2022,must,must,小学二级词汇（三级表继承）,PDF第122页
moe-junior-2022,mutton,mutton,初中新增词汇,PDF第122页
moe-junior-2022,my,my,小学二级词汇（三级表继承）,PDF第122页
moe-junior-2022,myself,myself,初中新增词汇,PDF第122页
moe-junior-2022,name,name,小学二级词汇（三级表继承）,PDF第122页
moe-junior-2022,narrow,narrow,初中新增词汇,PDF第122页
moe-junior-2022,nation,nation,初中新增词汇,PDF第122页
moe-junior-2022,nature,nature,初中新增词汇,PDF第122页
moe-junior-2022,near,near,小学二级词汇（三级表继承）,PDF第122页
moe-junior-2022,nearly,nearly,初中新增词汇,PDF第122页
moe-junior-2022,necessary,necessary,初中新增词汇,PDF第122页
moe-junior-2022,neck,neck,初中新增词汇,PDF第122页
moe-junior-2022,need,need,初中新增词汇,PDF第122页
moe-junior-2022,negative,negative,初中新增词汇,PDF第122页
moe-junior-2022,neighbour,neighbor,初中新增词汇,PDF第122页
moe-junior-2022,neighbour,neighbour,初中新增词汇,PDF第122页
moe-junior-2022,neither,neither,初中新增词汇,PDF第122页
moe-junior-2022,nervous,nervous,初中新增词汇,PDF第122页
moe-junior-2022,never,never,小学二级词汇（三级表继承）,PDF第122页
moe-junior-2022,new,new,小学二级词汇（三级表继承）,PDF第122页
moe-junior-2022,news,news,初中新增词汇,PDF第122页
moe-junior-2022,newspaper,newspaper,初中新增词汇,PDF第122页
moe-junior-2022,next,next,小学二级词汇（三级表继承）,PDF第122页
moe-junior-2022,nice,nice,小学二级词汇（三级表继承）,PDF第122页
moe-junior-2022,night,night,小学二级词汇（三级表继承）,PDF第122页
moe-junior-2022,no,no,小学二级词汇（三级表继承）,PDF第122页
moe-junior-2022,nobody,nobody,初中新增词汇,PDF第122页
moe-junior-2022,nod,nod,初中新增词汇,PDF第122页
moe-junior-2022,noise,noise,初中新增词汇,PDF第122页
moe-junior-2022,none,none,初中新增词汇,PDF第122页
moe-junior-2022,noodle,noodle,小学二级词汇（三级表继承）,PDF第122页
moe-junior-2022,noon,noon,初中新增词汇,PDF第122页
moe-junior-2022,nor,nor,初中新增词汇,PDF第122页
moe-junior-2022,normal,normal,初中新增词汇,PDF第122页
moe-junior-2022,north,north,初中新增词汇,PDF第122页
moe-junior-2022,nose,nose,小学二级词汇（三级表继承）,PDF第122页
moe-junior-2022,not,not,小学二级词汇（三级表继承）,PDF第122页
moe-junior-2022,note,note,初中新增词汇,PDF第122页
moe-junior-2022,notebook,notebook,初中新增词汇,PDF第122页
moe-junior-2022,nothing,nothing,初中新增词汇,PDF第122页
moe-junior-2022,notice,notice,初中新增词汇,PDF第122页
moe-junior-2022,novel,novel,初中新增词汇,PDF第122页
moe-junior-2022,now,now,小学二级词汇（三级表继承）,PDF第122页
moe-junior-2022,number,number,初中新增词汇,PDF第122页
moe-junior-2022,nurse,nurse,小学二级词汇（三级表继承）,PDF第123页
moe-junior-2022,o'clock,o'clock,小学二级词汇（三级表继承）,PDF第123页
moe-junior-2022,object,object,初中新增词汇,PDF第123页
moe-junior-2022,ocean,ocean,初中新增词汇,PDF第123页
moe-junior-2022,of,of,小学二级词汇（三级表继承）,PDF第123页
moe-junior-2022,off,off,小学二级词汇（三级表继承）,PDF第123页
moe-junior-2022,offer,offer,初中新增词汇,PDF第123页
moe-junior-2022,office,office,初中新增词汇,PDF第123页
moe-junior-2022,officer,officer,初中新增词汇,PDF第123页
moe-junior-2022,often,often,小学二级词汇（三级表继承）,PDF第123页
moe-junior-2022,oil,oil,初中新增词汇,PDF第123页
moe-junior-2022,ok,ok,小学二级词汇（三级表继承）,PDF第123页
moe-junior-2022,old,old,小学二级词汇（三级表继承）,PDF第123页
moe-junior-2022,olympic,olympic,初中新增词汇,PDF第123页
moe-junior-2022,on,on,小学二级词汇（三级表继承）,PDF第123页
moe-junior-2022,once,once,初中新增词汇,PDF第123页
moe-junior-2022,onion,onion,初中新增词汇,PDF第123页
moe-junior-2022,online,online,初中新增词汇,PDF第123页
moe-junior-2022,only,only,初中新增词汇,PDF第123页
moe-junior-2022,open,open,小学二级词汇（三级表继承）,PDF第123页
moe-junior-2022,opera,opera,初中新增词汇,PDF第123页
moe-junior-2022,operate,operate,初中新增词汇,PDF第123页
moe-junior-2022,opinion,opinion,初中新增词汇,PDF第123页
moe-junior-2022,opposite,opposite,初中新增词汇,PDF第123页
moe-junior-2022,or,or,小学二级词汇（三级表继承）,PDF第123页
moe-junior-2022,orange,orange,小学二级词汇（三级表继承）,PDF第123页
moe-junior-2022,order,order,初中新增词汇,PDF第123页
moe-junior-2022,organise,organise,初中新增词汇,PDF第123页
moe-junior-2022,organise,organize,初中新增词汇,PDF第123页
moe-junior-2022,other,other,初中新增词汇,PDF第123页
moe-junior-2022,our,our,小学二级词汇（三级表继承）,PDF第123页
moe-junior-2022,ours,ours,初中新增词汇,PDF第123页
moe-junior-2022,ourselves,ourselves,初中新增词汇,PDF第123页
moe-junior-2022,out,out,小学二级词汇（三级表继承）,PDF第123页
moe-junior-2022,outside,outside,初中新增词汇,PDF第123页
moe-junior-2022,oven,oven,初中新增词汇,PDF第123页
moe-junior-2022,over,over,小学二级词汇（三级表继承）,PDF第123页
moe-junior-2022,own,own,初中新增词汇,PDF第123页
moe-junior-2022,p.m.,p.m.,初中新增词汇,PDF第124页
moe-junior-2022,pack,pack,初中新增词汇,PDF第123页
moe-junior-2022,packet,packet,初中新增词汇,PDF第123页
moe-junior-2022,page,page,初中新增词汇,PDF第123页
moe-junior-2022,pain,pain,初中新增词汇,PDF第123页
moe-junior-2022,paint,paint,初中新增词汇,PDF第123页
moe-junior-2022,pair,pair,小学二级词汇（三级表继承）,PDF第123页
moe-junior-2022,palace,palace,初中新增词汇,PDF第123页
moe-junior-2022,pale,pale,初中新增词汇,PDF第123页
moe-junior-2022,pancake,pancake,初中新增词汇,PDF第123页
moe-junior-2022,panda,panda,小学二级词汇（三级表继承）,PDF第123页
moe-junior-2022,paper,paper,小学二级词汇（三级表继承）,PDF第123页
moe-junior-2022,paragraph,paragraph,初中新增词汇,PDF第123页
moe-junior-2022,pardon,pardon,初中新增词汇,PDF第123页
moe-junior-2022,parent,parent,小学二级词汇（三级表继承）,PDF第123页
moe-junior-2022,park,park,小学二级词汇（三级表继承）,PDF第123页
moe-junior-2022,part,part,初中新增词汇,PDF第124页
moe-junior-2022,partner,partner,初中新增词汇,PDF第124页
moe-junior-2022,party,party,小学二级词汇（三级表继承）,PDF第124页
moe-junior-2022,pass,pass,初中新增词汇,PDF第124页
moe-junior-2022,passage,passage,初中新增词汇,PDF第124页
moe-junior-2022,passenger,passenger,初中新增词汇,PDF第124页
moe-junior-2022,passport,passport,初中新增词汇,PDF第124页
moe-junior-2022,past,past,初中新增词汇,PDF第124页
moe-junior-2022,patient,patient,初中新增词汇,PDF第124页
moe-junior-2022,pay,pay,初中新增词汇,PDF第124页
moe-junior-2022,pe,pe,小学二级词汇（三级表继承）,PDF第124页
moe-junior-2022,peace,peace,初中新增词汇,PDF第124页
moe-junior-2022,pear,pear,初中新增词汇,PDF第124页
moe-junior-2022,pen,pen,小学二级词汇（三级表继承）,PDF第124页
moe-junior-2022,pencil,pencil,小学二级词汇（三级表继承）,PDF第124页
moe-junior-2022,penguin,penguin,初中新增词汇,PDF第124页
moe-junior-2022,people,people,小学二级词汇（三级表继承）,PDF第124页
moe-junior-2022,pepper,pepper,初中新增词汇,PDF第124页
moe-junior-2022,per cent,per cent,初中新增词汇,PDF第124页
moe-junior-2022,per cent,per-cent,初中新增词汇,PDF第124页
moe-junior-2022,per cent,percent,初中新增词汇,PDF第124页
moe-junior-2022,perfect,perfect,初中新增词汇,PDF第124页
moe-junior-2022,perform,perform,初中新增词汇,PDF第124页
moe-junior-2022,perhaps,perhaps,初中新增词汇,PDF第124页
moe-junior-2022,period,period,初中新增词汇,PDF第124页
moe-junior-2022,person,person,初中新增词汇,PDF第124页
moe-junior-2022,personal,personal,初中新增词汇,PDF第124页
moe-junior-2022,pet,pet,小学二级词汇（三级表继承）,PDF第124页
moe-junior-2022,phone,phone,小学二级词汇（三级表继承）,PDF第124页
moe-junior-2022,photo,photo,小学二级词汇（三级表继承）,PDF第124页
moe-junior-2022,photo,photograph,小学二级词汇（三级表继承）,PDF第124页
moe-junior-2022,pe,physical education,小学二级词汇（三级表继承）,PDF第124页
moe-junior-2022,pe,physical-education,小学二级词汇（三级表继承）,PDF第124页
moe-junior-2022,physics,physics,初中新增词汇,PDF第124页
moe-junior-2022,piano,piano,小学二级词汇（三级表继承）,PDF第124页
moe-junior-2022,pick,pick,初中新增词汇,PDF第124页
moe-junior-2022,picnic,picnic,初中新增词汇,PDF第124页
moe-junior-2022,picture,picture,小学二级词汇（三级表继承）,PDF第124页
moe-junior-2022,pie,pie,初中新增词汇,PDF第124页
moe-junior-2022,piece,piece,初中新增词汇,PDF第124页
moe-junior-2022,pig,pig,小学二级词汇（三级表继承）,PDF第124页
moe-junior-2022,pill,pill,初中新增词汇,PDF第124页
moe-junior-2022,pilot,pilot,初中新增词汇,PDF第124页
moe-junior-2022,ping-pong,ping pong,小学二级词汇（三级表继承）,PDF第124页
moe-junior-2022,ping-pong,ping-pong,小学二级词汇（三级表继承）,PDF第124页
moe-junior-2022,pink,pink,小学二级词汇（三级表继承）,PDF第124页
moe-junior-2022,pioneer,pioneer,初中新增词汇,PDF第124页
moe-junior-2022,pity,pity,初中新增词汇,PDF第124页
moe-junior-2022,pizza,pizza,初中新增词汇,PDF第124页
moe-junior-2022,place,place,小学二级词汇（三级表继承）,PDF第124页
moe-junior-2022,plan,plan,初中新增词汇,PDF第124页
moe-junior-2022,plane,plane,小学二级词汇（三级表继承）,PDF第124页
moe-junior-2022,planet,planet,初中新增词汇,PDF第124页
moe-junior-2022,plant,plant,小学二级词汇（三级表继承）,PDF第124页
moe-junior-2022,plastic,plastic,初中新增词汇,PDF第124页
moe-junior-2022,plate,plate,初中新增词汇,PDF第124页
moe-junior-2022,play,play,小学二级词汇（三级表继承）,PDF第124页
moe-junior-2022,playground,playground,小学二级词汇（三级表继承）,PDF第124页
moe-junior-2022,please,please,小学二级词汇（三级表继承）,PDF第124页
moe-junior-2022,pleasure,pleasure,初中新增词汇,PDF第124页
moe-junior-2022,plenty,plenty,初中新增词汇,PDF第124页
moe-junior-2022,pocket,pocket,初中新增词汇,PDF第125页
moe-junior-2022,poem,poem,初中新增词汇,PDF第125页
moe-junior-2022,poet,poet,初中新增词汇,PDF第125页
moe-junior-2022,point,point,初中新增词汇,PDF第125页
moe-junior-2022,police,police,小学二级词汇（三级表继承）,PDF第125页
moe-junior-2022,policeman,policeman,初中新增词汇,PDF第125页
moe-junior-2022,policeman,policemen,初中新增词汇,PDF第125页
moe-junior-2022,policeman,policewoman,初中新增词汇,PDF第125页
moe-junior-2022,policeman,policewomen,初中新增词汇,PDF第125页
moe-junior-2022,polite,polite,初中新增词汇,PDF第125页
moe-junior-2022,pollute,pollute,初中新增词汇,PDF第125页
moe-junior-2022,pool,pool,初中新增词汇,PDF第125页
moe-junior-2022,poor,poor,初中新增词汇,PDF第125页
moe-junior-2022,popular,popular,初中新增词汇,PDF第125页
moe-junior-2022,population,population,初中新增词汇,PDF第125页
moe-junior-2022,pork,pork,初中新增词汇,PDF第125页
moe-junior-2022,porridge,porridge,初中新增词汇,PDF第125页
moe-junior-2022,position,position,初中新增词汇,PDF第125页
moe-junior-2022,positive,positive,初中新增词汇,PDF第125页
moe-junior-2022,possible,possible,初中新增词汇,PDF第125页
moe-junior-2022,post,post,初中新增词汇,PDF第125页
moe-junior-2022,postcard,postcard,初中新增词汇,PDF第125页
moe-junior-2022,postman,postman,初中新增词汇,PDF第125页
moe-junior-2022,postman,postmen,初中新增词汇,PDF第125页
moe-junior-2022,pot,pot,初中新增词汇,PDF第125页
moe-junior-2022,potato,potato,小学二级词汇（三级表继承）,PDF第125页
moe-junior-2022,pound,pound,初中新增词汇,PDF第125页
moe-junior-2022,pour,pour,初中新增词汇,PDF第125页
moe-junior-2022,power,power,初中新增词汇,PDF第125页
moe-junior-2022,practice,practice,初中新增词汇,PDF第125页
moe-junior-2022,praise,praise,初中新增词汇,PDF第125页
moe-junior-2022,prefer,prefer,初中新增词汇,PDF第125页
moe-junior-2022,prepare,prepare,初中新增词汇,PDF第125页
moe-junior-2022,present,present,初中新增词汇,PDF第125页
moe-junior-2022,president,president,初中新增词汇,PDF第125页
moe-junior-2022,press,press,初中新增词汇,PDF第125页
moe-junior-2022,pressure,pressure,初中新增词汇,PDF第125页
moe-junior-2022,pretty,pretty,初中新增词汇,PDF第125页
moe-junior-2022,price,price,初中新增词汇,PDF第125页
moe-junior-2022,pride,pride,初中新增词汇,PDF第125页
moe-junior-2022,primary,primary,初中新增词汇,PDF第125页
moe-junior-2022,prince,prince,初中新增词汇,PDF第125页
moe-junior-2022,prince,princess,初中新增词汇,PDF第125页
moe-junior-2022,print,print,初中新增词汇,PDF第125页
moe-junior-2022,private,private,初中新增词汇,PDF第125页
moe-junior-2022,prize,prize,初中新增词汇,PDF第125页
moe-junior-2022,probably,probably,初中新增词汇,PDF第125页
moe-junior-2022,problem,problem,初中新增词汇,PDF第125页
moe-junior-2022,produce,produce,初中新增词汇,PDF第125页
moe-junior-2022,product,product,初中新增词汇,PDF第125页
moe-junior-2022,programme,program,初中新增词汇,PDF第125页
moe-junior-2022,programme,programme,初中新增词汇,PDF第125页
moe-junior-2022,progress,progress,初中新增词汇,PDF第125页
moe-junior-2022,project,project,初中新增词汇,PDF第125页
moe-junior-2022,promise,promise,初中新增词汇,PDF第125页
moe-junior-2022,pronounce,pronounce,初中新增词汇,PDF第125页
moe-junior-2022,proper,proper,初中新增词汇,PDF第125页
moe-junior-2022,protect,protect,初中新增词汇,PDF第125页
moe-junior-2022,proud,proud,初中新增词汇,PDF第125页
moe-junior-2022,prove,prove,初中新增词汇,PDF第125页
moe-junior-2022,provide,provide,初中新增词汇,PDF第125页
moe-junior-2022,public,public,初中新增词汇,PDF第126页
moe-junior-2022,publish,publish,初中新增词汇,PDF第126页
moe-junior-2022,pull,pull,初中新增词汇,PDF第126页
moe-junior-2022,punish,punish,初中新增词汇,PDF第126页
moe-junior-2022,purple,purple,初中新增词汇,PDF第126页
moe-junior-2022,purpose,purpose,初中新增词汇,PDF第126页
moe-junior-2022,push,push,初中新增词汇,PDF第126页
moe-junior-2022,put,put,小学二级词汇（三级表继承）,PDF第126页
moe-junior-2022,quality,quality,初中新增词汇,PDF第126页
moe-junior-2022,quarter,quarter,初中新增词汇,PDF第126页
moe-junior-2022,queen,queen,初中新增词汇,PDF第126页
moe-junior-2022,question,question,小学二级词汇（三级表继承）,PDF第126页
moe-junior-2022,quick,quick,初中新增词汇,PDF第126页
moe-junior-2022,quiet,quiet,小学二级词汇（三级表继承）,PDF第126页
moe-junior-2022,quite,quite,初中新增词汇,PDF第126页
moe-junior-2022,rabbit,rabbit,小学二级词汇（三级表继承）,PDF第126页
moe-junior-2022,race,race,初中新增词汇,PDF第126页
moe-junior-2022,radio,radio,初中新增词汇,PDF第126页
moe-junior-2022,railway,railway,初中新增词汇,PDF第126页
moe-junior-2022,rain,rain,小学二级词汇（三级表继承）,PDF第126页
moe-junior-2022,rainbow,rainbow,初中新增词汇,PDF第126页
moe-junior-2022,raise,raise,初中新增词汇,PDF第126页
moe-junior-2022,rapid,rapid,初中新增词汇,PDF第126页
moe-junior-2022,rather,rather,初中新增词汇,PDF第126页
moe-junior-2022,reach,reach,初中新增词汇,PDF第126页
moe-junior-2022,read,read,小学二级词汇（三级表继承）,PDF第126页
moe-junior-2022,ready,ready,初中新增词汇,PDF第126页
moe-junior-2022,real,real,初中新增词汇,PDF第126页
moe-junior-2022,realise,realise,初中新增词汇,PDF第126页
moe-junior-2022,realise,realize,初中新增词汇,PDF第126页
moe-junior-2022,really,really,初中新增词汇,PDF第126页
moe-junior-2022,reason,reason,初中新增词汇,PDF第126页
moe-junior-2022,receive,receive,初中新增词汇,PDF第126页
moe-junior-2022,recent,recent,初中新增词汇,PDF第126页
moe-junior-2022,recognise,recognise,初中新增词汇,PDF第126页
moe-junior-2022,recognise,recognize,初中新增词汇,PDF第126页
moe-junior-2022,recommend,recommend,初中新增词汇,PDF第126页
moe-junior-2022,record,record,初中新增词汇,PDF第126页
moe-junior-2022,recycle,recycle,初中新增词汇,PDF第126页
moe-junior-2022,red,red,小学二级词汇（三级表继承）,PDF第126页
moe-junior-2022,reduce,reduce,初中新增词汇,PDF第126页
moe-junior-2022,fridge,refrigerator,初中新增词汇,PDF第115页
moe-junior-2022,refuse,refuse,初中新增词汇,PDF第126页
moe-junior-2022,regret,regret,初中新增词汇,PDF第126页
moe-junior-2022,relationship,relationship,初中新增词汇,PDF第126页
moe-junior-2022,relative,relative,初中新增词汇,PDF第126页
moe-junior-2022,relax,relax,初中新增词汇,PDF第126页
moe-junior-2022,remain,remain,初中新增词汇,PDF第126页
moe-junior-2022,remember,remember,初中新增词汇,PDF第126页
moe-junior-2022,remind,remind,初中新增词汇,PDF第126页
moe-junior-2022,repair,repair,初中新增词汇,PDF第126页
moe-junior-2022,repeat,repeat,初中新增词汇,PDF第126页
moe-junior-2022,reply,reply,初中新增词汇,PDF第126页
moe-junior-2022,report,report,初中新增词汇,PDF第126页
moe-junior-2022,require,require,初中新增词汇,PDF第126页
moe-junior-2022,research,research,初中新增词汇,PDF第127页
moe-junior-2022,respect,respect,初中新增词汇,PDF第127页
moe-junior-2022,responsible,responsible,初中新增词汇,PDF第127页
moe-junior-2022,rest,rest,初中新增词汇,PDF第127页
moe-junior-2022,restaurant,restaurant,初中新增词汇,PDF第127页
moe-junior-2022,result,result,初中新增词汇,PDF第127页
moe-junior-2022,return,return,初中新增词汇,PDF第127页
moe-junior-2022,review,review,初中新增词汇,PDF第127页
moe-junior-2022,rice,rice,小学二级词汇（三级表继承）,PDF第127页
moe-junior-2022,rich,rich,初中新增词汇,PDF第127页
moe-junior-2022,ride,ride,初中新增词汇,PDF第127页
moe-junior-2022,right,right,小学二级词汇（三级表继承）,PDF第127页
moe-junior-2022,ring,ring,初中新增词汇,PDF第127页
moe-junior-2022,rise,rise,初中新增词汇,PDF第127页
moe-junior-2022,risk,risk,初中新增词汇,PDF第127页
moe-junior-2022,river,river,小学二级词汇（三级表继承）,PDF第127页
moe-junior-2022,road,road,初中新增词汇,PDF第127页
moe-junior-2022,robot,robot,小学二级词汇（三级表继承）,PDF第127页
moe-junior-2022,rock,rock,初中新增词汇,PDF第127页
moe-junior-2022,rocket,rocket,初中新增词汇,PDF第127页
moe-junior-2022,role,role,初中新增词汇,PDF第127页
moe-junior-2022,room,room,小学二级词汇（三级表继承）,PDF第127页
moe-junior-2022,rope,rope,初中新增词汇,PDF第127页
moe-junior-2022,rose,rose,初中新增词汇,PDF第127页
moe-junior-2022,round,round,初中新增词汇,PDF第127页
moe-junior-2022,row,row,初中新增词汇,PDF第127页
moe-junior-2022,rubbish,rubbish,初中新增词汇,PDF第127页
moe-junior-2022,rule,rule,初中新增词汇,PDF第127页
moe-junior-2022,ruler,ruler,小学二级词汇（三级表继承）,PDF第127页
moe-junior-2022,run,run,小学二级词汇（三级表继承）,PDF第127页
moe-junior-2022,rush,rush,初中新增词汇,PDF第127页
moe-junior-2022,sad,sad,小学二级词汇（三级表继承）,PDF第127页
moe-junior-2022,safe,safe,小学二级词汇（三级表继承）,PDF第127页
moe-junior-2022,safety,safety,初中新增词汇,PDF第127页
moe-junior-2022,salad,salad,初中新增词汇,PDF第127页
moe-junior-2022,sale,sale,初中新增词汇,PDF第127页
moe-junior-2022,salt,salt,初中新增词汇,PDF第127页
moe-junior-2022,same,same,初中新增词汇,PDF第127页
moe-junior-2022,sand,sand,初中新增词汇,PDF第127页
moe-junior-2022,sandwich,sandwich,初中新增词汇,PDF第127页
moe-junior-2022,satisfy,satisfy,初中新增词汇,PDF第127页
moe-junior-2022,save,save,初中新增词汇,PDF第127页
moe-junior-2022,say,say,小学二级词汇（三级表继承）,PDF第127页
moe-junior-2022,scare,scare,初中新增词汇,PDF第127页
moe-junior-2022,scarf,scarf,初中新增词汇,PDF第127页
moe-junior-2022,school,school,小学二级词汇（三级表继承）,PDF第127页
moe-junior-2022,schoolbag,schoolbag,小学二级词汇（三级表继承）,PDF第127页
moe-junior-2022,science,science,小学二级词汇（三级表继承）,PDF第127页
moe-junior-2022,scientist,scientist,初中新增词汇,PDF第127页
moe-junior-2022,scissors,scissors,初中新增词汇,PDF第127页
moe-junior-2022,score,score,初中新增词汇,PDF第127页
moe-junior-2022,screen,screen,初中新增词汇,PDF第127页
moe-junior-2022,sea,sea,小学二级词汇（三级表继承）,PDF第127页
moe-junior-2022,search,search,初中新增词汇,PDF第127页
moe-junior-2022,season,season,小学二级词汇（三级表继承）,PDF第128页
moe-junior-2022,seat,seat,初中新增词汇,PDF第128页
moe-junior-2022,secret,secret,初中新增词汇,PDF第128页
moe-junior-2022,see,see,小学二级词汇（三级表继承）,PDF第128页
moe-junior-2022,seem,seem,初中新增词汇,PDF第128页
moe-junior-2022,seldom,seldom,初中新增词汇,PDF第128页
moe-junior-2022,sell,sell,小学二级词汇（三级表继承）,PDF第128页
moe-junior-2022,send,send,初中新增词汇,PDF第128页
moe-junior-2022,sense,sense,初中新增词汇,PDF第128页
moe-junior-2022,sentence,sentence,初中新增词汇,PDF第128页
moe-junior-2022,separate,separate,初中新增词汇,PDF第128页
moe-junior-2022,serious,serious,初中新增词汇,PDF第128页
moe-junior-2022,serve,serve,初中新增词汇,PDF第128页
moe-junior-2022,service,service,初中新增词汇,PDF第128页
moe-junior-2022,set,set,初中新增词汇,PDF第128页
moe-junior-2022,several,several,初中新增词汇,PDF第128页
moe-junior-2022,shake,shake,初中新增词汇,PDF第128页
moe-junior-2022,shall,shall,初中新增词汇,PDF第128页
moe-junior-2022,shame,shame,初中新增词汇,PDF第128页
moe-junior-2022,shape,shape,初中新增词汇,PDF第128页
moe-junior-2022,share,share,小学二级词汇（三级表继承）,PDF第128页
moe-junior-2022,shark,shark,初中新增词汇,PDF第128页
moe-junior-2022,she,she,小学二级词汇（三级表继承）,PDF第128页
moe-junior-2022,sheep,sheep,小学二级词汇（三级表继承）,PDF第128页
moe-junior-2022,shelf,shelf,初中新增词汇,PDF第128页
moe-junior-2022,shelf,shelves,初中新增词汇,PDF第128页
moe-junior-2022,shine,shine,初中新增词汇,PDF第128页
moe-junior-2022,ship,ship,小学二级词汇（三级表继承）,PDF第128页
moe-junior-2022,shirt,shirt,小学二级词汇（三级表继承）,PDF第128页
moe-junior-2022,shock,shock,初中新增词汇,PDF第128页
moe-junior-2022,shoe,shoe,小学二级词汇（三级表继承）,PDF第128页
moe-junior-2022,shoot,shoot,初中新增词汇,PDF第128页
moe-junior-2022,shop,shop,小学二级词汇（三级表继承）,PDF第128页
moe-junior-2022,short,short,小学二级词汇（三级表继承）,PDF第128页
moe-junior-2022,shorts,shorts,小学二级词汇（三级表继承）,PDF第128页
moe-junior-2022,should,should,小学二级词汇（三级表继承）,PDF第128页
moe-junior-2022,shoulder,shoulder,初中新增词汇,PDF第128页
moe-junior-2022,shout,shout,初中新增词汇,PDF第128页
moe-junior-2022,show,show,小学二级词汇（三级表继承）,PDF第128页
moe-junior-2022,shower,shower,初中新增词汇,PDF第128页
moe-junior-2022,shut,shut,初中新增词汇,PDF第128页
moe-junior-2022,shy,shy,初中新增词汇,PDF第128页
moe-junior-2022,sick,sick,初中新增词汇,PDF第128页
moe-junior-2022,side,side,初中新增词汇,PDF第128页
moe-junior-2022,sign,sign,初中新增词汇,PDF第128页
moe-junior-2022,silent,silent,初中新增词汇,PDF第128页
moe-junior-2022,silk,silk,初中新增词汇,PDF第128页
moe-junior-2022,silly,silly,初中新增词汇,PDF第128页
moe-junior-2022,silver,silver,初中新增词汇,PDF第128页
moe-junior-2022,similar,similar,初中新增词汇,PDF第128页
moe-junior-2022,simple,simple,初中新增词汇,PDF第128页
moe-junior-2022,since,since,初中新增词汇,PDF第128页
moe-junior-2022,sing,sing,小学二级词汇（三级表继承）,PDF第128页
moe-junior-2022,single,single,初中新增词汇,PDF第128页
moe-junior-2022,sir,sir,初中新增词汇,PDF第128页
moe-junior-2022,sister,sister,小学二级词汇（三级表继承）,PDF第128页
moe-junior-2022,sit,sit,小学二级词汇（三级表继承）,PDF第128页
moe-junior-2022,situation,situation,初中新增词汇,PDF第129页
moe-junior-2022,size,size,初中新增词汇,PDF第129页
moe-junior-2022,skate,skate,初中新增词汇,PDF第129页
moe-junior-2022,ski,ski,初中新增词汇,PDF第129页
moe-junior-2022,skill,skill,初中新增词汇,PDF第129页
moe-junior-2022,skirt,skirt,小学二级词汇（三级表继承）,PDF第129页
moe-junior-2022,sky,sky,初中新增词汇,PDF第129页
moe-junior-2022,sleep,sleep,小学二级词汇（三级表继承）,PDF第129页
moe-junior-2022,slim,slim,初中新增词汇,PDF第129页
moe-junior-2022,slow,slow,小学二级词汇（三级表继承）,PDF第129页
moe-junior-2022,small,small,小学二级词汇（三级表继承）,PDF第129页
moe-junior-2022,smart,smart,初中新增词汇,PDF第129页
moe-junior-2022,smell,smell,初中新增词汇,PDF第129页
moe-junior-2022,smile,smile,初中新增词汇,PDF第129页
moe-junior-2022,smoke,smoke,初中新增词汇,PDF第129页
moe-junior-2022,smooth,smooth,初中新增词汇,PDF第129页
moe-junior-2022,snack,snack,初中新增词汇,PDF第129页
moe-junior-2022,snake,snake,初中新增词汇,PDF第129页
moe-junior-2022,snow,snow,小学二级词汇（三级表继承）,PDF第129页
moe-junior-2022,so,so,小学二级词汇（三级表继承）,PDF第129页
moe-junior-2022,social,social,初中新增词汇,PDF第129页
moe-junior-2022,socialism,socialism,初中新增词汇,PDF第129页
moe-junior-2022,society,society,初中新增词汇,PDF第129页
moe-junior-2022,sock,sock,小学二级词汇（三级表继承）,PDF第129页
moe-junior-2022,sofa,sofa,初中新增词汇,PDF第129页
moe-junior-2022,soft,soft,初中新增词汇,PDF第129页
moe-junior-2022,soil,soil,初中新增词汇,PDF第129页
moe-junior-2022,soldier,soldier,初中新增词汇,PDF第129页
moe-junior-2022,solve,solve,初中新增词汇,PDF第129页
moe-junior-2022,some,some,小学二级词汇（三级表继承）,PDF第129页
moe-junior-2022,somebody,somebody,初中新增词汇,PDF第129页
moe-junior-2022,somebody,someone,初中新增词汇,PDF第129页
moe-junior-2022,something,something,初中新增词汇,PDF第129页
moe-junior-2022,sometimes,sometimes,小学二级词汇（三级表继承）,PDF第129页
moe-junior-2022,somewhere,somewhere,初中新增词汇,PDF第129页
moe-junior-2022,son,son,初中新增词汇,PDF第129页
moe-junior-2022,song,song,小学二级词汇（三级表继承）,PDF第129页
moe-junior-2022,soon,soon,初中新增词汇,PDF第129页
moe-junior-2022,sore,sore,初中新增词汇,PDF第129页
moe-junior-2022,sorry,sorry,小学二级词汇（三级表继承）,PDF第129页
moe-junior-2022,sound,sound,初中新增词汇,PDF第129页
moe-junior-2022,soup,soup,小学二级词汇（三级表继承）,PDF第129页
moe-junior-2022,south,south,初中新增词汇,PDF第129页
moe-junior-2022,space,space,小学二级词汇（三级表继承）,PDF第129页
moe-junior-2022,spare,spare,初中新增词汇,PDF第129页
moe-junior-2022,speak,speak,小学二级词汇（三级表继承）,PDF第129页
moe-junior-2022,special,special,初中新增词汇,PDF第129页
moe-junior-2022,speech,speech,初中新增词汇,PDF第129页
moe-junior-2022,speed,speed,初中新增词汇,PDF第129页
moe-junior-2022,spell,spell,初中新增词汇,PDF第129页
moe-junior-2022,spend,spend,初中新增词汇,PDF第129页
moe-junior-2022,spirit,spirit,初中新增词汇,PDF第129页
moe-junior-2022,spoon,spoon,初中新增词汇,PDF第129页
moe-junior-2022,sport,sport,小学二级词汇（三级表继承）,PDF第129页
moe-junior-2022,spread,spread,初中新增词汇,PDF第129页
moe-junior-2022,spring,spring,小学二级词汇（三级表继承）,PDF第129页
moe-junior-2022,square,square,初中新增词汇,PDF第129页
moe-junior-2022,stage,stage,初中新增词汇,PDF第130页
moe-junior-2022,stamp,stamp,初中新增词汇,PDF第130页
moe-junior-2022,stand,stand,小学二级词汇（三级表继承）,PDF第130页
moe-junior-2022,standard,standard,初中新增词汇,PDF第130页
moe-junior-2022,star,star,小学二级词汇（三级表继承）,PDF第130页
moe-junior-2022,start,start,初中新增词汇,PDF第130页
moe-junior-2022,state,state,初中新增词汇,PDF第130页
moe-junior-2022,station,station,初中新增词汇,PDF第130页
moe-junior-2022,stay,stay,初中新增词汇,PDF第130页
moe-junior-2022,steal,steal,初中新增词汇,PDF第130页
moe-junior-2022,step,step,初中新增词汇,PDF第130页
moe-junior-2022,stick,stick,初中新增词汇,PDF第130页
moe-junior-2022,still,still,初中新增词汇,PDF第130页
moe-junior-2022,stomach,stomach,初中新增词汇,PDF第130页
moe-junior-2022,stone,stone,初中新增词汇,PDF第130页
moe-junior-2022,stop,stop,小学二级词汇（三级表继承）,PDF第130页
moe-junior-2022,store,store,初中新增词汇,PDF第130页
moe-junior-2022,storm,storm,初中新增词汇,PDF第130页
moe-junior-2022,story,story,小学二级词汇（三级表继承）,PDF第130页
moe-junior-2022,straight,straight,初中新增词汇,PDF第130页
moe-junior-2022,strange,strange,初中新增词汇,PDF第130页
moe-junior-2022,strawberry,strawberry,初中新增词汇,PDF第130页
moe-junior-2022,street,street,小学二级词汇（三级表继承）,PDF第130页
moe-junior-2022,stress,stress,初中新增词汇,PDF第130页
moe-junior-2022,strict,strict,初中新增词汇,PDF第130页
moe-junior-2022,strong,strong,小学二级词汇（三级表继承）,PDF第130页
moe-junior-2022,student,student,小学二级词汇（三级表继承）,PDF第130页
moe-junior-2022,study,study,小学二级词汇（三级表继承）,PDF第130页
moe-junior-2022,style,style,初中新增词汇,PDF第130页
moe-junior-2022,subject,subject,小学二级词汇（三级表继承）,PDF第130页
moe-junior-2022,succeed,succeed,初中新增词汇,PDF第130页
moe-junior-2022,success,success,初中新增词汇,PDF第130页
moe-junior-2022,such,such,初中新增词汇,PDF第130页
moe-junior-2022,sudden,sudden,初中新增词汇,PDF第130页
moe-junior-2022,suffer,suffer,初中新增词汇,PDF第130页
moe-junior-2022,sugar,sugar,初中新增词汇,PDF第130页
moe-junior-2022,suggest,suggest,初中新增词汇,PDF第130页
moe-junior-2022,suit,suit,初中新增词汇,PDF第130页
moe-junior-2022,summer,summer,小学二级词汇（三级表继承）,PDF第130页
moe-junior-2022,sun,sun,小学二级词汇（三级表继承）,PDF第130页
moe-junior-2022,sunny,sunny,小学二级词汇（三级表继承）,PDF第130页
moe-junior-2022,supermarket,supermarket,小学二级词汇（三级表继承）,PDF第130页
moe-junior-2022,support,support,初中新增词汇,PDF第130页
moe-junior-2022,suppose,suppose,初中新增词汇,PDF第130页
moe-junior-2022,sure,sure,小学二级词汇（三级表继承）,PDF第130页
moe-junior-2022,surface,surface,初中新增词汇,PDF第130页
moe-junior-2022,surprise,surprise,初中新增词汇,PDF第130页
moe-junior-2022,survey,survey,初中新增词汇,PDF第130页
moe-junior-2022,survive,survive,初中新增词汇,PDF第130页
moe-junior-2022,sweater,sweater,小学二级词汇（三级表继承）,PDF第130页
moe-junior-2022,sweep,sweep,小学二级词汇（三级表继承）,PDF第130页
moe-junior-2022,sweet,sweet,初中新增词汇,PDF第130页
moe-junior-2022,swim,swim,小学二级词汇（三级表继承）,PDF第130页
moe-junior-2022,symbol,symbol,初中新增词汇,PDF第130页
moe-junior-2022,t-shirt,t shirt,初中新增词汇,PDF第132页
moe-junior-2022,t-shirt,t-shirt,初中新增词汇,PDF第132页
moe-junior-2022,table,table,小学二级词汇（三级表继承）,PDF第131页
moe-junior-2022,tail,tail,小学二级词汇（三级表继承）,PDF第131页
moe-junior-2022,take,take,小学二级词汇（三级表继承）,PDF第131页
moe-junior-2022,talent,talent,初中新增词汇,PDF第131页
moe-junior-2022,talk,talk,小学二级词汇（三级表继承）,PDF第131页
moe-junior-2022,tall,tall,小学二级词汇（三级表继承）,PDF第131页
moe-junior-2022,tap,tap,初中新增词汇,PDF第131页
moe-junior-2022,tape,tape,初中新增词汇,PDF第131页
moe-junior-2022,task,task,初中新增词汇,PDF第131页
moe-junior-2022,taste,taste,初中新增词汇,PDF第131页
moe-junior-2022,taxi,taxi,小学二级词汇（三级表继承）,PDF第131页
moe-junior-2022,tea,tea,小学二级词汇（三级表继承）,PDF第131页
moe-junior-2022,teach,teach,初中新增词汇,PDF第131页
moe-junior-2022,teacher,teacher,小学二级词汇（三级表继承）,PDF第131页
moe-junior-2022,team,team,初中新增词汇,PDF第131页
moe-junior-2022,teamwork,teamwork,初中新增词汇,PDF第131页
moe-junior-2022,technology,technology,初中新增词汇,PDF第131页
moe-junior-2022,teenage,teenage,初中新增词汇,PDF第131页
moe-junior-2022,tooth,teeth,初中新增词汇,PDF第132页
moe-junior-2022,tv,television,小学二级词汇（三级表继承）,PDF第132页
moe-junior-2022,tell,tell,小学二级词汇（三级表继承）,PDF第131页
moe-junior-2022,temperature,temperature,初中新增词汇,PDF第131页
moe-junior-2022,tennis,tennis,初中新增词汇,PDF第131页
moe-junior-2022,tent,tent,初中新增词汇,PDF第131页
moe-junior-2022,term,term,初中新增词汇,PDF第131页
moe-junior-2022,terrible,terrible,初中新增词汇,PDF第131页
moe-junior-2022,test,test,初中新增词汇,PDF第131页
moe-junior-2022,text,text,初中新增词汇,PDF第131页
moe-junior-2022,than,than,初中新增词汇,PDF第131页
moe-junior-2022,thank,thank,小学二级词汇（三级表继承）,PDF第131页
moe-junior-2022,that,that,小学二级词汇（三级表继承）,PDF第131页
moe-junior-2022,the,the,小学二级词汇（三级表继承）,PDF第131页
moe-junior-2022,theatre,theater,初中新增词汇,PDF第131页
moe-junior-2022,theatre,theatre,初中新增词汇,PDF第131页
moe-junior-2022,their,their,小学二级词汇（三级表继承）,PDF第131页
moe-junior-2022,theirs,theirs,初中新增词汇,PDF第131页
moe-junior-2022,them,them,小学二级词汇（三级表继承）,PDF第131页
moe-junior-2022,themselves,themselves,初中新增词汇,PDF第131页
moe-junior-2022,then,then,小学二级词汇（三级表继承）,PDF第131页
moe-junior-2022,there,there,小学二级词汇（三级表继承）,PDF第131页
moe-junior-2022,therefore,therefore,初中新增词汇,PDF第131页
moe-junior-2022,these,these,小学二级词汇（三级表继承）,PDF第131页
moe-junior-2022,they,they,小学二级词汇（三级表继承）,PDF第131页
moe-junior-2022,thick,thick,初中新增词汇,PDF第131页
moe-junior-2022,thin,thin,小学二级词汇（三级表继承）,PDF第131页
moe-junior-2022,thing,thing,初中新增词汇,PDF第131页
moe-junior-2022,think,think,小学二级词汇（三级表继承）,PDF第131页
moe-junior-2022,thirsty,thirsty,初中新增词汇,PDF第131页
moe-junior-2022,this,this,小学二级词汇（三级表继承）,PDF第131页
moe-junior-2022,those,those,小学二级词汇（三级表继承）,PDF第131页
moe-junior-2022,though,though,初中新增词汇,PDF第131页
moe-junior-2022,thought,thought,初中新增词汇,PDF第131页
moe-junior-2022,throat,throat,初中新增词汇,PDF第131页
moe-junior-2022,through,through,初中新增词汇,PDF第131页
moe-junior-2022,throw,throw,初中新增词汇,PDF第131页
moe-junior-2022,thunder,thunder,初中新增词汇,PDF第131页
moe-junior-2022,ticket,ticket,初中新增词汇,PDF第131页
moe-junior-2022,tidy,tidy,小学二级词汇（三级表继承）,PDF第131页
moe-junior-2022,tie,tie,初中新增词汇,PDF第132页
moe-junior-2022,tiger,tiger,小学二级词汇（三级表继承）,PDF第132页
moe-junior-2022,until,till,初中新增词汇,PDF第133页
moe-junior-2022,time,time,小学二级词汇（三级表继承）,PDF第132页
moe-junior-2022,tiny,tiny,初中新增词汇,PDF第132页
moe-junior-2022,tired,tired,小学二级词汇（三级表继承）,PDF第132页
moe-junior-2022,to,to,小学二级词汇（三级表继承）,PDF第132页
moe-junior-2022,today,today,小学二级词汇（三级表继承）,PDF第132页
moe-junior-2022,tofu,tofu,初中新增词汇,PDF第132页
moe-junior-2022,together,together,初中新增词汇,PDF第132页
moe-junior-2022,toilet,toilet,小学二级词汇（三级表继承）,PDF第132页
moe-junior-2022,tomato,tomato,小学二级词汇（三级表继承）,PDF第132页
moe-junior-2022,tomorrow,tomorrow,小学二级词汇（三级表继承）,PDF第132页
moe-junior-2022,ton,ton,初中新增词汇,PDF第132页
moe-junior-2022,tonight,tonight,初中新增词汇,PDF第132页
moe-junior-2022,too,too,小学二级词汇（三级表继承）,PDF第132页
moe-junior-2022,tool,tool,初中新增词汇,PDF第132页
moe-junior-2022,tooth,tooth,初中新增词汇,PDF第132页
moe-junior-2022,top,top,小学二级词汇（三级表继承）,PDF第132页
moe-junior-2022,total,total,初中新增词汇,PDF第132页
moe-junior-2022,touch,touch,初中新增词汇,PDF第132页
moe-junior-2022,tour,tour,初中新增词汇,PDF第132页
moe-junior-2022,tourist,tourist,初中新增词汇,PDF第132页
moe-junior-2022,towards,toward,初中新增词汇,PDF第132页
moe-junior-2022,towards,towards,初中新增词汇,PDF第132页
moe-junior-2022,tower,tower,初中新增词汇,PDF第132页
moe-junior-2022,town,town,初中新增词汇,PDF第132页
moe-junior-2022,toy,toy,小学二级词汇（三级表继承）,PDF第132页
moe-junior-2022,trade,trade,初中新增词汇,PDF第132页
moe-junior-2022,tradition,tradition,初中新增词汇,PDF第132页
moe-junior-2022,traffic,traffic,初中新增词汇,PDF第132页
moe-junior-2022,train,train,小学二级词汇（三级表继承）,PDF第132页
moe-junior-2022,training,training,初中新增词汇,PDF第132页
moe-junior-2022,translate,translate,初中新增词汇,PDF第132页
moe-junior-2022,travel,travel,小学二级词汇（三级表继承）,PDF第132页
moe-junior-2022,treasure,treasure,初中新增词汇,PDF第132页
moe-junior-2022,treat,treat,初中新增词汇,PDF第132页
moe-junior-2022,tree,tree,小学二级词汇（三级表继承）,PDF第132页
moe-junior-2022,trip,trip,初中新增词汇,PDF第132页
moe-junior-2022,trouble,trouble,初中新增词汇,PDF第132页
moe-junior-2022,trousers,trousers,小学二级词汇（三级表继承）,PDF第132页
moe-junior-2022,truck,truck,初中新增词汇,PDF第132页
moe-junior-2022,true,true,初中新增词汇,PDF第132页
moe-junior-2022,trust,trust,初中新增词汇,PDF第132页
moe-junior-2022,truth,truth,初中新增词汇,PDF第132页
moe-junior-2022,try,try,小学二级词汇（三级表继承）,PDF第132页
moe-junior-2022,turn,turn,小学二级词汇（三级表继承）,PDF第132页
moe-junior-2022,tv,tv,小学二级词汇（三级表继承）,PDF第132页
moe-junior-2022,ugly,ugly,初中新增词汇,PDF第132页
moe-junior-2022,umbrella,umbrella,小学二级词汇（三级表继承）,PDF第132页
moe-junior-2022,uncle,uncle,小学二级词汇（三级表继承）,PDF第132页
moe-junior-2022,under,under,小学二级词汇（三级表继承）,PDF第132页
moe-junior-2022,underground,underground,初中新增词汇,PDF第132页
moe-junior-2022,understand,understand,初中新增词汇,PDF第132页
moe-junior-2022,uniform,uniform,初中新增词汇,PDF第132页
moe-junior-2022,unit,unit,初中新增词汇,PDF第133页
moe-junior-2022,universe,universe,初中新增词汇,PDF第133页
moe-junior-2022,university,university,初中新增词汇,PDF第133页
moe-junior-2022,unless,unless,初中新增词汇,PDF第133页
moe-junior-2022,until,until,初中新增词汇,PDF第133页
moe-junior-2022,up,up,小学二级词汇（三级表继承）,PDF第133页
moe-junior-2022,upon,upon,初中新增词汇,PDF第133页
moe-junior-2022,us,us,小学二级词汇（三级表继承）,PDF第133页
moe-junior-2022,use,use,小学二级词汇（三级表继承）,PDF第133页
moe-junior-2022,usual,usual,初中新增词汇,PDF第133页
moe-junior-2022,vacation,vacation,初中新增词汇,PDF第133页
moe-junior-2022,value,value,初中新增词汇,PDF第133页
moe-junior-2022,vegetable,vegetable,小学二级词汇（三级表继承）,PDF第133页
moe-junior-2022,very,very,小学二级词汇（三级表继承）,PDF第133页
moe-junior-2022,victory,victory,初中新增词汇,PDF第133页
moe-junior-2022,video,video,初中新增词汇,PDF第133页
moe-junior-2022,view,view,初中新增词汇,PDF第133页
moe-junior-2022,village,village,初中新增词汇,PDF第133页
moe-junior-2022,violin,violin,初中新增词汇,PDF第133页
moe-junior-2022,virus,virus,初中新增词汇,PDF第133页
moe-junior-2022,visit,visit,小学二级词汇（三级表继承）,PDF第133页
moe-junior-2022,voice,voice,初中新增词汇,PDF第133页
moe-junior-2022,volleyball,volleyball,初中新增词汇,PDF第133页
moe-junior-2022,voluntary,voluntary,初中新增词汇,PDF第133页
moe-junior-2022,volunteer,volunteer,初中新增词汇,PDF第133页
moe-junior-2022,vote,vote,初中新增词汇,PDF第133页
moe-junior-2022,wait,wait,小学二级词汇（三级表继承）,PDF第133页
moe-junior-2022,wake,wake,小学二级词汇（三级表继承）,PDF第133页
moe-junior-2022,walk,walk,小学二级词汇（三级表继承）,PDF第133页
moe-junior-2022,wall,wall,小学二级词汇（三级表继承）,PDF第133页
moe-junior-2022,wallet,wallet,初中新增词汇,PDF第133页
moe-junior-2022,want,want,小学二级词汇（三级表继承）,PDF第133页
moe-junior-2022,war,war,初中新增词汇,PDF第133页
moe-junior-2022,warm,warm,小学二级词汇（三级表继承）,PDF第133页
moe-junior-2022,warn,warn,初中新增词汇,PDF第133页
moe-junior-2022,wash,wash,小学二级词汇（三级表继承）,PDF第133页
moe-junior-2022,waste,waste,初中新增词汇,PDF第133页
moe-junior-2022,watch,watch,小学二级词汇（三级表继承）,PDF第133页
moe-junior-2022,water,water,小学二级词汇（三级表继承）,PDF第133页
moe-junior-2022,watermelon,watermelon,初中新增词汇,PDF第133页
moe-junior-2022,wave,wave,初中新增词汇,PDF第133页
moe-junior-2022,way,way,小学二级词汇（三级表继承）,PDF第133页
moe-junior-2022,we,we,小学二级词汇（三级表继承）,PDF第133页
moe-junior-2022,weak,weak,初中新增词汇,PDF第133页
moe-junior-2022,wealth,wealth,初中新增词汇,PDF第133页
moe-junior-2022,wear,wear,小学二级词汇（三级表继承）,PDF第133页
moe-junior-2022,weather,weather,小学二级词汇（三级表继承）,PDF第133页
moe-junior-2022,website,website,初中新增词汇,PDF第133页
moe-junior-2022,week,week,小学二级词汇（三级表继承）,PDF第133页
moe-junior-2022,weekday,weekday,初中新增词汇,PDF第133页
moe-junior-2022,weekend,weekend,初中新增词汇,PDF第133页
moe-junior-2022,weigh,weigh,初中新增词汇,PDF第133页
moe-junior-2022,weight,weight,初中新增词汇,PDF第133页
moe-junior-2022,welcome,welcome,小学二级词汇（三级表继承）,PDF第134页
moe-junior-2022,well,well,小学二级词汇（三级表继承）,PDF第134页
moe-junior-2022,west,west,初中新增词汇,PDF第134页
moe-junior-2022,wet,wet,初中新增词汇,PDF第134页
moe-junior-2022,whale,whale,初中新增词汇,PDF第134页
moe-junior-2022,what,what,小学二级词汇（三级表继承）,PDF第134页
moe-junior-2022,whatever,whatever,初中新增词汇,PDF第134页
moe-junior-2022,wheel,wheel,初中新增词汇,PDF第134页
moe-junior-2022,when,when,小学二级词汇（三级表继承）,PDF第134页
moe-junior-2022,whenever,whenever,初中新增词汇,PDF第134页
moe-junior-2022,where,where,小学二级词汇（三级表继承）,PDF第134页
moe-junior-2022,whether,whether,初中新增词汇,PDF第134页
moe-junior-2022,which,which,小学二级词汇（三级表继承）,PDF第134页
moe-junior-2022,while,while,初中新增词汇,PDF第134页
moe-junior-2022,white,white,小学二级词汇（三级表继承）,PDF第134页
moe-junior-2022,who,who,小学二级词汇（三级表继承）,PDF第134页
moe-junior-2022,whole,whole,初中新增词汇,PDF第134页
moe-junior-2022,whom,whom,初中新增词汇,PDF第134页
moe-junior-2022,whose,whose,小学二级词汇（三级表继承）,PDF第134页
moe-junior-2022,why,why,小学二级词汇（三级表继承）,PDF第134页
moe-junior-2022,wide,wide,初中新增词汇,PDF第134页
moe-junior-2022,wife,wife,初中新增词汇,PDF第134页
moe-junior-2022,wild,wild,初中新增词汇,PDF第134页
moe-junior-2022,will,will,小学二级词汇（三级表继承）,PDF第134页
moe-junior-2022,win,win,小学二级词汇（三级表继承）,PDF第134页
moe-junior-2022,wind,wind,初中新增词汇,PDF第134页
moe-junior-2022,window,window,小学二级词汇（三级表继承）,PDF第134页
moe-junior-2022,windy,windy,小学二级词汇（三级表继承）,PDF第134页
moe-junior-2022,wing,wing,初中新增词汇,PDF第134页
moe-junior-2022,winner,winner,初中新增词汇,PDF第134页
moe-junior-2022,winter,winter,小学二级词汇（三级表继承）,PDF第134页
moe-junior-2022,wise,wise,初中新增词汇,PDF第134页
moe-junior-2022,wish,wish,小学二级词汇（三级表继承）,PDF第134页
moe-junior-2022,with,with,小学二级词汇（三级表继承）,PDF第134页
moe-junior-2022,within,within,初中新增词汇,PDF第134页
moe-junior-2022,without,without,初中新增词汇,PDF第134页
moe-junior-2022,wife,wives,初中新增词汇,PDF第134页
moe-junior-2022,wolf,wolf,初中新增词汇,PDF第134页
moe-junior-2022,wolf,wolves,初中新增词汇,PDF第134页
moe-junior-2022,woman,woman,小学二级词汇（三级表继承）,PDF第134页
moe-junior-2022,woman,women,小学二级词汇（三级表继承）,PDF第134页
moe-junior-2022,wonder,wonder,初中新增词汇,PDF第134页
moe-junior-2022,wonderful,wonderful,小学二级词汇（三级表继承）,PDF第134页
moe-junior-2022,wood,wood,初中新增词汇,PDF第134页
moe-junior-2022,word,word,小学二级词汇（三级表继承）,PDF第134页
moe-junior-2022,work,work,小学二级词汇（三级表继承）,PDF第134页
moe-junior-2022,worker,worker,小学二级词汇（三级表继承）,PDF第134页
moe-junior-2022,world,world,小学二级词汇（三级表继承）,PDF第134页
moe-junior-2022,worry,worry,小学二级词汇（三级表继承）,PDF第134页
moe-junior-2022,worse,worse,初中新增词汇,PDF第134页
moe-junior-2022,worst,worst,初中新增词汇,PDF第134页
moe-junior-2022,worth,worth,初中新增词汇,PDF第134页
moe-junior-2022,would,would,初中新增词汇,PDF第134页
moe-junior-2022,wound,wound,初中新增词汇,PDF第134页
moe-junior-2022,write,write,小学二级词汇（三级表继承）,PDF第134页
moe-junior-2022,wrong,wrong,小学二级词汇（三级表继承）,PDF第134页
moe-junior-2022,x-ray,x ray,初中新增词汇,PDF第134页
moe-junior-2022,x-ray,x-ray,初中新增词汇,PDF第134页
moe-junior-2022,yard,yard,初中新增词汇,PDF第135页
moe-junior-2022,year,year,小学二级词汇（三级表继承）,PDF第135页
moe-junior-2022,yellow,yellow,小学二级词汇（三级表继承）,PDF第135页
moe-junior-2022,yes,yes,小学二级词汇（三级表继承）,PDF第135页
moe-junior-2022,yesterday,yesterday,小学二级词汇（三级表继承）,PDF第135页
moe-junior-2022,yet,yet,初中新增词汇,PDF第135页
moe-junior-2022,yogurt,yogurt,初中新增词汇,PDF第135页
moe-junior-2022,you,you,小学二级词汇（三级表继承）,PDF第135页
moe-junior-2022,young,young,小学二级词汇（三级表继承）,PDF第135页
moe-junior-2022,your,your,小学二级词汇（三级表继承）,PDF第135页
moe-junior-2022,yours,yours,初中新增词汇,PDF第135页
moe-junior-2022,yourself,yourself,初中新增词汇,PDF第135页
moe-junior-2022,yourself,yourselves,初中新增词汇,PDF第135页
moe-junior-2022,youth,youth,初中新增词汇,PDF第135页
moe-junior-2022,zero,zero,初中新增词汇,PDF第135页
moe-junior-2022,zoo,zoo,小学二级词汇（三级表继承）,PDF第135页
moe-high-school-2020,a,a,义务教育基础词汇,PDF第129页
moe-high-school-2020,a.m.,a.m.,高中必修新增词汇,PDF第131页
moe-high-school-2020,abandon,abandon,高中选择性必修新增词汇,PDF第129页
moe-high-school-2020,ability,ability,义务教育基础词汇,PDF第129页
moe-high-school-2020,able,able,义务教育基础词汇,PDF第129页
moe-high-school-2020,abnormal,abnormal,高中选择性必修新增词汇,PDF第129页
moe-high-school-2020,aboard,aboard,高中选择性必修新增词汇,PDF第129页
moe-high-school-2020,about,about,义务教育基础词汇,PDF第129页
moe-high-school-2020,above,above,义务教育基础词汇,PDF第129页
moe-high-school-2020,abroad,abroad,义务教育基础词汇,PDF第129页
moe-high-school-2020,absence,absence,高中选择性必修新增词汇,PDF第129页
moe-high-school-2020,absent,absent,义务教育基础词汇,PDF第129页
moe-high-school-2020,absolutely,absolutely,高中必修新增词汇,PDF第129页
moe-high-school-2020,absorb,absorb,高中选择性必修新增词汇,PDF第129页
moe-high-school-2020,abstract,abstract,高中选择性必修新增词汇,PDF第129页
moe-high-school-2020,abuse,abuse,高中选择性必修新增词汇,PDF第129页
moe-high-school-2020,academic,academic,高中选择性必修新增词汇,PDF第129页
moe-high-school-2020,accent,accent,高中选择性必修新增词汇,PDF第130页
moe-high-school-2020,accept,accept,义务教育基础词汇,PDF第130页
moe-high-school-2020,access,access,高中选择性必修新增词汇,PDF第130页
moe-high-school-2020,accident,accident,高中必修新增词汇,PDF第130页
moe-high-school-2020,accommodation,accommodation,高中选择性必修新增词汇,PDF第130页
moe-high-school-2020,accompany,accompany,高中选择性必修新增词汇,PDF第130页
moe-high-school-2020,according to,according to,义务教育基础词汇,PDF第130页
moe-high-school-2020,according to,according-to,义务教育基础词汇,PDF第130页
moe-high-school-2020,account,account,高中必修新增词汇,PDF第130页
moe-high-school-2020,accurate,accurate,高中选择性必修新增词汇,PDF第130页
moe-high-school-2020,accuse,accuse,高中选择性必修新增词汇,PDF第130页
moe-high-school-2020,ache,ache,高中必修新增词汇,PDF第130页
moe-high-school-2020,achieve,achieve,义务教育基础词汇,PDF第130页
moe-high-school-2020,achievement,achievement,高中必修新增词汇,PDF第130页
moe-high-school-2020,acid,acid,高中选择性必修新增词汇,PDF第130页
moe-high-school-2020,acknowledge,acknowledge,高中选择性必修新增词汇,PDF第130页
moe-high-school-2020,acquire,acquire,高中必修新增词汇,PDF第130页
moe-high-school-2020,across,across,义务教育基础词汇,PDF第130页
moe-high-school-2020,act,act,义务教育基础词汇,PDF第130页
moe-high-school-2020,action,action,义务教育基础词汇,PDF第130页
moe-high-school-2020,active,active,义务教育基础词汇,PDF第130页
moe-high-school-2020,activity,activity,义务教育基础词汇,PDF第130页
moe-high-school-2020,actor,actor,义务教育基础词汇,PDF第130页
moe-high-school-2020,actress,actress,义务教育基础词汇,PDF第130页
moe-high-school-2020,actually,actually,高中必修新增词汇,PDF第130页
moe-high-school-2020,ad,ad,高中选择性必修新增词汇,PDF第130页
moe-high-school-2020,advertisement,ad,高中选择性必修新增词汇,PDF第130页
moe-high-school-2020,adapt,adapt,高中必修新增词汇,PDF第130页
moe-high-school-2020,adaptation,adaptation,高中选择性必修新增词汇,PDF第130页
moe-high-school-2020,add,add,义务教育基础词汇,PDF第130页
moe-high-school-2020,addict,addict,高中必修新增词汇,PDF第130页
moe-high-school-2020,addition,addition,高中必修新增词汇,PDF第130页
moe-high-school-2020,address,address,义务教育基础词汇,PDF第130页
moe-high-school-2020,adjust,adjust,高中选择性必修新增词汇,PDF第130页
moe-high-school-2020,administration,administration,高中选择性必修新增词汇,PDF第130页
moe-high-school-2020,admire,admire,高中必修新增词汇,PDF第130页
moe-high-school-2020,admit,admit,高中必修新增词汇,PDF第130页
moe-high-school-2020,adopt,adopt,高中选择性必修新增词汇,PDF第130页
moe-high-school-2020,adorable,adorable,高中选择性必修新增词汇,PDF第130页
moe-high-school-2020,adult,adult,高中必修新增词汇,PDF第130页
moe-high-school-2020,advance,advance,高中必修新增词汇,PDF第130页
moe-high-school-2020,advantage,advantage,义务教育基础词汇,PDF第130页
moe-high-school-2020,adventure,adventure,高中必修新增词汇,PDF第130页
moe-high-school-2020,advertise,advertise,高中选择性必修新增词汇,PDF第130页
moe-high-school-2020,advertisement,advertisement,高中选择性必修新增词汇,PDF第130页
moe-high-school-2020,advice,advice,义务教育基础词汇,PDF第130页
moe-high-school-2020,advise,advise,义务教育基础词汇,PDF第130页
moe-high-school-2020,advocate,advocate,高中选择性必修新增词汇,PDF第130页
moe-high-school-2020,affair,affair,高中必修新增词汇,PDF第130页
moe-high-school-2020,affect,affect,高中选择性必修新增词汇,PDF第130页
moe-high-school-2020,afford,afford,义务教育基础词汇,PDF第130页
moe-high-school-2020,afraid,afraid,义务教育基础词汇,PDF第130页
moe-high-school-2020,africa,africa,义务教育基础词汇,PDF第130页
moe-high-school-2020,african,african,义务教育基础词汇,PDF第130页
moe-high-school-2020,after,after,义务教育基础词汇,PDF第130页
moe-high-school-2020,afternoon,afternoon,义务教育基础词汇,PDF第130页
moe-high-school-2020,afterward,afterward,高中选择性必修新增词汇,PDF第130页
moe-high-school-2020,again,again,义务教育基础词汇,PDF第130页
moe-high-school-2020,against,against,义务教育基础词汇,PDF第131页
moe-high-school-2020,age,age,义务教育基础词汇,PDF第131页
moe-high-school-2020,agency,agency,高中选择性必修新增词汇,PDF第131页
moe-high-school-2020,agenda,agenda,高中选择性必修新增词汇,PDF第131页
moe-high-school-2020,ago,ago,义务教育基础词汇,PDF第131页
moe-high-school-2020,agree,agree,义务教育基础词汇,PDF第131页
moe-high-school-2020,agreement,agreement,义务教育基础词汇,PDF第131页
moe-high-school-2020,agriculture,agriculture,高中必修新增词汇,PDF第131页
moe-high-school-2020,ahead,ahead,高中必修新增词汇,PDF第131页
moe-high-school-2020,aid,aid,高中必修新增词汇,PDF第131页
moe-high-school-2020,aim,aim,高中必修新增词汇,PDF第131页
moe-high-school-2020,air,air,义务教育基础词汇,PDF第131页
moe-high-school-2020,airline,airline,高中选择性必修新增词汇,PDF第131页
moe-high-school-2020,airport,airport,义务教育基础词汇,PDF第131页
moe-high-school-2020,alarm,alarm,高中必修新增词汇,PDF第131页
moe-high-school-2020,alcohol,alcohol,高中选择性必修新增词汇,PDF第131页
moe-high-school-2020,alive,alive,义务教育基础词汇,PDF第131页
moe-high-school-2020,all,all,义务教育基础词汇,PDF第131页
moe-high-school-2020,allow,allow,义务教育基础词汇,PDF第131页
moe-high-school-2020,almost,almost,义务教育基础词汇,PDF第131页
moe-high-school-2020,alone,alone,义务教育基础词汇,PDF第131页
moe-high-school-2020,along,along,义务教育基础词汇,PDF第131页
moe-high-school-2020,alongside,alongside,高中选择性必修新增词汇,PDF第131页
moe-high-school-2020,aloud,aloud,义务教育基础词汇,PDF第131页
moe-high-school-2020,already,already,义务教育基础词汇,PDF第131页
moe-high-school-2020,also,also,义务教育基础词汇,PDF第131页
moe-high-school-2020,alternative,alternative,高中选择性必修新增词汇,PDF第131页
moe-high-school-2020,although,although,义务教育基础词汇,PDF第131页
moe-high-school-2020,altogether,altogether,高中选择性必修新增词汇,PDF第131页
moe-high-school-2020,always,always,义务教育基础词汇,PDF第131页
moe-high-school-2020,be,am,义务教育基础词汇,PDF第134页
moe-high-school-2020,amateur,amateur,高中选择性必修新增词汇,PDF第131页
moe-high-school-2020,amazing,amazing,高中必修新增词汇,PDF第131页
moe-high-school-2020,ambition,ambition,高中选择性必修新增词汇,PDF第131页
moe-high-school-2020,ambitious,ambitious,高中选择性必修新增词汇,PDF第131页
moe-high-school-2020,ambulance,ambulance,高中选择性必修新增词汇,PDF第131页
moe-high-school-2020,america,america,义务教育基础词汇,PDF第131页
moe-high-school-2020,american,american,义务教育基础词汇,PDF第131页
moe-high-school-2020,among,among,义务教育基础词汇,PDF第131页
moe-high-school-2020,amount,amount,高中必修新增词汇,PDF第131页
moe-high-school-2020,amuse,amuse,高中选择性必修新增词汇,PDF第131页
moe-high-school-2020,a,an,义务教育基础词汇,PDF第129页
moe-high-school-2020,analyse,analyse,高中选择性必修新增词汇,PDF第131页
moe-high-school-2020,analyse,analyze,高中选择性必修新增词汇,PDF第131页
moe-high-school-2020,ancestor,ancestor,高中选择性必修新增词汇,PDF第131页
moe-high-school-2020,ancient,ancient,义务教育基础词汇,PDF第131页
moe-high-school-2020,and,and,义务教育基础词汇,PDF第131页
moe-high-school-2020,anger,anger,高中选择性必修新增词汇,PDF第131页
moe-high-school-2020,angle,angle,高中选择性必修新增词汇,PDF第131页
moe-high-school-2020,angry,angry,义务教育基础词汇,PDF第131页
moe-high-school-2020,animal,animal,义务教育基础词汇,PDF第131页
moe-high-school-2020,ankle,ankle,高中选择性必修新增词汇,PDF第131页
moe-high-school-2020,announce,announce,高中必修新增词汇,PDF第131页
moe-high-school-2020,annoy,annoy,高中选择性必修新增词汇,PDF第131页
moe-high-school-2020,annual,annual,高中必修新增词汇,PDF第131页
moe-high-school-2020,another,another,义务教育基础词汇,PDF第131页
moe-high-school-2020,answer,answer,义务教育基础词汇,PDF第131页
moe-high-school-2020,ant,ant,义务教育基础词汇,PDF第131页
moe-high-school-2020,anticipate,anticipate,高中选择性必修新增词汇,PDF第132页
moe-high-school-2020,antique,antique,高中选择性必修新增词汇,PDF第132页
moe-high-school-2020,anxiety,anxiety,高中选择性必修新增词汇,PDF第132页
moe-high-school-2020,anxious,anxious,高中必修新增词汇,PDF第132页
moe-high-school-2020,any,any,义务教育基础词汇,PDF第132页
moe-high-school-2020,anybody,anybody,义务教育基础词汇,PDF第132页
moe-high-school-2020,anyhow,anyhow,高中选择性必修新增词汇,PDF第132页
moe-high-school-2020,anyone,anyone,义务教育基础词汇,PDF第132页
moe-high-school-2020,anything,anything,义务教育基础词汇,PDF第132页
moe-high-school-2020,anyway,anyway,义务教育基础词汇,PDF第132页
moe-high-school-2020,anywhere,anywhere,义务教育基础词汇,PDF第132页
moe-high-school-2020,apart,apart,高中选择性必修新增词汇,PDF第132页
moe-high-school-2020,apartment,apartment,高中必修新增词汇,PDF第132页
moe-high-school-2020,apologise,apologise,高中必修新增词汇,PDF第132页
moe-high-school-2020,apologise,apologize,高中必修新增词汇,PDF第132页
moe-high-school-2020,apparently,apparently,高中选择性必修新增词汇,PDF第132页
moe-high-school-2020,appeal,appeal,高中选择性必修新增词汇,PDF第132页
moe-high-school-2020,appear,appear,义务教育基础词汇,PDF第132页
moe-high-school-2020,appetite,appetite,高中选择性必修新增词汇,PDF第132页
moe-high-school-2020,applaud,applaud,高中选择性必修新增词汇,PDF第132页
moe-high-school-2020,apple,apple,义务教育基础词汇,PDF第132页
moe-high-school-2020,applicant,applicant,高中选择性必修新增词汇,PDF第132页
moe-high-school-2020,application,application,高中必修新增词汇,PDF第132页
moe-high-school-2020,apply,apply,高中必修新增词汇,PDF第132页
moe-high-school-2020,appointment,appointment,高中选择性必修新增词汇,PDF第132页
moe-high-school-2020,appreciate,appreciate,高中选择性必修新增词汇,PDF第132页
moe-high-school-2020,approach,approach,高中必修新增词汇,PDF第132页
moe-high-school-2020,appropriate,appropriate,高中选择性必修新增词汇,PDF第132页
moe-high-school-2020,approve,approve,高中选择性必修新增词汇,PDF第132页
moe-high-school-2020,april,april,义务教育基础词汇,PDF第132页
moe-high-school-2020,arch,arch,高中选择性必修新增词汇,PDF第132页
moe-high-school-2020,architect,architect,高中选择性必修新增词汇,PDF第132页
moe-high-school-2020,be,are,义务教育基础词汇,PDF第134页
moe-high-school-2020,area,area,义务教育基础词汇,PDF第132页
moe-high-school-2020,argue,argue,高中必修新增词汇,PDF第132页
moe-high-school-2020,arise,arise,高中选择性必修新增词汇,PDF第132页
moe-high-school-2020,arm,arm,义务教育基础词汇,PDF第132页
moe-high-school-2020,army,army,义务教育基础词汇,PDF第132页
moe-high-school-2020,around,around,义务教育基础词汇,PDF第132页
moe-high-school-2020,arrangement,arrangement,高中必修新增词汇,PDF第132页
moe-high-school-2020,arrest,arrest,高中选择性必修新增词汇,PDF第132页
moe-high-school-2020,arrive,arrive,义务教育基础词汇,PDF第132页
moe-high-school-2020,arrow,arrow,高中选择性必修新增词汇,PDF第132页
moe-high-school-2020,art,art,义务教育基础词汇,PDF第132页
moe-high-school-2020,article,article,义务教育基础词汇,PDF第132页
moe-high-school-2020,artificial,artificial,高中选择性必修新增词汇,PDF第132页
moe-high-school-2020,artist,artist,义务教育基础词汇,PDF第132页
moe-high-school-2020,as,as,义务教育基础词汇,PDF第132页
moe-high-school-2020,ashamed,ashamed,高中选择性必修新增词汇,PDF第132页
moe-high-school-2020,asia,asia,义务教育基础词汇,PDF第132页
moe-high-school-2020,asian,asian,义务教育基础词汇,PDF第132页
moe-high-school-2020,aside,aside,高中选择性必修新增词汇,PDF第132页
moe-high-school-2020,ask,ask,义务教育基础词汇,PDF第132页
moe-high-school-2020,asleep,asleep,义务教育基础词汇,PDF第132页
moe-high-school-2020,aspect,aspect,高中必修新增词汇,PDF第132页
moe-high-school-2020,assess,assess,高中选择性必修新增词汇,PDF第132页
moe-high-school-2020,assign,assign,高中选择性必修新增词汇,PDF第132页
moe-high-school-2020,assistant,assistant,高中选择性必修新增词汇,PDF第132页
moe-high-school-2020,association,association,高中选择性必修新增词汇,PDF第133页
moe-high-school-2020,assume,assume,高中必修新增词汇,PDF第133页
moe-high-school-2020,assumption,assumption,高中选择性必修新增词汇,PDF第133页
moe-high-school-2020,astonish,astonish,高中选择性必修新增词汇,PDF第133页
moe-high-school-2020,astronaut,astronaut,高中选择性必修新增词汇,PDF第133页
moe-high-school-2020,astronomer,astronomer,高中选择性必修新增词汇,PDF第133页
moe-high-school-2020,at,at,义务教育基础词汇,PDF第133页
moe-high-school-2020,athlete,athlete,高中必修新增词汇,PDF第133页
moe-high-school-2020,atlantic,atlantic,高中必修新增词汇,PDF第133页
moe-high-school-2020,atmosphere,atmosphere,高中选择性必修新增词汇,PDF第133页
moe-high-school-2020,attach,attach,高中必修新增词汇,PDF第133页
moe-high-school-2020,attack,attack,高中必修新增词汇,PDF第133页
moe-high-school-2020,attain,attain,高中选择性必修新增词汇,PDF第133页
moe-high-school-2020,attempt,attempt,高中必修新增词汇,PDF第133页
moe-high-school-2020,attend,attend,义务教育基础词汇,PDF第133页
moe-high-school-2020,attention,attention,义务教育基础词汇,PDF第133页
moe-high-school-2020,attitude,attitude,高中必修新增词汇,PDF第133页
moe-high-school-2020,attract,attract,高中必修新增词汇,PDF第133页
moe-high-school-2020,audience,audience,高中必修新增词汇,PDF第133页
moe-high-school-2020,august,august,义务教育基础词汇,PDF第133页
moe-high-school-2020,aunt,aunt,义务教育基础词汇,PDF第133页
moe-high-school-2020,australia,australia,义务教育基础词汇,PDF第133页
moe-high-school-2020,australian,australian,义务教育基础词汇,PDF第133页
moe-high-school-2020,author,author,高中必修新增词汇,PDF第133页
moe-high-school-2020,authority,authority,高中必修新增词汇,PDF第133页
moe-high-school-2020,automatic,automatic,高中选择性必修新增词汇,PDF第133页
moe-high-school-2020,autonomous,autonomous,高中选择性必修新增词汇,PDF第133页
moe-high-school-2020,autumn,autumn,义务教育基础词汇,PDF第133页
moe-high-school-2020,available,available,高中选择性必修新增词汇,PDF第133页
moe-high-school-2020,average,average,高中必修新增词汇,PDF第133页
moe-high-school-2020,avoid,avoid,义务教育基础词汇,PDF第133页
moe-high-school-2020,awake,awake,义务教育基础词汇,PDF第133页
moe-high-school-2020,award,award,高中必修新增词汇,PDF第133页
moe-high-school-2020,aware,aware,高中必修新增词汇,PDF第133页
moe-high-school-2020,away,away,义务教育基础词汇,PDF第133页
moe-high-school-2020,awesome,awesome,高中选择性必修新增词汇,PDF第133页
moe-high-school-2020,awful,awful,义务教育基础词汇,PDF第133页
moe-high-school-2020,awkward,awkward,高中必修新增词汇,PDF第133页
moe-high-school-2020,baby,baby,义务教育基础词汇,PDF第133页
moe-high-school-2020,back,back,义务教育基础词汇,PDF第133页
moe-high-school-2020,background,background,义务教育基础词汇,PDF第133页
moe-high-school-2020,backward,backward,高中选择性必修新增词汇,PDF第133页
moe-high-school-2020,bacon,bacon,高中选择性必修新增词汇,PDF第133页
moe-high-school-2020,bad,bad,义务教育基础词汇,PDF第133页
moe-high-school-2020,badminton,badminton,高中必修新增词汇,PDF第133页
moe-high-school-2020,bag,bag,义务教育基础词汇,PDF第133页
moe-high-school-2020,bakery,bakery,高中选择性必修新增词汇,PDF第133页
moe-high-school-2020,balance,balance,高中必修新增词汇,PDF第133页
moe-high-school-2020,ball,ball,义务教育基础词汇,PDF第133页
moe-high-school-2020,ballet,ballet,高中必修新增词汇,PDF第133页
moe-high-school-2020,balloon,balloon,义务教育基础词汇,PDF第133页
moe-high-school-2020,bamboo,bamboo,义务教育基础词汇,PDF第133页
moe-high-school-2020,ban,ban,高中选择性必修新增词汇,PDF第133页
moe-high-school-2020,banana,banana,义务教育基础词汇,PDF第133页
moe-high-school-2020,band,band,高中必修新增词汇,PDF第134页
moe-high-school-2020,bank,bank,义务教育基础词汇,PDF第134页
moe-high-school-2020,bar,bar,高中必修新增词汇,PDF第134页
moe-high-school-2020,barbecue,barbecue,高中选择性必修新增词汇,PDF第134页
moe-high-school-2020,barely,barely,高中选择性必修新增词汇,PDF第134页
moe-high-school-2020,bark,bark,高中选择性必修新增词汇,PDF第134页
moe-high-school-2020,barrier,barrier,高中选择性必修新增词汇,PDF第134页
moe-high-school-2020,base,base,高中必修新增词汇,PDF第134页
moe-high-school-2020,baseball,baseball,义务教育基础词汇,PDF第134页
moe-high-school-2020,basic,basic,义务教育基础词汇,PDF第134页
moe-high-school-2020,basin,basin,高中选择性必修新增词汇,PDF第134页
moe-high-school-2020,basis,basis,高中必修新增词汇,PDF第134页
moe-high-school-2020,basket,basket,义务教育基础词汇,PDF第134页
moe-high-school-2020,basketball,basketball,义务教育基础词汇,PDF第134页
moe-high-school-2020,bat,bat,高中选择性必修新增词汇,PDF第134页
moe-high-school-2020,bath,bath,高中选择性必修新增词汇,PDF第134页
moe-high-school-2020,bathroom,bathroom,义务教育基础词汇,PDF第134页
moe-high-school-2020,battery,battery,高中必修新增词汇,PDF第134页
moe-high-school-2020,battle,battle,高中必修新增词汇,PDF第134页
moe-high-school-2020,bay,bay,高中选择性必修新增词汇,PDF第134页
moe-high-school-2020,bc,bc,高中选择性必修新增词汇,PDF第134页
moe-high-school-2020,be,be,义务教育基础词汇,PDF第134页
moe-high-school-2020,beach,beach,义务教育基础词汇,PDF第134页
moe-high-school-2020,bean,bean,义务教育基础词汇,PDF第134页
moe-high-school-2020,bean curd,bean curd,高中选择性必修新增词汇,PDF第134页
moe-high-school-2020,bean curd,bean-curd,高中选择性必修新增词汇,PDF第134页
moe-high-school-2020,bear,bear,义务教育基础词汇,PDF第134页
moe-high-school-2020,beard,beard,高中选择性必修新增词汇,PDF第134页
moe-high-school-2020,beat,beat,义务教育基础词汇,PDF第134页
moe-high-school-2020,beautiful,beautiful,义务教育基础词汇,PDF第134页
moe-high-school-2020,beauty,beauty,高中选择性必修新增词汇,PDF第134页
moe-high-school-2020,because,because,义务教育基础词汇,PDF第134页
moe-high-school-2020,become,become,义务教育基础词汇,PDF第134页
moe-high-school-2020,bed,bed,义务教育基础词汇,PDF第134页
moe-high-school-2020,bedroom,bedroom,义务教育基础词汇,PDF第134页
moe-high-school-2020,beef,beef,义务教育基础词汇,PDF第134页
moe-high-school-2020,beer,beer,高中必修新增词汇,PDF第134页
moe-high-school-2020,before,before,义务教育基础词汇,PDF第134页
moe-high-school-2020,begin,begin,义务教育基础词汇,PDF第134页
moe-high-school-2020,behalf,behalf,高中选择性必修新增词汇,PDF第134页
moe-high-school-2020,behave,behave,高中选择性必修新增词汇,PDF第134页
moe-high-school-2020,behaviour,behavior,高中必修新增词汇,PDF第134页
moe-high-school-2020,behaviour,behaviour,高中必修新增词汇,PDF第134页
moe-high-school-2020,behind,behind,义务教育基础词汇,PDF第134页
moe-high-school-2020,being,being,高中选择性必修新增词汇,PDF第134页
moe-high-school-2020,belief,belief,高中选择性必修新增词汇,PDF第134页
moe-high-school-2020,believe,believe,义务教育基础词汇,PDF第134页
moe-high-school-2020,bell,bell,义务教育基础词汇,PDF第134页
moe-high-school-2020,belong,belong,高中必修新增词汇,PDF第134页
moe-high-school-2020,below,below,义务教育基础词汇,PDF第134页
moe-high-school-2020,belt,belt,高中必修新增词汇,PDF第134页
moe-high-school-2020,bend,bend,高中选择性必修新增词汇,PDF第134页
moe-high-school-2020,beneath,beneath,高中必修新增词汇,PDF第134页
moe-high-school-2020,benefit,benefit,高中必修新增词汇,PDF第134页
moe-high-school-2020,beside,beside,义务教育基础词汇,PDF第134页
moe-high-school-2020,best,best,义务教育基础词汇,PDF第134页
moe-high-school-2020,bet,bet,高中选择性必修新增词汇,PDF第134页
moe-high-school-2020,better,better,义务教育基础词汇,PDF第134页
moe-high-school-2020,between,between,义务教育基础词汇,PDF第135页
moe-high-school-2020,beyond,beyond,高中必修新增词汇,PDF第135页
moe-high-school-2020,bike,bicycle,义务教育基础词汇,PDF第135页
moe-high-school-2020,big,big,义务教育基础词汇,PDF第135页
moe-high-school-2020,bike,bike,义务教育基础词汇,PDF第135页
moe-high-school-2020,bill,bill,义务教育基础词汇,PDF第135页
moe-high-school-2020,billion,billion,高中选择性必修新增词汇,PDF第135页
moe-high-school-2020,biology,biology,高中选择性必修新增词汇,PDF第135页
moe-high-school-2020,bird,bird,义务教育基础词汇,PDF第135页
moe-high-school-2020,birth,birth,义务教育基础词汇,PDF第135页
moe-high-school-2020,birthday,birthday,义务教育基础词汇,PDF第135页
moe-high-school-2020,biscuit,biscuit,义务教育基础词汇,PDF第135页
moe-high-school-2020,bit,bit,义务教育基础词汇,PDF第135页
moe-high-school-2020,bite,bite,高中必修新增词汇,PDF第135页
moe-high-school-2020,bitter,bitter,高中选择性必修新增词汇,PDF第135页
moe-high-school-2020,black,black,义务教育基础词汇,PDF第135页
moe-high-school-2020,blackboard,blackboard,义务教育基础词汇,PDF第135页
moe-high-school-2020,blame,blame,高中选择性必修新增词汇,PDF第135页
moe-high-school-2020,blank,blank,高中选择性必修新增词汇,PDF第135页
moe-high-school-2020,blanket,blanket,高中选择性必修新增词汇,PDF第135页
moe-high-school-2020,bleed,bleed,高中选择性必修新增词汇,PDF第135页
moe-high-school-2020,bless,bless,高中选择性必修新增词汇,PDF第135页
moe-high-school-2020,blind,blind,义务教育基础词汇,PDF第135页
moe-high-school-2020,block,block,义务教育基础词汇,PDF第135页
moe-high-school-2020,blog,blog,高中必修新增词汇,PDF第135页
moe-high-school-2020,blood,blood,义务教育基础词汇,PDF第135页
moe-high-school-2020,blouse,blouse,义务教育基础词汇,PDF第135页
moe-high-school-2020,blow,blow,义务教育基础词汇,PDF第135页
moe-high-school-2020,blue,blue,义务教育基础词汇,PDF第135页
moe-high-school-2020,board,board,义务教育基础词汇,PDF第135页
moe-high-school-2020,boat,boat,义务教育基础词汇,PDF第135页
moe-high-school-2020,body,body,义务教育基础词汇,PDF第135页
moe-high-school-2020,boil,boil,高中选择性必修新增词汇,PDF第135页
moe-high-school-2020,bomb,bomb,高中选择性必修新增词汇,PDF第135页
moe-high-school-2020,bond,bond,高中选择性必修新增词汇,PDF第135页
moe-high-school-2020,bone,bone,高中必修新增词汇,PDF第135页
moe-high-school-2020,bonus,bonus,高中选择性必修新增词汇,PDF第135页
moe-high-school-2020,book,book,义务教育基础词汇,PDF第135页
moe-high-school-2020,boost,boost,高中选择性必修新增词汇,PDF第135页
moe-high-school-2020,boot,boot,高中必修新增词汇,PDF第135页
moe-high-school-2020,border,border,高中选择性必修新增词汇,PDF第135页
moe-high-school-2020,bored,bored,义务教育基础词汇,PDF第135页
moe-high-school-2020,boring,boring,义务教育基础词汇,PDF第135页
moe-high-school-2020,born,born,义务教育基础词汇,PDF第135页
moe-high-school-2020,borrow,borrow,义务教育基础词汇,PDF第135页
moe-high-school-2020,boss,boss,义务教育基础词汇,PDF第135页
moe-high-school-2020,botanical,botanical,高中选择性必修新增词汇,PDF第135页
moe-high-school-2020,both,both,义务教育基础词汇,PDF第135页
moe-high-school-2020,bother,bother,高中选择性必修新增词汇,PDF第135页
moe-high-school-2020,bottle,bottle,义务教育基础词汇,PDF第135页
moe-high-school-2020,bottom,bottom,义务教育基础词汇,PDF第135页
moe-high-school-2020,bounce,bounce,高中选择性必修新增词汇,PDF第135页
moe-high-school-2020,bound,bound,高中选择性必修新增词汇,PDF第135页
moe-high-school-2020,boundary,boundary,高中选择性必修新增词汇,PDF第135页
moe-high-school-2020,bow,bow,高中选择性必修新增词汇,PDF第135页
moe-high-school-2020,bowl,bowl,义务教育基础词汇,PDF第135页
moe-high-school-2020,bowling,bowling,高中选择性必修新增词汇,PDF第135页
moe-high-school-2020,box,box,义务教育基础词汇,PDF第136页
moe-high-school-2020,boxing,boxing,高中必修新增词汇,PDF第136页
moe-high-school-2020,boy,boy,义务教育基础词汇,PDF第136页
moe-high-school-2020,brain,brain,义务教育基础词汇,PDF第136页
moe-high-school-2020,branch,branch,高中必修新增词汇,PDF第136页
moe-high-school-2020,brave,brave,义务教育基础词汇,PDF第136页
moe-high-school-2020,bread,bread,义务教育基础词汇,PDF第136页
moe-high-school-2020,break,break,义务教育基础词汇,PDF第136页
moe-high-school-2020,breakfast,breakfast,义务教育基础词汇,PDF第136页
moe-high-school-2020,breast,breast,高中选择性必修新增词汇,PDF第136页
moe-high-school-2020,breath,breath,高中选择性必修新增词汇,PDF第136页
moe-high-school-2020,breathe,breathe,高中必修新增词汇,PDF第136页
moe-high-school-2020,brick,brick,高中选择性必修新增词汇,PDF第136页
moe-high-school-2020,bride,bride,高中选择性必修新增词汇,PDF第136页
moe-high-school-2020,bride,bridegroom,高中选择性必修新增词汇,PDF第136页
moe-high-school-2020,bridge,bridge,义务教育基础词汇,PDF第136页
moe-high-school-2020,brief,brief,高中必修新增词汇,PDF第136页
moe-high-school-2020,bright,bright,义务教育基础词汇,PDF第136页
moe-high-school-2020,brilliant,brilliant,高中选择性必修新增词汇,PDF第136页
moe-high-school-2020,bring,bring,义务教育基础词汇,PDF第136页
moe-high-school-2020,britain,britain,义务教育基础词汇,PDF第136页
moe-high-school-2020,british,british,义务教育基础词汇,PDF第136页
moe-high-school-2020,broad,broad,高中必修新增词汇,PDF第136页
moe-high-school-2020,broadcast,broadcast,高中选择性必修新增词汇,PDF第136页
moe-high-school-2020,brochure,brochure,高中必修新增词汇,PDF第136页
moe-high-school-2020,brother,brother,义务教育基础词汇,PDF第136页
moe-high-school-2020,brown,brown,义务教育基础词汇,PDF第136页
moe-high-school-2020,brush,brush,义务教育基础词汇,PDF第136页
moe-high-school-2020,budget,budget,高中选择性必修新增词汇,PDF第136页
moe-high-school-2020,buffet,buffet,高中选择性必修新增词汇,PDF第136页
moe-high-school-2020,build,build,义务教育基础词汇,PDF第136页
moe-high-school-2020,building,building,义务教育基础词汇,PDF第136页
moe-high-school-2020,bunch,bunch,高中选择性必修新增词汇,PDF第136页
moe-high-school-2020,burn,burn,义务教育基础词汇,PDF第136页
moe-high-school-2020,bury,bury,高中选择性必修新增词汇,PDF第136页
moe-high-school-2020,bus,bus,义务教育基础词汇,PDF第136页
moe-high-school-2020,business,business,义务教育基础词汇,PDF第136页
moe-high-school-2020,busy,busy,义务教育基础词汇,PDF第136页
moe-high-school-2020,but,but,义务教育基础词汇,PDF第136页
moe-high-school-2020,butcher,butcher,高中选择性必修新增词汇,PDF第136页
moe-high-school-2020,butter,butter,高中必修新增词汇,PDF第136页
moe-high-school-2020,button,button,高中必修新增词汇,PDF第136页
moe-high-school-2020,buy,buy,义务教育基础词汇,PDF第136页
moe-high-school-2020,by,by,义务教育基础词汇,PDF第136页
moe-high-school-2020,goodbye,bye,义务教育基础词汇,PDF第151页
moe-high-school-2020,cabbage,cabbage,高中选择性必修新增词汇,PDF第136页
moe-high-school-2020,café,cafe,高中必修新增词汇,PDF第136页
moe-high-school-2020,cafeteria,cafeteria,高中选择性必修新增词汇,PDF第136页
moe-high-school-2020,café,café,高中必修新增词汇,PDF第136页
moe-high-school-2020,cage,cage,高中选择性必修新增词汇,PDF第136页
moe-high-school-2020,cake,cake,义务教育基础词汇,PDF第136页
moe-high-school-2020,calculate,calculate,高中选择性必修新增词汇,PDF第136页
moe-high-school-2020,calendar,calendar,义务教育基础词汇,PDF第136页
moe-high-school-2020,call,call,义务教育基础词汇,PDF第136页
moe-high-school-2020,calligraphy,calligraphy,高中选择性必修新增词汇,PDF第136页
moe-high-school-2020,calm,calm,高中必修新增词汇,PDF第136页
moe-high-school-2020,calorie,calorie,高中选择性必修新增词汇,PDF第136页
moe-high-school-2020,camel,camel,高中选择性必修新增词汇,PDF第137页
moe-high-school-2020,camera,camera,义务教育基础词汇,PDF第137页
moe-high-school-2020,camp,camp,义务教育基础词汇,PDF第137页
moe-high-school-2020,campaign,campaign,高中选择性必修新增词汇,PDF第137页
moe-high-school-2020,campus,campus,高中必修新增词汇,PDF第137页
moe-high-school-2020,can,can,义务教育基础词汇,PDF第137页
moe-high-school-2020,canada,canada,义务教育基础词汇,PDF第137页
moe-high-school-2020,canadian,canadian,义务教育基础词汇,PDF第137页
moe-high-school-2020,canal,canal,高中选择性必修新增词汇,PDF第137页
moe-high-school-2020,cancel,cancel,义务教育基础词汇,PDF第137页
moe-high-school-2020,cancer,cancer,高中选择性必修新增词汇,PDF第137页
moe-high-school-2020,candidate,candidate,高中选择性必修新增词汇,PDF第137页
moe-high-school-2020,candle,candle,义务教育基础词汇,PDF第137页
moe-high-school-2020,candy,candy,义务教育基础词汇,PDF第137页
moe-high-school-2020,canteen,canteen,高中选择性必修新增词汇,PDF第137页
moe-high-school-2020,cap,cap,义务教育基础词汇,PDF第137页
moe-high-school-2020,capable,capable,高中必修新增词汇,PDF第137页
moe-high-school-2020,capacity,capacity,高中选择性必修新增词汇,PDF第137页
moe-high-school-2020,capital,capital,义务教育基础词汇,PDF第137页
moe-high-school-2020,capsule,capsule,高中选择性必修新增词汇,PDF第137页
moe-high-school-2020,captain,captain,高中选择性必修新增词汇,PDF第137页
moe-high-school-2020,car,car,义务教育基础词汇,PDF第137页
moe-high-school-2020,carbon,carbon,高中必修新增词汇,PDF第137页
moe-high-school-2020,card,card,义务教育基础词汇,PDF第137页
moe-high-school-2020,care,care,义务教育基础词汇,PDF第137页
moe-high-school-2020,career,career,高中选择性必修新增词汇,PDF第137页
moe-high-school-2020,careful,careful,义务教育基础词汇,PDF第137页
moe-high-school-2020,careless,careless,义务教育基础词汇,PDF第137页
moe-high-school-2020,carpet,carpet,高中选择性必修新增词汇,PDF第137页
moe-high-school-2020,carrot,carrot,义务教育基础词汇,PDF第137页
moe-high-school-2020,carry,carry,义务教育基础词汇,PDF第137页
moe-high-school-2020,cartoon,cartoon,义务教育基础词汇,PDF第137页
moe-high-school-2020,carve,carve,高中选择性必修新增词汇,PDF第137页
moe-high-school-2020,case,case,高中必修新增词汇,PDF第137页
moe-high-school-2020,cash,cash,高中必修新增词汇,PDF第137页
moe-high-school-2020,cast,cast,高中选择性必修新增词汇,PDF第137页
moe-high-school-2020,castle,castle,高中选择性必修新增词汇,PDF第137页
moe-high-school-2020,cat,cat,义务教育基础词汇,PDF第137页
moe-high-school-2020,catch,catch,义务教育基础词汇,PDF第137页
moe-high-school-2020,category,category,高中选择性必修新增词汇,PDF第137页
moe-high-school-2020,cattle,cattle,高中必修新增词汇,PDF第137页
moe-high-school-2020,cause,cause,义务教育基础词汇,PDF第137页
moe-high-school-2020,cave,cave,高中选择性必修新增词汇,PDF第137页
moe-high-school-2020,cease,cease,高中选择性必修新增词汇,PDF第137页
moe-high-school-2020,ceiling,ceiling,高中选择性必修新增词汇,PDF第137页
moe-high-school-2020,celebrate,celebrate,义务教育基础词汇,PDF第137页
moe-high-school-2020,celebrity,celebrity,高中选择性必修新增词汇,PDF第137页
moe-high-school-2020,cell,cell,高中选择性必修新增词汇,PDF第137页
moe-high-school-2020,cent,cent,义务教育基础词汇,PDF第137页
moe-high-school-2020,centre,center,义务教育基础词汇,PDF第137页
moe-high-school-2020,centimetre,centimeter,高中选择性必修新增词汇,PDF第137页
moe-high-school-2020,centimetre,centimetre,高中选择性必修新增词汇,PDF第137页
moe-high-school-2020,central,central,义务教育基础词汇,PDF第137页
moe-high-school-2020,centre,centre,义务教育基础词汇,PDF第137页
moe-high-school-2020,century,century,义务教育基础词汇,PDF第137页
moe-high-school-2020,certain,certain,义务教育基础词汇,PDF第137页
moe-high-school-2020,certainly,certainly,义务教育基础词汇,PDF第137页
moe-high-school-2020,certificate,certificate,高中选择性必修新增词汇,PDF第137页
moe-high-school-2020,chain,chain,高中必修新增词汇,PDF第138页
moe-high-school-2020,chair,chair,义务教育基础词汇,PDF第138页
moe-high-school-2020,chairman,chairman,高中选择性必修新增词汇,PDF第138页
moe-high-school-2020,chairman,chairwoman,高中选择性必修新增词汇,PDF第138页
moe-high-school-2020,chalk,chalk,义务教育基础词汇,PDF第138页
moe-high-school-2020,challenge,challenge,高中必修新增词汇,PDF第138页
moe-high-school-2020,champion,champion,高中必修新增词汇,PDF第138页
moe-high-school-2020,chance,chance,义务教育基础词汇,PDF第138页
moe-high-school-2020,change,change,义务教育基础词汇,PDF第138页
moe-high-school-2020,channel,channel,高中选择性必修新增词汇,PDF第138页
moe-high-school-2020,chaos,chaos,高中选择性必修新增词汇,PDF第138页
moe-high-school-2020,chapter,chapter,高中必修新增词汇,PDF第138页
moe-high-school-2020,character,character,高中必修新增词汇,PDF第138页
moe-high-school-2020,characteristic,characteristic,高中选择性必修新增词汇,PDF第138页
moe-high-school-2020,charge,charge,高中必修新增词汇,PDF第138页
moe-high-school-2020,charity,charity,高中必修新增词汇,PDF第138页
moe-high-school-2020,chart,chart,高中选择性必修新增词汇,PDF第138页
moe-high-school-2020,chat,chat,高中必修新增词汇,PDF第138页
moe-high-school-2020,cheap,cheap,义务教育基础词汇,PDF第138页
moe-high-school-2020,cheat,cheat,高中选择性必修新增词汇,PDF第138页
moe-high-school-2020,check,check,义务教育基础词汇,PDF第138页
moe-high-school-2020,cheek,cheek,高中选择性必修新增词汇,PDF第138页
moe-high-school-2020,cheer,cheer,义务教育基础词汇,PDF第138页
moe-high-school-2020,cheese,cheese,高中选择性必修新增词汇,PDF第138页
moe-high-school-2020,chef,chef,高中选择性必修新增词汇,PDF第138页
moe-high-school-2020,chemical,chemical,高中选择性必修新增词汇,PDF第138页
moe-high-school-2020,chemist,chemist,高中选择性必修新增词汇,PDF第138页
moe-high-school-2020,chemistry,chemistry,义务教育基础词汇,PDF第138页
moe-high-school-2020,chess,chess,义务教育基础词汇,PDF第138页
moe-high-school-2020,chest,chest,高中选择性必修新增词汇,PDF第138页
moe-high-school-2020,chew,chew,高中选择性必修新增词汇,PDF第138页
moe-high-school-2020,chicken,chicken,义务教育基础词汇,PDF第138页
moe-high-school-2020,chief,chief,高中必修新增词汇,PDF第138页
moe-high-school-2020,child,child,义务教育基础词汇,PDF第138页
moe-high-school-2020,child,children,义务教育基础词汇,PDF第138页
moe-high-school-2020,china,china,义务教育基础词汇 · 高中必修新增词汇,PDF第138页
moe-high-school-2020,chinese,chinese,义务教育基础词汇,PDF第138页
moe-high-school-2020,chocolate,chocolate,义务教育基础词汇,PDF第138页
moe-high-school-2020,choice,choice,义务教育基础词汇,PDF第138页
moe-high-school-2020,choke,choke,高中选择性必修新增词汇,PDF第138页
moe-high-school-2020,choose,choose,义务教育基础词汇,PDF第138页
moe-high-school-2020,chopsticks,chopsticks,义务教育基础词汇,PDF第138页
moe-high-school-2020,chorus,chorus,高中选择性必修新增词汇,PDF第138页
moe-high-school-2020,christmas,christmas,义务教育基础词汇,PDF第138页
moe-high-school-2020,church,church,高中选择性必修新增词汇,PDF第138页
moe-high-school-2020,cigarette,cigarette,高中选择性必修新增词汇,PDF第138页
moe-high-school-2020,cinema,cinema,义务教育基础词汇,PDF第138页
moe-high-school-2020,circle,circle,义务教育基础词汇,PDF第138页
moe-high-school-2020,circuit,circuit,高中选择性必修新增词汇,PDF第138页
moe-high-school-2020,circumstance,circumstance,高中选择性必修新增词汇,PDF第138页
moe-high-school-2020,circus,circus,高中选择性必修新增词汇,PDF第138页
moe-high-school-2020,cite,cite,高中选择性必修新增词汇,PDF第138页
moe-high-school-2020,citizen,citizen,高中选择性必修新增词汇,PDF第138页
moe-high-school-2020,city,city,义务教育基础词汇,PDF第138页
moe-high-school-2020,civil,civil,高中选择性必修新增词汇,PDF第138页
moe-high-school-2020,civilian,civilian,高中选择性必修新增词汇,PDF第138页
moe-high-school-2020,civilisation,civilisation,高中选择性必修新增词汇,PDF第138页
moe-high-school-2020,civilisation,civilization,高中选择性必修新增词汇,PDF第138页
moe-high-school-2020,claim,claim,高中选择性必修新增词汇,PDF第139页
moe-high-school-2020,clap,clap,高中必修新增词汇,PDF第139页
moe-high-school-2020,clarify,clarify,高中选择性必修新增词汇,PDF第139页
moe-high-school-2020,class,class,义务教育基础词汇,PDF第139页
moe-high-school-2020,classic,classic,高中选择性必修新增词汇,PDF第139页
moe-high-school-2020,classmate,classmate,义务教育基础词汇,PDF第139页
moe-high-school-2020,classroom,classroom,义务教育基础词汇,PDF第139页
moe-high-school-2020,clay,clay,高中选择性必修新增词汇,PDF第139页
moe-high-school-2020,clean,clean,义务教育基础词汇,PDF第139页
moe-high-school-2020,clear,clear,义务教育基础词汇,PDF第139页
moe-high-school-2020,clerk,clerk,高中选择性必修新增词汇,PDF第139页
moe-high-school-2020,clever,clever,义务教育基础词汇,PDF第139页
moe-high-school-2020,click,click,高中必修新增词汇,PDF第139页
moe-high-school-2020,client,client,高中选择性必修新增词汇,PDF第139页
moe-high-school-2020,climate,climate,高中必修新增词汇,PDF第139页
moe-high-school-2020,climb,climb,义务教育基础词汇,PDF第139页
moe-high-school-2020,clinic,clinic,高中选择性必修新增词汇,PDF第139页
moe-high-school-2020,clock,clock,义务教育基础词汇,PDF第139页
moe-high-school-2020,clone,clone,高中选择性必修新增词汇,PDF第139页
moe-high-school-2020,close,close,义务教育基础词汇,PDF第139页
moe-high-school-2020,cloth,cloth,高中选择性必修新增词汇,PDF第139页
moe-high-school-2020,clothes,clothes,义务教育基础词汇,PDF第139页
moe-high-school-2020,cloud,cloud,义务教育基础词汇,PDF第139页
moe-high-school-2020,cloudy,cloudy,义务教育基础词汇,PDF第139页
moe-high-school-2020,club,club,义务教育基础词汇,PDF第139页
moe-high-school-2020,clue,clue,高中选择性必修新增词汇,PDF第139页
moe-high-school-2020,coach,coach,义务教育基础词汇,PDF第139页
moe-high-school-2020,coal,coal,义务教育基础词汇,PDF第139页
moe-high-school-2020,coast,coast,义务教育基础词汇,PDF第139页
moe-high-school-2020,coat,coat,义务教育基础词汇,PDF第139页
moe-high-school-2020,coffee,coffee,义务教育基础词汇,PDF第139页
moe-high-school-2020,coin,coin,义务教育基础词汇,PDF第139页
moe-high-school-2020,cold,cold,义务教育基础词汇,PDF第139页
moe-high-school-2020,collapse,collapse,高中选择性必修新增词汇,PDF第139页
moe-high-school-2020,collar,collar,高中选择性必修新增词汇,PDF第139页
moe-high-school-2020,collect,collect,义务教育基础词汇,PDF第139页
moe-high-school-2020,collection,collection,高中必修新增词汇,PDF第139页
moe-high-school-2020,college,college,义务教育基础词汇,PDF第139页
moe-high-school-2020,colour,color,义务教育基础词汇,PDF第139页
moe-high-school-2020,colour,colour,义务教育基础词汇,PDF第139页
moe-high-school-2020,column,column,高中选择性必修新增词汇,PDF第139页
moe-high-school-2020,combine,combine,高中选择性必修新增词汇,PDF第139页
moe-high-school-2020,come,come,义务教育基础词汇,PDF第139页
moe-high-school-2020,comedy,comedy,高中选择性必修新增词汇,PDF第139页
moe-high-school-2020,comfort,comfort,高中选择性必修新增词汇,PDF第139页
moe-high-school-2020,comfortable,comfortable,义务教育基础词汇,PDF第139页
moe-high-school-2020,comic,comic,高中选择性必修新增词汇,PDF第139页
moe-high-school-2020,comment,comment,高中必修新增词汇,PDF第139页
moe-high-school-2020,commercial,commercial,高中选择性必修新增词汇,PDF第139页
moe-high-school-2020,commit,commit,高中选择性必修新增词汇,PDF第139页
moe-high-school-2020,commitment,commitment,高中选择性必修新增词汇,PDF第139页
moe-high-school-2020,committee,committee,高中必修新增词汇,PDF第139页
moe-high-school-2020,common,common,义务教育基础词汇,PDF第139页
moe-high-school-2020,communicate,communicate,义务教育基础词汇,PDF第139页
moe-high-school-2020,communication,communication,义务教育基础词汇,PDF第139页
moe-high-school-2020,communist,communist,高中选择性必修新增词汇,PDF第139页
moe-high-school-2020,community,community,义务教育基础词汇,PDF第139页
moe-high-school-2020,company,company,高中必修新增词汇,PDF第140页
moe-high-school-2020,compare,compare,义务教育基础词汇,PDF第140页
moe-high-school-2020,comparison,comparison,高中选择性必修新增词汇,PDF第140页
moe-high-school-2020,compete,compete,高中选择性必修新增词汇,PDF第140页
moe-high-school-2020,competence,competence,高中选择性必修新增词汇,PDF第140页
moe-high-school-2020,competition,competition,义务教育基础词汇,PDF第140页
moe-high-school-2020,complain,complain,高中选择性必修新增词汇,PDF第140页
moe-high-school-2020,complete,complete,义务教育基础词汇,PDF第140页
moe-high-school-2020,complex,complex,高中选择性必修新增词汇,PDF第140页
moe-high-school-2020,complicated,complicated,高中选择性必修新增词汇,PDF第140页
moe-high-school-2020,component,component,高中选择性必修新增词汇,PDF第140页
moe-high-school-2020,compose,compose,高中选择性必修新增词汇,PDF第140页
moe-high-school-2020,composition,composition,高中选择性必修新增词汇,PDF第140页
moe-high-school-2020,comprehension,comprehension,高中选择性必修新增词汇,PDF第140页
moe-high-school-2020,comprehensive,comprehensive,高中选择性必修新增词汇,PDF第140页
moe-high-school-2020,comprise,comprise,高中选择性必修新增词汇,PDF第140页
moe-high-school-2020,computer,computer,义务教育基础词汇,PDF第140页
moe-high-school-2020,concentrate,concentrate,高中必修新增词汇,PDF第140页
moe-high-school-2020,concept,concept,高中选择性必修新增词汇,PDF第140页
moe-high-school-2020,concern,concern,高中必修新增词汇,PDF第140页
moe-high-school-2020,concert,concert,义务教育基础词汇,PDF第140页
moe-high-school-2020,conclude,conclude,高中选择性必修新增词汇,PDF第140页
moe-high-school-2020,conclusion,conclusion,高中选择性必修新增词汇,PDF第140页
moe-high-school-2020,concrete,concrete,高中选择性必修新增词汇,PDF第140页
moe-high-school-2020,condition,condition,义务教育基础词汇,PDF第140页
moe-high-school-2020,conduct,conduct,高中必修新增词汇,PDF第140页
moe-high-school-2020,conference,conference,高中必修新增词汇,PDF第140页
moe-high-school-2020,confidence,confidence,高中必修新增词汇,PDF第140页
moe-high-school-2020,confirm,confirm,高中必修新增词汇,PDF第140页
moe-high-school-2020,conflict,conflict,高中选择性必修新增词汇,PDF第140页
moe-high-school-2020,confucianism,confucianism,高中选择性必修新增词汇,PDF第140页
moe-high-school-2020,confucius,confucius,高中选择性必修新增词汇,PDF第140页
moe-high-school-2020,confused,confused,高中选择性必修新增词汇,PDF第140页
moe-high-school-2020,congratulation,congratulation,高中必修新增词汇,PDF第140页
moe-high-school-2020,connect,connect,义务教育基础词汇,PDF第140页
moe-high-school-2020,consequence,consequence,高中选择性必修新增词汇,PDF第140页
moe-high-school-2020,conservation,conservation,高中选择性必修新增词汇,PDF第140页
moe-high-school-2020,consider,consider,义务教育基础词汇,PDF第140页
moe-high-school-2020,consist,consist,高中选择性必修新增词汇,PDF第140页
moe-high-school-2020,consistent,consistent,高中选择性必修新增词汇,PDF第140页
moe-high-school-2020,constant,constant,高中选择性必修新增词汇,PDF第140页
moe-high-school-2020,constitution,constitution,高中选择性必修新增词汇,PDF第140页
moe-high-school-2020,construction,construction,高中选择性必修新增词汇,PDF第140页
moe-high-school-2020,consultant,consultant,高中选择性必修新增词汇,PDF第140页
moe-high-school-2020,consultation,consultation,高中选择性必修新增词汇,PDF第140页
moe-high-school-2020,consume,consume,高中选择性必修新增词汇,PDF第140页
moe-high-school-2020,consumption,consumption,高中选择性必修新增词汇,PDF第140页
moe-high-school-2020,contact,contact,高中必修新增词汇,PDF第140页
moe-high-school-2020,contain,contain,高中必修新增词汇,PDF第140页
moe-high-school-2020,contemporary,contemporary,高中选择性必修新增词汇,PDF第140页
moe-high-school-2020,content,content,高中必修新增词汇,PDF第140页
moe-high-school-2020,contest,contest,高中选择性必修新增词汇,PDF第140页
moe-high-school-2020,context,context,高中必修新增词汇,PDF第140页
moe-high-school-2020,continent,continent,高中必修新增词汇,PDF第140页
moe-high-school-2020,continue,continue,义务教育基础词汇,PDF第140页
moe-high-school-2020,contract,contract,高中选择性必修新增词汇,PDF第140页
moe-high-school-2020,contradictory,contradictory,高中选择性必修新增词汇,PDF第141页
moe-high-school-2020,contrary,contrary,高中选择性必修新增词汇,PDF第141页
moe-high-school-2020,contrast,contrast,高中选择性必修新增词汇,PDF第141页
moe-high-school-2020,contribution,contribution,高中必修新增词汇,PDF第141页
moe-high-school-2020,control,control,义务教育基础词汇,PDF第141页
moe-high-school-2020,convenient,convenient,高中必修新增词汇,PDF第141页
moe-high-school-2020,conventional,conventional,高中选择性必修新增词汇,PDF第141页
moe-high-school-2020,conversation,conversation,义务教育基础词汇,PDF第141页
moe-high-school-2020,convince,convince,高中选择性必修新增词汇,PDF第141页
moe-high-school-2020,cook,cook,义务教育基础词汇,PDF第141页
moe-high-school-2020,cookie,cookie,义务教育基础词汇,PDF第141页
moe-high-school-2020,cool,cool,义务教育基础词汇,PDF第141页
moe-high-school-2020,cooperate,cooperate,高中选择性必修新增词汇,PDF第141页
moe-high-school-2020,copy,copy,义务教育基础词汇,PDF第141页
moe-high-school-2020,core,core,高中选择性必修新增词汇,PDF第141页
moe-high-school-2020,corn,corn,义务教育基础词汇,PDF第141页
moe-high-school-2020,corner,corner,义务教育基础词汇,PDF第141页
moe-high-school-2020,corporate,corporate,高中选择性必修新增词汇,PDF第141页
moe-high-school-2020,correct,correct,义务教育基础词汇,PDF第141页
moe-high-school-2020,correspond,correspond,高中选择性必修新增词汇,PDF第141页
moe-high-school-2020,cost,cost,义务教育基础词汇,PDF第141页
moe-high-school-2020,costume,costume,高中选择性必修新增词汇,PDF第141页
moe-high-school-2020,cottage,cottage,高中选择性必修新增词汇,PDF第141页
moe-high-school-2020,cotton,cotton,高中选择性必修新增词汇,PDF第141页
moe-high-school-2020,cough,cough,义务教育基础词汇,PDF第141页
moe-high-school-2020,could,could,义务教育基础词汇,PDF第141页
moe-high-school-2020,council,council,高中选择性必修新增词汇,PDF第141页
moe-high-school-2020,count,count,义务教育基础词汇,PDF第141页
moe-high-school-2020,country,country,义务教育基础词汇,PDF第141页
moe-high-school-2020,countryside,countryside,义务教育基础词汇,PDF第141页
moe-high-school-2020,county,county,高中必修新增词汇,PDF第141页
moe-high-school-2020,couple,couple,义务教育基础词汇,PDF第141页
moe-high-school-2020,courage,courage,义务教育基础词汇,PDF第141页
moe-high-school-2020,course,course,义务教育基础词汇,PDF第141页
moe-high-school-2020,court,court,高中必修新增词汇,PDF第141页
moe-high-school-2020,cousin,cousin,义务教育基础词汇,PDF第141页
moe-high-school-2020,cover,cover,义务教育基础词汇,PDF第141页
moe-high-school-2020,coverage,coverage,高中选择性必修新增词汇,PDF第141页
moe-high-school-2020,cow,cow,义务教育基础词汇,PDF第141页
moe-high-school-2020,crash,crash,高中必修新增词汇,PDF第141页
moe-high-school-2020,crayon,crayon,义务教育基础词汇,PDF第141页
moe-high-school-2020,crazy,crazy,义务教育基础词汇,PDF第141页
moe-high-school-2020,cream,cream,高中选择性必修新增词汇,PDF第141页
moe-high-school-2020,create,create,义务教育基础词汇,PDF第141页
moe-high-school-2020,creative,creative,高中必修新增词汇,PDF第141页
moe-high-school-2020,creature,creature,高中选择性必修新增词汇,PDF第141页
moe-high-school-2020,credit,credit,高中必修新增词汇,PDF第141页
moe-high-school-2020,crew,crew,高中选择性必修新增词汇,PDF第141页
moe-high-school-2020,crime,crime,高中选择性必修新增词汇,PDF第141页
moe-high-school-2020,crisis,crisis,高中选择性必修新增词汇,PDF第141页
moe-high-school-2020,criterion,criteria,高中选择性必修新增词汇,PDF第141页
moe-high-school-2020,criterion,criterion,高中选择性必修新增词汇,PDF第141页
moe-high-school-2020,critical,critical,高中选择性必修新增词汇,PDF第141页
moe-high-school-2020,criticise,criticise,高中选择性必修新增词汇,PDF第141页
moe-high-school-2020,criticise,criticize,高中选择性必修新增词汇,PDF第141页
moe-high-school-2020,crop,crop,高中选择性必修新增词汇,PDF第141页
moe-high-school-2020,cross,cross,义务教育基础词汇,PDF第141页
moe-high-school-2020,crowd,crowd,高中必修新增词汇,PDF第141页
moe-high-school-2020,crucial,crucial,高中选择性必修新增词汇,PDF第142页
moe-high-school-2020,cruel,cruel,高中选择性必修新增词汇,PDF第142页
moe-high-school-2020,cry,cry,义务教育基础词汇,PDF第142页
moe-high-school-2020,cuisine,cuisine,高中选择性必修新增词汇,PDF第142页
moe-high-school-2020,culture,culture,义务教育基础词汇,PDF第142页
moe-high-school-2020,cup,cup,义务教育基础词汇,PDF第142页
moe-high-school-2020,cupboard,cupboard,高中选择性必修新增词汇,PDF第142页
moe-high-school-2020,cure,cure,高中必修新增词汇,PDF第142页
moe-high-school-2020,curious,curious,高中必修新增词汇,PDF第142页
moe-high-school-2020,current,current,高中必修新增词汇,PDF第142页
moe-high-school-2020,curtain,curtain,高中选择性必修新增词汇,PDF第142页
moe-high-school-2020,custom,custom,高中必修新增词汇,PDF第142页
moe-high-school-2020,customer,customer,义务教育基础词汇,PDF第142页
moe-high-school-2020,cut,cut,义务教育基础词汇,PDF第142页
moe-high-school-2020,cute,cute,义务教育基础词汇,PDF第142页
moe-high-school-2020,cycle,cycle,高中选择性必修新增词汇,PDF第142页
moe-high-school-2020,father,dad,义务教育基础词汇,PDF第148页
moe-high-school-2020,daily,daily,义务教育基础词汇,PDF第142页
moe-high-school-2020,damage,damage,高中选择性必修新增词汇,PDF第142页
moe-high-school-2020,damp,damp,高中选择性必修新增词汇,PDF第142页
moe-high-school-2020,dance,dance,义务教育基础词汇,PDF第142页
moe-high-school-2020,danger,danger,义务教育基础词汇,PDF第142页
moe-high-school-2020,dangerous,dangerous,义务教育基础词汇,PDF第142页
moe-high-school-2020,dare,dare,高中选择性必修新增词汇,PDF第142页
moe-high-school-2020,dark,dark,义务教育基础词汇,PDF第142页
moe-high-school-2020,data,data,高中必修新增词汇,PDF第142页
moe-high-school-2020,database,database,高中选择性必修新增词汇,PDF第142页
moe-high-school-2020,date,date,义务教育基础词汇,PDF第142页
moe-high-school-2020,daughter,daughter,义务教育基础词汇,PDF第142页
moe-high-school-2020,day,day,义务教育基础词汇,PDF第142页
moe-high-school-2020,dead,dead,义务教育基础词汇,PDF第142页
moe-high-school-2020,deadline,deadline,高中选择性必修新增词汇,PDF第142页
moe-high-school-2020,deaf,deaf,义务教育基础词汇,PDF第142页
moe-high-school-2020,deal,deal,义务教育基础词汇,PDF第142页
moe-high-school-2020,dear,dear,义务教育基础词汇,PDF第142页
moe-high-school-2020,death,death,高中必修新增词汇,PDF第142页
moe-high-school-2020,debate,debate,高中选择性必修新增词汇,PDF第142页
moe-high-school-2020,debt,debt,高中选择性必修新增词汇,PDF第142页
moe-high-school-2020,decade,decade,高中选择性必修新增词汇,PDF第142页
moe-high-school-2020,december,december,义务教育基础词汇,PDF第142页
moe-high-school-2020,decent,decent,高中选择性必修新增词汇,PDF第142页
moe-high-school-2020,decide,decide,义务教育基础词汇,PDF第142页
moe-high-school-2020,decision,decision,义务教育基础词汇,PDF第142页
moe-high-school-2020,declare,declare,高中必修新增词汇,PDF第142页
moe-high-school-2020,decline,decline,高中选择性必修新增词汇,PDF第142页
moe-high-school-2020,decorate,decorate,高中必修新增词汇,PDF第142页
moe-high-school-2020,decrease,decrease,高中选择性必修新增词汇,PDF第142页
moe-high-school-2020,deep,deep,义务教育基础词汇,PDF第142页
moe-high-school-2020,deer,deer,高中必修新增词汇,PDF第142页
moe-high-school-2020,defeat,defeat,高中选择性必修新增词汇,PDF第142页
moe-high-school-2020,defence,defence,高中必修新增词汇,PDF第142页
moe-high-school-2020,defend,defend,高中选择性必修新增词汇,PDF第142页
moe-high-school-2020,defence,defense,高中必修新增词汇,PDF第142页
moe-high-school-2020,definitely,definitely,高中必修新增词汇,PDF第142页
moe-high-school-2020,definition,definition,高中选择性必修新增词汇,PDF第142页
moe-high-school-2020,degree,degree,义务教育基础词汇,PDF第142页
moe-high-school-2020,delay,delay,高中选择性必修新增词汇,PDF第143页
moe-high-school-2020,delete,delete,高中选择性必修新增词汇,PDF第143页
moe-high-school-2020,delicate,delicate,高中选择性必修新增词汇,PDF第143页
moe-high-school-2020,delicious,delicious,义务教育基础词汇,PDF第143页
moe-high-school-2020,deliver,deliver,高中必修新增词汇,PDF第143页
moe-high-school-2020,demand,demand,高中选择性必修新增词汇,PDF第143页
moe-high-school-2020,demonstrate,demonstrate,高中选择性必修新增词汇,PDF第143页
moe-high-school-2020,dentist,dentist,高中选择性必修新增词汇,PDF第143页
moe-high-school-2020,deny,deny,高中选择性必修新增词汇,PDF第143页
moe-high-school-2020,department,department,高中选择性必修新增词汇,PDF第143页
moe-high-school-2020,departure,departure,高中选择性必修新增词汇,PDF第143页
moe-high-school-2020,depend,depend,义务教育基础词汇,PDF第143页
moe-high-school-2020,depress,depress,高中选择性必修新增词汇,PDF第143页
moe-high-school-2020,depth,depth,高中选择性必修新增词汇,PDF第143页
moe-high-school-2020,describe,describe,义务教育基础词汇,PDF第143页
moe-high-school-2020,description,description,高中必修新增词汇,PDF第143页
moe-high-school-2020,desert,desert,高中必修新增词汇,PDF第143页
moe-high-school-2020,deserve,deserve,高中选择性必修新增词汇,PDF第143页
moe-high-school-2020,design,design,高中必修新增词汇,PDF第143页
moe-high-school-2020,desire,desire,高中必修新增词汇,PDF第143页
moe-high-school-2020,desk,desk,义务教育基础词汇,PDF第143页
moe-high-school-2020,desperate,desperate,高中选择性必修新增词汇,PDF第143页
moe-high-school-2020,despite,despite,高中必修新增词汇,PDF第143页
moe-high-school-2020,dessert,dessert,高中选择性必修新增词汇,PDF第143页
moe-high-school-2020,destination,destination,高中必修新增词汇,PDF第143页
moe-high-school-2020,destroy,destroy,高中必修新增词汇,PDF第143页
moe-high-school-2020,detail,detail,高中必修新增词汇,PDF第143页
moe-high-school-2020,detect,detect,高中选择性必修新增词汇,PDF第143页
moe-high-school-2020,detective,detective,高中选择性必修新增词汇,PDF第143页
moe-high-school-2020,determine,determine,高中必修新增词汇,PDF第143页
moe-high-school-2020,develop,develop,义务教育基础词汇,PDF第143页
moe-high-school-2020,development,development,义务教育基础词汇,PDF第143页
moe-high-school-2020,device,device,高中选择性必修新增词汇,PDF第143页
moe-high-school-2020,devote,devote,高中选择性必修新增词汇,PDF第143页
moe-high-school-2020,diagram,diagram,高中必修新增词汇,PDF第143页
moe-high-school-2020,dialogue,dialog,义务教育基础词汇,PDF第143页
moe-high-school-2020,dialogue,dialogue,义务教育基础词汇,PDF第143页
moe-high-school-2020,diamond,diamond,高中选择性必修新增词汇,PDF第143页
moe-high-school-2020,diary,diary,义务教育基础词汇,PDF第143页
moe-high-school-2020,dictionary,dictionary,义务教育基础词汇,PDF第143页
moe-high-school-2020,die,die,义务教育基础词汇,PDF第143页
moe-high-school-2020,diet,diet,高中必修新增词汇,PDF第143页
moe-high-school-2020,differ,differ,高中选择性必修新增词汇,PDF第143页
moe-high-school-2020,difference,difference,义务教育基础词汇,PDF第143页
moe-high-school-2020,different,different,义务教育基础词汇,PDF第143页
moe-high-school-2020,difficult,difficult,义务教育基础词汇,PDF第143页
moe-high-school-2020,difficulty,difficulty,义务教育基础词汇,PDF第143页
moe-high-school-2020,dig,dig,义务教育基础词汇,PDF第143页
moe-high-school-2020,digest,digest,高中选择性必修新增词汇,PDF第143页
moe-high-school-2020,digital,digital,高中必修新增词汇,PDF第143页
moe-high-school-2020,dignity,dignity,高中选择性必修新增词汇,PDF第143页
moe-high-school-2020,dimension,dimension,高中选择性必修新增词汇,PDF第143页
moe-high-school-2020,dining,dining,义务教育基础词汇,PDF第143页
moe-high-school-2020,dinner,dinner,义务教育基础词汇,PDF第143页
moe-high-school-2020,dinosaur,dinosaur,高中必修新增词汇,PDF第143页
moe-high-school-2020,direct,direct,义务教育基础词汇,PDF第143页
moe-high-school-2020,direction,direction,义务教育基础词汇,PDF第143页
moe-high-school-2020,director,director,义务教育基础词汇,PDF第144页
moe-high-school-2020,directory,directory,高中选择性必修新增词汇,PDF第144页
moe-high-school-2020,dirty,dirty,义务教育基础词汇,PDF第144页
moe-high-school-2020,disability,disability,高中选择性必修新增词汇,PDF第144页
moe-high-school-2020,disabled,disabled,高中选择性必修新增词汇,PDF第144页
moe-high-school-2020,disappear,disappear,高中必修新增词汇,PDF第144页
moe-high-school-2020,disappointed,disappointed,高中选择性必修新增词汇,PDF第144页
moe-high-school-2020,disaster,disaster,高中必修新增词汇,PDF第144页
moe-high-school-2020,disk,disc,高中选择性必修新增词汇,PDF第144页
moe-high-school-2020,discipline,discipline,高中选择性必修新增词汇,PDF第144页
moe-high-school-2020,discount,discount,高中选择性必修新增词汇,PDF第144页
moe-high-school-2020,discover,discover,义务教育基础词汇,PDF第144页
moe-high-school-2020,discovery,discovery,义务教育基础词汇,PDF第144页
moe-high-school-2020,discrimination,discrimination,高中选择性必修新增词汇,PDF第144页
moe-high-school-2020,discuss,discuss,义务教育基础词汇,PDF第144页
moe-high-school-2020,discussion,discussion,义务教育基础词汇,PDF第144页
moe-high-school-2020,disease,disease,高中必修新增词汇,PDF第144页
moe-high-school-2020,dish,dish,义务教育基础词汇,PDF第144页
moe-high-school-2020,disk,disk,高中选择性必修新增词汇,PDF第144页
moe-high-school-2020,dismiss,dismiss,高中选择性必修新增词汇,PDF第144页
moe-high-school-2020,display,display,高中选择性必修新增词汇,PDF第144页
moe-high-school-2020,distance,distance,高中必修新增词汇,PDF第144页
moe-high-school-2020,distant,distant,高中选择性必修新增词汇,PDF第144页
moe-high-school-2020,distinct,distinct,高中选择性必修新增词汇,PDF第144页
moe-high-school-2020,distinguish,distinguish,高中选择性必修新增词汇,PDF第144页
moe-high-school-2020,distribution,distribution,高中选择性必修新增词汇,PDF第144页
moe-high-school-2020,district,district,高中选择性必修新增词汇,PDF第144页
moe-high-school-2020,disturb,disturb,高中选择性必修新增词汇,PDF第144页
moe-high-school-2020,dive,dive,高中选择性必修新增词汇,PDF第144页
moe-high-school-2020,diverse,diverse,高中选择性必修新增词汇,PDF第144页
moe-high-school-2020,divide,divide,义务教育基础词汇,PDF第144页
moe-high-school-2020,division,division,高中选择性必修新增词汇,PDF第144页
moe-high-school-2020,dizzy,dizzy,高中选择性必修新增词汇,PDF第144页
moe-high-school-2020,do,do,义务教育基础词汇,PDF第144页
moe-high-school-2020,doctor,doctor,义务教育基础词汇,PDF第144页
moe-high-school-2020,document,document,高中必修新增词汇,PDF第144页
moe-high-school-2020,dog,dog,义务教育基础词汇,PDF第144页
moe-high-school-2020,dollar,dollar,义务教育基础词汇,PDF第144页
moe-high-school-2020,dolphin,dolphin,高中必修新增词汇,PDF第144页
moe-high-school-2020,domain,domain,高中选择性必修新增词汇,PDF第144页
moe-high-school-2020,domestic,domestic,高中选择性必修新增词汇,PDF第144页
moe-high-school-2020,dominate,dominate,高中选择性必修新增词汇,PDF第144页
moe-high-school-2020,donate,donate,高中必修新增词汇,PDF第144页
moe-high-school-2020,door,door,义务教育基础词汇,PDF第144页
moe-high-school-2020,dormitory,dormitory,高中选择性必修新增词汇,PDF第144页
moe-high-school-2020,double,double,义务教育基础词汇,PDF第144页
moe-high-school-2020,doubt,doubt,义务教育基础词汇,PDF第144页
moe-high-school-2020,down,down,义务教育基础词汇,PDF第144页
moe-high-school-2020,download,download,高中必修新增词汇,PDF第144页
moe-high-school-2020,downstairs,downstairs,高中必修新增词汇,PDF第144页
moe-high-school-2020,downtown,downtown,高中必修新增词汇,PDF第144页
moe-high-school-2020,dozen,dozen,高中选择性必修新增词汇,PDF第144页
moe-high-school-2020,draft,draft,高中选择性必修新增词汇,PDF第144页
moe-high-school-2020,drag,drag,高中选择性必修新增词汇,PDF第144页
moe-high-school-2020,dragon,dragon,高中必修新增词汇,PDF第144页
moe-high-school-2020,drama,drama,高中选择性必修新增词汇,PDF第144页
moe-high-school-2020,dramatic,dramatic,高中选择性必修新增词汇,PDF第144页
moe-high-school-2020,draw,draw,义务教育基础词汇,PDF第145页
moe-high-school-2020,drawer,drawer,高中选择性必修新增词汇,PDF第145页
moe-high-school-2020,dream,dream,义务教育基础词汇,PDF第145页
moe-high-school-2020,dress,dress,义务教育基础词汇,PDF第145页
moe-high-school-2020,drill,drill,高中选择性必修新增词汇,PDF第145页
moe-high-school-2020,drink,drink,义务教育基础词汇,PDF第145页
moe-high-school-2020,drive,drive,义务教育基础词汇,PDF第145页
moe-high-school-2020,driver,driver,义务教育基础词汇,PDF第145页
moe-high-school-2020,drop,drop,义务教育基础词汇,PDF第145页
moe-high-school-2020,drought,drought,高中必修新增词汇,PDF第145页
moe-high-school-2020,drug,drug,高中选择性必修新增词汇,PDF第145页
moe-high-school-2020,dry,dry,义务教育基础词汇,PDF第145页
moe-high-school-2020,duck,duck,义务教育基础词汇,PDF第145页
moe-high-school-2020,due to,due to,高中必修新增词汇,PDF第145页
moe-high-school-2020,due to,due-to,高中必修新增词汇,PDF第145页
moe-high-school-2020,dumpling,dumpling,义务教育基础词汇,PDF第145页
moe-high-school-2020,duration,duration,高中选择性必修新增词汇,PDF第145页
moe-high-school-2020,during,during,义务教育基础词汇,PDF第145页
moe-high-school-2020,dust,dust,高中选择性必修新增词汇,PDF第145页
moe-high-school-2020,duty,duty,高中必修新增词汇,PDF第145页
moe-high-school-2020,dynamic,dynamic,高中选择性必修新增词汇,PDF第145页
moe-high-school-2020,dynasty,dynasty,高中选择性必修新增词汇,PDF第145页
moe-high-school-2020,each,each,义务教育基础词汇,PDF第145页
moe-high-school-2020,eager,eager,高中必修新增词汇,PDF第145页
moe-high-school-2020,eagle,eagle,高中选择性必修新增词汇,PDF第145页
moe-high-school-2020,ear,ear,义务教育基础词汇,PDF第145页
moe-high-school-2020,early,early,义务教育基础词汇,PDF第145页
moe-high-school-2020,earn,earn,高中必修新增词汇,PDF第145页
moe-high-school-2020,earth,earth,义务教育基础词汇,PDF第145页
moe-high-school-2020,earthquake,earthquake,义务教育基础词汇,PDF第145页
moe-high-school-2020,ease,ease,高中选择性必修新增词汇,PDF第145页
moe-high-school-2020,east,east,义务教育基础词汇,PDF第145页
moe-high-school-2020,eastern,eastern,义务教育基础词汇,PDF第145页
moe-high-school-2020,easy,easy,义务教育基础词汇,PDF第145页
moe-high-school-2020,eat,eat,义务教育基础词汇,PDF第145页
moe-high-school-2020,ecology,ecology,高中选择性必修新增词汇,PDF第145页
moe-high-school-2020,economic,economic,高中选择性必修新增词汇,PDF第145页
moe-high-school-2020,edge,edge,高中选择性必修新增词汇,PDF第145页
moe-high-school-2020,editor,editor,高中必修新增词汇,PDF第145页
moe-high-school-2020,education,education,义务教育基础词汇,PDF第145页
moe-high-school-2020,educator,educator,高中选择性必修新增词汇,PDF第145页
moe-high-school-2020,effect,effect,高中必修新增词汇,PDF第145页
moe-high-school-2020,efficient,efficient,高中选择性必修新增词汇,PDF第145页
moe-high-school-2020,effort,effort,高中必修新增词汇,PDF第145页
moe-high-school-2020,egg,egg,义务教育基础词汇,PDF第145页
moe-high-school-2020,eight,eight,义务教育基础词汇,PDF第145页
moe-high-school-2020,eighteen,eighteen,义务教育基础词汇,PDF第145页
moe-high-school-2020,eighth,eighth,义务教育基础词汇,PDF第145页
moe-high-school-2020,eighty,eighty,义务教育基础词汇,PDF第145页
moe-high-school-2020,either,either,义务教育基础词汇,PDF第145页
moe-high-school-2020,elder,elder,义务教育基础词汇,PDF第145页
moe-high-school-2020,elderly,elderly,高中选择性必修新增词汇,PDF第145页
moe-high-school-2020,election,election,高中选择性必修新增词汇,PDF第145页
moe-high-school-2020,electricity,electricity,高中必修新增词汇,PDF第145页
moe-high-school-2020,electronic,electronic,义务教育基础词汇,PDF第145页
moe-high-school-2020,elegant,elegant,高中选择性必修新增词汇,PDF第146页
moe-high-school-2020,element,element,高中必修新增词汇,PDF第146页
moe-high-school-2020,elephant,elephant,义务教育基础词汇,PDF第146页
moe-high-school-2020,eleven,eleven,义务教育基础词汇,PDF第146页
moe-high-school-2020,else,else,义务教育基础词汇,PDF第146页
moe-high-school-2020,elsewhere,elsewhere,高中选择性必修新增词汇,PDF第146页
moe-high-school-2020,email,email,义务教育基础词汇,PDF第146页
moe-high-school-2020,embarrassed,embarrassed,高中选择性必修新增词汇,PDF第146页
moe-high-school-2020,emerge,emerge,高中选择性必修新增词汇,PDF第146页
moe-high-school-2020,emergency,emergency,高中选择性必修新增词汇,PDF第146页
moe-high-school-2020,emotion,emotion,高中选择性必修新增词汇,PDF第146页
moe-high-school-2020,emperor,emperor,高中选择性必修新增词汇,PDF第146页
moe-high-school-2020,emphasis,emphasis,高中选择性必修新增词汇,PDF第146页
moe-high-school-2020,employ,employ,高中选择性必修新增词汇,PDF第146页
moe-high-school-2020,empty,empty,义务教育基础词汇,PDF第146页
moe-high-school-2020,enable,enable,高中必修新增词汇,PDF第146页
moe-high-school-2020,encounter,encounter,高中选择性必修新增词汇,PDF第146页
moe-high-school-2020,encourage,encourage,义务教育基础词汇,PDF第146页
moe-high-school-2020,end,end,义务教育基础词汇,PDF第146页
moe-high-school-2020,enemy,enemy,义务教育基础词汇,PDF第146页
moe-high-school-2020,energetic,energetic,高中必修新增词汇,PDF第146页
moe-high-school-2020,energy,energy,高中必修新增词汇,PDF第146页
moe-high-school-2020,engage,engage,高中选择性必修新增词汇,PDF第146页
moe-high-school-2020,engine,engine,高中必修新增词汇,PDF第146页
moe-high-school-2020,engineer,engineer,义务教育基础词汇,PDF第146页
moe-high-school-2020,england,england,义务教育基础词汇,PDF第146页
moe-high-school-2020,english,english,义务教育基础词汇,PDF第146页
moe-high-school-2020,enhance,enhance,高中选择性必修新增词汇,PDF第146页
moe-high-school-2020,enjoy,enjoy,义务教育基础词汇,PDF第146页
moe-high-school-2020,enormous,enormous,高中选择性必修新增词汇,PDF第146页
moe-high-school-2020,enough,enough,义务教育基础词汇,PDF第146页
moe-high-school-2020,ensure,ensure,高中必修新增词汇,PDF第146页
moe-high-school-2020,enter,enter,义务教育基础词汇,PDF第146页
moe-high-school-2020,enterprise,enterprise,高中选择性必修新增词汇,PDF第146页
moe-high-school-2020,entertainment,entertainment,高中选择性必修新增词汇,PDF第146页
moe-high-school-2020,enthusiastic,enthusiastic,高中选择性必修新增词汇,PDF第146页
moe-high-school-2020,entirely,entirely,高中必修新增词汇,PDF第146页
moe-high-school-2020,entitle,entitle,高中选择性必修新增词汇,PDF第146页
moe-high-school-2020,entrance,entrance,高中必修新增词汇,PDF第146页
moe-high-school-2020,entry,entry,高中选择性必修新增词汇,PDF第146页
moe-high-school-2020,envelope,envelope,高中必修新增词汇,PDF第146页
moe-high-school-2020,environment,environment,义务教育基础词汇,PDF第146页
moe-high-school-2020,envy,envy,高中选择性必修新增词汇,PDF第146页
moe-high-school-2020,episode,episode,高中选择性必修新增词汇,PDF第146页
moe-high-school-2020,equal,equal,高中必修新增词汇,PDF第146页
moe-high-school-2020,equator,equator,高中选择性必修新增词汇,PDF第146页
moe-high-school-2020,equipment,equipment,高中必修新增词汇,PDF第146页
moe-high-school-2020,era,era,高中选择性必修新增词汇,PDF第146页
moe-high-school-2020,eraser,eraser,义务教育基础词汇,PDF第146页
moe-high-school-2020,error,error,高中必修新增词汇,PDF第146页
moe-high-school-2020,erupt,erupt,高中必修新增词汇,PDF第146页
moe-high-school-2020,escape,escape,高中必修新增词汇,PDF第146页
moe-high-school-2020,especially,especially,义务教育基础词汇,PDF第146页
moe-high-school-2020,essay,essay,高中选择性必修新增词汇,PDF第146页
moe-high-school-2020,essential,essential,高中选择性必修新增词汇,PDF第146页
moe-high-school-2020,establish,establish,高中必修新增词汇,PDF第146页
moe-high-school-2020,estate,estate,高中选择性必修新增词汇,PDF第147页
moe-high-school-2020,estimate,estimate,高中选择性必修新增词汇,PDF第147页
moe-high-school-2020,europe,europe,义务教育基础词汇,PDF第147页
moe-high-school-2020,european,european,义务教育基础词汇,PDF第147页
moe-high-school-2020,evaluate,evaluate,高中选择性必修新增词汇,PDF第147页
moe-high-school-2020,eve,eve,高中必修新增词汇,PDF第147页
moe-high-school-2020,even,even,义务教育基础词汇,PDF第147页
moe-high-school-2020,evening,evening,义务教育基础词汇,PDF第147页
moe-high-school-2020,event,event,高中必修新增词汇,PDF第147页
moe-high-school-2020,eventually,eventually,高中必修新增词汇,PDF第147页
moe-high-school-2020,ever,ever,义务教育基础词汇,PDF第147页
moe-high-school-2020,every,every,义务教育基础词汇,PDF第147页
moe-high-school-2020,everybody,everybody,义务教育基础词汇,PDF第147页
moe-high-school-2020,everyday,everyday,义务教育基础词汇,PDF第147页
moe-high-school-2020,everyone,everyone,义务教育基础词汇,PDF第147页
moe-high-school-2020,everything,everything,义务教育基础词汇,PDF第147页
moe-high-school-2020,everywhere,everywhere,义务教育基础词汇,PDF第147页
moe-high-school-2020,evidence,evidence,高中选择性必修新增词汇,PDF第147页
moe-high-school-2020,exactly,exactly,义务教育基础词汇,PDF第147页
moe-high-school-2020,exam,exam,义务教育基础词汇,PDF第147页
moe-high-school-2020,exam,examination,义务教育基础词汇,PDF第147页
moe-high-school-2020,examine,examine,高中选择性必修新增词汇,PDF第147页
moe-high-school-2020,example,example,义务教育基础词汇,PDF第147页
moe-high-school-2020,excellent,excellent,义务教育基础词汇,PDF第147页
moe-high-school-2020,except,except,义务教育基础词汇,PDF第147页
moe-high-school-2020,exceptional,exceptional,高中选择性必修新增词汇,PDF第147页
moe-high-school-2020,exchange,exchange,高中必修新增词汇,PDF第147页
moe-high-school-2020,excited,excited,义务教育基础词汇,PDF第147页
moe-high-school-2020,exciting,exciting,义务教育基础词汇,PDF第147页
moe-high-school-2020,excuse,excuse,义务教育基础词汇,PDF第147页
moe-high-school-2020,exercise,exercise,义务教育基础词汇,PDF第147页
moe-high-school-2020,exhibition,exhibition,高中选择性必修新增词汇,PDF第147页
moe-high-school-2020,exist,exist,高中必修新增词汇,PDF第147页
moe-high-school-2020,exit,exit,高中必修新增词汇,PDF第147页
moe-high-school-2020,expand,expand,高中选择性必修新增词汇,PDF第147页
moe-high-school-2020,expansion,expansion,高中选择性必修新增词汇,PDF第147页
moe-high-school-2020,expect,expect,义务教育基础词汇,PDF第147页
moe-high-school-2020,expectation,expectation,高中选择性必修新增词汇,PDF第147页
moe-high-school-2020,expense,expense,高中选择性必修新增词汇,PDF第147页
moe-high-school-2020,expensive,expensive,义务教育基础词汇,PDF第147页
moe-high-school-2020,experience,experience,义务教育基础词汇,PDF第147页
moe-high-school-2020,experiment,experiment,高中必修新增词汇,PDF第147页
moe-high-school-2020,expert,expert,高中必修新增词汇,PDF第147页
moe-high-school-2020,explain,explain,义务教育基础词汇,PDF第147页
moe-high-school-2020,explode,explode,高中选择性必修新增词汇,PDF第147页
moe-high-school-2020,explore,explore,高中必修新增词汇,PDF第147页
moe-high-school-2020,export,export,高中必修新增词汇,PDF第147页
moe-high-school-2020,expose,expose,高中选择性必修新增词汇,PDF第147页
moe-high-school-2020,exposure,exposure,高中选择性必修新增词汇,PDF第147页
moe-high-school-2020,express,express,义务教育基础词汇,PDF第147页
moe-high-school-2020,extend,extend,高中选择性必修新增词汇,PDF第147页
moe-high-school-2020,extension,extension,高中选择性必修新增词汇,PDF第147页
moe-high-school-2020,extent,extent,高中必修新增词汇,PDF第147页
moe-high-school-2020,external,external,高中必修新增词汇,PDF第147页
moe-high-school-2020,extinction,extinction,高中必修新增词汇,PDF第147页
moe-high-school-2020,extra,extra,高中必修新增词汇,PDF第147页
moe-high-school-2020,extraordinary,extraordinary,高中选择性必修新增词汇,PDF第147页
moe-high-school-2020,extremely,extremely,高中必修新增词汇,PDF第148页
moe-high-school-2020,eye,eye,义务教育基础词汇,PDF第148页
moe-high-school-2020,fabric,fabric,高中选择性必修新增词汇,PDF第148页
moe-high-school-2020,face,face,义务教育基础词汇,PDF第148页
moe-high-school-2020,facilitate,facilitate,高中选择性必修新增词汇,PDF第148页
moe-high-school-2020,facility,facility,高中必修新增词汇,PDF第148页
moe-high-school-2020,fact,fact,义务教育基础词汇,PDF第148页
moe-high-school-2020,factor,factor,高中必修新增词汇,PDF第148页
moe-high-school-2020,factory,factory,义务教育基础词汇,PDF第148页
moe-high-school-2020,fail,fail,义务教育基础词汇,PDF第148页
moe-high-school-2020,failure,failure,高中必修新增词汇,PDF第148页
moe-high-school-2020,fair,fair,义务教育基础词汇,PDF第148页
moe-high-school-2020,faith,faith,高中选择性必修新增词汇,PDF第148页
moe-high-school-2020,fall,fall,义务教育基础词汇,PDF第148页
moe-high-school-2020,false,false,高中选择性必修新增词汇,PDF第148页
moe-high-school-2020,familiar,familiar,高中必修新增词汇,PDF第148页
moe-high-school-2020,family,family,义务教育基础词汇,PDF第148页
moe-high-school-2020,famous,famous,义务教育基础词汇,PDF第148页
moe-high-school-2020,fan,fan,义务教育基础词汇,PDF第148页
moe-high-school-2020,fancy,fancy,高中必修新增词汇,PDF第148页
moe-high-school-2020,fantastic,fantastic,义务教育基础词汇,PDF第148页
moe-high-school-2020,fantasy,fantasy,高中选择性必修新增词汇,PDF第148页
moe-high-school-2020,far,far,义务教育基础词汇,PDF第148页
moe-high-school-2020,farm,farm,义务教育基础词汇,PDF第148页
moe-high-school-2020,farmer,farmer,义务教育基础词汇,PDF第148页
moe-high-school-2020,fashion,fashion,高中选择性必修新增词汇,PDF第148页
moe-high-school-2020,fast,fast,义务教育基础词汇,PDF第148页
moe-high-school-2020,fat,fat,义务教育基础词汇,PDF第148页
moe-high-school-2020,father,father,义务教育基础词汇,PDF第148页
moe-high-school-2020,fault,fault,高中选择性必修新增词汇,PDF第148页
moe-high-school-2020,favour,favor,高中选择性必修新增词汇,PDF第148页
moe-high-school-2020,favourite,favorite,义务教育基础词汇,PDF第148页
moe-high-school-2020,favour,favour,高中选择性必修新增词汇,PDF第148页
moe-high-school-2020,favourite,favourite,义务教育基础词汇,PDF第148页
moe-high-school-2020,fear,fear,义务教育基础词汇,PDF第148页
moe-high-school-2020,feature,feature,高中必修新增词汇,PDF第148页
moe-high-school-2020,february,february,义务教育基础词汇,PDF第148页
moe-high-school-2020,fee,fee,高中选择性必修新增词汇,PDF第148页
moe-high-school-2020,feed,feed,义务教育基础词汇,PDF第148页
moe-high-school-2020,feel,feel,义务教育基础词汇,PDF第148页
moe-high-school-2020,feeling,feeling,义务教育基础词汇,PDF第148页
moe-high-school-2020,foot,feet,义务教育基础词汇,PDF第149页
moe-high-school-2020,fellow,fellow,高中选择性必修新增词汇,PDF第148页
moe-high-school-2020,female,female,高中必修新增词汇,PDF第148页
moe-high-school-2020,fence,fence,高中选择性必修新增词汇,PDF第148页
moe-high-school-2020,festival,festival,义务教育基础词汇,PDF第148页
moe-high-school-2020,fetch,fetch,高中选择性必修新增词汇,PDF第148页
moe-high-school-2020,fever,fever,义务教育基础词汇,PDF第148页
moe-high-school-2020,few,few,义务教育基础词汇,PDF第148页
moe-high-school-2020,fibre,fiber,高中选择性必修新增词汇,PDF第148页
moe-high-school-2020,fibre,fibre,高中选择性必修新增词汇,PDF第148页
moe-high-school-2020,fiction,fiction,高中选择性必修新增词汇,PDF第148页
moe-high-school-2020,field,field,义务教育基础词汇,PDF第148页
moe-high-school-2020,fifteen,fifteen,义务教育基础词汇,PDF第148页
moe-high-school-2020,fifth,fifth,义务教育基础词汇,PDF第148页
moe-high-school-2020,fifty,fifty,义务教育基础词汇,PDF第148页
moe-high-school-2020,fight,fight,义务教育基础词汇,PDF第148页
moe-high-school-2020,figure,figure,高中必修新增词汇,PDF第148页
moe-high-school-2020,file,file,高中必修新增词汇,PDF第149页
moe-high-school-2020,fill,fill,义务教育基础词汇,PDF第149页
moe-high-school-2020,film,film,义务教育基础词汇,PDF第149页
moe-high-school-2020,finally,finally,义务教育基础词汇,PDF第149页
moe-high-school-2020,finance,finance,高中选择性必修新增词汇,PDF第149页
moe-high-school-2020,financial,financial,高中选择性必修新增词汇,PDF第149页
moe-high-school-2020,find,find,义务教育基础词汇,PDF第149页
moe-high-school-2020,finding,finding,高中选择性必修新增词汇,PDF第149页
moe-high-school-2020,fine,fine,义务教育基础词汇,PDF第149页
moe-high-school-2020,finger,finger,义务教育基础词汇,PDF第149页
moe-high-school-2020,finish,finish,义务教育基础词汇,PDF第149页
moe-high-school-2020,fire,fire,义务教育基础词汇,PDF第149页
moe-high-school-2020,firm,firm,高中选择性必修新增词汇,PDF第149页
moe-high-school-2020,first,first,义务教育基础词汇,PDF第149页
moe-high-school-2020,fish,fish,义务教育基础词汇,PDF第149页
moe-high-school-2020,fisherman,fisherman,义务教育基础词汇,PDF第149页
moe-high-school-2020,fist,fist,高中选择性必修新增词汇,PDF第149页
moe-high-school-2020,fit,fit,义务教育基础词汇,PDF第149页
moe-high-school-2020,five,five,义务教育基础词汇,PDF第149页
moe-high-school-2020,fix,fix,义务教育基础词汇,PDF第149页
moe-high-school-2020,flag,flag,义务教育基础词汇,PDF第149页
moe-high-school-2020,flash,flash,高中必修新增词汇,PDF第149页
moe-high-school-2020,flat,flat,高中必修新增词汇,PDF第149页
moe-high-school-2020,flavour,flavor,高中选择性必修新增词汇,PDF第149页
moe-high-school-2020,flavour,flavour,高中选择性必修新增词汇,PDF第149页
moe-high-school-2020,flexible,flexible,高中必修新增词汇,PDF第149页
moe-high-school-2020,flight,flight,高中必修新增词汇,PDF第149页
moe-high-school-2020,flood,flood,高中必修新增词汇,PDF第149页
moe-high-school-2020,floor,floor,义务教育基础词汇,PDF第149页
moe-high-school-2020,flour,flour,高中选择性必修新增词汇,PDF第149页
moe-high-school-2020,flow,flow,高中选择性必修新增词汇,PDF第149页
moe-high-school-2020,flower,flower,义务教育基础词汇,PDF第149页
moe-high-school-2020,flu,flu,高中选择性必修新增词汇,PDF第149页
moe-high-school-2020,fluent,fluent,高中选择性必修新增词汇,PDF第149页
moe-high-school-2020,fly,fly,义务教育基础词汇,PDF第149页
moe-high-school-2020,focus,focus,高中必修新增词汇,PDF第149页
moe-high-school-2020,foggy,foggy,高中选择性必修新增词汇,PDF第149页
moe-high-school-2020,fold,fold,高中选择性必修新增词汇,PDF第149页
moe-high-school-2020,folk,folk,高中选择性必修新增词汇,PDF第149页
moe-high-school-2020,follow,follow,义务教育基础词汇,PDF第149页
moe-high-school-2020,fond,fond,高中选择性必修新增词汇,PDF第149页
moe-high-school-2020,food,food,义务教育基础词汇,PDF第149页
moe-high-school-2020,foot,foot,义务教育基础词汇,PDF第149页
moe-high-school-2020,football,football,义务教育基础词汇,PDF第149页
moe-high-school-2020,for,for,义务教育基础词汇,PDF第149页
moe-high-school-2020,force,force,义务教育基础词汇,PDF第149页
moe-high-school-2020,forecast,forecast,高中选择性必修新增词汇,PDF第149页
moe-high-school-2020,forehead,forehead,高中选择性必修新增词汇,PDF第149页
moe-high-school-2020,foreign,foreign,义务教育基础词汇,PDF第149页
moe-high-school-2020,forest,forest,义务教育基础词汇,PDF第149页
moe-high-school-2020,forever,forever,高中选择性必修新增词汇,PDF第149页
moe-high-school-2020,forget,forget,义务教育基础词汇,PDF第149页
moe-high-school-2020,forgive,forgive,高中选择性必修新增词汇,PDF第149页
moe-high-school-2020,fork,fork,义务教育基础词汇,PDF第149页
moe-high-school-2020,form,form,义务教育基础词汇,PDF第149页
moe-high-school-2020,formal,formal,高中必修新增词汇,PDF第149页
moe-high-school-2020,format,format,高中选择性必修新增词汇,PDF第149页
moe-high-school-2020,former,former,高中必修新增词汇,PDF第150页
moe-high-school-2020,fortunately,fortunately,高中必修新增词汇,PDF第150页
moe-high-school-2020,forty,forty,义务教育基础词汇,PDF第150页
moe-high-school-2020,forward,forward,高中必修新增词汇,PDF第150页
moe-high-school-2020,found,found,高中选择性必修新增词汇,PDF第150页
moe-high-school-2020,foundation,foundation,高中选择性必修新增词汇,PDF第150页
moe-high-school-2020,fountain,fountain,高中选择性必修新增词汇,PDF第150页
moe-high-school-2020,four,four,义务教育基础词汇,PDF第150页
moe-high-school-2020,fourteen,fourteen,义务教育基础词汇,PDF第150页
moe-high-school-2020,fourth,fourth,义务教育基础词汇,PDF第150页
moe-high-school-2020,fox,fox,高中选择性必修新增词汇,PDF第150页
moe-high-school-2020,france,france,义务教育基础词汇,PDF第150页
moe-high-school-2020,frank,frank,高中必修新增词汇,PDF第150页
moe-high-school-2020,free,free,义务教育基础词汇,PDF第150页
moe-high-school-2020,freedom,freedom,高中选择性必修新增词汇,PDF第150页
moe-high-school-2020,freeze,freeze,高中选择性必修新增词汇,PDF第150页
moe-high-school-2020,french,french,义务教育基础词汇,PDF第150页
moe-high-school-2020,frequency,frequency,高中选择性必修新增词汇,PDF第150页
moe-high-school-2020,frequently,frequently,高中必修新增词汇,PDF第150页
moe-high-school-2020,fresh,fresh,义务教育基础词汇,PDF第150页
moe-high-school-2020,friction,friction,高中选择性必修新增词汇,PDF第150页
moe-high-school-2020,friday,friday,义务教育基础词汇,PDF第150页
moe-high-school-2020,fridge,fridge,义务教育基础词汇,PDF第150页
moe-high-school-2020,friend,friend,义务教育基础词汇,PDF第150页
moe-high-school-2020,friendly,friendly,义务教育基础词汇,PDF第150页
moe-high-school-2020,friendship,friendship,义务教育基础词汇,PDF第150页
moe-high-school-2020,frightened,frightened,高中必修新增词汇,PDF第150页
moe-high-school-2020,frog,frog,高中选择性必修新增词汇,PDF第150页
moe-high-school-2020,from,from,义务教育基础词汇,PDF第150页
moe-high-school-2020,front,front,义务教育基础词汇,PDF第150页
moe-high-school-2020,frontier,frontier,高中选择性必修新增词汇,PDF第150页
moe-high-school-2020,frost,frost,高中选择性必修新增词汇,PDF第150页
moe-high-school-2020,fruit,fruit,义务教育基础词汇,PDF第150页
moe-high-school-2020,fry,fry,高中选择性必修新增词汇,PDF第150页
moe-high-school-2020,fuel,fuel,高中选择性必修新增词汇,PDF第150页
moe-high-school-2020,full,full,义务教育基础词汇,PDF第150页
moe-high-school-2020,fun,fun,义务教育基础词汇,PDF第150页
moe-high-school-2020,function,function,高中必修新增词汇,PDF第150页
moe-high-school-2020,fund,fund,高中必修新增词汇,PDF第150页
moe-high-school-2020,fundamental,fundamental,高中选择性必修新增词汇,PDF第150页
moe-high-school-2020,funny,funny,义务教育基础词汇,PDF第150页
moe-high-school-2020,furniture,furniture,高中选择性必修新增词汇,PDF第150页
moe-high-school-2020,further,further,高中必修新增词汇,PDF第150页
moe-high-school-2020,future,future,义务教育基础词汇,PDF第150页
moe-high-school-2020,gain,gain,高中选择性必修新增词汇,PDF第150页
moe-high-school-2020,gallery,gallery,高中选择性必修新增词汇,PDF第150页
moe-high-school-2020,game,game,义务教育基础词汇,PDF第150页
moe-high-school-2020,gap,gap,高中必修新增词汇,PDF第150页
moe-high-school-2020,garbage,garbage,高中选择性必修新增词汇,PDF第150页
moe-high-school-2020,garden,garden,义务教育基础词汇,PDF第150页
moe-high-school-2020,garlic,garlic,高中选择性必修新增词汇,PDF第150页
moe-high-school-2020,gas,gas,高中必修新增词汇,PDF第150页
moe-high-school-2020,gate,gate,义务教育基础词汇,PDF第150页
moe-high-school-2020,gather,gather,高中必修新增词汇,PDF第150页
moe-high-school-2020,gender,gender,高中选择性必修新增词汇,PDF第151页
moe-high-school-2020,general,general,义务教育基础词汇,PDF第151页
moe-high-school-2020,generate,generate,高中选择性必修新增词汇,PDF第151页
moe-high-school-2020,generation,generation,高中必修新增词汇,PDF第151页
moe-high-school-2020,generous,generous,高中必修新增词汇,PDF第151页
moe-high-school-2020,genius,genius,高中选择性必修新增词汇,PDF第151页
moe-high-school-2020,gentle,gentle,高中选择性必修新增词汇,PDF第151页
moe-high-school-2020,gentleman,gentleman,义务教育基础词汇,PDF第151页
moe-high-school-2020,genuine,genuine,高中选择性必修新增词汇,PDF第151页
moe-high-school-2020,geography,geography,义务教育基础词汇,PDF第151页
moe-high-school-2020,geometry,geometry,高中选择性必修新增词汇,PDF第151页
moe-high-school-2020,german,german,义务教育基础词汇,PDF第151页
moe-high-school-2020,germany,germany,义务教育基础词汇,PDF第151页
moe-high-school-2020,get,get,义务教育基础词汇,PDF第151页
moe-high-school-2020,gift,gift,义务教育基础词汇,PDF第151页
moe-high-school-2020,gifted,gifted,高中选择性必修新增词汇,PDF第151页
moe-high-school-2020,giraffe,giraffe,义务教育基础词汇,PDF第151页
moe-high-school-2020,girl,girl,义务教育基础词汇,PDF第151页
moe-high-school-2020,give,give,义务教育基础词汇,PDF第151页
moe-high-school-2020,glad,glad,义务教育基础词汇,PDF第151页
moe-high-school-2020,glass,glass,义务教育基础词汇,PDF第151页
moe-high-school-2020,global,global,高中必修新增词汇,PDF第151页
moe-high-school-2020,globe,globe,高中选择性必修新增词汇,PDF第151页
moe-high-school-2020,glove,glove,义务教育基础词汇,PDF第151页
moe-high-school-2020,glue,glue,义务教育基础词汇,PDF第151页
moe-high-school-2020,go,go,义务教育基础词汇,PDF第151页
moe-high-school-2020,goal,goal,高中必修新增词汇,PDF第151页
moe-high-school-2020,goat,goat,高中选择性必修新增词汇,PDF第151页
moe-high-school-2020,gold,gold,义务教育基础词汇,PDF第151页
moe-high-school-2020,golf,golf,高中选择性必修新增词汇,PDF第151页
moe-high-school-2020,good,good,义务教育基础词汇,PDF第151页
moe-high-school-2020,goodbye,goodbye,义务教育基础词汇,PDF第151页
moe-high-school-2020,goods,goods,高中必修新增词汇,PDF第151页
moe-high-school-2020,government,government,义务教育基础词汇,PDF第151页
moe-high-school-2020,grab,grab,高中选择性必修新增词汇,PDF第151页
moe-high-school-2020,grade,grade,义务教育基础词汇,PDF第151页
moe-high-school-2020,gradually,gradually,高中选择性必修新增词汇,PDF第151页
moe-high-school-2020,graduate,graduate,高中必修新增词汇,PDF第151页
moe-high-school-2020,grain,grain,高中选择性必修新增词汇,PDF第151页
moe-high-school-2020,gramme,gram,高中选择性必修新增词汇,PDF第151页
moe-high-school-2020,grammar,grammar,义务教育基础词汇,PDF第151页
moe-high-school-2020,gramme,gramme,高中选择性必修新增词汇,PDF第151页
moe-high-school-2020,grand,grand,高中选择性必修新增词汇,PDF第151页
moe-high-school-2020,granddaughter,granddaughter,义务教育基础词汇,PDF第151页
moe-high-school-2020,grandfather,grandfather,义务教育基础词汇,PDF第151页
moe-high-school-2020,grandmother,grandma,义务教育基础词汇,PDF第151页
moe-high-school-2020,grandmother,grandmother,义务教育基础词汇,PDF第151页
moe-high-school-2020,grandfather,grandpa,义务教育基础词汇,PDF第151页
moe-high-school-2020,grandparent,grandparent,义务教育基础词汇,PDF第151页
moe-high-school-2020,grandson,grandson,义务教育基础词汇,PDF第151页
moe-high-school-2020,grape,grape,义务教育基础词汇,PDF第151页
moe-high-school-2020,grasp,grasp,高中选择性必修新增词汇,PDF第151页
moe-high-school-2020,grass,grass,义务教育基础词汇,PDF第151页
moe-high-school-2020,grateful,grateful,高中选择性必修新增词汇,PDF第151页
moe-high-school-2020,gravity,gravity,高中选择性必修新增词汇,PDF第151页
moe-high-school-2020,great,great,义务教育基础词汇,PDF第151页
moe-high-school-2020,greedy,greedy,高中选择性必修新增词汇,PDF第151页
moe-high-school-2020,green,green,义务教育基础词汇,PDF第151页
moe-high-school-2020,greenhouse,greenhouse,高中必修新增词汇,PDF第151页
moe-high-school-2020,greet,greet,高中选择性必修新增词汇,PDF第152页
moe-high-school-2020,grey,grey,义务教育基础词汇,PDF第152页
moe-high-school-2020,grocery,grocery,高中选择性必修新增词汇,PDF第152页
moe-high-school-2020,ground,ground,义务教育基础词汇,PDF第152页
moe-high-school-2020,group,group,义务教育基础词汇,PDF第152页
moe-high-school-2020,grow,grow,义务教育基础词汇,PDF第152页
moe-high-school-2020,guarantee,guarantee,高中选择性必修新增词汇,PDF第152页
moe-high-school-2020,guard,guard,义务教育基础词汇,PDF第152页
moe-high-school-2020,guess,guess,义务教育基础词汇,PDF第152页
moe-high-school-2020,guest,guest,义务教育基础词汇,PDF第152页
moe-high-school-2020,guidance,guidance,高中选择性必修新增词汇,PDF第152页
moe-high-school-2020,guide,guide,义务教育基础词汇,PDF第152页
moe-high-school-2020,guideline,guideline,高中必修新增词汇,PDF第152页
moe-high-school-2020,guilty,guilty,高中选择性必修新增词汇,PDF第152页
moe-high-school-2020,guitar,guitar,义务教育基础词汇,PDF第152页
moe-high-school-2020,gun,gun,义务教育基础词汇,PDF第152页
moe-high-school-2020,guy,guy,高中必修新增词汇,PDF第152页
moe-high-school-2020,gym,gym,高中必修新增词汇,PDF第152页
moe-high-school-2020,gymnastics,gymnastics,高中必修新增词汇,PDF第152页
moe-high-school-2020,habit,habit,义务教育基础词汇,PDF第152页
moe-high-school-2020,habitat,habitat,高中选择性必修新增词汇,PDF第152页
moe-high-school-2020,hair,hair,义务教育基础词汇,PDF第152页
moe-high-school-2020,half,half,义务教育基础词汇,PDF第152页
moe-high-school-2020,hall,hall,义务教育基础词汇,PDF第152页
moe-high-school-2020,ham,ham,高中选择性必修新增词汇,PDF第152页
moe-high-school-2020,hamburger,hamburger,义务教育基础词汇,PDF第152页
moe-high-school-2020,hand,hand,义务教育基础词汇,PDF第152页
moe-high-school-2020,handbag,handbag,义务教育基础词汇,PDF第152页
moe-high-school-2020,handkerchief,handkerchief,高中选择性必修新增词汇,PDF第152页
moe-high-school-2020,handle,handle,高中选择性必修新增词汇,PDF第152页
moe-high-school-2020,handsome,handsome,义务教育基础词汇,PDF第152页
moe-high-school-2020,handwriting,handwriting,高中选择性必修新增词汇,PDF第152页
moe-high-school-2020,hang,hang,义务教育基础词汇,PDF第152页
moe-high-school-2020,happen,happen,义务教育基础词汇,PDF第152页
moe-high-school-2020,happy,happy,义务教育基础词汇,PDF第152页
moe-high-school-2020,hard,hard,义务教育基础词汇,PDF第152页
moe-high-school-2020,hardly,hardly,义务教育基础词汇,PDF第152页
moe-high-school-2020,harm,harm,高中选择性必修新增词汇,PDF第152页
moe-high-school-2020,harmful,harmful,义务教育基础词汇,PDF第152页
moe-high-school-2020,harmonious,harmonious,高中选择性必修新增词汇,PDF第152页
moe-high-school-2020,harmony,harmony,高中选择性必修新增词汇,PDF第152页
moe-high-school-2020,harvest,harvest,高中选择性必修新增词汇,PDF第152页
moe-high-school-2020,have,has,义务教育基础词汇,PDF第152页
moe-high-school-2020,hat,hat,义务教育基础词汇,PDF第152页
moe-high-school-2020,hatch,hatch,高中选择性必修新增词汇,PDF第152页
moe-high-school-2020,hate,hate,义务教育基础词汇,PDF第152页
moe-high-school-2020,have,have,义务教育基础词汇,PDF第152页
moe-high-school-2020,he,he,义务教育基础词汇,PDF第152页
moe-high-school-2020,head,head,义务教育基础词汇,PDF第152页
moe-high-school-2020,headache,headache,义务教育基础词汇,PDF第152页
moe-high-school-2020,health,health,义务教育基础词汇,PDF第152页
moe-high-school-2020,healthy,healthy,义务教育基础词汇,PDF第152页
moe-high-school-2020,hear,hear,义务教育基础词汇,PDF第152页
moe-high-school-2020,heart,heart,义务教育基础词汇,PDF第152页
moe-high-school-2020,heat,heat,义务教育基础词汇,PDF第152页
moe-high-school-2020,heavy,heavy,义务教育基础词汇,PDF第153页
moe-high-school-2020,height,height,义务教育基础词汇,PDF第153页
moe-high-school-2020,hello,hello,义务教育基础词汇,PDF第153页
moe-high-school-2020,help,help,义务教育基础词汇,PDF第153页
moe-high-school-2020,helpful,helpful,义务教育基础词汇,PDF第153页
moe-high-school-2020,hen,hen,义务教育基础词汇,PDF第153页
moe-high-school-2020,hence,hence,高中选择性必修新增词汇,PDF第153页
moe-high-school-2020,her,her,义务教育基础词汇,PDF第153页
moe-high-school-2020,herb,herb,高中选择性必修新增词汇,PDF第153页
moe-high-school-2020,here,here,义务教育基础词汇,PDF第153页
moe-high-school-2020,hero,hero,义务教育基础词汇,PDF第153页
moe-high-school-2020,hers,hers,义务教育基础词汇,PDF第153页
moe-high-school-2020,herself,herself,义务教育基础词汇,PDF第153页
moe-high-school-2020,hesitate,hesitate,高中必修新增词汇,PDF第153页
moe-high-school-2020,hi,hi,义务教育基础词汇,PDF第153页
moe-high-school-2020,hide,hide,义务教育基础词汇,PDF第153页
moe-high-school-2020,high,high,义务教育基础词汇,PDF第153页
moe-high-school-2020,highlight,highlight,高中选择性必修新增词汇,PDF第153页
moe-high-school-2020,hike,hike,高中选择性必修新增词汇,PDF第153页
moe-high-school-2020,hill,hill,义务教育基础词汇,PDF第153页
moe-high-school-2020,him,him,义务教育基础词汇,PDF第153页
moe-high-school-2020,himself,himself,义务教育基础词汇,PDF第153页
moe-high-school-2020,hire,hire,高中选择性必修新增词汇,PDF第153页
moe-high-school-2020,his,his,义务教育基础词汇,PDF第153页
moe-high-school-2020,historic,historic,高中选择性必修新增词汇,PDF第153页
moe-high-school-2020,history,history,义务教育基础词汇,PDF第153页
moe-high-school-2020,hit,hit,义务教育基础词汇,PDF第153页
moe-high-school-2020,hobby,hobby,义务教育基础词汇,PDF第153页
moe-high-school-2020,hold,hold,义务教育基础词汇,PDF第153页
moe-high-school-2020,hole,hole,义务教育基础词汇,PDF第153页
moe-high-school-2020,holiday,holiday,义务教育基础词汇,PDF第153页
moe-high-school-2020,home,home,义务教育基础词汇,PDF第153页
moe-high-school-2020,hometown,hometown,义务教育基础词汇,PDF第153页
moe-high-school-2020,homework,homework,义务教育基础词汇,PDF第153页
moe-high-school-2020,honest,honest,义务教育基础词汇,PDF第153页
moe-high-school-2020,honey,honey,高中必修新增词汇,PDF第153页
moe-high-school-2020,honour,honor,高中必修新增词汇,PDF第153页
moe-high-school-2020,honour,honour,高中必修新增词汇,PDF第153页
moe-high-school-2020,hope,hope,义务教育基础词汇,PDF第153页
moe-high-school-2020,horrible,horrible,高中必修新增词汇,PDF第153页
moe-high-school-2020,horse,horse,义务教育基础词汇,PDF第153页
moe-high-school-2020,hospital,hospital,义务教育基础词汇,PDF第153页
moe-high-school-2020,host,host,高中必修新增词汇,PDF第153页
moe-high-school-2020,hot,hot,义务教育基础词汇,PDF第153页
moe-high-school-2020,hotel,hotel,义务教育基础词汇,PDF第153页
moe-high-school-2020,hour,hour,义务教育基础词汇,PDF第153页
moe-high-school-2020,house,house,义务教育基础词汇,PDF第153页
moe-high-school-2020,household,household,高中选择性必修新增词汇,PDF第153页
moe-high-school-2020,housework,housework,义务教育基础词汇,PDF第153页
moe-high-school-2020,housing,housing,高中选择性必修新增词汇,PDF第153页
moe-high-school-2020,how,how,义务教育基础词汇,PDF第153页
moe-high-school-2020,however,however,义务教育基础词汇,PDF第153页
moe-high-school-2020,hug,hug,高中必修新增词汇,PDF第153页
moe-high-school-2020,huge,huge,义务教育基础词汇,PDF第153页
moe-high-school-2020,human,human,义务教育基础词汇,PDF第153页
moe-high-school-2020,humble,humble,高中选择性必修新增词汇,PDF第153页
moe-high-school-2020,humorous,humorous,义务教育基础词汇,PDF第153页
moe-high-school-2020,hundred,hundred,义务教育基础词汇,PDF第154页
moe-high-school-2020,hungry,hungry,义务教育基础词汇,PDF第154页
moe-high-school-2020,hunt,hunt,高中选择性必修新增词汇,PDF第154页
moe-high-school-2020,hurricane,hurricane,高中必修新增词汇,PDF第154页
moe-high-school-2020,hurry,hurry,义务教育基础词汇,PDF第154页
moe-high-school-2020,hurt,hurt,义务教育基础词汇,PDF第154页
moe-high-school-2020,husband,husband,义务教育基础词汇,PDF第154页
moe-high-school-2020,hydrogen,hydrogen,高中选择性必修新增词汇,PDF第154页
moe-high-school-2020,ice,ice,义务教育基础词汇,PDF第154页
moe-high-school-2020,ice-cream,ice cream,义务教育基础词汇,PDF第154页
moe-high-school-2020,ice-cream,ice-cream,义务教育基础词汇,PDF第154页
moe-high-school-2020,idea,idea,义务教育基础词汇,PDF第154页
moe-high-school-2020,ideal,ideal,高中选择性必修新增词汇,PDF第154页
moe-high-school-2020,identical,identical,高中选择性必修新增词汇,PDF第154页
moe-high-school-2020,identify,identify,高中选择性必修新增词汇,PDF第154页
moe-high-school-2020,identity,identity,高中必修新增词汇,PDF第154页
moe-high-school-2020,idiom,idiom,高中选择性必修新增词汇,PDF第154页
moe-high-school-2020,if,if,义务教育基础词汇,PDF第154页
moe-high-school-2020,ignore,ignore,高中必修新增词汇,PDF第154页
moe-high-school-2020,ill,ill,义务教育基础词汇,PDF第154页
moe-high-school-2020,illegal,illegal,高中选择性必修新增词汇,PDF第154页
moe-high-school-2020,illness,illness,义务教育基础词汇,PDF第154页
moe-high-school-2020,illustrate,illustrate,高中必修新增词汇,PDF第154页
moe-high-school-2020,image,image,高中必修新增词汇,PDF第154页
moe-high-school-2020,imagine,imagine,义务教育基础词汇,PDF第154页
moe-high-school-2020,immediately,immediately,高中必修新增词汇,PDF第154页
moe-high-school-2020,impact,impact,高中必修新增词汇,PDF第154页
moe-high-school-2020,imply,imply,高中选择性必修新增词汇,PDF第154页
moe-high-school-2020,import,import,高中必修新增词汇,PDF第154页
moe-high-school-2020,important,important,义务教育基础词汇,PDF第154页
moe-high-school-2020,impossible,impossible,义务教育基础词汇,PDF第154页
moe-high-school-2020,impress,impress,高中选择性必修新增词汇,PDF第154页
moe-high-school-2020,impression,impression,高中必修新增词汇,PDF第154页
moe-high-school-2020,improve,improve,高中必修新增词汇,PDF第154页
moe-high-school-2020,in,in,义务教育基础词汇,PDF第154页
moe-high-school-2020,inch,inch,高中选择性必修新增词汇,PDF第154页
moe-high-school-2020,incident,incident,高中选择性必修新增词汇,PDF第154页
moe-high-school-2020,include,include,义务教育基础词汇,PDF第154页
moe-high-school-2020,income,income,高中必修新增词汇,PDF第154页
moe-high-school-2020,increase,increase,义务教育基础词汇,PDF第154页
moe-high-school-2020,incredible,incredible,高中选择性必修新增词汇,PDF第154页
moe-high-school-2020,indeed,indeed,高中必修新增词汇,PDF第154页
moe-high-school-2020,independent,independent,高中必修新增词汇,PDF第154页
moe-high-school-2020,india,india,义务教育基础词汇,PDF第154页
moe-high-school-2020,indian,indian,义务教育基础词汇,PDF第154页
moe-high-school-2020,indicate,indicate,高中必修新增词汇,PDF第154页
moe-high-school-2020,individual,individual,高中必修新增词汇,PDF第154页
moe-high-school-2020,industry,industry,义务教育基础词汇,PDF第154页
moe-high-school-2020,infection,infection,高中选择性必修新增词汇,PDF第154页
moe-high-school-2020,infer,infer,高中选择性必修新增词汇,PDF第154页
moe-high-school-2020,influence,influence,义务教育基础词汇,PDF第154页
moe-high-school-2020,influential,influential,高中选择性必修新增词汇,PDF第154页
moe-high-school-2020,information,information,义务教育基础词汇,PDF第154页
moe-high-school-2020,initial,initial,高中选择性必修新增词汇,PDF第154页
moe-high-school-2020,initiative,initiative,高中选择性必修新增词汇,PDF第155页
moe-high-school-2020,injury,injury,高中选择性必修新增词汇,PDF第155页
moe-high-school-2020,inner,inner,高中选择性必修新增词汇,PDF第155页
moe-high-school-2020,innocent,innocent,高中选择性必修新增词汇,PDF第155页
moe-high-school-2020,innovation,innovation,高中选择性必修新增词汇,PDF第155页
moe-high-school-2020,input,input,高中选择性必修新增词汇,PDF第155页
moe-high-school-2020,inquire,inquire,高中选择性必修新增词汇,PDF第155页
moe-high-school-2020,insect,insect,高中必修新增词汇,PDF第155页
moe-high-school-2020,inside,inside,义务教育基础词汇,PDF第155页
moe-high-school-2020,insight,insight,高中选择性必修新增词汇,PDF第155页
moe-high-school-2020,insist,insist,高中选择性必修新增词汇,PDF第155页
moe-high-school-2020,inspection,inspection,高中选择性必修新增词汇,PDF第155页
moe-high-school-2020,inspire,inspire,高中必修新增词汇,PDF第155页
moe-high-school-2020,instance,instance,高中选择性必修新增词汇,PDF第155页
moe-high-school-2020,instant,instant,高中选择性必修新增词汇,PDF第155页
moe-high-school-2020,instead,instead,义务教育基础词汇,PDF第155页
moe-high-school-2020,institute,institute,高中选择性必修新增词汇,PDF第155页
moe-high-school-2020,institution,institution,高中选择性必修新增词汇,PDF第155页
moe-high-school-2020,instruction,instruction,义务教育基础词汇,PDF第155页
moe-high-school-2020,instrument,instrument,义务教育基础词汇,PDF第155页
moe-high-school-2020,insurance,insurance,高中选择性必修新增词汇,PDF第155页
moe-high-school-2020,integrate,integrate,高中选择性必修新增词汇,PDF第155页
moe-high-school-2020,integrity,integrity,高中选择性必修新增词汇,PDF第155页
moe-high-school-2020,intelligent,intelligent,高中必修新增词汇,PDF第155页
moe-high-school-2020,intend,intend,高中必修新增词汇,PDF第155页
moe-high-school-2020,intense,intense,高中选择性必修新增词汇,PDF第155页
moe-high-school-2020,intention,intention,高中选择性必修新增词汇,PDF第155页
moe-high-school-2020,interaction,interaction,高中选择性必修新增词汇,PDF第155页
moe-high-school-2020,interest,interest,义务教育基础词汇,PDF第155页
moe-high-school-2020,interesting,interesting,义务教育基础词汇,PDF第155页
moe-high-school-2020,internal,internal,高中选择性必修新增词汇,PDF第155页
moe-high-school-2020,international,international,义务教育基础词汇,PDF第155页
moe-high-school-2020,internet,internet,义务教育基础词汇,PDF第155页
moe-high-school-2020,interpret,interpret,高中选择性必修新增词汇,PDF第155页
moe-high-school-2020,interrupt,interrupt,高中选择性必修新增词汇,PDF第155页
moe-high-school-2020,intervention,intervention,高中选择性必修新增词汇,PDF第155页
moe-high-school-2020,interview,interview,义务教育基础词汇,PDF第155页
moe-high-school-2020,into,into,义务教育基础词汇,PDF第155页
moe-high-school-2020,introduce,introduce,义务教育基础词汇,PDF第155页
moe-high-school-2020,introduction,introduction,义务教育基础词汇,PDF第155页
moe-high-school-2020,invent,invent,义务教育基础词汇,PDF第155页
moe-high-school-2020,invention,invention,义务教育基础词汇,PDF第155页
moe-high-school-2020,investigate,investigate,高中选择性必修新增词汇,PDF第155页
moe-high-school-2020,investment,investment,高中选择性必修新增词汇,PDF第155页
moe-high-school-2020,invite,invite,义务教育基础词汇,PDF第155页
moe-high-school-2020,involve,involve,高中选择性必修新增词汇,PDF第155页
moe-high-school-2020,iron,iron,高中选择性必修新增词汇,PDF第155页
moe-high-school-2020,be,is,义务教育基础词汇,PDF第134页
moe-high-school-2020,island,island,义务教育基础词汇,PDF第155页
moe-high-school-2020,issue,issue,高中必修新增词汇,PDF第155页
moe-high-school-2020,it,it,义务教育基础词汇,PDF第155页
moe-high-school-2020,item,item,高中选择性必修新增词汇,PDF第155页
moe-high-school-2020,its,its,义务教育基础词汇,PDF第155页
moe-high-school-2020,itself,itself,义务教育基础词汇,PDF第155页
moe-high-school-2020,jacket,jacket,义务教育基础词汇,PDF第155页
moe-high-school-2020,jam,jam,高中选择性必修新增词汇,PDF第156页
moe-high-school-2020,january,january,义务教育基础词汇,PDF第156页
moe-high-school-2020,japan,japan,义务教育基础词汇,PDF第156页
moe-high-school-2020,japanese,japanese,义务教育基础词汇,PDF第156页
moe-high-school-2020,jaw,jaw,高中选择性必修新增词汇,PDF第156页
moe-high-school-2020,jazz,jazz,高中选择性必修新增词汇,PDF第156页
moe-high-school-2020,jeans,jeans,高中必修新增词汇,PDF第156页
moe-high-school-2020,job,job,义务教育基础词汇,PDF第156页
moe-high-school-2020,jog,jog,高中必修新增词汇,PDF第156页
moe-high-school-2020,join,join,义务教育基础词汇,PDF第156页
moe-high-school-2020,joint,joint,高中选择性必修新增词汇,PDF第156页
moe-high-school-2020,joke,joke,义务教育基础词汇,PDF第156页
moe-high-school-2020,journal,journal,高中必修新增词汇,PDF第156页
moe-high-school-2020,journalist,journalist,高中选择性必修新增词汇,PDF第156页
moe-high-school-2020,journey,journey,义务教育基础词汇,PDF第156页
moe-high-school-2020,joy,joy,高中必修新增词汇,PDF第156页
moe-high-school-2020,judge,judge,高中必修新增词汇,PDF第156页
moe-high-school-2020,juice,juice,义务教育基础词汇,PDF第156页
moe-high-school-2020,july,july,义务教育基础词汇,PDF第156页
moe-high-school-2020,jump,jump,义务教育基础词汇,PDF第156页
moe-high-school-2020,june,june,义务教育基础词汇,PDF第156页
moe-high-school-2020,jungle,jungle,高中选择性必修新增词汇,PDF第156页
moe-high-school-2020,junior,junior,高中必修新增词汇,PDF第156页
moe-high-school-2020,just,just,义务教育基础词汇,PDF第156页
moe-high-school-2020,justice,justice,高中必修新增词汇,PDF第156页
moe-high-school-2020,justify,justify,高中选择性必修新增词汇,PDF第156页
moe-high-school-2020,kangaroo,kangaroo,高中必修新增词汇,PDF第156页
moe-high-school-2020,keep,keep,义务教育基础词汇,PDF第156页
moe-high-school-2020,kettle,kettle,高中选择性必修新增词汇,PDF第156页
moe-high-school-2020,key,key,义务教育基础词汇,PDF第156页
moe-high-school-2020,keyboard,keyboard,义务教育基础词汇,PDF第156页
moe-high-school-2020,kick,kick,义务教育基础词汇,PDF第156页
moe-high-school-2020,kid,kid,义务教育基础词汇,PDF第156页
moe-high-school-2020,kill,kill,义务教育基础词汇,PDF第156页
moe-high-school-2020,kilo,kilo,义务教育基础词汇,PDF第156页
moe-high-school-2020,kilo,kilogram,义务教育基础词汇,PDF第156页
moe-high-school-2020,kilo,kilogramme,义务教育基础词汇,PDF第156页
moe-high-school-2020,kilometre,kilometer,义务教育基础词汇,PDF第156页
moe-high-school-2020,kilometre,kilometre,义务教育基础词汇,PDF第156页
moe-high-school-2020,kind,kind,义务教育基础词汇,PDF第156页
moe-high-school-2020,kindergarten,kindergarten,高中选择性必修新增词汇,PDF第156页
moe-high-school-2020,king,king,义务教育基础词汇,PDF第156页
moe-high-school-2020,kingdom,kingdom,高中选择性必修新增词汇,PDF第156页
moe-high-school-2020,kiss,kiss,义务教育基础词汇,PDF第156页
moe-high-school-2020,kit,kit,高中选择性必修新增词汇,PDF第156页
moe-high-school-2020,kitchen,kitchen,义务教育基础词汇,PDF第156页
moe-high-school-2020,kite,kite,义务教育基础词汇,PDF第156页
moe-high-school-2020,knee,knee,义务教育基础词汇,PDF第156页
moe-high-school-2020,knife,knife,义务教育基础词汇,PDF第156页
moe-high-school-2020,knock,knock,义务教育基础词汇,PDF第156页
moe-high-school-2020,know,know,义务教育基础词汇,PDF第156页
moe-high-school-2020,knowledge,knowledge,义务教育基础词汇,PDF第156页
moe-high-school-2020,lab,lab,义务教育基础词汇,PDF第157页
moe-high-school-2020,label,label,高中选择性必修新增词汇,PDF第157页
moe-high-school-2020,labour,labor,高中选择性必修新增词汇,PDF第157页
moe-high-school-2020,lab,laboratory,义务教育基础词汇,PDF第157页
moe-high-school-2020,labour,labour,高中选择性必修新增词汇,PDF第157页
moe-high-school-2020,lack,lack,高中选择性必修新增词汇,PDF第157页
moe-high-school-2020,lady,lady,义务教育基础词汇,PDF第157页
moe-high-school-2020,lake,lake,义务教育基础词汇,PDF第157页
moe-high-school-2020,lamb,lamb,高中选择性必修新增词汇,PDF第157页
moe-high-school-2020,lamp,lamp,高中选择性必修新增词汇,PDF第157页
moe-high-school-2020,land,land,义务教育基础词汇,PDF第157页
moe-high-school-2020,landscape,landscape,高中选择性必修新增词汇,PDF第157页
moe-high-school-2020,language,language,义务教育基础词汇,PDF第157页
moe-high-school-2020,lantern,lantern,高中必修新增词汇,PDF第157页
moe-high-school-2020,lap,lap,高中必修新增词汇,PDF第157页
moe-high-school-2020,laptop,laptop,高中选择性必修新增词汇,PDF第157页
moe-high-school-2020,large,large,义务教育基础词汇,PDF第157页
moe-high-school-2020,last,last,义务教育基础词汇,PDF第157页
moe-high-school-2020,late,late,义务教育基础词汇,PDF第157页
moe-high-school-2020,later,later,义务教育基础词汇,PDF第157页
moe-high-school-2020,laugh,laugh,义务教育基础词汇,PDF第157页
moe-high-school-2020,launch,launch,高中选择性必修新增词汇,PDF第157页
moe-high-school-2020,law,law,义务教育基础词汇,PDF第157页
moe-high-school-2020,lawyer,lawyer,高中选择性必修新增词汇,PDF第157页
moe-high-school-2020,lay,lay,义务教育基础词汇,PDF第157页
moe-high-school-2020,lazy,lazy,义务教育基础词汇,PDF第157页
moe-high-school-2020,lead,lead,义务教育基础词汇,PDF第157页
moe-high-school-2020,leader,leader,义务教育基础词汇,PDF第157页
moe-high-school-2020,leadership,leadership,高中选择性必修新增词汇,PDF第157页
moe-high-school-2020,leaf,leaf,义务教育基础词汇,PDF第157页
moe-high-school-2020,league,league,高中选择性必修新增词汇,PDF第157页
moe-high-school-2020,leak,leak,高中选择性必修新增词汇,PDF第157页
moe-high-school-2020,learn,learn,义务教育基础词汇,PDF第157页
moe-high-school-2020,least,least,义务教育基础词汇,PDF第157页
moe-high-school-2020,leather,leather,高中选择性必修新增词汇,PDF第157页
moe-high-school-2020,leave,leave,义务教育基础词汇,PDF第157页
moe-high-school-2020,lecture,lecture,高中必修新增词汇,PDF第157页
moe-high-school-2020,left,left,义务教育基础词汇,PDF第157页
moe-high-school-2020,leg,leg,义务教育基础词汇,PDF第157页
moe-high-school-2020,legal,legal,高中选择性必修新增词汇,PDF第157页
moe-high-school-2020,leisure,leisure,高中选择性必修新增词汇,PDF第157页
moe-high-school-2020,lemon,lemon,义务教育基础词汇,PDF第157页
moe-high-school-2020,lend,lend,义务教育基础词汇,PDF第157页
moe-high-school-2020,length,length,高中必修新增词汇,PDF第157页
moe-high-school-2020,less,less,义务教育基础词汇,PDF第157页
moe-high-school-2020,lesson,lesson,义务教育基础词汇,PDF第157页
moe-high-school-2020,let,let,义务教育基础词汇,PDF第157页
moe-high-school-2020,letter,letter,义务教育基础词汇,PDF第157页
moe-high-school-2020,level,level,义务教育基础词汇,PDF第157页
moe-high-school-2020,liberation,liberation,高中选择性必修新增词汇,PDF第157页
moe-high-school-2020,liberty,liberty,高中选择性必修新增词汇,PDF第157页
moe-high-school-2020,librarian,librarian,高中选择性必修新增词汇,PDF第157页
moe-high-school-2020,library,library,义务教育基础词汇,PDF第157页
moe-high-school-2020,license,license,高中选择性必修新增词汇,PDF第157页
moe-high-school-2020,lie,lie,义务教育基础词汇,PDF第157页
moe-high-school-2020,life,life,义务教育基础词汇,PDF第157页
moe-high-school-2020,lift,lift,义务教育基础词汇,PDF第158页
moe-high-school-2020,light,light,义务教育基础词汇,PDF第158页
moe-high-school-2020,like,like,义务教育基础词汇,PDF第158页
moe-high-school-2020,likely,likely,高中必修新增词汇,PDF第158页
moe-high-school-2020,limit,limit,高中选择性必修新增词汇,PDF第158页
moe-high-school-2020,limited,limited,高中必修新增词汇,PDF第158页
moe-high-school-2020,line,line,义务教育基础词汇,PDF第158页
moe-high-school-2020,link,link,高中选择性必修新增词汇,PDF第158页
moe-high-school-2020,lion,lion,义务教育基础词汇,PDF第158页
moe-high-school-2020,liquid,liquid,高中选择性必修新增词汇,PDF第158页
moe-high-school-2020,list,list,义务教育基础词汇,PDF第158页
moe-high-school-2020,listen,listen,义务教育基础词汇,PDF第158页
moe-high-school-2020,literally,literally,高中选择性必修新增词汇,PDF第158页
moe-high-school-2020,literary,literary,高中选择性必修新增词汇,PDF第158页
moe-high-school-2020,literature,literature,高中必修新增词汇,PDF第158页
moe-high-school-2020,litter,litter,义务教育基础词汇,PDF第158页
moe-high-school-2020,little,little,义务教育基础词汇,PDF第158页
moe-high-school-2020,live,live,义务教育基础词汇,PDF第158页
moe-high-school-2020,lively,lively,义务教育基础词汇,PDF第158页
moe-high-school-2020,living,living,高中必修新增词汇,PDF第158页
moe-high-school-2020,load,load,高中选择性必修新增词汇,PDF第158页
moe-high-school-2020,loan,loan,高中选择性必修新增词汇,PDF第158页
moe-high-school-2020,local,local,义务教育基础词汇,PDF第158页
moe-high-school-2020,location,location,高中必修新增词汇,PDF第158页
moe-high-school-2020,lock,lock,义务教育基础词汇,PDF第158页
moe-high-school-2020,log,log,高中选择性必修新增词汇,PDF第158页
moe-high-school-2020,logical,logical,高中选择性必修新增词汇,PDF第158页
moe-high-school-2020,london,london,义务教育基础词汇,PDF第158页
moe-high-school-2020,lonely,lonely,义务教育基础词汇,PDF第158页
moe-high-school-2020,long,long,义务教育基础词汇,PDF第158页
moe-high-school-2020,look,look,义务教育基础词汇,PDF第158页
moe-high-school-2020,loose,loose,高中选择性必修新增词汇,PDF第158页
moe-high-school-2020,lose,lose,义务教育基础词汇,PDF第158页
moe-high-school-2020,loss,loss,高中必修新增词汇,PDF第158页
moe-high-school-2020,lot,lot,义务教育基础词汇,PDF第158页
moe-high-school-2020,loud,loud,义务教育基础词汇,PDF第158页
moe-high-school-2020,love,love,义务教育基础词汇,PDF第158页
moe-high-school-2020,lovely,lovely,义务教育基础词汇,PDF第158页
moe-high-school-2020,low,low,义务教育基础词汇,PDF第158页
moe-high-school-2020,lower,lower,高中选择性必修新增词汇,PDF第158页
moe-high-school-2020,luck,luck,义务教育基础词汇,PDF第158页
moe-high-school-2020,lucky,lucky,义务教育基础词汇,PDF第158页
moe-high-school-2020,lunar,lunar,高中选择性必修新增词汇,PDF第158页
moe-high-school-2020,lunch,lunch,义务教育基础词汇,PDF第158页
moe-high-school-2020,lung,lung,高中选择性必修新增词汇,PDF第158页
moe-high-school-2020,luxury,luxury,高中选择性必修新增词汇,PDF第158页
moe-high-school-2020,machine,machine,义务教育基础词汇,PDF第158页
moe-high-school-2020,mad,mad,义务教育基础词汇,PDF第158页
moe-high-school-2020,madam,madam,高中选择性必修新增词汇,PDF第158页
moe-high-school-2020,magazine,magazine,义务教育基础词汇,PDF第158页
moe-high-school-2020,magic,magic,义务教育基础词汇,PDF第158页
moe-high-school-2020,mail,mail,高中选择性必修新增词汇,PDF第158页
moe-high-school-2020,main,main,义务教育基础词汇,PDF第158页
moe-high-school-2020,maintain,maintain,高中必修新增词汇,PDF第158页
moe-high-school-2020,major,major,高中必修新增词汇,PDF第159页
moe-high-school-2020,majority,majority,高中必修新增词汇,PDF第159页
moe-high-school-2020,make,make,义务教育基础词汇,PDF第159页
moe-high-school-2020,male,male,高中必修新增词汇,PDF第159页
moe-high-school-2020,man,man,义务教育基础词汇,PDF第159页
moe-high-school-2020,manage,manage,义务教育基础词汇,PDF第159页
moe-high-school-2020,manager,manager,义务教育基础词汇,PDF第159页
moe-high-school-2020,mankind,mankind,高中选择性必修新增词汇,PDF第159页
moe-high-school-2020,manner,manner,高中选择性必修新增词汇,PDF第159页
moe-high-school-2020,many,many,义务教育基础词汇,PDF第159页
moe-high-school-2020,map,map,义务教育基础词汇,PDF第159页
moe-high-school-2020,marathon,marathon,高中选择性必修新增词汇,PDF第159页
moe-high-school-2020,march,march,义务教育基础词汇 · 高中必修新增词汇,PDF第159页
moe-high-school-2020,mark,mark,义务教育基础词汇,PDF第159页
moe-high-school-2020,market,market,义务教育基础词汇,PDF第159页
moe-high-school-2020,marriage,marriage,高中必修新增词汇,PDF第159页
moe-high-school-2020,marry,marry,义务教育基础词汇,PDF第159页
moe-high-school-2020,mass,mass,高中必修新增词汇,PDF第159页
moe-high-school-2020,massive,massive,高中选择性必修新增词汇,PDF第159页
moe-high-school-2020,master,master,高中必修新增词汇,PDF第159页
moe-high-school-2020,match,match,义务教育基础词汇,PDF第159页
moe-high-school-2020,material,material,高中必修新增词汇,PDF第159页
moe-high-school-2020,maths,mathematics,义务教育基础词汇,PDF第159页
moe-high-school-2020,maths,maths,义务教育基础词汇,PDF第159页
moe-high-school-2020,matter,matter,义务教育基础词汇,PDF第159页
moe-high-school-2020,mature,mature,高中选择性必修新增词汇,PDF第159页
moe-high-school-2020,maximum,maximum,高中选择性必修新增词汇,PDF第159页
moe-high-school-2020,may,may,义务教育基础词汇,PDF第159页
moe-high-school-2020,maybe,maybe,义务教育基础词汇,PDF第159页
moe-high-school-2020,me,me,义务教育基础词汇,PDF第159页
moe-high-school-2020,meal,meal,义务教育基础词汇,PDF第159页
moe-high-school-2020,mean,mean,义务教育基础词汇,PDF第159页
moe-high-school-2020,meaning,meaning,义务教育基础词汇,PDF第159页
moe-high-school-2020,means,means,高中选择性必修新增词汇,PDF第159页
moe-high-school-2020,measure,measure,高中必修新增词汇,PDF第159页
moe-high-school-2020,meat,meat,义务教育基础词汇,PDF第159页
moe-high-school-2020,mechanic,mechanic,高中选择性必修新增词汇,PDF第159页
moe-high-school-2020,medal,medal,高中必修新增词汇,PDF第159页
moe-high-school-2020,medium,media,高中必修新增词汇,PDF第159页
moe-high-school-2020,medical,medical,义务教育基础词汇,PDF第159页
moe-high-school-2020,medicine,medicine,义务教育基础词汇,PDF第159页
moe-high-school-2020,medium,medium,高中必修新增词汇,PDF第159页
moe-high-school-2020,meet,meet,义务教育基础词汇,PDF第159页
moe-high-school-2020,meeting,meeting,义务教育基础词汇,PDF第159页
moe-high-school-2020,member,member,义务教育基础词汇,PDF第159页
moe-high-school-2020,membership,membership,高中选择性必修新增词汇,PDF第159页
moe-high-school-2020,memorial,memorial,高中选择性必修新增词汇,PDF第159页
moe-high-school-2020,memory,memory,高中必修新增词汇,PDF第159页
moe-high-school-2020,man,men,义务教育基础词汇,PDF第159页
moe-high-school-2020,mental,mental,高中必修新增词汇,PDF第159页
moe-high-school-2020,mention,mention,义务教育基础词汇,PDF第159页
moe-high-school-2020,menu,menu,义务教育基础词汇,PDF第159页
moe-high-school-2020,mercy,mercy,高中选择性必修新增词汇,PDF第159页
moe-high-school-2020,merely,merely,高中选择性必修新增词汇,PDF第159页
moe-high-school-2020,merry,merry,高中必修新增词汇,PDF第159页
moe-high-school-2020,mess,mess,义务教育基础词汇,PDF第159页
moe-high-school-2020,message,message,义务教育基础词汇,PDF第159页
moe-high-school-2020,metal,metal,高中必修新增词汇,PDF第160页
moe-high-school-2020,metre,meter,义务教育基础词汇,PDF第160页
moe-high-school-2020,method,method,义务教育基础词汇,PDF第160页
moe-high-school-2020,metre,metre,义务教育基础词汇,PDF第160页
moe-high-school-2020,mouse,mice,义务教育基础词汇,PDF第161页
moe-high-school-2020,microscope,microscope,高中选择性必修新增词汇,PDF第160页
moe-high-school-2020,middle,middle,义务教育基础词汇,PDF第160页
moe-high-school-2020,midnight,midnight,高中必修新增词汇,PDF第160页
moe-high-school-2020,might,might,义务教育基础词汇,PDF第160页
moe-high-school-2020,mild,mild,高中选择性必修新增词汇,PDF第160页
moe-high-school-2020,mile,mile,义务教育基础词汇,PDF第160页
moe-high-school-2020,military,military,高中必修新增词汇,PDF第160页
moe-high-school-2020,milk,milk,义务教育基础词汇,PDF第160页
moe-high-school-2020,millimetre,millimeter,高中选择性必修新增词汇,PDF第160页
moe-high-school-2020,millimetre,millimetre,高中选择性必修新增词汇,PDF第160页
moe-high-school-2020,million,million,高中选择性必修新增词汇,PDF第160页
moe-high-school-2020,mind,mind,义务教育基础词汇,PDF第160页
moe-high-school-2020,mine,mine,义务教育基础词汇,PDF第160页
moe-high-school-2020,mineral,mineral,高中选择性必修新增词汇,PDF第160页
moe-high-school-2020,minimum,minimum,高中选择性必修新增词汇,PDF第160页
moe-high-school-2020,minister,minister,高中选择性必修新增词汇,PDF第160页
moe-high-school-2020,minor,minor,高中选择性必修新增词汇,PDF第160页
moe-high-school-2020,minority,minority,高中选择性必修新增词汇,PDF第160页
moe-high-school-2020,minute,minute,义务教育基础词汇,PDF第160页
moe-high-school-2020,mirror,mirror,高中选择性必修新增词汇,PDF第160页
moe-high-school-2020,miss,miss,义务教育基础词汇,PDF第160页
moe-high-school-2020,missile,missile,高中选择性必修新增词汇,PDF第160页
moe-high-school-2020,missing,missing,义务教育基础词汇,PDF第160页
moe-high-school-2020,mission,mission,高中选择性必修新增词汇,PDF第160页
moe-high-school-2020,mist,mist,高中选择性必修新增词汇,PDF第160页
moe-high-school-2020,mistake,mistake,义务教育基础词汇,PDF第160页
moe-high-school-2020,mix,mix,义务教育基础词汇,PDF第160页
moe-high-school-2020,mixture,mixture,高中选择性必修新增词汇,PDF第160页
moe-high-school-2020,mobile phone,mobile phone,义务教育基础词汇,PDF第160页
moe-high-school-2020,mobile phone,mobile-phone,义务教育基础词汇,PDF第160页
moe-high-school-2020,mode,mode,高中选择性必修新增词汇,PDF第160页
moe-high-school-2020,model,model,义务教育基础词汇,PDF第160页
moe-high-school-2020,modern,modern,义务教育基础词汇,PDF第160页
moe-high-school-2020,moment,moment,高中必修新增词汇,PDF第160页
moe-high-school-2020,monday,monday,义务教育基础词汇,PDF第160页
moe-high-school-2020,money,money,义务教育基础词汇,PDF第160页
moe-high-school-2020,monitor,monitor,高中选择性必修新增词汇,PDF第160页
moe-high-school-2020,monkey,monkey,义务教育基础词汇,PDF第160页
moe-high-school-2020,month,month,义务教育基础词汇,PDF第160页
moe-high-school-2020,monthly,monthly,高中选择性必修新增词汇,PDF第160页
moe-high-school-2020,mood,mood,高中选择性必修新增词汇,PDF第160页
moe-high-school-2020,moon,moon,义务教育基础词汇,PDF第160页
moe-high-school-2020,moral,moral,高中选择性必修新增词汇,PDF第160页
moe-high-school-2020,more,more,义务教育基础词汇,PDF第160页
moe-high-school-2020,moreover,moreover,高中必修新增词汇,PDF第160页
moe-high-school-2020,morning,morning,义务教育基础词汇,PDF第160页
moe-high-school-2020,mosquito,mosquito,高中选择性必修新增词汇,PDF第160页
moe-high-school-2020,most,most,义务教育基础词汇,PDF第160页
moe-high-school-2020,mostly,mostly,高中选择性必修新增词汇,PDF第160页
moe-high-school-2020,mother,mother,义务教育基础词汇,PDF第160页
moe-high-school-2020,motion,motion,高中选择性必修新增词汇,PDF第160页
moe-high-school-2020,motivate,motivate,高中选择性必修新增词汇,PDF第160页
moe-high-school-2020,motive,motive,高中选择性必修新增词汇,PDF第160页
moe-high-school-2020,motor,motor,高中选择性必修新增词汇,PDF第160页
moe-high-school-2020,mount,mount,高中选择性必修新增词汇,PDF第161页
moe-high-school-2020,mountain,mountain,义务教育基础词汇,PDF第161页
moe-high-school-2020,mouse,mouse,义务教育基础词汇,PDF第161页
moe-high-school-2020,mouth,mouth,义务教育基础词汇,PDF第161页
moe-high-school-2020,move,move,义务教育基础词汇,PDF第161页
moe-high-school-2020,movement,movement,高中必修新增词汇,PDF第161页
moe-high-school-2020,movie,movie,义务教育基础词汇,PDF第161页
moe-high-school-2020,mr,mr,义务教育基础词汇,PDF第161页
moe-high-school-2020,mr,mr.,义务教育基础词汇,PDF第161页
moe-high-school-2020,mrs,mrs,义务教育基础词汇,PDF第161页
moe-high-school-2020,mrs,mrs.,义务教育基础词汇,PDF第161页
moe-high-school-2020,ms,ms,义务教育基础词汇,PDF第161页
moe-high-school-2020,ms,ms.,义务教育基础词汇,PDF第161页
moe-high-school-2020,much,much,义务教育基础词汇,PDF第161页
moe-high-school-2020,mud,mud,高中选择性必修新增词汇,PDF第161页
moe-high-school-2020,multiple,multiple,高中选择性必修新增词汇,PDF第161页
moe-high-school-2020,mother,mum,义务教育基础词汇,PDF第160页
moe-high-school-2020,murder,murder,高中选择性必修新增词汇,PDF第161页
moe-high-school-2020,muscle,muscle,高中选择性必修新增词汇,PDF第161页
moe-high-school-2020,museum,museum,义务教育基础词汇,PDF第161页
moe-high-school-2020,mushroom,mushroom,高中选择性必修新增词汇,PDF第161页
moe-high-school-2020,music,music,义务教育基础词汇,PDF第161页
moe-high-school-2020,musician,musician,义务教育基础词汇,PDF第161页
moe-high-school-2020,must,must,义务教育基础词汇,PDF第161页
moe-high-school-2020,my,my,义务教育基础词汇,PDF第161页
moe-high-school-2020,myself,myself,义务教育基础词汇,PDF第161页
moe-high-school-2020,nail,nail,高中选择性必修新增词汇,PDF第161页
moe-high-school-2020,name,name,义务教育基础词汇,PDF第161页
moe-high-school-2020,narrow,narrow,高中必修新增词汇,PDF第161页
moe-high-school-2020,nation,nation,高中必修新增词汇,PDF第161页
moe-high-school-2020,national,national,义务教育基础词汇,PDF第161页
moe-high-school-2020,nationality,nationality,高中必修新增词汇,PDF第161页
moe-high-school-2020,native,native,高中选择性必修新增词汇,PDF第161页
moe-high-school-2020,natural,natural,义务教育基础词汇,PDF第161页
moe-high-school-2020,nature,nature,义务教育基础词汇,PDF第161页
moe-high-school-2020,navy,navy,高中选择性必修新增词汇,PDF第161页
moe-high-school-2020,near,near,义务教育基础词汇,PDF第161页
moe-high-school-2020,nearby,nearby,高中必修新增词汇,PDF第161页
moe-high-school-2020,nearly,nearly,义务教育基础词汇,PDF第161页
moe-high-school-2020,neat,neat,高中必修新增词汇,PDF第161页
moe-high-school-2020,necessary,necessary,义务教育基础词汇,PDF第161页
moe-high-school-2020,neck,neck,义务教育基础词汇,PDF第161页
moe-high-school-2020,need,need,义务教育基础词汇,PDF第161页
moe-high-school-2020,needle,needle,高中选择性必修新增词汇,PDF第161页
moe-high-school-2020,negative,negative,高中必修新增词汇,PDF第161页
moe-high-school-2020,negotiate,negotiate,高中选择性必修新增词汇,PDF第161页
moe-high-school-2020,neighbour,neighbor,义务教育基础词汇,PDF第161页
moe-high-school-2020,neighbourhood,neighborhood,高中选择性必修新增词汇,PDF第161页
moe-high-school-2020,neighbour,neighbour,义务教育基础词汇,PDF第161页
moe-high-school-2020,neighbourhood,neighbourhood,高中选择性必修新增词汇,PDF第161页
moe-high-school-2020,neither,neither,义务教育基础词汇,PDF第161页
moe-high-school-2020,nephew,nephew,高中选择性必修新增词汇,PDF第161页
moe-high-school-2020,nervous,nervous,义务教育基础词汇,PDF第161页
moe-high-school-2020,nest,nest,高中选择性必修新增词汇,PDF第161页
moe-high-school-2020,net,net,高中选择性必修新增词汇,PDF第161页
moe-high-school-2020,network,network,高中选择性必修新增词汇,PDF第161页
moe-high-school-2020,never,never,义务教育基础词汇,PDF第161页
moe-high-school-2020,nevertheless,nevertheless,高中选择性必修新增词汇,PDF第161页
moe-high-school-2020,new,new,义务教育基础词汇,PDF第161页
moe-high-school-2020,news,news,义务教育基础词汇,PDF第161页
moe-high-school-2020,newspaper,newspaper,义务教育基础词汇,PDF第162页
moe-high-school-2020,next,next,义务教育基础词汇,PDF第162页
moe-high-school-2020,nice,nice,义务教育基础词汇,PDF第162页
moe-high-school-2020,niece,niece,高中选择性必修新增词汇,PDF第162页
moe-high-school-2020,night,night,义务教育基础词汇,PDF第162页
moe-high-school-2020,nine,nine,义务教育基础词汇,PDF第162页
moe-high-school-2020,nineteen,nineteen,义务教育基础词汇,PDF第162页
moe-high-school-2020,ninety,ninety,义务教育基础词汇,PDF第162页
moe-high-school-2020,ninth,ninth,义务教育基础词汇,PDF第162页
moe-high-school-2020,no,no,义务教育基础词汇,PDF第162页
moe-high-school-2020,noble,noble,高中选择性必修新增词汇,PDF第162页
moe-high-school-2020,nobody,nobody,义务教育基础词汇,PDF第162页
moe-high-school-2020,nod,nod,义务教育基础词汇,PDF第162页
moe-high-school-2020,noise,noise,义务教育基础词汇,PDF第162页
moe-high-school-2020,noisy,noisy,义务教育基础词汇,PDF第162页
moe-high-school-2020,none,none,义务教育基础词汇,PDF第162页
moe-high-school-2020,noodle,noodle,义务教育基础词汇,PDF第162页
moe-high-school-2020,noon,noon,义务教育基础词汇,PDF第162页
moe-high-school-2020,nor,nor,义务教育基础词汇,PDF第162页
moe-high-school-2020,normal,normal,高中必修新增词汇,PDF第162页
moe-high-school-2020,north,north,义务教育基础词汇,PDF第162页
moe-high-school-2020,northern,northern,义务教育基础词汇,PDF第162页
moe-high-school-2020,nose,nose,义务教育基础词汇,PDF第162页
moe-high-school-2020,not,not,义务教育基础词汇,PDF第162页
moe-high-school-2020,note,note,义务教育基础词汇,PDF第162页
moe-high-school-2020,notebook,notebook,义务教育基础词汇,PDF第162页
moe-high-school-2020,nothing,nothing,义务教育基础词汇,PDF第162页
moe-high-school-2020,notice,notice,义务教育基础词汇,PDF第162页
moe-high-school-2020,novel,novel,高中选择性必修新增词汇,PDF第162页
moe-high-school-2020,novelist,novelist,高中选择性必修新增词汇,PDF第162页
moe-high-school-2020,november,november,义务教育基础词汇,PDF第162页
moe-high-school-2020,now,now,义务教育基础词汇,PDF第162页
moe-high-school-2020,nowadays,nowadays,高中必修新增词汇,PDF第162页
moe-high-school-2020,nowhere,nowhere,高中必修新增词汇,PDF第162页
moe-high-school-2020,nuclear,nuclear,高中选择性必修新增词汇,PDF第162页
moe-high-school-2020,number,number,义务教育基础词汇,PDF第162页
moe-high-school-2020,nurse,nurse,义务教育基础词汇,PDF第162页
moe-high-school-2020,nut,nut,高中必修新增词汇,PDF第162页
moe-high-school-2020,nutrition,nutrition,高中选择性必修新增词汇,PDF第162页
moe-high-school-2020,o'clock,o'clock,义务教育基础词汇,PDF第162页
moe-high-school-2020,object,object,义务教育基础词汇,PDF第162页
moe-high-school-2020,objective,objective,高中选择性必修新增词汇,PDF第162页
moe-high-school-2020,observe,observe,高中必修新增词汇,PDF第162页
moe-high-school-2020,obtain,obtain,高中选择性必修新增词汇,PDF第162页
moe-high-school-2020,obviously,obviously,高中必修新增词汇,PDF第162页
moe-high-school-2020,occasion,occasion,高中必修新增词汇,PDF第162页
moe-high-school-2020,occupation,occupation,高中选择性必修新增词汇,PDF第162页
moe-high-school-2020,occupy,occupy,高中选择性必修新增词汇,PDF第162页
moe-high-school-2020,occur,occur,高中必修新增词汇,PDF第162页
moe-high-school-2020,ocean,ocean,高中必修新增词汇,PDF第162页
moe-high-school-2020,october,october,义务教育基础词汇,PDF第162页
moe-high-school-2020,odd,odd,高中必修新增词汇,PDF第162页
moe-high-school-2020,of,of,义务教育基础词汇,PDF第162页
moe-high-school-2020,off,off,义务教育基础词汇,PDF第162页
moe-high-school-2020,offer,offer,义务教育基础词汇,PDF第163页
moe-high-school-2020,office,office,义务教育基础词汇,PDF第163页
moe-high-school-2020,officer,officer,义务教育基础词汇,PDF第163页
moe-high-school-2020,official,official,高中必修新增词汇,PDF第163页
moe-high-school-2020,often,often,义务教育基础词汇,PDF第163页
moe-high-school-2020,oil,oil,义务教育基础词汇,PDF第163页
moe-high-school-2020,ok,ok,义务教育基础词汇,PDF第163页
moe-high-school-2020,old,old,义务教育基础词汇,PDF第163页
moe-high-school-2020,olympics,olympics,义务教育基础词汇,PDF第163页
moe-high-school-2020,on,on,义务教育基础词汇,PDF第163页
moe-high-school-2020,once,once,义务教育基础词汇,PDF第163页
moe-high-school-2020,one,one,义务教育基础词汇,PDF第163页
moe-high-school-2020,onion,onion,高中选择性必修新增词汇,PDF第163页
moe-high-school-2020,online,online,义务教育基础词汇,PDF第163页
moe-high-school-2020,only,only,义务教育基础词汇,PDF第163页
moe-high-school-2020,onto,onto,高中必修新增词汇,PDF第163页
moe-high-school-2020,open,open,义务教育基础词汇,PDF第163页
moe-high-school-2020,opera,opera,高中必修新增词汇,PDF第163页
moe-high-school-2020,operation,operation,高中必修新增词汇,PDF第163页
moe-high-school-2020,operator,operator,高中选择性必修新增词汇,PDF第163页
moe-high-school-2020,opinion,opinion,高中必修新增词汇,PDF第163页
moe-high-school-2020,opponent,opponent,高中选择性必修新增词汇,PDF第163页
moe-high-school-2020,opportunity,opportunity,高中必修新增词汇,PDF第163页
moe-high-school-2020,oppose,oppose,高中选择性必修新增词汇,PDF第163页
moe-high-school-2020,opposite,opposite,义务教育基础词汇,PDF第163页
moe-high-school-2020,optimistic,optimistic,高中选择性必修新增词汇,PDF第163页
moe-high-school-2020,option,option,高中必修新增词汇,PDF第163页
moe-high-school-2020,or,or,义务教育基础词汇,PDF第163页
moe-high-school-2020,orange,orange,义务教育基础词汇,PDF第163页
moe-high-school-2020,orbit,orbit,高中选择性必修新增词汇,PDF第163页
moe-high-school-2020,order,order,义务教育基础词汇,PDF第163页
moe-high-school-2020,ordinary,ordinary,高中必修新增词汇,PDF第163页
moe-high-school-2020,organ,organ,高中选择性必修新增词汇,PDF第163页
moe-high-school-2020,organic,organic,高中选择性必修新增词汇,PDF第163页
moe-high-school-2020,organisation,organisation,高中必修新增词汇,PDF第163页
moe-high-school-2020,organisation,organization,高中必修新增词汇,PDF第163页
moe-high-school-2020,origin,origin,高中选择性必修新增词汇,PDF第163页
moe-high-school-2020,original,original,高中必修新增词汇,PDF第163页
moe-high-school-2020,other,other,义务教育基础词汇,PDF第163页
moe-high-school-2020,otherwise,otherwise,高中必修新增词汇,PDF第163页
moe-high-school-2020,ought to,ought to,高中必修新增词汇,PDF第163页
moe-high-school-2020,ought to,ought-to,高中必修新增词汇,PDF第163页
moe-high-school-2020,our,our,义务教育基础词汇,PDF第163页
moe-high-school-2020,ours,ours,义务教育基础词汇,PDF第163页
moe-high-school-2020,ourselves,ourselves,义务教育基础词汇,PDF第163页
moe-high-school-2020,out,out,义务教育基础词汇,PDF第163页
moe-high-school-2020,outcome,outcome,高中选择性必修新增词汇,PDF第163页
moe-high-school-2020,outgoing,outgoing,高中选择性必修新增词汇,PDF第163页
moe-high-school-2020,outline,outline,高中选择性必修新增词汇,PDF第163页
moe-high-school-2020,output,output,高中选择性必修新增词汇,PDF第163页
moe-high-school-2020,outside,outside,义务教育基础词汇,PDF第163页
moe-high-school-2020,outstanding,outstanding,高中选择性必修新增词汇,PDF第163页
moe-high-school-2020,over,over,义务教育基础词汇,PDF第163页
moe-high-school-2020,overall,overall,高中选择性必修新增词汇,PDF第163页
moe-high-school-2020,overcome,overcome,高中选择性必修新增词汇,PDF第163页
moe-high-school-2020,overseas,overseas,高中必修新增词汇,PDF第163页
moe-high-school-2020,owe,owe,高中选择性必修新增词汇,PDF第163页
moe-high-school-2020,own,own,义务教育基础词汇,PDF第163页
moe-high-school-2020,oxygen,oxygen,高中必修新增词汇,PDF第164页
moe-high-school-2020,p.m.,p.m.,高中必修新增词汇,PDF第165页
moe-high-school-2020,pace,pace,高中选择性必修新增词汇,PDF第164页
moe-high-school-2020,pacific,pacific,义务教育基础词汇,PDF第164页
moe-high-school-2020,pack,pack,高中选择性必修新增词汇,PDF第164页
moe-high-school-2020,package,package,高中必修新增词汇,PDF第164页
moe-high-school-2020,page,page,义务教育基础词汇,PDF第164页
moe-high-school-2020,pain,pain,义务教育基础词汇,PDF第164页
moe-high-school-2020,paint,paint,义务教育基础词汇,PDF第164页
moe-high-school-2020,pair,pair,义务教育基础词汇,PDF第164页
moe-high-school-2020,palace,palace,义务教育基础词汇,PDF第164页
moe-high-school-2020,pale,pale,义务教育基础词汇,PDF第164页
moe-high-school-2020,pan,pan,高中选择性必修新增词汇,PDF第164页
moe-high-school-2020,pancake,pancake,义务教育基础词汇,PDF第164页
moe-high-school-2020,panda,panda,义务教育基础词汇,PDF第164页
moe-high-school-2020,panel,panel,高中选择性必修新增词汇,PDF第164页
moe-high-school-2020,panic,panic,高中选择性必修新增词汇,PDF第164页
moe-high-school-2020,paper,paper,义务教育基础词汇,PDF第164页
moe-high-school-2020,paragraph,paragraph,高中选择性必修新增词汇,PDF第164页
moe-high-school-2020,parcel,parcel,高中选择性必修新增词汇,PDF第164页
moe-high-school-2020,pardon,pardon,义务教育基础词汇,PDF第164页
moe-high-school-2020,parent,parent,义务教育基础词汇,PDF第164页
moe-high-school-2020,park,park,义务教育基础词汇,PDF第164页
moe-high-school-2020,parking,parking,高中选择性必修新增词汇,PDF第164页
moe-high-school-2020,part,part,义务教育基础词汇,PDF第164页
moe-high-school-2020,participate,participate,高中选择性必修新增词汇,PDF第164页
moe-high-school-2020,particular,particular,高中必修新增词汇,PDF第164页
moe-high-school-2020,partner,partner,高中必修新增词汇,PDF第164页
moe-high-school-2020,party,party,义务教育基础词汇,PDF第164页
moe-high-school-2020,pass,pass,义务教育基础词汇,PDF第164页
moe-high-school-2020,passage,passage,义务教育基础词汇,PDF第164页
moe-high-school-2020,passenger,passenger,义务教育基础词汇,PDF第164页
moe-high-school-2020,passion,passion,高中选择性必修新增词汇,PDF第164页
moe-high-school-2020,passive,passive,高中必修新增词汇,PDF第164页
moe-high-school-2020,passport,passport,义务教育基础词汇,PDF第164页
moe-high-school-2020,past,past,义务教育基础词汇,PDF第164页
moe-high-school-2020,patent,patent,高中选择性必修新增词汇,PDF第164页
moe-high-school-2020,path,path,高中必修新增词汇,PDF第164页
moe-high-school-2020,patience,patience,高中选择性必修新增词汇,PDF第164页
moe-high-school-2020,patient,patient,义务教育基础词汇,PDF第164页
moe-high-school-2020,pattern,pattern,高中必修新增词汇,PDF第164页
moe-high-school-2020,pay,pay,义务教育基础词汇,PDF第164页
moe-high-school-2020,pe,pe,义务教育基础词汇,PDF第164页
moe-high-school-2020,peace,peace,义务教育基础词汇,PDF第164页
moe-high-school-2020,peak,peak,高中选择性必修新增词汇,PDF第164页
moe-high-school-2020,pear,pear,义务教育基础词汇,PDF第164页
moe-high-school-2020,pen,pen,义务教育基础词汇,PDF第164页
moe-high-school-2020,pencil,pencil,义务教育基础词汇,PDF第164页
moe-high-school-2020,people,people,义务教育基础词汇,PDF第164页
moe-high-school-2020,pepper,pepper,高中选择性必修新增词汇,PDF第164页
moe-high-school-2020,per,per,高中必修新增词汇,PDF第164页
moe-high-school-2020,perceive,perceive,高中选择性必修新增词汇,PDF第164页
moe-high-school-2020,percent,percent,高中必修新增词汇,PDF第164页
moe-high-school-2020,percentage,percentage,高中必修新增词汇,PDF第164页
moe-high-school-2020,perfect,perfect,义务教育基础词汇,PDF第164页
moe-high-school-2020,performance,performance,高中必修新增词汇,PDF第165页
moe-high-school-2020,perhaps,perhaps,义务教育基础词汇,PDF第165页
moe-high-school-2020,period,period,义务教育基础词汇,PDF第165页
moe-high-school-2020,permanent,permanent,高中选择性必修新增词汇,PDF第165页
moe-high-school-2020,permit,permit,高中必修新增词汇,PDF第165页
moe-high-school-2020,person,person,义务教育基础词汇,PDF第165页
moe-high-school-2020,personal,personal,义务教育基础词汇,PDF第165页
moe-high-school-2020,personality,personality,高中必修新增词汇,PDF第165页
moe-high-school-2020,persuade,persuade,高中选择性必修新增词汇,PDF第165页
moe-high-school-2020,pessimistic,pessimistic,高中选择性必修新增词汇,PDF第165页
moe-high-school-2020,pet,pet,义务教育基础词汇,PDF第165页
moe-high-school-2020,petrol,petrol,高中必修新增词汇,PDF第165页
moe-high-school-2020,phase,phase,高中选择性必修新增词汇,PDF第165页
moe-high-school-2020,phenomenon,phenomenon,高中选择性必修新增词汇,PDF第165页
moe-high-school-2020,philosophy,philosophy,高中选择性必修新增词汇,PDF第165页
moe-high-school-2020,phone,phone,义务教育基础词汇,PDF第165页
moe-high-school-2020,photo,photo,义务教育基础词汇,PDF第165页
moe-high-school-2020,photo,photograph,义务教育基础词汇,PDF第165页
moe-high-school-2020,photographer,photographer,高中选择性必修新增词汇,PDF第165页
moe-high-school-2020,phrase,phrase,高中选择性必修新增词汇,PDF第165页
moe-high-school-2020,pe,physical education,义务教育基础词汇,PDF第164页
moe-high-school-2020,pe,physical-education,义务教育基础词汇,PDF第164页
moe-high-school-2020,physician,physician,高中选择性必修新增词汇,PDF第165页
moe-high-school-2020,physics,physics,义务教育基础词汇,PDF第165页
moe-high-school-2020,piano,piano,高中必修新增词汇,PDF第165页
moe-high-school-2020,pick,pick,义务教育基础词汇,PDF第165页
moe-high-school-2020,picnic,picnic,义务教育基础词汇,PDF第165页
moe-high-school-2020,picture,picture,义务教育基础词汇,PDF第165页
moe-high-school-2020,pie,pie,义务教育基础词汇,PDF第165页
moe-high-school-2020,piece,piece,义务教育基础词汇,PDF第165页
moe-high-school-2020,pig,pig,义务教育基础词汇,PDF第165页
moe-high-school-2020,pill,pill,高中选择性必修新增词汇,PDF第165页
moe-high-school-2020,pilot,pilot,义务教育基础词汇,PDF第165页
moe-high-school-2020,pink,pink,义务教育基础词汇,PDF第165页
moe-high-school-2020,pioneer,pioneer,义务教育基础词汇,PDF第165页
moe-high-school-2020,pipe,pipe,高中选择性必修新增词汇,PDF第165页
moe-high-school-2020,pity,pity,义务教育基础词汇,PDF第165页
moe-high-school-2020,place,place,义务教育基础词汇,PDF第165页
moe-high-school-2020,plain,plain,高中选择性必修新增词汇,PDF第165页
moe-high-school-2020,plan,plan,义务教育基础词汇,PDF第165页
moe-high-school-2020,plane,plane,义务教育基础词汇,PDF第165页
moe-high-school-2020,planet,planet,义务教育基础词汇,PDF第165页
moe-high-school-2020,plant,plant,义务教育基础词汇,PDF第165页
moe-high-school-2020,plastic,plastic,高中选择性必修新增词汇,PDF第165页
moe-high-school-2020,plate,plate,高中必修新增词汇,PDF第165页
moe-high-school-2020,platform,platform,高中选择性必修新增词汇,PDF第165页
moe-high-school-2020,play,play,义务教育基础词汇,PDF第165页
moe-high-school-2020,player,player,义务教育基础词汇,PDF第165页
moe-high-school-2020,playground,playground,义务教育基础词汇,PDF第165页
moe-high-school-2020,pleasant,pleasant,高中选择性必修新增词汇,PDF第165页
moe-high-school-2020,please,please,义务教育基础词汇,PDF第165页
moe-high-school-2020,pleasure,pleasure,义务教育基础词汇,PDF第165页
moe-high-school-2020,plenty,plenty,义务教育基础词汇,PDF第165页
moe-high-school-2020,plot,plot,高中选择性必修新增词汇,PDF第165页
moe-high-school-2020,plug,plug,高中选择性必修新增词汇,PDF第165页
moe-high-school-2020,plus,plus,高中必修新增词汇,PDF第165页
moe-high-school-2020,pocket,pocket,义务教育基础词汇,PDF第165页
moe-high-school-2020,poem,poem,义务教育基础词汇,PDF第165页
moe-high-school-2020,poet,poet,高中选择性必修新增词汇,PDF第166页
moe-high-school-2020,poetry,poetry,高中必修新增词汇,PDF第166页
moe-high-school-2020,point,point,义务教育基础词汇,PDF第166页
moe-high-school-2020,poison,poison,高中必修新增词汇,PDF第166页
moe-high-school-2020,polar,polar,高中选择性必修新增词汇,PDF第166页
moe-high-school-2020,pole,pole,高中必修新增词汇,PDF第166页
moe-high-school-2020,police,police,义务教育基础词汇,PDF第166页
moe-high-school-2020,policeman,policeman,义务教育基础词汇,PDF第166页
moe-high-school-2020,policeman,policewoman,义务教育基础词汇,PDF第166页
moe-high-school-2020,policy,policy,高中必修新增词汇,PDF第166页
moe-high-school-2020,polish,polish,高中选择性必修新增词汇,PDF第166页
moe-high-school-2020,polite,polite,义务教育基础词汇,PDF第166页
moe-high-school-2020,political,political,高中选择性必修新增词汇,PDF第166页
moe-high-school-2020,politician,politician,高中选择性必修新增词汇,PDF第166页
moe-high-school-2020,politics,politics,高中选择性必修新增词汇,PDF第166页
moe-high-school-2020,pollute,pollute,义务教育基础词汇,PDF第166页
moe-high-school-2020,pollution,pollution,义务教育基础词汇,PDF第166页
moe-high-school-2020,pond,pond,高中选择性必修新增词汇,PDF第166页
moe-high-school-2020,pool,pool,义务教育基础词汇,PDF第166页
moe-high-school-2020,poor,poor,义务教育基础词汇,PDF第166页
moe-high-school-2020,popular,pop,义务教育基础词汇,PDF第166页
moe-high-school-2020,popular,popular,义务教育基础词汇,PDF第166页
moe-high-school-2020,population,population,义务教育基础词汇,PDF第166页
moe-high-school-2020,pork,pork,高中选择性必修新增词汇,PDF第166页
moe-high-school-2020,port,port,高中必修新增词汇,PDF第166页
moe-high-school-2020,pose,pose,高中选择性必修新增词汇,PDF第166页
moe-high-school-2020,position,position,高中必修新增词汇,PDF第166页
moe-high-school-2020,positive,positive,高中必修新增词汇,PDF第166页
moe-high-school-2020,possession,possession,高中选择性必修新增词汇,PDF第166页
moe-high-school-2020,possible,possible,义务教育基础词汇,PDF第166页
moe-high-school-2020,post,post,义务教育基础词汇,PDF第166页
moe-high-school-2020,postcard,postcard,义务教育基础词汇,PDF第166页
moe-high-school-2020,poster,poster,高中必修新增词汇,PDF第166页
moe-high-school-2020,postman,postman,义务教育基础词汇,PDF第166页
moe-high-school-2020,postpone,postpone,高中必修新增词汇,PDF第166页
moe-high-school-2020,pot,pot,高中选择性必修新增词汇,PDF第166页
moe-high-school-2020,potato,potato,义务教育基础词汇,PDF第166页
moe-high-school-2020,potential,potential,高中选择性必修新增词汇,PDF第166页
moe-high-school-2020,pound,pound,义务教育基础词汇,PDF第166页
moe-high-school-2020,pour,pour,高中选择性必修新增词汇,PDF第166页
moe-high-school-2020,power,power,高中必修新增词汇,PDF第166页
moe-high-school-2020,practical,practical,高中选择性必修新增词汇,PDF第166页
moe-high-school-2020,practice,practice,义务教育基础词汇,PDF第166页
moe-high-school-2020,praise,praise,义务教育基础词汇,PDF第166页
moe-high-school-2020,pray,pray,高中选择性必修新增词汇,PDF第166页
moe-high-school-2020,precious,precious,高中选择性必修新增词汇,PDF第166页
moe-high-school-2020,precisely,precisely,高中选择性必修新增词汇,PDF第166页
moe-high-school-2020,predict,predict,高中选择性必修新增词汇,PDF第166页
moe-high-school-2020,prefer,prefer,高中必修新增词汇,PDF第166页
moe-high-school-2020,preference,preference,高中选择性必修新增词汇,PDF第166页
moe-high-school-2020,prejudice,prejudice,高中选择性必修新增词汇,PDF第166页
moe-high-school-2020,premier,premier,高中选择性必修新增词汇,PDF第166页
moe-high-school-2020,prepare,prepare,义务教育基础词汇,PDF第166页
moe-high-school-2020,present,present,义务教育基础词汇,PDF第166页
moe-high-school-2020,presentation,presentation,高中选择性必修新增词汇,PDF第166页
moe-high-school-2020,preserve,preserve,高中选择性必修新增词汇,PDF第166页
moe-high-school-2020,president,president,义务教育基础词汇,PDF第166页
moe-high-school-2020,press,press,高中必修新增词汇,PDF第166页
moe-high-school-2020,pressure,pressure,高中必修新增词汇,PDF第167页
moe-high-school-2020,pretend,pretend,高中选择性必修新增词汇,PDF第167页
moe-high-school-2020,pretty,pretty,义务教育基础词汇,PDF第167页
moe-high-school-2020,prevent,prevent,高中必修新增词汇,PDF第167页
moe-high-school-2020,previous,previous,高中必修新增词汇,PDF第167页
moe-high-school-2020,price,price,义务教育基础词汇,PDF第167页
moe-high-school-2020,pride,pride,义务教育基础词汇,PDF第167页
moe-high-school-2020,primary,primary,义务教育基础词汇,PDF第167页
moe-high-school-2020,primitive,primitive,高中选择性必修新增词汇,PDF第167页
moe-high-school-2020,principle,principle,高中选择性必修新增词汇,PDF第167页
moe-high-school-2020,print,print,义务教育基础词汇,PDF第167页
moe-high-school-2020,prior,prior,高中选择性必修新增词汇,PDF第167页
moe-high-school-2020,priority,priority,高中选择性必修新增词汇,PDF第167页
moe-high-school-2020,prison,prison,高中选择性必修新增词汇,PDF第167页
moe-high-school-2020,private,private,义务教育基础词汇,PDF第167页
moe-high-school-2020,prize,prize,义务教育基础词汇,PDF第167页
moe-high-school-2020,probably,probably,义务教育基础词汇,PDF第167页
moe-high-school-2020,problem,problem,义务教育基础词汇,PDF第167页
moe-high-school-2020,procedure,procedure,高中必修新增词汇,PDF第167页
moe-high-school-2020,proceed,proceed,高中选择性必修新增词汇,PDF第167页
moe-high-school-2020,process,process,高中必修新增词汇,PDF第167页
moe-high-school-2020,produce,produce,义务教育基础词汇,PDF第167页
moe-high-school-2020,product,product,义务教育基础词汇,PDF第167页
moe-high-school-2020,profession,profession,高中选择性必修新增词汇,PDF第167页
moe-high-school-2020,professional,professional,高中必修新增词汇,PDF第167页
moe-high-school-2020,professor,professor,高中选择性必修新增词汇,PDF第167页
moe-high-school-2020,profile,profile,高中选择性必修新增词汇,PDF第167页
moe-high-school-2020,profit,profit,高中必修新增词汇,PDF第167页
moe-high-school-2020,programme,program,义务教育基础词汇,PDF第167页
moe-high-school-2020,programme,programme,义务教育基础词汇,PDF第167页
moe-high-school-2020,progress,progress,义务教育基础词汇,PDF第167页
moe-high-school-2020,prohibit,prohibit,高中选择性必修新增词汇,PDF第167页
moe-high-school-2020,project,project,义务教育基础词汇,PDF第167页
moe-high-school-2020,promise,promise,义务教育基础词汇,PDF第167页
moe-high-school-2020,promote,promote,高中选择性必修新增词汇,PDF第167页
moe-high-school-2020,pronounce,pronounce,义务教育基础词汇,PDF第167页
moe-high-school-2020,pronunciation,pronunciation,义务教育基础词汇,PDF第167页
moe-high-school-2020,proof,proof,高中选择性必修新增词汇,PDF第167页
moe-high-school-2020,proper,proper,义务教育基础词汇,PDF第167页
moe-high-school-2020,property,property,高中选择性必修新增词汇,PDF第167页
moe-high-school-2020,proposal,proposal,高中必修新增词汇,PDF第167页
moe-high-school-2020,prospect,prospect,高中选择性必修新增词汇,PDF第167页
moe-high-school-2020,protect,protect,义务教育基础词汇,PDF第167页
moe-high-school-2020,protein,protein,高中选择性必修新增词汇,PDF第167页
moe-high-school-2020,protest,protest,高中必修新增词汇,PDF第167页
moe-high-school-2020,proud,proud,义务教育基础词汇,PDF第167页
moe-high-school-2020,prove,prove,高中必修新增词汇,PDF第167页
moe-high-school-2020,provide,provide,义务教育基础词汇,PDF第167页
moe-high-school-2020,province,province,高中必修新增词汇,PDF第167页
moe-high-school-2020,psychology,psychology,高中选择性必修新增词汇,PDF第167页
moe-high-school-2020,pub,pub,高中选择性必修新增词汇,PDF第167页
moe-high-school-2020,public,public,义务教育基础词汇,PDF第167页
moe-high-school-2020,publish,publish,高中必修新增词汇,PDF第167页
moe-high-school-2020,pudding,pudding,高中必修新增词汇,PDF第167页
moe-high-school-2020,pull,pull,义务教育基础词汇,PDF第167页
moe-high-school-2020,punish,punish,义务教育基础词汇,PDF第167页
moe-high-school-2020,pupil,pupil,义务教育基础词汇,PDF第167页
moe-high-school-2020,purchase,purchase,高中选择性必修新增词汇,PDF第168页
moe-high-school-2020,pure,pure,高中选择性必修新增词汇,PDF第168页
moe-high-school-2020,purple,purple,义务教育基础词汇,PDF第168页
moe-high-school-2020,purpose,purpose,义务教育基础词汇,PDF第168页
moe-high-school-2020,purse,purse,高中选择性必修新增词汇,PDF第168页
moe-high-school-2020,pursue,pursue,高中选择性必修新增词汇,PDF第168页
moe-high-school-2020,push,push,义务教育基础词汇,PDF第168页
moe-high-school-2020,put,put,义务教育基础词汇,PDF第168页
moe-high-school-2020,qualification,qualification,高中选择性必修新增词汇,PDF第168页
moe-high-school-2020,qualify,qualify,高中选择性必修新增词汇,PDF第168页
moe-high-school-2020,quality,quality,高中必修新增词汇,PDF第168页
moe-high-school-2020,quantity,quantity,高中选择性必修新增词汇,PDF第168页
moe-high-school-2020,quarter,quarter,义务教育基础词汇,PDF第168页
moe-high-school-2020,queen,queen,义务教育基础词汇,PDF第168页
moe-high-school-2020,question,question,义务教育基础词汇,PDF第168页
moe-high-school-2020,quick,quick,义务教育基础词汇,PDF第168页
moe-high-school-2020,quiet,quiet,义务教育基础词汇,PDF第168页
moe-high-school-2020,quit,quit,高中必修新增词汇,PDF第168页
moe-high-school-2020,quite,quite,义务教育基础词汇,PDF第168页
moe-high-school-2020,quote,quote,高中选择性必修新增词汇,PDF第168页
moe-high-school-2020,rabbit,rabbit,义务教育基础词汇,PDF第168页
moe-high-school-2020,race,race,义务教育基础词汇,PDF第168页
moe-high-school-2020,racial,racial,高中选择性必修新增词汇,PDF第168页
moe-high-school-2020,radiation,radiation,高中选择性必修新增词汇,PDF第168页
moe-high-school-2020,radio,radio,义务教育基础词汇,PDF第168页
moe-high-school-2020,radium,radium,高中选择性必修新增词汇,PDF第168页
moe-high-school-2020,railway,railway,义务教育基础词汇,PDF第168页
moe-high-school-2020,rain,rain,义务教育基础词汇,PDF第168页
moe-high-school-2020,rainbow,rainbow,高中选择性必修新增词汇,PDF第168页
moe-high-school-2020,rainy,rainy,义务教育基础词汇,PDF第168页
moe-high-school-2020,raise,raise,义务教育基础词汇,PDF第168页
moe-high-school-2020,random,random,高中选择性必修新增词汇,PDF第168页
moe-high-school-2020,range,range,高中必修新增词汇,PDF第168页
moe-high-school-2020,rank,rank,高中选择性必修新增词汇,PDF第168页
moe-high-school-2020,rapid,rapid,义务教育基础词汇,PDF第168页
moe-high-school-2020,rare,rare,高中选择性必修新增词汇,PDF第168页
moe-high-school-2020,rate,rate,高中必修新增词汇,PDF第168页
moe-high-school-2020,rather,rather,高中必修新增词汇,PDF第168页
moe-high-school-2020,rating,rating,高中选择性必修新增词汇,PDF第168页
moe-high-school-2020,raw,raw,高中选择性必修新增词汇,PDF第168页
moe-high-school-2020,ray,ray,高中选择性必修新增词汇,PDF第168页
moe-high-school-2020,reach,reach,义务教育基础词汇,PDF第168页
moe-high-school-2020,react,react,高中选择性必修新增词汇,PDF第168页
moe-high-school-2020,reaction,reaction,高中必修新增词汇,PDF第168页
moe-high-school-2020,read,read,义务教育基础词汇,PDF第168页
moe-high-school-2020,ready,ready,义务教育基础词汇,PDF第168页
moe-high-school-2020,real,real,义务教育基础词汇,PDF第168页
moe-high-school-2020,realise,realise,义务教育基础词汇,PDF第168页
moe-high-school-2020,realistic,realistic,高中选择性必修新增词汇,PDF第168页
moe-high-school-2020,reality,reality,高中选择性必修新增词汇,PDF第168页
moe-high-school-2020,realise,realize,义务教育基础词汇,PDF第168页
moe-high-school-2020,really,really,义务教育基础词汇,PDF第168页
moe-high-school-2020,reason,reason,义务教育基础词汇,PDF第168页
moe-high-school-2020,recall,recall,高中选择性必修新增词汇,PDF第169页
moe-high-school-2020,receipt,receipt,高中选择性必修新增词汇,PDF第169页
moe-high-school-2020,receive,receive,义务教育基础词汇,PDF第169页
moe-high-school-2020,recently,recently,义务教育基础词汇,PDF第169页
moe-high-school-2020,receptionist,receptionist,高中选择性必修新增词汇,PDF第169页
moe-high-school-2020,recipe,recipe,高中选择性必修新增词汇,PDF第169页
moe-high-school-2020,recite,recite,高中选择性必修新增词汇,PDF第169页
moe-high-school-2020,recognise,recognise,高中必修新增词汇,PDF第169页
moe-high-school-2020,recognition,recognition,高中选择性必修新增词汇,PDF第169页
moe-high-school-2020,recognise,recognize,高中必修新增词汇,PDF第169页
moe-high-school-2020,recommend,recommend,高中必修新增词汇,PDF第169页
moe-high-school-2020,record,record,义务教育基础词汇,PDF第169页
moe-high-school-2020,recording,recording,高中选择性必修新增词汇,PDF第169页
moe-high-school-2020,recover,recover,高中必修新增词汇,PDF第169页
moe-high-school-2020,recreation,recreation,高中选择性必修新增词汇,PDF第169页
moe-high-school-2020,recycle,recycle,高中选择性必修新增词汇,PDF第169页
moe-high-school-2020,red,red,义务教育基础词汇,PDF第169页
moe-high-school-2020,reduce,reduce,高中必修新增词汇,PDF第169页
moe-high-school-2020,refer,refer,高中必修新增词汇,PDF第169页
moe-high-school-2020,reference,reference,高中选择性必修新增词汇,PDF第169页
moe-high-school-2020,reflect,reflect,高中必修新增词汇,PDF第169页
moe-high-school-2020,reform,reform,高中选择性必修新增词汇,PDF第169页
moe-high-school-2020,refresh,refresh,高中选择性必修新增词汇,PDF第169页
moe-high-school-2020,fridge,refrigerator,义务教育基础词汇,PDF第150页
moe-high-school-2020,refuse,refuse,义务教育基础词汇,PDF第169页
moe-high-school-2020,regard,regard,高中必修新增词汇,PDF第169页
moe-high-school-2020,regardless,regardless,高中选择性必修新增词汇,PDF第169页
moe-high-school-2020,region,region,高中必修新增词汇,PDF第169页
moe-high-school-2020,register,register,高中选择性必修新增词汇,PDF第169页
moe-high-school-2020,regret,regret,义务教育基础词汇,PDF第169页
moe-high-school-2020,regular,regular,高中必修新增词汇,PDF第169页
moe-high-school-2020,reject,reject,高中选择性必修新增词汇,PDF第169页
moe-high-school-2020,relate,relate,高中选择性必修新增词汇,PDF第169页
moe-high-school-2020,relationship,relationship,义务教育基础词汇,PDF第169页
moe-high-school-2020,relative,relative,义务教育基础词汇,PDF第169页
moe-high-school-2020,relax,relax,义务教育基础词汇,PDF第169页
moe-high-school-2020,relay,relay,高中选择性必修新增词汇,PDF第169页
moe-high-school-2020,release,release,高中选择性必修新增词汇,PDF第169页
moe-high-school-2020,relevant,relevant,高中选择性必修新增词汇,PDF第169页
moe-high-school-2020,reliable,reliable,高中选择性必修新增词汇,PDF第169页
moe-high-school-2020,relief,relief,高中必修新增词汇,PDF第169页
moe-high-school-2020,rely,rely,高中选择性必修新增词汇,PDF第169页
moe-high-school-2020,remain,remain,义务教育基础词汇,PDF第169页
moe-high-school-2020,remarkable,remarkable,高中选择性必修新增词汇,PDF第169页
moe-high-school-2020,remember,remember,义务教育基础词汇,PDF第169页
moe-high-school-2020,remind,remind,高中必修新增词汇,PDF第169页
moe-high-school-2020,remote,remote,高中选择性必修新增词汇,PDF第169页
moe-high-school-2020,remove,remove,高中必修新增词汇,PDF第169页
moe-high-school-2020,rent,rent,高中选择性必修新增词汇,PDF第169页
moe-high-school-2020,repair,repair,义务教育基础词汇,PDF第169页
moe-high-school-2020,repeat,repeat,义务教育基础词汇,PDF第169页
moe-high-school-2020,replace,replace,高中必修新增词汇,PDF第169页
moe-high-school-2020,reply,reply,义务教育基础词汇,PDF第169页
moe-high-school-2020,report,report,义务教育基础词汇,PDF第169页
moe-high-school-2020,represent,represent,高中必修新增词汇,PDF第169页
moe-high-school-2020,representative,representative,高中选择性必修新增词汇,PDF第169页
moe-high-school-2020,republic,republic,高中必修新增词汇,PDF第169页
moe-high-school-2020,reputation,reputation,高中选择性必修新增词汇,PDF第169页
moe-high-school-2020,request,request,高中必修新增词汇,PDF第170页
moe-high-school-2020,require,require,义务教育基础词汇,PDF第170页
moe-high-school-2020,rescue,rescue,高中选择性必修新增词汇,PDF第170页
moe-high-school-2020,research,research,义务教育基础词汇,PDF第170页
moe-high-school-2020,reserve,reserve,高中选择性必修新增词汇,PDF第170页
moe-high-school-2020,resident,resident,高中选择性必修新增词汇,PDF第170页
moe-high-school-2020,resign,resign,高中选择性必修新增词汇,PDF第170页
moe-high-school-2020,resistance,resistance,高中选择性必修新增词汇,PDF第170页
moe-high-school-2020,resolution,resolution,高中选择性必修新增词汇,PDF第170页
moe-high-school-2020,resolve,resolve,高中选择性必修新增词汇,PDF第170页
moe-high-school-2020,resource,resource,高中必修新增词汇,PDF第170页
moe-high-school-2020,respect,respect,高中必修新增词汇,PDF第170页
moe-high-school-2020,respective,respective,高中选择性必修新增词汇,PDF第170页
moe-high-school-2020,respond,respond,高中必修新增词汇,PDF第170页
moe-high-school-2020,response,response,高中必修新增词汇,PDF第170页
moe-high-school-2020,responsibility,responsibility,高中选择性必修新增词汇,PDF第170页
moe-high-school-2020,responsible,responsible,高中必修新增词汇,PDF第170页
moe-high-school-2020,rest,rest,义务教育基础词汇,PDF第170页
moe-high-school-2020,restaurant,restaurant,义务教育基础词汇,PDF第170页
moe-high-school-2020,restore,restore,高中选择性必修新增词汇,PDF第170页
moe-high-school-2020,restrict,restrict,高中选择性必修新增词汇,PDF第170页
moe-high-school-2020,result,result,义务教育基础词汇,PDF第170页
moe-high-school-2020,retire,retire,高中必修新增词汇,PDF第170页
moe-high-school-2020,return,return,义务教育基础词汇,PDF第170页
moe-high-school-2020,reveal,reveal,高中必修新增词汇,PDF第170页
moe-high-school-2020,review,review,义务教育基础词汇,PDF第170页
moe-high-school-2020,revise,revise,高中必修新增词汇,PDF第170页
moe-high-school-2020,reward,reward,高中选择性必修新增词汇,PDF第170页
moe-high-school-2020,rhyme,rhyme,高中选择性必修新增词汇,PDF第170页
moe-high-school-2020,rice,rice,义务教育基础词汇,PDF第170页
moe-high-school-2020,rich,rich,义务教育基础词汇,PDF第170页
moe-high-school-2020,riddle,riddle,高中选择性必修新增词汇,PDF第170页
moe-high-school-2020,ride,ride,义务教育基础词汇,PDF第170页
moe-high-school-2020,right,right,义务教育基础词汇,PDF第170页
moe-high-school-2020,rigid,rigid,高中选择性必修新增词汇,PDF第170页
moe-high-school-2020,ring,ring,义务教育基础词汇,PDF第170页
moe-high-school-2020,ripe,ripe,高中选择性必修新增词汇,PDF第170页
moe-high-school-2020,rise,rise,义务教育基础词汇,PDF第170页
moe-high-school-2020,risk,risk,义务教育基础词汇,PDF第170页
moe-high-school-2020,river,river,义务教育基础词汇,PDF第170页
moe-high-school-2020,road,road,义务教育基础词汇,PDF第170页
moe-high-school-2020,roast,roast,高中选择性必修新增词汇,PDF第170页
moe-high-school-2020,robot,robot,义务教育基础词汇,PDF第170页
moe-high-school-2020,rock,rock,义务教育基础词汇,PDF第170页
moe-high-school-2020,rocket,rocket,高中选择性必修新增词汇,PDF第170页
moe-high-school-2020,role,role,义务教育基础词汇,PDF第170页
moe-high-school-2020,roll,roll,高中必修新增词汇,PDF第170页
moe-high-school-2020,romantic,romantic,高中必修新增词汇,PDF第170页
moe-high-school-2020,roof,roof,高中选择性必修新增词汇,PDF第170页
moe-high-school-2020,room,room,义务教育基础词汇,PDF第170页
moe-high-school-2020,root,root,高中选择性必修新增词汇,PDF第170页
moe-high-school-2020,rope,rope,义务教育基础词汇,PDF第170页
moe-high-school-2020,rose,rose,义务教育基础词汇,PDF第170页
moe-high-school-2020,round,round,义务教育基础词汇,PDF第170页
moe-high-school-2020,route,route,高中选择性必修新增词汇,PDF第170页
moe-high-school-2020,routine,routine,高中选择性必修新增词汇,PDF第170页
moe-high-school-2020,row,row,义务教育基础词汇,PDF第171页
moe-high-school-2020,royal,royal,高中选择性必修新增词汇,PDF第171页
moe-high-school-2020,rubber,rubber,高中选择性必修新增词汇,PDF第171页
moe-high-school-2020,rubbish,rubbish,义务教育基础词汇,PDF第171页
moe-high-school-2020,rude,rude,高中选择性必修新增词汇,PDF第171页
moe-high-school-2020,rugby,rugby,高中选择性必修新增词汇,PDF第171页
moe-high-school-2020,ruin,ruin,高中选择性必修新增词汇,PDF第171页
moe-high-school-2020,rule,rule,义务教育基础词汇,PDF第171页
moe-high-school-2020,ruler,ruler,义务教育基础词汇,PDF第171页
moe-high-school-2020,run,run,义务教育基础词汇,PDF第171页
moe-high-school-2020,rural,rural,高中选择性必修新增词汇,PDF第171页
moe-high-school-2020,rush,rush,义务教育基础词汇,PDF第171页
moe-high-school-2020,russia,russia,义务教育基础词汇,PDF第171页
moe-high-school-2020,russian,russian,义务教育基础词汇,PDF第171页
moe-high-school-2020,toward,s,义务教育基础词汇,PDF第179页
moe-high-school-2020,sad,sad,义务教育基础词汇,PDF第171页
moe-high-school-2020,safe,safe,义务教育基础词汇,PDF第171页
moe-high-school-2020,safety,safety,义务教育基础词汇,PDF第171页
moe-high-school-2020,sail,sail,高中选择性必修新增词汇,PDF第171页
moe-high-school-2020,salad,salad,义务教育基础词汇,PDF第171页
moe-high-school-2020,salary,salary,高中选择性必修新增词汇,PDF第171页
moe-high-school-2020,sale,sale,义务教育基础词汇,PDF第171页
moe-high-school-2020,salesman,salesman,高中选择性必修新增词汇,PDF第171页
moe-high-school-2020,salesman,saleswoman,高中选择性必修新增词汇,PDF第171页
moe-high-school-2020,salt,salt,义务教育基础词汇,PDF第171页
moe-high-school-2020,salty,salty,高中选择性必修新增词汇,PDF第171页
moe-high-school-2020,same,same,义务教育基础词汇,PDF第171页
moe-high-school-2020,sample,sample,高中选择性必修新增词汇,PDF第171页
moe-high-school-2020,sand,sand,义务教育基础词汇,PDF第171页
moe-high-school-2020,sandwich,sandwich,义务教育基础词汇,PDF第171页
moe-high-school-2020,satellite,satellite,高中选择性必修新增词汇,PDF第171页
moe-high-school-2020,satisfaction,satisfaction,高中必修新增词汇,PDF第171页
moe-high-school-2020,satisfy,satisfy,义务教育基础词汇,PDF第171页
moe-high-school-2020,saturday,saturday,义务教育基础词汇,PDF第171页
moe-high-school-2020,saucer,saucer,高中选择性必修新增词汇,PDF第171页
moe-high-school-2020,sausage,sausage,高中选择性必修新增词汇,PDF第171页
moe-high-school-2020,save,save,义务教育基础词汇,PDF第171页
moe-high-school-2020,saving,saving,高中选择性必修新增词汇,PDF第171页
moe-high-school-2020,say,say,义务教育基础词汇,PDF第171页
moe-high-school-2020,saying,saying,高中选择性必修新增词汇,PDF第171页
moe-high-school-2020,scare,scare,高中必修新增词汇,PDF第171页
moe-high-school-2020,scarf,scarf,义务教育基础词汇,PDF第171页
moe-high-school-2020,scene,scene,高中必修新增词汇,PDF第171页
moe-high-school-2020,schedule,schedule,高中必修新增词汇,PDF第171页
moe-high-school-2020,scholarship,scholarship,高中选择性必修新增词汇,PDF第171页
moe-high-school-2020,school,school,义务教育基础词汇,PDF第171页
moe-high-school-2020,schoolbag,schoolbag,义务教育基础词汇,PDF第171页
moe-high-school-2020,science,science,义务教育基础词汇,PDF第171页
moe-high-school-2020,scientific,scientific,高中选择性必修新增词汇,PDF第171页
moe-high-school-2020,scientist,scientist,义务教育基础词汇,PDF第171页
moe-high-school-2020,scissors,scissors,义务教育基础词汇,PDF第171页
moe-high-school-2020,score,score,义务教育基础词汇,PDF第171页
moe-high-school-2020,scream,scream,高中选择性必修新增词汇,PDF第171页
moe-high-school-2020,screen,screen,义务教育基础词汇,PDF第171页
moe-high-school-2020,sculpture,sculpture,高中选择性必修新增词汇,PDF第171页
moe-high-school-2020,sea,sea,义务教育基础词汇,PDF第171页
moe-high-school-2020,search,search,义务教育基础词汇,PDF第172页
moe-high-school-2020,season,season,义务教育基础词汇,PDF第172页
moe-high-school-2020,seat,seat,义务教育基础词汇,PDF第172页
moe-high-school-2020,second,second,义务教育基础词汇,PDF第172页
moe-high-school-2020,secondary,secondary,高中选择性必修新增词汇,PDF第172页
moe-high-school-2020,secret,secret,义务教育基础词汇,PDF第172页
moe-high-school-2020,secretary,secretary,义务教育基础词汇,PDF第172页
moe-high-school-2020,section,section,高中必修新增词汇,PDF第172页
moe-high-school-2020,secure,secure,高中选择性必修新增词汇,PDF第172页
moe-high-school-2020,security,security,高中选择性必修新增词汇,PDF第172页
moe-high-school-2020,see,see,义务教育基础词汇,PDF第172页
moe-high-school-2020,seed,seed,高中选择性必修新增词汇,PDF第172页
moe-high-school-2020,seek,seek,高中必修新增词汇,PDF第172页
moe-high-school-2020,seem,seem,义务教育基础词汇,PDF第172页
moe-high-school-2020,seize,seize,高中选择性必修新增词汇,PDF第172页
moe-high-school-2020,seldom,seldom,义务教育基础词汇,PDF第172页
moe-high-school-2020,select,select,高中必修新增词汇,PDF第172页
moe-high-school-2020,sell,sell,义务教育基础词汇,PDF第172页
moe-high-school-2020,send,send,义务教育基础词汇,PDF第172页
moe-high-school-2020,senior,senior,高中必修新增词汇,PDF第172页
moe-high-school-2020,sense,sense,义务教育基础词汇,PDF第172页
moe-high-school-2020,sensitive,sensitive,高中选择性必修新增词汇,PDF第172页
moe-high-school-2020,sentence,sentence,义务教育基础词汇,PDF第172页
moe-high-school-2020,separate,separate,义务教育基础词汇,PDF第172页
moe-high-school-2020,september,september,义务教育基础词汇,PDF第172页
moe-high-school-2020,series,series,高中必修新增词汇,PDF第172页
moe-high-school-2020,serious,serious,义务教育基础词汇,PDF第172页
moe-high-school-2020,servant,servant,高中选择性必修新增词汇,PDF第172页
moe-high-school-2020,serve,serve,义务教育基础词汇,PDF第172页
moe-high-school-2020,service,service,义务教育基础词汇,PDF第172页
moe-high-school-2020,session,session,高中选择性必修新增词汇,PDF第172页
moe-high-school-2020,set,set,义务教育基础词汇,PDF第172页
moe-high-school-2020,setting,setting,高中选择性必修新增词汇,PDF第172页
moe-high-school-2020,settle,settle,高中必修新增词汇,PDF第172页
moe-high-school-2020,seven,seven,义务教育基础词汇,PDF第172页
moe-high-school-2020,seventeen,seventeen,义务教育基础词汇,PDF第172页
moe-high-school-2020,seventh,seventh,义务教育基础词汇,PDF第172页
moe-high-school-2020,seventy,seventy,义务教育基础词汇,PDF第172页
moe-high-school-2020,several,several,义务教育基础词汇,PDF第172页
moe-high-school-2020,severe,severe,高中选择性必修新增词汇,PDF第172页
moe-high-school-2020,sew,sew,高中选择性必修新增词汇,PDF第172页
moe-high-school-2020,sex,sex,高中必修新增词汇,PDF第172页
moe-high-school-2020,shade,shade,高中选择性必修新增词汇,PDF第172页
moe-high-school-2020,shadow,shadow,高中选择性必修新增词汇,PDF第172页
moe-high-school-2020,shake,shake,义务教育基础词汇,PDF第172页
moe-high-school-2020,shall,shall,义务教育基础词汇,PDF第172页
moe-high-school-2020,shallow,shallow,高中必修新增词汇,PDF第172页
moe-high-school-2020,shame,shame,义务教育基础词汇,PDF第172页
moe-high-school-2020,shape,shape,义务教育基础词汇,PDF第172页
moe-high-school-2020,share,share,义务教育基础词汇,PDF第172页
moe-high-school-2020,shark,shark,高中选择性必修新增词汇,PDF第172页
moe-high-school-2020,sharp,sharp,高中必修新增词汇,PDF第172页
moe-high-school-2020,shave,shave,高中选择性必修新增词汇,PDF第172页
moe-high-school-2020,she,she,义务教育基础词汇,PDF第172页
moe-high-school-2020,sheep,sheep,义务教育基础词汇,PDF第172页
moe-high-school-2020,sheet,sheet,高中必修新增词汇,PDF第172页
moe-high-school-2020,shelf,shelf,高中选择性必修新增词汇,PDF第173页
moe-high-school-2020,shelter,shelter,高中选择性必修新增词汇,PDF第173页
moe-high-school-2020,shift,shift,高中选择性必修新增词汇,PDF第173页
moe-high-school-2020,shine,shine,义务教育基础词汇,PDF第173页
moe-high-school-2020,ship,ship,义务教育基础词汇,PDF第173页
moe-high-school-2020,shirt,shirt,义务教育基础词汇,PDF第173页
moe-high-school-2020,shock,shock,高中必修新增词汇,PDF第173页
moe-high-school-2020,shoe,shoe,义务教育基础词汇,PDF第173页
moe-high-school-2020,shoot,shoot,高中必修新增词汇,PDF第173页
moe-high-school-2020,shop,shop,义务教育基础词汇,PDF第173页
moe-high-school-2020,shore,shore,高中选择性必修新增词汇,PDF第173页
moe-high-school-2020,short,short,义务教育基础词汇,PDF第173页
moe-high-school-2020,shortage,shortage,高中选择性必修新增词汇,PDF第173页
moe-high-school-2020,shorts,shorts,义务教育基础词汇,PDF第173页
moe-high-school-2020,should,should,义务教育基础词汇,PDF第173页
moe-high-school-2020,shoulder,shoulder,义务教育基础词汇,PDF第173页
moe-high-school-2020,shout,shout,义务教育基础词汇,PDF第173页
moe-high-school-2020,show,show,义务教育基础词汇,PDF第173页
moe-high-school-2020,shower,shower,义务教育基础词汇,PDF第173页
moe-high-school-2020,shut,shut,义务教育基础词汇,PDF第173页
moe-high-school-2020,shy,shy,义务教育基础词汇,PDF第173页
moe-high-school-2020,sick,sick,义务教育基础词汇,PDF第173页
moe-high-school-2020,side,side,义务教育基础词汇,PDF第173页
moe-high-school-2020,sight,sight,高中必修新增词汇,PDF第173页
moe-high-school-2020,sign,sign,义务教育基础词汇,PDF第173页
moe-high-school-2020,signal,signal,高中必修新增词汇,PDF第173页
moe-high-school-2020,significant,significant,高中必修新增词汇,PDF第173页
moe-high-school-2020,silence,silence,义务教育基础词汇,PDF第173页
moe-high-school-2020,silent,silent,义务教育基础词汇,PDF第173页
moe-high-school-2020,silk,silk,义务教育基础词汇,PDF第173页
moe-high-school-2020,silly,silly,义务教育基础词汇,PDF第173页
moe-high-school-2020,silver,silver,义务教育基础词汇,PDF第173页
moe-high-school-2020,similar,similar,义务教育基础词汇,PDF第173页
moe-high-school-2020,simple,simple,义务教育基础词汇,PDF第173页
moe-high-school-2020,since,since,义务教育基础词汇,PDF第173页
moe-high-school-2020,sincerely,sincerely,高中选择性必修新增词汇,PDF第173页
moe-high-school-2020,sing,sing,义务教育基础词汇,PDF第173页
moe-high-school-2020,single,single,义务教育基础词汇,PDF第173页
moe-high-school-2020,sink,sink,高中选择性必修新增词汇,PDF第173页
moe-high-school-2020,sir,sir,义务教育基础词汇,PDF第173页
moe-high-school-2020,sister,sister,义务教育基础词汇,PDF第173页
moe-high-school-2020,sit,sit,义务教育基础词汇,PDF第173页
moe-high-school-2020,site,site,高中必修新增词汇,PDF第173页
moe-high-school-2020,situation,situation,义务教育基础词汇,PDF第173页
moe-high-school-2020,six,six,义务教育基础词汇,PDF第173页
moe-high-school-2020,sixteen,sixteen,义务教育基础词汇,PDF第173页
moe-high-school-2020,sixth,sixth,义务教育基础词汇,PDF第173页
moe-high-school-2020,sixty,sixty,义务教育基础词汇,PDF第173页
moe-high-school-2020,size,size,义务教育基础词汇,PDF第173页
moe-high-school-2020,skate,skate,义务教育基础词汇,PDF第173页
moe-high-school-2020,skateboard,skateboard,高中选择性必修新增词汇,PDF第173页
moe-high-school-2020,ski,ski,高中必修新增词汇,PDF第173页
moe-high-school-2020,skill,skill,义务教育基础词汇,PDF第173页
moe-high-school-2020,skin,skin,高中必修新增词汇,PDF第173页
moe-high-school-2020,skip,skip,高中选择性必修新增词汇,PDF第173页
moe-high-school-2020,skirt,skirt,义务教育基础词汇,PDF第173页
moe-high-school-2020,sky,sky,义务教育基础词汇,PDF第174页
moe-high-school-2020,sleep,sleep,义务教育基础词汇,PDF第174页
moe-high-school-2020,sleepy,sleepy,义务教育基础词汇,PDF第174页
moe-high-school-2020,slice,slice,高中选择性必修新增词汇,PDF第174页
moe-high-school-2020,slide,slide,高中必修新增词汇,PDF第174页
moe-high-school-2020,slightly,slightly,高中必修新增词汇,PDF第174页
moe-high-school-2020,slim,slim,高中必修新增词汇,PDF第174页
moe-high-school-2020,slip,slip,高中选择性必修新增词汇,PDF第174页
moe-high-school-2020,slow,slow,义务教育基础词汇,PDF第174页
moe-high-school-2020,small,small,义务教育基础词汇,PDF第174页
moe-high-school-2020,smart,smart,义务教育基础词汇,PDF第174页
moe-high-school-2020,smell,smell,义务教育基础词汇,PDF第174页
moe-high-school-2020,smile,smile,义务教育基础词汇,PDF第174页
moe-high-school-2020,smog,smog,高中必修新增词汇,PDF第174页
moe-high-school-2020,smoke,smoke,义务教育基础词汇,PDF第174页
moe-high-school-2020,smooth,smooth,义务教育基础词汇,PDF第174页
moe-high-school-2020,snack,snack,高中必修新增词汇,PDF第174页
moe-high-school-2020,snake,snake,义务教育基础词汇,PDF第174页
moe-high-school-2020,sneeze,sneeze,高中选择性必修新增词汇,PDF第174页
moe-high-school-2020,snow,snow,义务教育基础词汇,PDF第174页
moe-high-school-2020,snowy,snowy,义务教育基础词汇,PDF第174页
moe-high-school-2020,so,so,义务教育基础词汇,PDF第174页
moe-high-school-2020,soccer,soccer,高中必修新增词汇,PDF第174页
moe-high-school-2020,social,social,义务教育基础词汇,PDF第174页
moe-high-school-2020,socialist,socialist,高中选择性必修新增词汇,PDF第174页
moe-high-school-2020,society,society,义务教育基础词汇,PDF第174页
moe-high-school-2020,sock,sock,义务教育基础词汇,PDF第174页
moe-high-school-2020,sofa,sofa,义务教育基础词汇,PDF第174页
moe-high-school-2020,soft,soft,义务教育基础词汇,PDF第174页
moe-high-school-2020,software,software,高中必修新增词汇,PDF第174页
moe-high-school-2020,soil,soil,高中选择性必修新增词汇,PDF第174页
moe-high-school-2020,solar,solar,高中选择性必修新增词汇,PDF第174页
moe-high-school-2020,soldier,soldier,高中选择性必修新增词汇,PDF第174页
moe-high-school-2020,solid,solid,高中选择性必修新增词汇,PDF第174页
moe-high-school-2020,solution,solution,高中必修新增词汇,PDF第174页
moe-high-school-2020,solve,solve,义务教育基础词汇,PDF第174页
moe-high-school-2020,some,some,义务教育基础词汇,PDF第174页
moe-high-school-2020,somebody,somebody,义务教育基础词汇,PDF第174页
moe-high-school-2020,somehow,somehow,高中必修新增词汇,PDF第174页
moe-high-school-2020,someone,someone,义务教育基础词汇,PDF第174页
moe-high-school-2020,something,something,义务教育基础词汇,PDF第174页
moe-high-school-2020,sometimes,sometimes,义务教育基础词汇,PDF第174页
moe-high-school-2020,somewhat,somewhat,高中选择性必修新增词汇,PDF第174页
moe-high-school-2020,somewhere,somewhere,义务教育基础词汇,PDF第174页
moe-high-school-2020,son,son,义务教育基础词汇,PDF第174页
moe-high-school-2020,song,song,义务教育基础词汇,PDF第174页
moe-high-school-2020,soon,soon,义务教育基础词汇,PDF第174页
moe-high-school-2020,sorrow,sorrow,高中选择性必修新增词汇,PDF第174页
moe-high-school-2020,sorry,sorry,义务教育基础词汇,PDF第174页
moe-high-school-2020,sort,sort,高中必修新增词汇,PDF第174页
moe-high-school-2020,soul,soul,高中选择性必修新增词汇,PDF第174页
moe-high-school-2020,sound,sound,义务教育基础词汇,PDF第174页
moe-high-school-2020,soup,soup,义务教育基础词汇,PDF第174页
moe-high-school-2020,sour,sour,高中选择性必修新增词汇,PDF第174页
moe-high-school-2020,source,source,高中必修新增词汇,PDF第174页
moe-high-school-2020,south,south,义务教育基础词汇,PDF第174页
moe-high-school-2020,southern,southern,义务教育基础词汇,PDF第175页
moe-high-school-2020,sow,sow,高中选择性必修新增词汇,PDF第175页
moe-high-school-2020,space,space,义务教育基础词汇,PDF第175页
moe-high-school-2020,spare,spare,义务教育基础词汇,PDF第175页
moe-high-school-2020,speak,speak,义务教育基础词汇,PDF第175页
moe-high-school-2020,speaker,speaker,义务教育基础词汇,PDF第175页
moe-high-school-2020,special,special,义务教育基础词汇,PDF第175页
moe-high-school-2020,specialist,specialist,高中选择性必修新增词汇,PDF第175页
moe-high-school-2020,species,species,高中选择性必修新增词汇,PDF第175页
moe-high-school-2020,specific,specific,高中必修新增词汇,PDF第175页
moe-high-school-2020,speech,speech,义务教育基础词汇,PDF第175页
moe-high-school-2020,speed,speed,义务教育基础词汇,PDF第175页
moe-high-school-2020,spell,spell,义务教育基础词汇,PDF第175页
moe-high-school-2020,spend,spend,义务教育基础词汇,PDF第175页
moe-high-school-2020,spirit,spirit,义务教育基础词汇,PDF第175页
moe-high-school-2020,splendid,splendid,高中选择性必修新增词汇,PDF第175页
moe-high-school-2020,sponsor,sponsor,高中选择性必修新增词汇,PDF第175页
moe-high-school-2020,spoon,spoon,义务教育基础词汇,PDF第175页
moe-high-school-2020,sport,sport,义务教育基础词汇,PDF第175页
moe-high-school-2020,spot,spot,高中选择性必修新增词汇,PDF第175页
moe-high-school-2020,spread,spread,义务教育基础词汇,PDF第175页
moe-high-school-2020,spring,spring,义务教育基础词汇,PDF第175页
moe-high-school-2020,spy,spy,高中选择性必修新增词汇,PDF第175页
moe-high-school-2020,square,square,义务教育基础词汇,PDF第175页
moe-high-school-2020,stability,stability,高中选择性必修新增词汇,PDF第175页
moe-high-school-2020,stadium,stadium,高中选择性必修新增词汇,PDF第175页
moe-high-school-2020,staff,staff,高中必修新增词汇,PDF第175页
moe-high-school-2020,stage,stage,高中必修新增词汇,PDF第175页
moe-high-school-2020,stair,stair,高中必修新增词汇,PDF第175页
moe-high-school-2020,stamp,stamp,义务教育基础词汇,PDF第175页
moe-high-school-2020,stand,stand,义务教育基础词汇,PDF第175页
moe-high-school-2020,standard,standard,义务教育基础词汇,PDF第175页
moe-high-school-2020,star,star,义务教育基础词汇,PDF第175页
moe-high-school-2020,stare,stare,高中选择性必修新增词汇,PDF第175页
moe-high-school-2020,start,start,义务教育基础词汇,PDF第175页
moe-high-school-2020,starve,starve,高中选择性必修新增词汇,PDF第175页
moe-high-school-2020,state,state,义务教育基础词汇,PDF第175页
moe-high-school-2020,station,station,义务教育基础词汇,PDF第175页
moe-high-school-2020,statistic,statistic,高中选择性必修新增词汇,PDF第175页
moe-high-school-2020,statue,statue,高中选择性必修新增词汇,PDF第175页
moe-high-school-2020,stay,stay,义务教育基础词汇,PDF第175页
moe-high-school-2020,steak,steak,高中选择性必修新增词汇,PDF第175页
moe-high-school-2020,steal,steal,义务教育基础词汇,PDF第175页
moe-high-school-2020,steam,steam,高中选择性必修新增词汇,PDF第175页
moe-high-school-2020,steel,steel,高中选择性必修新增词汇,PDF第175页
moe-high-school-2020,step,step,义务教育基础词汇,PDF第175页
moe-high-school-2020,stick,stick,义务教育基础词汇,PDF第175页
moe-high-school-2020,still,still,义务教育基础词汇,PDF第175页
moe-high-school-2020,stimulate,stimulate,高中选择性必修新增词汇,PDF第175页
moe-high-school-2020,stomach,stomach,义务教育基础词汇,PDF第175页
moe-high-school-2020,stomachache,stomachache,义务教育基础词汇,PDF第175页
moe-high-school-2020,stone,stone,义务教育基础词汇,PDF第175页
moe-high-school-2020,stop,stop,义务教育基础词汇,PDF第175页
moe-high-school-2020,store,store,义务教育基础词汇,PDF第175页
moe-high-school-2020,storm,storm,义务教育基础词汇,PDF第175页
moe-high-school-2020,story,story,义务教育基础词汇,PDF第175页
moe-high-school-2020,straight,straight,义务教育基础词汇,PDF第176页
moe-high-school-2020,straightforward,straightforward,高中选择性必修新增词汇,PDF第176页
moe-high-school-2020,strait,strait,高中选择性必修新增词汇,PDF第176页
moe-high-school-2020,strange,strange,义务教育基础词汇,PDF第176页
moe-high-school-2020,stranger,stranger,义务教育基础词汇,PDF第176页
moe-high-school-2020,strategy,strategy,高中必修新增词汇,PDF第176页
moe-high-school-2020,strawberry,strawberry,义务教育基础词汇,PDF第176页
moe-high-school-2020,stream,stream,高中选择性必修新增词汇,PDF第176页
moe-high-school-2020,street,street,义务教育基础词汇,PDF第176页
moe-high-school-2020,strength,strength,高中必修新增词汇,PDF第176页
moe-high-school-2020,strengthen,strengthen,高中选择性必修新增词汇,PDF第176页
moe-high-school-2020,stress,stress,高中必修新增词汇,PDF第176页
moe-high-school-2020,stretch,stretch,高中选择性必修新增词汇,PDF第176页
moe-high-school-2020,strict,strict,义务教育基础词汇,PDF第176页
moe-high-school-2020,strike,strike,高中选择性必修新增词汇,PDF第176页
moe-high-school-2020,string,string,高中选择性必修新增词汇,PDF第176页
moe-high-school-2020,strong,strong,义务教育基础词汇,PDF第176页
moe-high-school-2020,structure,structure,高中选择性必修新增词汇,PDF第176页
moe-high-school-2020,struggle,struggle,高中必修新增词汇,PDF第176页
moe-high-school-2020,student,student,义务教育基础词汇,PDF第176页
moe-high-school-2020,studio,studio,高中必修新增词汇,PDF第176页
moe-high-school-2020,study,study,义务教育基础词汇,PDF第176页
moe-high-school-2020,stuff,stuff,高中必修新增词汇,PDF第176页
moe-high-school-2020,stupid,stupid,义务教育基础词汇,PDF第176页
moe-high-school-2020,style,style,高中必修新增词汇,PDF第176页
moe-high-school-2020,subject,subject,义务教育基础词汇,PDF第176页
moe-high-school-2020,subjective,subjective,高中选择性必修新增词汇,PDF第176页
moe-high-school-2020,submit,submit,高中选择性必修新增词汇,PDF第176页
moe-high-school-2020,subscribe,subscribe,高中选择性必修新增词汇,PDF第176页
moe-high-school-2020,subsequent,subsequent,高中选择性必修新增词汇,PDF第176页
moe-high-school-2020,substance,substance,高中选择性必修新增词汇,PDF第176页
moe-high-school-2020,substantial,substantial,高中选择性必修新增词汇,PDF第176页
moe-high-school-2020,suburb,suburb,高中选择性必修新增词汇,PDF第176页
moe-high-school-2020,subway,subway,高中必修新增词汇,PDF第176页
moe-high-school-2020,succeed,succeed,义务教育基础词汇,PDF第176页
moe-high-school-2020,success,success,义务教育基础词汇,PDF第176页
moe-high-school-2020,successful,successful,义务教育基础词汇,PDF第176页
moe-high-school-2020,such,such,义务教育基础词汇,PDF第176页
moe-high-school-2020,sudden,sudden,义务教育基础词汇,PDF第176页
moe-high-school-2020,suffer,suffer,高中必修新增词汇,PDF第176页
moe-high-school-2020,sufficient,sufficient,高中必修新增词汇,PDF第176页
moe-high-school-2020,sugar,sugar,义务教育基础词汇,PDF第176页
moe-high-school-2020,suggest,suggest,义务教育基础词汇,PDF第176页
moe-high-school-2020,suggestion,suggestion,义务教育基础词汇,PDF第176页
moe-high-school-2020,suit,suit,高中选择性必修新增词汇,PDF第176页
moe-high-school-2020,suitable,suitable,高中选择性必修新增词汇,PDF第176页
moe-high-school-2020,sum,sum,高中选择性必修新增词汇,PDF第176页
moe-high-school-2020,summary,summary,高中必修新增词汇,PDF第176页
moe-high-school-2020,summer,summer,义务教育基础词汇,PDF第176页
moe-high-school-2020,sun,sun,义务教育基础词汇,PDF第176页
moe-high-school-2020,sunday,sunday,义务教育基础词汇,PDF第176页
moe-high-school-2020,sunny,sunny,义务教育基础词汇,PDF第176页
moe-high-school-2020,super,super,高中必修新增词汇,PDF第176页
moe-high-school-2020,superb,superb,高中选择性必修新增词汇,PDF第176页
moe-high-school-2020,superior,superior,高中选择性必修新增词汇,PDF第176页
moe-high-school-2020,supermarket,supermarket,义务教育基础词汇,PDF第176页
moe-high-school-2020,supply,supply,高中必修新增词汇,PDF第177页
moe-high-school-2020,support,support,义务教育基础词汇,PDF第177页
moe-high-school-2020,suppose,suppose,义务教育基础词汇,PDF第177页
moe-high-school-2020,sure,sure,义务教育基础词汇,PDF第177页
moe-high-school-2020,surf,surf,高中必修新增词汇,PDF第177页
moe-high-school-2020,surface,surface,义务教育基础词汇,PDF第177页
moe-high-school-2020,surgeon,surgeon,高中选择性必修新增词汇,PDF第177页
moe-high-school-2020,surgery,surgery,高中选择性必修新增词汇,PDF第177页
moe-high-school-2020,surprise,surprise,义务教育基础词汇,PDF第177页
moe-high-school-2020,surround,surround,高中必修新增词汇,PDF第177页
moe-high-school-2020,surrounding,surrounding,高中选择性必修新增词汇,PDF第177页
moe-high-school-2020,survey,survey,义务教育基础词汇,PDF第177页
moe-high-school-2020,survive,survive,高中必修新增词汇,PDF第177页
moe-high-school-2020,suspect,suspect,高中选择性必修新增词汇,PDF第177页
moe-high-school-2020,suspend,suspend,高中选择性必修新增词汇,PDF第177页
moe-high-school-2020,sustain,sustain,高中选择性必修新增词汇,PDF第177页
moe-high-school-2020,sweat,sweat,高中必修新增词汇,PDF第177页
moe-high-school-2020,sweater,sweater,义务教育基础词汇,PDF第177页
moe-high-school-2020,sweep,sweep,高中选择性必修新增词汇,PDF第177页
moe-high-school-2020,sweet,sweet,义务教育基础词汇,PDF第177页
moe-high-school-2020,swim,swim,义务教育基础词汇,PDF第177页
moe-high-school-2020,swimming,swimming,义务教育基础词汇,PDF第177页
moe-high-school-2020,swing,swing,高中选择性必修新增词汇,PDF第177页
moe-high-school-2020,switch,switch,高中选择性必修新增词汇,PDF第177页
moe-high-school-2020,symbol,symbol,高中选择性必修新增词汇,PDF第177页
moe-high-school-2020,sympathy,sympathy,高中选择性必修新增词汇,PDF第177页
moe-high-school-2020,symphony,symphony,高中选择性必修新增词汇,PDF第177页
moe-high-school-2020,system,system,高中必修新增词汇,PDF第177页
moe-high-school-2020,t-shirt,t shirt,义务教育基础词汇,PDF第180页
moe-high-school-2020,t-shirt,t-shirt,义务教育基础词汇,PDF第180页
moe-high-school-2020,table,table,义务教育基础词汇,PDF第177页
moe-high-school-2020,tablet,tablet,高中选择性必修新增词汇,PDF第177页
moe-high-school-2020,tackle,tackle,高中选择性必修新增词汇,PDF第177页
moe-high-school-2020,tail,tail,义务教育基础词汇,PDF第177页
moe-high-school-2020,tailor,tailor,高中选择性必修新增词汇,PDF第177页
moe-high-school-2020,take,take,义务教育基础词汇,PDF第177页
moe-high-school-2020,tale,tale,高中选择性必修新增词汇,PDF第177页
moe-high-school-2020,talent,talent,高中必修新增词汇,PDF第177页
moe-high-school-2020,talk,talk,义务教育基础词汇,PDF第177页
moe-high-school-2020,tall,tall,义务教育基础词汇,PDF第177页
moe-high-school-2020,tank,tank,高中选择性必修新增词汇,PDF第177页
moe-high-school-2020,tape,tape,义务教育基础词汇,PDF第177页
moe-high-school-2020,target,target,高中必修新增词汇,PDF第177页
moe-high-school-2020,task,task,义务教育基础词汇,PDF第177页
moe-high-school-2020,taste,taste,义务教育基础词汇,PDF第177页
moe-high-school-2020,tax,tax,高中选择性必修新增词汇,PDF第177页
moe-high-school-2020,taxi,taxi,义务教育基础词汇,PDF第177页
moe-high-school-2020,tea,tea,义务教育基础词汇,PDF第177页
moe-high-school-2020,teach,teach,义务教育基础词汇,PDF第177页
moe-high-school-2020,teacher,teacher,义务教育基础词汇,PDF第177页
moe-high-school-2020,team,team,义务教育基础词汇,PDF第177页
moe-high-school-2020,teapot,teapot,高中选择性必修新增词汇,PDF第177页
moe-high-school-2020,tear,tear,高中必修新增词汇,PDF第177页
moe-high-school-2020,technique,technique,高中必修新增词汇,PDF第177页
moe-high-school-2020,technology,technology,义务教育基础词汇,PDF第177页
moe-high-school-2020,teenager,teenager,高中必修新增词汇,PDF第177页
moe-high-school-2020,tooth,teeth,义务教育基础词汇,PDF第179页
moe-high-school-2020,telephone,telephone,义务教育基础词汇,PDF第178页
moe-high-school-2020,telescope,telescope,高中选择性必修新增词汇,PDF第178页
moe-high-school-2020,television,television,义务教育基础词汇,PDF第178页
moe-high-school-2020,tell,tell,义务教育基础词汇,PDF第178页
moe-high-school-2020,temperature,temperature,义务教育基础词汇,PDF第178页
moe-high-school-2020,temple,temple,高中选择性必修新增词汇,PDF第178页
moe-high-school-2020,temporary,temporary,高中选择性必修新增词汇,PDF第178页
moe-high-school-2020,ten,ten,义务教育基础词汇,PDF第178页
moe-high-school-2020,tend,tend,高中必修新增词汇,PDF第178页
moe-high-school-2020,tendency,tendency,高中选择性必修新增词汇,PDF第178页
moe-high-school-2020,tennis,tennis,义务教育基础词汇,PDF第178页
moe-high-school-2020,tension,tension,高中选择性必修新增词汇,PDF第178页
moe-high-school-2020,tenth,tenth,义务教育基础词汇,PDF第178页
moe-high-school-2020,term,term,义务教育基础词汇,PDF第178页
moe-high-school-2020,terrible,terrible,义务教育基础词汇,PDF第178页
moe-high-school-2020,territory,territory,高中选择性必修新增词汇,PDF第178页
moe-high-school-2020,test,test,义务教育基础词汇,PDF第178页
moe-high-school-2020,text,text,义务教育基础词汇,PDF第178页
moe-high-school-2020,than,than,义务教育基础词汇,PDF第178页
moe-high-school-2020,thank,thank,义务教育基础词汇,PDF第178页
moe-high-school-2020,that,that,义务教育基础词汇,PDF第178页
moe-high-school-2020,the,the,义务教育基础词汇,PDF第178页
moe-high-school-2020,theatre,theatre,义务教育基础词汇,PDF第178页
moe-high-school-2020,theft,theft,高中选择性必修新增词汇,PDF第178页
moe-high-school-2020,their,their,义务教育基础词汇,PDF第178页
moe-high-school-2020,them,them,义务教育基础词汇,PDF第178页
moe-high-school-2020,theme,theme,高中必修新增词汇,PDF第178页
moe-high-school-2020,themselves,themselves,义务教育基础词汇,PDF第178页
moe-high-school-2020,then,then,义务教育基础词汇,PDF第178页
moe-high-school-2020,theory,theory,高中选择性必修新增词汇,PDF第178页
moe-high-school-2020,there,there,义务教育基础词汇,PDF第178页
moe-high-school-2020,therefore,therefore,高中必修新增词汇,PDF第178页
moe-high-school-2020,these,these,义务教育基础词汇,PDF第178页
moe-high-school-2020,they,they,义务教育基础词汇,PDF第178页
moe-high-school-2020,thick,thick,义务教育基础词汇,PDF第178页
moe-high-school-2020,thin,thin,义务教育基础词汇,PDF第178页
moe-high-school-2020,thing,thing,义务教育基础词汇,PDF第178页
moe-high-school-2020,think,think,义务教育基础词汇,PDF第178页
moe-high-school-2020,thinking,thinking,高中选择性必修新增词汇,PDF第178页
moe-high-school-2020,third,third,义务教育基础词汇,PDF第178页
moe-high-school-2020,thirsty,thirsty,义务教育基础词汇,PDF第178页
moe-high-school-2020,thirteen,thirteen,义务教育基础词汇,PDF第178页
moe-high-school-2020,thirty,thirty,义务教育基础词汇,PDF第178页
moe-high-school-2020,this,this,义务教育基础词汇,PDF第178页
moe-high-school-2020,thorough,thorough,高中选择性必修新增词汇,PDF第178页
moe-high-school-2020,those,those,义务教育基础词汇,PDF第178页
moe-high-school-2020,though,though,义务教育基础词汇,PDF第178页
moe-high-school-2020,thought,thought,义务教育基础词汇,PDF第178页
moe-high-school-2020,thousand,thousand,义务教育基础词汇,PDF第178页
moe-high-school-2020,threat,threat,高中选择性必修新增词汇,PDF第178页
moe-high-school-2020,threaten,threaten,高中选择性必修新增词汇,PDF第178页
moe-high-school-2020,three,three,义务教育基础词汇,PDF第178页
moe-high-school-2020,through,through,义务教育基础词汇,PDF第178页
moe-high-school-2020,throughout,throughout,高中必修新增词汇,PDF第178页
moe-high-school-2020,throw,throw,义务教育基础词汇,PDF第178页
moe-high-school-2020,thunder,thunder,高中选择性必修新增词汇,PDF第178页
moe-high-school-2020,thursday,thursday,义务教育基础词汇,PDF第179页
moe-high-school-2020,thus,thus,高中必修新增词汇,PDF第179页
moe-high-school-2020,ticket,ticket,义务教育基础词汇,PDF第179页
moe-high-school-2020,tidy,tidy,义务教育基础词汇,PDF第179页
moe-high-school-2020,tie,tie,义务教育基础词汇,PDF第179页
moe-high-school-2020,tiger,tiger,义务教育基础词汇,PDF第179页
moe-high-school-2020,tight,tight,高中选择性必修新增词汇,PDF第179页
moe-high-school-2020,until,till,义务教育基础词汇,PDF第180页
moe-high-school-2020,time,time,义务教育基础词汇,PDF第179页
moe-high-school-2020,tiny,tiny,义务教育基础词汇,PDF第179页
moe-high-school-2020,tip,tip,高中必修新增词汇,PDF第179页
moe-high-school-2020,tired,tired,义务教育基础词汇,PDF第179页
moe-high-school-2020,tissue,tissue,高中必修新增词汇,PDF第179页
moe-high-school-2020,title,title,高中必修新增词汇,PDF第179页
moe-high-school-2020,to,to,义务教育基础词汇,PDF第179页
moe-high-school-2020,toast,toast,高中选择性必修新增词汇,PDF第179页
moe-high-school-2020,tobacco,tobacco,高中选择性必修新增词汇,PDF第179页
moe-high-school-2020,today,today,义务教育基础词汇,PDF第179页
moe-high-school-2020,bean curd,tofu,高中选择性必修新增词汇,PDF第134页
moe-high-school-2020,together,together,义务教育基础词汇,PDF第179页
moe-high-school-2020,toilet,toilet,义务教育基础词汇,PDF第179页
moe-high-school-2020,tolerate,tolerate,高中选择性必修新增词汇,PDF第179页
moe-high-school-2020,tomato,tomato,义务教育基础词汇,PDF第179页
moe-high-school-2020,tomorrow,tomorrow,义务教育基础词汇,PDF第179页
moe-high-school-2020,ton,ton,义务教育基础词汇,PDF第179页
moe-high-school-2020,tone,tone,高中选择性必修新增词汇,PDF第179页
moe-high-school-2020,tonight,tonight,义务教育基础词汇,PDF第179页
moe-high-school-2020,too,too,义务教育基础词汇,PDF第179页
moe-high-school-2020,tool,tool,义务教育基础词汇,PDF第179页
moe-high-school-2020,tooth,tooth,义务教育基础词汇,PDF第179页
moe-high-school-2020,toothache,toothache,义务教育基础词汇,PDF第179页
moe-high-school-2020,top,top,义务教育基础词汇,PDF第179页
moe-high-school-2020,topic,topic,高中必修新增词汇,PDF第179页
moe-high-school-2020,total,total,义务教育基础词汇,PDF第179页
moe-high-school-2020,touch,touch,义务教育基础词汇,PDF第179页
moe-high-school-2020,tough,tough,高中必修新增词汇,PDF第179页
moe-high-school-2020,tour,tour,义务教育基础词汇,PDF第179页
moe-high-school-2020,tourist,tourist,义务教育基础词汇,PDF第179页
moe-high-school-2020,tournament,tournament,高中选择性必修新增词汇,PDF第179页
moe-high-school-2020,toward,toward,义务教育基础词汇,PDF第179页
moe-high-school-2020,towel,towel,高中选择性必修新增词汇,PDF第179页
moe-high-school-2020,tower,tower,义务教育基础词汇,PDF第179页
moe-high-school-2020,town,town,义务教育基础词汇,PDF第179页
moe-high-school-2020,toy,toy,义务教育基础词汇,PDF第179页
moe-high-school-2020,track,track,高中必修新增词汇,PDF第179页
moe-high-school-2020,trade,trade,义务教育基础词汇,PDF第179页
moe-high-school-2020,tradition,tradition,高中必修新增词汇,PDF第179页
moe-high-school-2020,traditional,traditional,义务教育基础词汇,PDF第179页
moe-high-school-2020,traffic,traffic,义务教育基础词汇,PDF第179页
moe-high-school-2020,train,train,义务教育基础词汇,PDF第179页
moe-high-school-2020,training,training,义务教育基础词汇,PDF第179页
moe-high-school-2020,transform,transform,高中选择性必修新增词汇,PDF第179页
moe-high-school-2020,translate,translate,义务教育基础词汇,PDF第179页
moe-high-school-2020,transport,transport,高中必修新增词汇,PDF第179页
moe-high-school-2020,trap,trap,高中选择性必修新增词汇,PDF第179页
moe-high-school-2020,travel,travel,义务教育基础词汇,PDF第179页
moe-high-school-2020,treasure,treasure,义务教育基础词汇,PDF第179页
moe-high-school-2020,treat,treat,义务教育基础词汇,PDF第179页
moe-high-school-2020,treatment,treatment,高中必修新增词汇,PDF第180页
moe-high-school-2020,tree,tree,义务教育基础词汇,PDF第180页
moe-high-school-2020,trend,trend,高中选择性必修新增词汇,PDF第180页
moe-high-school-2020,trial,trial,高中选择性必修新增词汇,PDF第180页
moe-high-school-2020,trick,trick,高中选择性必修新增词汇,PDF第180页
moe-high-school-2020,trip,trip,义务教育基础词汇,PDF第180页
moe-high-school-2020,trouble,trouble,义务教育基础词汇,PDF第180页
moe-high-school-2020,trousers,trousers,义务教育基础词汇,PDF第180页
moe-high-school-2020,truck,truck,义务教育基础词汇,PDF第180页
moe-high-school-2020,true,true,义务教育基础词汇,PDF第180页
moe-high-school-2020,trunk,trunk,高中选择性必修新增词汇,PDF第180页
moe-high-school-2020,trust,trust,义务教育基础词汇,PDF第180页
moe-high-school-2020,truth,truth,义务教育基础词汇,PDF第180页
moe-high-school-2020,try,try,义务教育基础词汇,PDF第180页
moe-high-school-2020,tube,tube,高中选择性必修新增词汇,PDF第180页
moe-high-school-2020,tuesday,tuesday,义务教育基础词汇,PDF第180页
moe-high-school-2020,tune,tune,高中选择性必修新增词汇,PDF第180页
moe-high-school-2020,turkey,turkey,高中必修新增词汇,PDF第180页
moe-high-school-2020,turn,turn,义务教育基础词汇,PDF第180页
moe-high-school-2020,television,tv,义务教育基础词汇,PDF第178页
moe-high-school-2020,twelfth,twelfth,义务教育基础词汇,PDF第180页
moe-high-school-2020,twelve,twelve,义务教育基础词汇,PDF第180页
moe-high-school-2020,twentieth,twentieth,义务教育基础词汇,PDF第180页
moe-high-school-2020,twenty,twenty,义务教育基础词汇,PDF第180页
moe-high-school-2020,twice,twice,义务教育基础词汇,PDF第180页
moe-high-school-2020,twin,twin,高中选择性必修新增词汇,PDF第180页
moe-high-school-2020,two,two,义务教育基础词汇,PDF第180页
moe-high-school-2020,type,type,高中必修新增词汇,PDF第180页
moe-high-school-2020,typhoon,typhoon,高中选择性必修新增词汇,PDF第180页
moe-high-school-2020,typical,typical,高中必修新增词汇,PDF第180页
moe-high-school-2020,ugly,ugly,义务教育基础词汇,PDF第180页
moe-high-school-2020,uk,uk,义务教育基础词汇,PDF第180页
moe-high-school-2020,ultimately,ultimately,高中选择性必修新增词汇,PDF第180页
moe-high-school-2020,umbrella,umbrella,义务教育基础词汇,PDF第180页
moe-high-school-2020,uncle,uncle,义务教育基础词汇,PDF第180页
moe-high-school-2020,under,under,义务教育基础词汇,PDF第180页
moe-high-school-2020,underground,underground,义务教育基础词汇,PDF第180页
moe-high-school-2020,understand,understand,义务教育基础词汇,PDF第180页
moe-high-school-2020,uniform,uniform,高中选择性必修新增词汇,PDF第180页
moe-high-school-2020,unique,unique,高中必修新增词汇,PDF第180页
moe-high-school-2020,unit,unit,义务教育基础词汇,PDF第180页
moe-high-school-2020,universe,universe,高中选择性必修新增词汇,PDF第180页
moe-high-school-2020,university,university,义务教育基础词汇,PDF第180页
moe-high-school-2020,unless,unless,义务教育基础词汇,PDF第180页
moe-high-school-2020,until,until,义务教育基础词汇,PDF第180页
moe-high-school-2020,unusual,unusual,高中选择性必修新增词汇,PDF第180页
moe-high-school-2020,up,up,义务教育基础词汇,PDF第180页
moe-high-school-2020,update,update,高中必修新增词汇,PDF第180页
moe-high-school-2020,upon,upon,义务教育基础词汇,PDF第180页
moe-high-school-2020,upper,upper,高中必修新增词汇,PDF第180页
moe-high-school-2020,upset,upset,高中选择性必修新增词汇,PDF第180页
moe-high-school-2020,urban,urban,高中选择性必修新增词汇,PDF第180页
moe-high-school-2020,urge,urge,高中选择性必修新增词汇,PDF第180页
moe-high-school-2020,urgent,urgent,高中选择性必修新增词汇,PDF第180页
moe-high-school-2020,us,us,义务教育基础词汇,PDF第181页
moe-high-school-2020,use,use,义务教育基础词汇,PDF第181页
moe-high-school-2020,used,used,义务教育基础词汇,PDF第181页
moe-high-school-2020,useful,useful,义务教育基础词汇,PDF第181页
moe-high-school-2020,usual,usual,义务教育基础词汇,PDF第181页
moe-high-school-2020,usually,usually,义务教育基础词汇,PDF第181页
moe-high-school-2020,vacation,vacation,义务教育基础词汇,PDF第181页
moe-high-school-2020,valley,valley,高中选择性必修新增词汇,PDF第181页
moe-high-school-2020,valuable,valuable,义务教育基础词汇,PDF第181页
moe-high-school-2020,value,value,义务教育基础词汇,PDF第181页
moe-high-school-2020,variation,variation,高中选择性必修新增词汇,PDF第181页
moe-high-school-2020,variety,variety,高中必修新增词汇,PDF第181页
moe-high-school-2020,various,various,高中必修新增词汇,PDF第181页
moe-high-school-2020,vary,vary,高中选择性必修新增词汇,PDF第181页
moe-high-school-2020,vase,vase,高中选择性必修新增词汇,PDF第181页
moe-high-school-2020,vast,vast,高中选择性必修新增词汇,PDF第181页
moe-high-school-2020,vegetable,vegetable,义务教育基础词汇,PDF第181页
moe-high-school-2020,vehicle,vehicle,高中必修新增词汇,PDF第181页
moe-high-school-2020,venue,venue,高中选择性必修新增词汇,PDF第181页
moe-high-school-2020,version,version,高中选择性必修新增词汇,PDF第181页
moe-high-school-2020,very,very,义务教育基础词汇,PDF第181页
moe-high-school-2020,victim,victim,高中选择性必修新增词汇,PDF第181页
moe-high-school-2020,victory,victory,义务教育基础词汇,PDF第181页
moe-high-school-2020,video,video,义务教育基础词汇,PDF第181页
moe-high-school-2020,view,view,高中必修新增词汇,PDF第181页
moe-high-school-2020,village,village,义务教育基础词汇,PDF第181页
moe-high-school-2020,violence,violence,高中选择性必修新增词汇,PDF第181页
moe-high-school-2020,violin,violin,义务教育基础词汇,PDF第181页
moe-high-school-2020,virtual,virtual,高中选择性必修新增词汇,PDF第181页
moe-high-school-2020,virtue,virtue,高中选择性必修新增词汇,PDF第181页
moe-high-school-2020,virus,virus,高中选择性必修新增词汇,PDF第181页
moe-high-school-2020,visible,visible,高中选择性必修新增词汇,PDF第181页
moe-high-school-2020,vision,vision,高中选择性必修新增词汇,PDF第181页
moe-high-school-2020,visit,visit,义务教育基础词汇,PDF第181页
moe-high-school-2020,visitor,visitor,义务教育基础词汇,PDF第181页
moe-high-school-2020,visual,visual,高中选择性必修新增词汇,PDF第181页
moe-high-school-2020,vital,vital,高中选择性必修新增词汇,PDF第181页
moe-high-school-2020,vivid,vivid,高中选择性必修新增词汇,PDF第181页
moe-high-school-2020,vocabulary,vocabulary,高中选择性必修新增词汇,PDF第181页
moe-high-school-2020,voice,voice,义务教育基础词汇,PDF第181页
moe-high-school-2020,volcano,volcano,高中必修新增词汇,PDF第181页
moe-high-school-2020,volleyball,volleyball,义务教育基础词汇,PDF第181页
moe-high-school-2020,volume,volume,高中选择性必修新增词汇,PDF第181页
moe-high-school-2020,volunteer,volunteer,高中必修新增词汇,PDF第181页
moe-high-school-2020,vote,vote,高中选择性必修新增词汇,PDF第181页
moe-high-school-2020,wage,wage,高中选择性必修新增词汇,PDF第181页
moe-high-school-2020,waist,waist,高中选择性必修新增词汇,PDF第181页
moe-high-school-2020,wait,wait,义务教育基础词汇,PDF第181页
moe-high-school-2020,wake,wake,义务教育基础词汇,PDF第181页
moe-high-school-2020,walk,walk,义务教育基础词汇,PDF第181页
moe-high-school-2020,wall,wall,义务教育基础词汇,PDF第181页
moe-high-school-2020,wallet,wallet,义务教育基础词汇,PDF第182页
moe-high-school-2020,wander,wander,高中选择性必修新增词汇,PDF第182页
moe-high-school-2020,want,want,义务教育基础词汇,PDF第182页
moe-high-school-2020,war,war,义务教育基础词汇,PDF第182页
moe-high-school-2020,ward,ward,高中选择性必修新增词汇,PDF第182页
moe-high-school-2020,warm,warm,义务教育基础词汇,PDF第182页
moe-high-school-2020,warn,warn,义务教育基础词汇,PDF第182页
moe-high-school-2020,warning,warning,高中选择性必修新增词汇,PDF第182页
moe-high-school-2020,wash,wash,义务教育基础词汇,PDF第182页
moe-high-school-2020,washroom,washroom,高中选择性必修新增词汇,PDF第182页
moe-high-school-2020,waste,waste,义务教育基础词汇,PDF第182页
moe-high-school-2020,watch,watch,义务教育基础词汇,PDF第182页
moe-high-school-2020,water,water,义务教育基础词汇,PDF第182页
moe-high-school-2020,watermelon,watermelon,义务教育基础词汇,PDF第182页
moe-high-school-2020,wave,wave,高中选择性必修新增词汇,PDF第182页
moe-high-school-2020,way,way,义务教育基础词汇,PDF第182页
moe-high-school-2020,we,we,义务教育基础词汇,PDF第182页
moe-high-school-2020,weak,weak,义务教育基础词汇,PDF第182页
moe-high-school-2020,wealth,wealth,义务教育基础词汇,PDF第182页
moe-high-school-2020,weapon,weapon,高中选择性必修新增词汇,PDF第182页
moe-high-school-2020,wear,wear,义务教育基础词汇,PDF第182页
moe-high-school-2020,weather,weather,义务教育基础词汇,PDF第182页
moe-high-school-2020,website,website,义务教育基础词汇,PDF第182页
moe-high-school-2020,wedding,wedding,高中必修新增词汇,PDF第182页
moe-high-school-2020,wednesday,wednesday,义务教育基础词汇,PDF第182页
moe-high-school-2020,weed,weed,高中选择性必修新增词汇,PDF第182页
moe-high-school-2020,week,week,义务教育基础词汇,PDF第182页
moe-high-school-2020,weekday,weekday,义务教育基础词汇,PDF第182页
moe-high-school-2020,weekend,weekend,义务教育基础词汇,PDF第182页
moe-high-school-2020,weekly,weekly,高中选择性必修新增词汇,PDF第182页
moe-high-school-2020,weep,weep,高中选择性必修新增词汇,PDF第182页
moe-high-school-2020,weigh,weigh,义务教育基础词汇,PDF第182页
moe-high-school-2020,weight,weight,义务教育基础词汇,PDF第182页
moe-high-school-2020,welcome,welcome,义务教育基础词汇,PDF第182页
moe-high-school-2020,welfare,welfare,高中选择性必修新增词汇,PDF第182页
moe-high-school-2020,well,well,义务教育基础词汇,PDF第182页
moe-high-school-2020,west,west,义务教育基础词汇,PDF第182页
moe-high-school-2020,western,western,义务教育基础词汇,PDF第182页
moe-high-school-2020,wet,wet,义务教育基础词汇,PDF第182页
moe-high-school-2020,whale,whale,高中必修新增词汇,PDF第182页
moe-high-school-2020,what,what,义务教育基础词汇,PDF第182页
moe-high-school-2020,whatever,whatever,义务教育基础词汇,PDF第182页
moe-high-school-2020,wheat,wheat,高中选择性必修新增词汇,PDF第182页
moe-high-school-2020,wheel,wheel,义务教育基础词汇,PDF第182页
moe-high-school-2020,when,when,义务教育基础词汇,PDF第182页
moe-high-school-2020,whenever,whenever,义务教育基础词汇,PDF第182页
moe-high-school-2020,where,where,义务教育基础词汇,PDF第182页
moe-high-school-2020,whether,whether,义务教育基础词汇,PDF第182页
moe-high-school-2020,which,which,义务教育基础词汇,PDF第182页
moe-high-school-2020,while,while,义务教育基础词汇,PDF第182页
moe-high-school-2020,whisper,whisper,高中选择性必修新增词汇,PDF第182页
moe-high-school-2020,white,white,义务教育基础词汇,PDF第182页
moe-high-school-2020,who,who,义务教育基础词汇,PDF第182页
moe-high-school-2020,whole,whole,义务教育基础词汇,PDF第182页
moe-high-school-2020,whom,whom,义务教育基础词汇,PDF第182页
moe-high-school-2020,whose,whose,义务教育基础词汇,PDF第182页
moe-high-school-2020,why,why,义务教育基础词汇,PDF第183页
moe-high-school-2020,wi-fi,wi fi,高中必修新增词汇,PDF第183页
moe-high-school-2020,wi-fi,wi-fi,高中必修新增词汇,PDF第183页
moe-high-school-2020,wide,wide,义务教育基础词汇,PDF第183页
moe-high-school-2020,widespread,widespread,高中选择性必修新增词汇,PDF第183页
moe-high-school-2020,wife,wife,义务教育基础词汇,PDF第183页
moe-high-school-2020,wild,wild,义务教育基础词汇,PDF第183页
moe-high-school-2020,will,will,义务教育基础词汇,PDF第183页
moe-high-school-2020,win,win,义务教育基础词汇,PDF第183页
moe-high-school-2020,wind,wind,义务教育基础词汇,PDF第183页
moe-high-school-2020,window,window,义务教育基础词汇,PDF第183页
moe-high-school-2020,windy,windy,义务教育基础词汇,PDF第183页
moe-high-school-2020,wine,wine,高中必修新增词汇,PDF第183页
moe-high-school-2020,wing,wing,义务教育基础词汇,PDF第183页
moe-high-school-2020,winner,winner,义务教育基础词汇,PDF第183页
moe-high-school-2020,winter,winter,义务教育基础词汇,PDF第183页
moe-high-school-2020,wire,wire,高中选择性必修新增词汇,PDF第183页
moe-high-school-2020,wisdom,wisdom,高中选择性必修新增词汇,PDF第183页
moe-high-school-2020,wise,wise,义务教育基础词汇,PDF第183页
moe-high-school-2020,wish,wish,义务教育基础词汇,PDF第183页
moe-high-school-2020,with,with,义务教育基础词汇,PDF第183页
moe-high-school-2020,withdraw,withdraw,高中选择性必修新增词汇,PDF第183页
moe-high-school-2020,within,within,高中必修新增词汇,PDF第183页
moe-high-school-2020,without,without,义务教育基础词汇,PDF第183页
moe-high-school-2020,witness,witness,高中选择性必修新增词汇,PDF第183页
moe-high-school-2020,woman,woman,义务教育基础词汇,PDF第183页
moe-high-school-2020,woman,women,义务教育基础词汇,PDF第183页
moe-high-school-2020,wonder,wonder,义务教育基础词汇,PDF第183页
moe-high-school-2020,wonderful,wonderful,义务教育基础词汇,PDF第183页
moe-high-school-2020,wood,wood,义务教育基础词汇,PDF第183页
moe-high-school-2020,wool,wool,高中选择性必修新增词汇,PDF第183页
moe-high-school-2020,word,word,义务教育基础词汇,PDF第183页
moe-high-school-2020,work,work,义务教育基础词汇,PDF第183页
moe-high-school-2020,worker,worker,义务教育基础词汇,PDF第183页
moe-high-school-2020,world,world,义务教育基础词汇,PDF第183页
moe-high-school-2020,worry,worry,义务教育基础词汇,PDF第183页
moe-high-school-2020,worse,worse,义务教育基础词汇,PDF第183页
moe-high-school-2020,worst,worst,义务教育基础词汇,PDF第183页
moe-high-school-2020,worth,worth,义务教育基础词汇,PDF第183页
moe-high-school-2020,worthwhile,worthwhile,高中选择性必修新增词汇,PDF第183页
moe-high-school-2020,worthy,worthy,高中选择性必修新增词汇,PDF第183页
moe-high-school-2020,would,would,义务教育基础词汇,PDF第183页
moe-high-school-2020,wound,wound,义务教育基础词汇,PDF第183页
moe-high-school-2020,wrap,wrap,高中选择性必修新增词汇,PDF第183页
moe-high-school-2020,wrestle,wrestle,高中选择性必修新增词汇,PDF第183页
moe-high-school-2020,wrinkle,wrinkle,高中选择性必修新增词汇,PDF第183页
moe-high-school-2020,wrist,wrist,高中选择性必修新增词汇,PDF第183页
moe-high-school-2020,write,write,义务教育基础词汇,PDF第183页
moe-high-school-2020,writer,writer,义务教育基础词汇,PDF第183页
moe-high-school-2020,wrong,wrong,义务教育基础词汇,PDF第183页
moe-high-school-2020,x-ray,x ray,义务教育基础词汇,PDF第183页
moe-high-school-2020,x-ray,x-ray,义务教育基础词汇,PDF第183页
moe-high-school-2020,yard,yard,义务教育基础词汇,PDF第183页
moe-high-school-2020,year,year,义务教育基础词汇,PDF第183页
moe-high-school-2020,yellow,yellow,义务教育基础词汇,PDF第183页
moe-high-school-2020,yes,yes,义务教育基础词汇,PDF第184页
moe-high-school-2020,yesterday,yesterday,义务教育基础词汇,PDF第184页
moe-high-school-2020,yet,yet,义务教育基础词汇,PDF第184页
moe-high-school-2020,yoghurt,yoghurt,高中必修新增词汇,PDF第184页
moe-high-school-2020,you,you,义务教育基础词汇,PDF第184页
moe-high-school-2020,young,young,义务教育基础词汇,PDF第184页
moe-high-school-2020,your,your,义务教育基础词汇,PDF第184页
moe-high-school-2020,yours,yours,义务教育基础词汇,PDF第184页
moe-high-school-2020,yourself,yourself,义务教育基础词汇,PDF第184页
moe-high-school-2020,youth,youth,高中必修新增词汇,PDF第184页
moe-high-school-2020,zero,zero,义务教育基础词汇,PDF第184页
moe-high-school-2020,zone,zone,高中选择性必修新增词汇,PDF第184页
moe-high-school-2020,zoo,zoo,义务教育基础词汇,PDF第184页
cet-4,a,a,canonical,PDF第21页 · a/an
cet-4,abandon,abandon,canonical,PDF第21页 · abandon
cet-4,able,ability,derived,PDF第21页 · able ability
cet-4,able,able,canonical,PDF第21页 · able ability
cet-4,aboard,aboard,canonical,PDF第21页 · aboard
cet-4,abolish,abolish,canonical,PDF第21页 · abolish abolition
cet-4,abolish,abolition,derived,PDF第21页 · abolish abolition
cet-4,about,about,canonical,PDF第21页 · about
cet-4,above,above,canonical,PDF第21页 · above
cet-4,abroad,abroad,canonical,PDF第21页 · abroad
cet-4,absent,absence,derived,PDF第21页 · absent absence
cet-4,absent,absent,canonical,PDF第21页 · absent absence
cet-4,absolute,absolute,canonical,PDF第21页 · absolute
cet-4,absorb,absorb,canonical,PDF第21页 · absorb absorption
cet-4,absorb,absorption,derived,PDF第21页 · absorb absorption
cet-4,abstract,abstract,canonical,PDF第21页 · abstract
cet-4,abundant,abundance,derived,PDF第21页 · abundant abundance
cet-4,abundant,abundant,canonical,PDF第21页 · abundant abundance
cet-4,abuse,abuse,canonical,PDF第21页 · abuse abusive
cet-4,abuse,abusive,derived,PDF第21页 · abuse abusive
cet-4,academy,academic,derived,PDF第21页 · academy academic academician
cet-4,academy,academician,derived,PDF第21页 · academy academic academician
cet-4,academy,academy,canonical,PDF第21页 · academy academic academician
cet-4,accelerate,accelerate,canonical,PDF第21页 · accelerate acceleration
cet-4,accelerate,acceleration,derived,PDF第21页 · accelerate acceleration
cet-4,accent,accent,canonical,PDF第21页 · accent
cet-4,accept,accept,canonical,PDF第21页 · accept acceptance acceptable
cet-4,accept,acceptable,derived,PDF第21页 · accept acceptance acceptable
cet-4,accept,acceptance,derived,PDF第21页 · accept acceptance acceptable
cet-4,access,access,canonical,PDF第21页 · access accessible
cet-4,access,accessible,derived,PDF第21页 · access accessible
cet-4,accident,accident,canonical,PDF第21页 · accident accidental
cet-4,accident,accidental,derived,PDF第21页 · accident accidental
cet-4,accommodate,accommodate,canonical,PDF第21页 · accommodate accommodation
cet-4,accommodate,accommodation,derived,PDF第21页 · accommodate accommodation
cet-4,accompany,accompany,canonical,PDF第21页 · accompany
cet-4,accomplish,accomplish,canonical,PDF第21页 · accomplish accomplishment
cet-4,accomplish,accomplishment,derived,PDF第21页 · accomplish accomplishment
cet-4,accord,accord,canonical,PDF第21页 · accord
cet-4,accordance,accordance,canonical,PDF第21页 · accordance
cet-4,according to,according to,canonical,PDF第21页 · accordingto
cet-4,according to,according-to,canonical,PDF第21页 · accordingto
cet-4,accordingly,accordingly,canonical,PDF第21页 · accordingly
cet-4,account,account,canonical,PDF第21页 · account accounting accountant accountancy
cet-4,accountable,accountability,derived,PDF第21页 · accountable accountability
cet-4,accountable,accountable,canonical,PDF第21页 · accountable accountability
cet-4,account,accountancy,derived,PDF第21页 · account accounting accountant accountancy
cet-4,account,accountant,derived,PDF第21页 · account accounting accountant accountancy
cet-4,account,accounting,derived,PDF第21页 · account accounting accountant accountancy
cet-4,accumulate,accumulate,canonical,PDF第21页 · accumulate accumulation accumulative
cet-4,accumulate,accumulation,derived,PDF第21页 · accumulate accumulation accumulative
cet-4,accumulate,accumulative,derived,PDF第21页 · accumulate accumulation accumulative
cet-4,accurate,accuracy,derived,PDF第21页 · accurate accuracy
cet-4,accurate,accurate,canonical,PDF第21页 · accurate accuracy
cet-4,accuse,accusation,derived,PDF第21页 · accuse accusation
cet-4,accuse,accuse,canonical,PDF第21页 · accuse accusation
cet-4,accustom,accustom,canonical,PDF第21页 · accustom accustomed
cet-4,accustom,accustomed,derived,PDF第21页 · accustom accustomed
cet-4,ace,ace,canonical,PDF第22页 · ace
cet-4,ache,ache,canonical,PDF第22页 · ache
cet-4,achieve,achieve,canonical,PDF第22页 · achieve achievement
cet-4,achieve,achievement,derived,PDF第22页 · achieve achievement
cet-4,acid,acid,canonical,PDF第22页 · acid acidity
cet-4,acid,acidity,derived,PDF第22页 · acid acidity
cet-4,acknowledge,acknowledge,canonical,PDF第22页 · acknowledge acknowledgement
cet-4,acknowledge,acknowledgement,derived,PDF第22页 · acknowledge acknowledgement
cet-4,acquaint,acquaint,canonical,PDF第22页 · acquaint acquaintance
cet-4,acquaint,acquaintance,derived,PDF第22页 · acquaint acquaintance
cet-4,acquire,acquire,canonical,PDF第22页 · acquire acquisition
cet-4,acquire,acquisition,derived,PDF第22页 · acquire acquisition
cet-4,acre,acre,canonical,PDF第22页 · acre
cet-4,across,across,canonical,PDF第22页 · across
cet-4,act,act,canonical,PDF第22页 · act action acting
cet-4,act,acting,derived,PDF第22页 · act action acting
cet-4,act,action,derived,PDF第22页 · act action acting
cet-4,active,active,canonical,PDF第22页 · active activity activist
cet-4,active,activist,derived,PDF第22页 · active activity activist
cet-4,active,activity,derived,PDF第22页 · active activity activist
cet-4,actor,actor,canonical,PDF第22页 · actor actress
cet-4,actor,actress,derived,PDF第22页 · actor actress
cet-4,actual,actual,canonical,PDF第22页 · actual actually
cet-4,actual,actually,derived,PDF第22页 · actual actually
cet-4,acute,acute,canonical,PDF第22页 · acute
cet-4,advertise,ad,derived_variant,PDF第22页 · advertise advertisement/ad advertising
cet-4,adapt,adapt,canonical,PDF第22页 · adapt adaptation adaptive
cet-4,adapt,adaptation,derived,PDF第22页 · adapt adaptation adaptive
cet-4,adapt,adaptive,derived,PDF第22页 · adapt adaptation adaptive
cet-4,add,add,canonical,PDF第22页 · add addition additional
cet-4,addict,addict,canonical,PDF第22页 · addict addiction addictive
cet-4,addict,addiction,derived,PDF第22页 · addict addiction addictive
cet-4,addict,addictive,derived,PDF第22页 · addict addiction addictive
cet-4,add,addition,derived,PDF第22页 · add addition additional
cet-4,add,additional,derived,PDF第22页 · add addition additional
cet-4,address,address,canonical,PDF第22页 · address
cet-4,adequate,adequacy,derived,PDF第22页 · adequate adequacy adequately
cet-4,adequate,adequate,canonical,PDF第22页 · adequate adequacy adequately
cet-4,adequate,adequately,derived,PDF第22页 · adequate adequacy adequately
cet-4,adjective,adjective,canonical,PDF第22页 · adjective
cet-4,adjust,adjust,canonical,PDF第22页 · adjust adjustment
cet-4,adjust,adjustment,derived,PDF第22页 · adjust adjustment
cet-4,administer,administer,canonical,PDF第22页 · administer/administrate administration administrative
cet-4,administer,administrate,canonical_variant,PDF第22页 · administer/administrate administration administrative
cet-4,administer,administration,derived,PDF第22页 · administer/administrate administration administrative
cet-4,administer,administrative,derived,PDF第22页 · administer/administrate administration administrative
cet-4,admire,admirable,derived,PDF第22页 · admire admiration admirable
cet-4,admire,admiration,derived,PDF第22页 · admire admiration admirable
cet-4,admire,admire,canonical,PDF第22页 · admire admiration admirable
cet-4,admit,admission,derived,PDF第22页 · admit admission admittance admittedly
cet-4,admit,admit,canonical,PDF第22页 · admit admission admittance admittedly
cet-4,admit,admittance,derived,PDF第22页 · admit admission admittance admittedly
cet-4,admit,admittedly,derived,PDF第22页 · admit admission admittance admittedly
cet-4,adopt,adopt,canonical,PDF第22页 · adopt adoption
cet-4,adopt,adoption,derived,PDF第22页 · adopt adoption
cet-4,adult,adult,canonical,PDF第22页 · adult adulthood
cet-4,adult,adulthood,derived,PDF第22页 · adult adulthood
cet-4,advance,advance,canonical,PDF第22页 · advance advancement advanced
cet-4,advance,advanced,derived,PDF第22页 · advance advancement advanced
cet-4,advance,advancement,derived,PDF第22页 · advance advancement advanced
cet-4,advantage,advantage,canonical,PDF第22页 · advantage advantageous
cet-4,advantage,advantageous,derived,PDF第22页 · advantage advantageous
cet-4,adventure,adventure,canonical,PDF第22页 · adventure adventurer adventurous
cet-4,adventure,adventurer,derived,PDF第22页 · adventure adventurer adventurous
cet-4,adventure,adventurous,derived,PDF第22页 · adventure adventurer adventurous
cet-4,adverb,adverb,canonical,PDF第22页 · adverb
cet-4,advertise,advertise,canonical,PDF第22页 · advertise advertisement/ad advertising
cet-4,advertise,advertisement,derived,PDF第22页 · advertise advertisement/ad advertising
cet-4,advertise,advertising,derived,PDF第22页 · advertise advertisement/ad advertising
cet-4,advice,advice,canonical,PDF第22页 · advice
cet-4,advise,advisable,derived,PDF第22页 · advise advisor/Ｇer advisory advisable
cet-4,advise,advise,canonical,PDF第22页 · advise advisor/Ｇer advisory advisable
cet-4,advise,adviser,derived_variant,PDF第22页 · advise advisor/Ｇer advisory advisable
cet-4,advise,advisor,derived,PDF第22页 · advise advisor/Ｇer advisory advisable
cet-4,advise,advisory,derived,PDF第22页 · advise advisor/Ｇer advisory advisable
cet-4,advocate,advocacy,derived,PDF第23页 · advocate advocacy
cet-4,advocate,advocate,canonical,PDF第23页 · advocate advocacy
cet-4,aerial,aerial,canonical,PDF第23页 · aerial
cet-4,airplane,aeroplane,canonical_variant,PDF第23页 · airplane/aeroplane
cet-4,affair,affair,canonical,PDF第23页 · affair
cet-4,affect,affect,canonical,PDF第23页 · affect
cet-4,affection,affection,canonical,PDF第23页 · affection affectionate
cet-4,affection,affectionate,derived,PDF第23页 · affection affectionate
cet-4,affluent,affluence,derived,PDF第23页 · affluent affluence
cet-4,affluent,affluent,canonical,PDF第23页 · affluent affluence
cet-4,afford,afford,canonical,PDF第23页 · afford affordable affordability
cet-4,afford,affordability,derived,PDF第23页 · afford affordable affordability
cet-4,afford,affordable,derived,PDF第23页 · afford affordable affordability
cet-4,afraid,afraid,canonical,PDF第23页 · afraid
cet-4,after,after,canonical,PDF第23页 · after
cet-4,afternoon,afternoon,canonical,PDF第23页 · afternoon
cet-4,afterward,afterward,canonical,PDF第23页 · afterward(s)
cet-4,afterward,afterwards,canonical_variant,PDF第23页 · afterward(s)
cet-4,again,again,canonical,PDF第23页 · again
cet-4,against,against,canonical,PDF第23页 · against
cet-4,age,age,canonical,PDF第23页 · age aged ag(e)ing
cet-4,age,aged,derived,PDF第23页 · age aged ag(e)ing
cet-4,age,ageing,derived_variant,PDF第23页 · age aged ag(e)ing
cet-4,agent,agency,derived,PDF第23页 · agent agency
cet-4,agenda,agenda,canonical,PDF第23页 · agenda
cet-4,agent,agent,canonical,PDF第23页 · agent agency
cet-4,aggressive,aggression,derived,PDF第23页 · aggressive aggression
cet-4,aggressive,aggressive,canonical,PDF第23页 · aggressive aggression
cet-4,age,aging,derived,PDF第23页 · age aged ag(e)ing
cet-4,ago,ago,canonical,PDF第23页 · ago
cet-4,agree,agree,canonical,PDF第23页 · agree agreement agreeable
cet-4,agree,agreeable,derived,PDF第23页 · agree agreement agreeable
cet-4,agree,agreement,derived,PDF第23页 · agree agreement agreeable
cet-4,agriculture,agricultural,derived,PDF第23页 · agriculture agricultural
cet-4,agriculture,agriculture,canonical,PDF第23页 · agriculture agricultural
cet-4,ahead,ahead,canonical,PDF第23页 · ahead
cet-4,aid,aid,canonical,PDF第23页 · aid
cet-4,aids,aids,canonical,PDF第23页 · AIDS
cet-4,aim,aim,canonical,PDF第23页 · aim
cet-4,air,air,canonical,PDF第23页 · air
cet-4,air-conditioning,air conditioner,derived,PDF第23页 · airＧconditioning airＧconditioner
cet-4,air-conditioning,air conditioning,canonical,PDF第23页 · airＧconditioning airＧconditioner
cet-4,air-conditioning,air-conditioner,derived,PDF第23页 · airＧconditioning airＧconditioner
cet-4,air-conditioning,air-conditioning,canonical,PDF第23页 · airＧconditioning airＧconditioner
cet-4,aircraft,aircraft,canonical,PDF第23页 · aircraft
cet-4,airline,airline,canonical,PDF第23页 · airline
cet-4,airplane,airplane,canonical,PDF第23页 · airplane/aeroplane
cet-4,airport,airport,canonical,PDF第24页 · airport
cet-4,aisle,aisle,canonical,PDF第24页 · aisle
cet-4,alarm,alarm,canonical,PDF第24页 · alarm
cet-4,album,album,canonical,PDF第24页 · album
cet-4,alcohol,alcohol,canonical,PDF第24页 · alcohol alcoholic
cet-4,alcohol,alcoholic,derived,PDF第24页 · alcohol alcoholic
cet-4,alert,alert,canonical,PDF第24页 · alert
cet-4,algebra,algebra,canonical,PDF第24页 · algebra
cet-4,alike,alike,canonical,PDF第24页 · alike
cet-4,alive,alive,canonical,PDF第24页 · alive
cet-4,all,all,canonical,PDF第24页 · all
cet-4,allege,allegation,derived,PDF第24页 · allege allegation alleged allegedly
cet-4,allege,allege,canonical,PDF第24页 · allege allegation alleged allegedly
cet-4,allege,alleged,derived,PDF第24页 · allege allegation alleged allegedly
cet-4,allege,allegedly,derived,PDF第24页 · allege allegation alleged allegedly
cet-4,alley,alley,canonical,PDF第24页 · alley
cet-4,ally,alliance,derived,PDF第24页 · ally alliance
cet-4,allow,allow,canonical,PDF第24页 · allow
cet-4,allowance,allowance,canonical,PDF第24页 · allowance
cet-4,ally,ally,canonical,PDF第24页 · ally alliance
cet-4,almost,almost,canonical,PDF第24页 · almost
cet-4,alone,alone,canonical,PDF第24页 · alone
cet-4,along,along,canonical,PDF第24页 · along
cet-4,alongside,alongside,canonical,PDF第24页 · alongside
cet-4,aloud,aloud,canonical,PDF第24页 · aloud
cet-4,alphabet,alphabet,canonical,PDF第24页 · alphabet alphabetic(al)
cet-4,alphabet,alphabetic,derived,PDF第24页 · alphabet alphabetic(al)
cet-4,alphabet,alphabetical,derived_variant,PDF第24页 · alphabet alphabetic(al)
cet-4,already,already,canonical,PDF第24页 · already
cet-4,also,also,canonical,PDF第24页 · also
cet-4,alter,alter,canonical,PDF第24页 · alter alteration
cet-4,alter,alteration,derived,PDF第24页 · alter alteration
cet-4,alternative,alternative,canonical,PDF第24页 · alternative
cet-4,although,although,canonical,PDF第24页 · although
cet-4,altitude,altitude,canonical,PDF第24页 · altitude
cet-4,altogether,altogether,canonical,PDF第24页 · altogether
cet-4,aluminum,aluminium,canonical_variant,PDF第25页 · alumin(i)um
cet-4,aluminum,aluminum,canonical,PDF第25页 · alumin(i)um
cet-4,always,always,canonical,PDF第25页 · always
cet-4,am,am,canonical,PDF第25页 · am
cet-4,amateur,amateur,canonical,PDF第25页 · amateur
cet-4,amaze,amaze,canonical,PDF第25页 · amaze amazing amazement
cet-4,amaze,amazement,derived,PDF第25页 · amaze amazing amazement
cet-4,amaze,amazing,derived,PDF第25页 · amaze amazing amazement
cet-4,ambassador,ambassador,canonical,PDF第25页 · ambassador
cet-4,ambition,ambition,canonical,PDF第25页 · ambition ambitious
cet-4,ambition,ambitious,derived,PDF第25页 · ambition ambitious
cet-4,ambulance,ambulance,canonical,PDF第25页 · ambulance
cet-4,amid,amid,canonical,PDF第25页 · amid(st)
cet-4,amid,amidst,canonical_variant,PDF第25页 · amid(st)
cet-4,among,among,canonical,PDF第25页 · among(st)
cet-4,among,amongst,canonical_variant,PDF第25页 · among(st)
cet-4,amount,amount,canonical,PDF第25页 · amount
cet-4,ample,ample,canonical,PDF第25页 · ample
cet-4,amuse,amuse,canonical,PDF第25页 · amuse amusing amusement
cet-4,amuse,amusement,derived,PDF第25页 · amuse amusing amusement
cet-4,amuse,amusing,derived,PDF第25页 · amuse amusing amusement
cet-4,a,an,canonical_variant,PDF第21页 · a/an
cet-4,analyze,analyse,canonical_variant,PDF第25页 · analyze/Ｇyse analysis analytic(al) analyst
cet-4,analyze,analysis,derived,PDF第25页 · analyze/Ｇyse analysis analytic(al) analyst
cet-4,analyze,analyst,derived,PDF第25页 · analyze/Ｇyse analysis analytic(al) analyst
cet-4,analyze,analytic,derived,PDF第25页 · analyze/Ｇyse analysis analytic(al) analyst
cet-4,analyze,analytical,derived_variant,PDF第25页 · analyze/Ｇyse analysis analytic(al) analyst
cet-4,analyze,analyze,canonical,PDF第25页 · analyze/Ｇyse analysis analytic(al) analyst
cet-4,ancestor,ancestor,canonical,PDF第25页 · ancestor ancestry
cet-4,ancestor,ancestry,derived,PDF第25页 · ancestor ancestry
cet-4,anchor,anchor,canonical,PDF第25页 · anchor anchorage
cet-4,anchor,anchorage,derived,PDF第25页 · anchor anchorage
cet-4,ancient,ancient,canonical,PDF第25页 · ancient
cet-4,and,and,canonical,PDF第25页 · and
cet-4,anew,anew,canonical,PDF第25页 · anew
cet-4,angel,angel,canonical,PDF第25页 · angel
cet-4,angry,anger,derived,PDF第25页 · angry anger
cet-4,angle,angle,canonical,PDF第25页 · angle
cet-4,angry,angry,canonical,PDF第25页 · angry anger
cet-4,animal,animal,canonical,PDF第25页 · animal
cet-4,ankle,ankle,canonical,PDF第25页 · ankle
cet-4,anniversary,anniversary,canonical,PDF第25页 · anniversary
cet-4,announce,announce,canonical,PDF第25页 · announce announcement
cet-4,announce,announcement,derived,PDF第25页 · announce announcement
cet-4,annoy,annoy,canonical,PDF第25页 · annoy annoyance
cet-4,annoy,annoyance,derived,PDF第25页 · annoy annoyance
cet-4,annual,annual,canonical,PDF第25页 · annual
cet-4,another,another,canonical,PDF第25页 · another
cet-4,answer,answer,canonical,PDF第26页 · answer
cet-4,ant,ant,canonical,PDF第26页 · ant
cet-4,anticipate,anticipate,canonical,PDF第26页 · anticipate anticipation
cet-4,anticipate,anticipation,derived,PDF第26页 · anticipate anticipation
cet-4,antique,antique,canonical,PDF第26页 · antique
cet-4,anxious,anxiety,derived,PDF第26页 · anxious anxiety
cet-4,anxious,anxious,canonical,PDF第26页 · anxious anxiety
cet-4,any,any,canonical,PDF第26页 · any
cet-4,anybody,anybody,canonical,PDF第26页 · anybody/anyone
cet-4,anyhow,anyhow,canonical,PDF第26页 · anyhow
cet-4,anybody,anyone,canonical_variant,PDF第26页 · anybody/anyone
cet-4,anything,anything,canonical,PDF第26页 · anything
cet-4,anyway,anyway,canonical,PDF第26页 · anyway
cet-4,anywhere,anywhere,canonical,PDF第26页 · anywhere
cet-4,apart,apart,canonical,PDF第26页 · apart
cet-4,apartment,apartment,canonical,PDF第26页 · apartment/apt．
cet-4,apology,apologetic,derived,PDF第26页 · apology apologize/Ｇise apologetic
cet-4,apology,apologise,derived_variant,PDF第26页 · apology apologize/Ｇise apologetic
cet-4,apology,apologize,derived,PDF第26页 · apology apologize/Ｇise apologetic
cet-4,apology,apology,canonical,PDF第26页 · apology apologize/Ｇise apologetic
cet-4,app,app,canonical,PDF第26页 · app
cet-4,apparatus,apparatus,canonical,PDF第26页 · apparatus
cet-4,apparent,apparent,canonical,PDF第26页 · apparent apparently
cet-4,apparent,apparently,derived,PDF第26页 · apparent apparently
cet-4,appeal,appeal,canonical,PDF第26页 · appeal appealing
cet-4,appeal,appealing,derived,PDF第26页 · appeal appealing
cet-4,appear,appear,canonical,PDF第26页 · appear appearance
cet-4,appear,appearance,derived,PDF第26页 · appear appearance
cet-4,appetite,appetite,canonical,PDF第26页 · appetite
cet-4,applaud,applaud,canonical,PDF第26页 · applaud applause
cet-4,applaud,applause,derived,PDF第26页 · applaud applause
cet-4,apple,apple,canonical,PDF第26页 · apple
cet-4,appliance,appliance,canonical,PDF第26页 · appliance
cet-4,apply,applicable,derived,PDF第26页 · apply application applicant applicable
cet-4,apply,applicant,derived,PDF第26页 · apply application applicant applicable
cet-4,apply,application,derived,PDF第26页 · apply application applicant applicable
cet-4,apply,apply,canonical,PDF第26页 · apply application applicant applicable
cet-4,appoint,appoint,canonical,PDF第26页 · appoint appointment
cet-4,appoint,appointment,derived,PDF第26页 · appoint appointment
cet-4,appreciate,appreciate,canonical,PDF第26页 · appreciate appreciation appreciative
cet-4,appreciate,appreciation,derived,PDF第26页 · appreciate appreciation appreciative
cet-4,appreciate,appreciative,derived,PDF第26页 · appreciate appreciation appreciative
cet-4,approach,approach,canonical,PDF第26页 · approach
cet-4,appropriate,appropriate,canonical · 同形异义1,PDF第26页 · appropriate１
cet-4,approve,approval,derived,PDF第26页 · approve approval
cet-4,approve,approve,canonical,PDF第26页 · approve approval
cet-4,approximate,approximate,canonical,PDF第26页 · approximate approximately approximation
cet-4,approximate,approximately,derived,PDF第26页 · approximate approximately approximation
cet-4,approximate,approximation,derived,PDF第26页 · approximate approximately approximation
cet-4,april,april,canonical,PDF第26页 · April
cet-4,apartment,apt.,canonical_variant,PDF第26页 · apartment/apt．
cet-4,aptitude,aptitude,canonical,PDF第27页 · aptitude
cet-4,arbitrary,arbitrarily,derived,PDF第27页 · arbitrary arbitrarily
cet-4,arbitrary,arbitrary,canonical,PDF第27页 · arbitrary arbitrarily
cet-4,architect,architect,canonical,PDF第27页 · architect
cet-4,architecture,architecture,canonical,PDF第27页 · architecture
cet-4,area,area,canonical,PDF第27页 · area
cet-4,argue,arguable,derived,PDF第27页 · argue argument argumentation argumentative arguable
cet-4,argue,argue,canonical,PDF第27页 · argue argument argumentation argumentative arguable
cet-4,argue,argument,derived,PDF第27页 · argue argument argumentation argumentative arguable
cet-4,argue,argumentation,derived,PDF第27页 · argue argument argumentation argumentative arguable
cet-4,argue,argumentative,derived,PDF第27页 · argue argument argumentation argumentative arguable
cet-4,arise,arise,canonical,PDF第27页 · arise
cet-4,arithmetic,arithmetic,canonical,PDF第27页 · arithmetic
cet-4,arm,arm,canonical,PDF第27页 · arm armament
cet-4,arm,armament,derived,PDF第27页 · arm armament
cet-4,army,army,canonical,PDF第27页 · army
cet-4,around,around,canonical,PDF第27页 · around
cet-4,arouse,arousal,derived,PDF第27页 · arouse arousal
cet-4,arouse,arouse,canonical,PDF第27页 · arouse arousal
cet-4,arrange,arrange,canonical,PDF第27页 · arrange arrangement
cet-4,arrange,arrangement,derived,PDF第27页 · arrange arrangement
cet-4,arrest,arrest,canonical,PDF第27页 · arrest
cet-4,arrive,arrival,derived,PDF第27页 · arrive arrival
cet-4,arrive,arrive,canonical,PDF第27页 · arrive arrival
cet-4,arrow,arrow,canonical,PDF第27页 · arrow
cet-4,art,art,canonical,PDF第27页 · art artist artistic artistically
cet-4,article,article,canonical,PDF第27页 · article
cet-4,artificial,artificial,canonical,PDF第27页 · artificial
cet-4,art,artist,derived,PDF第27页 · art artist artistic artistically
cet-4,art,artistic,derived,PDF第27页 · art artist artistic artistically
cet-4,art,artistically,derived,PDF第27页 · art artist artistic artistically
cet-4,as,as,canonical,PDF第27页 · as
cet-4,ash,ash,canonical,PDF第27页 · ash
cet-4,ashamed,ashamed,canonical,PDF第27页 · ashamed
cet-4,ashore,ashore,canonical,PDF第27页 · ashore
cet-4,aside,aside,canonical,PDF第28页 · aside
cet-4,ask,ask,canonical,PDF第28页 · ask
cet-4,asleep,asleep,canonical,PDF第28页 · asleep
cet-4,aspect,aspect,canonical,PDF第28页 · aspect
cet-4,ass,ass,canonical,PDF第28页 · ass
cet-4,assemble,assemble,canonical,PDF第28页 · assemble assembly
cet-4,assemble,assembly,derived,PDF第28页 · assemble assembly
cet-4,assess,assess,canonical,PDF第28页 · assess assessment
cet-4,assess,assessment,derived,PDF第28页 · assess assessment
cet-4,asset,asset,canonical,PDF第28页 · asset
cet-4,assign,assign,canonical,PDF第28页 · assign assignment
cet-4,assign,assignment,derived,PDF第28页 · assign assignment
cet-4,assist,assist,canonical,PDF第28页 · assist assistance assistant
cet-4,assist,assistance,derived,PDF第28页 · assist assistance assistant
cet-4,assist,assistant,derived,PDF第28页 · assist assistance assistant
cet-4,associate,associate,canonical,PDF第28页 · associate association
cet-4,associate,association,derived,PDF第28页 · associate association
cet-4,assume,assume,canonical,PDF第28页 · assume assumption
cet-4,assume,assumption,derived,PDF第28页 · assume assumption
cet-4,assure,assurance,derived,PDF第28页 · assure assurance
cet-4,assure,assure,canonical,PDF第28页 · assure assurance
cet-4,astonish,astonish,canonical,PDF第28页 · astonish astonishment
cet-4,astonish,astonishment,derived,PDF第28页 · astonish astonishment
cet-4,astronaut,astronaut,canonical,PDF第28页 · astronaut
cet-4,astronomy,astronomer,derived,PDF第28页 · astronomy astronomer astronomical
cet-4,astronomy,astronomical,derived,PDF第28页 · astronomy astronomer astronomical
cet-4,astronomy,astronomy,canonical,PDF第28页 · astronomy astronomer astronomical
cet-4,at,at,canonical,PDF第28页 · at
cet-4,athlete,athlete,canonical,PDF第28页 · athlete athletic
cet-4,athlete,athletic,derived,PDF第28页 · athlete athletic
cet-4,atmosphere,atmosphere,canonical,PDF第28页 · atmosphere atmospheric
cet-4,atmosphere,atmospheric,derived,PDF第28页 · atmosphere atmospheric
cet-4,atom,atom,canonical,PDF第28页 · atom atomic
cet-4,atom,atomic,derived,PDF第28页 · atom atomic
cet-4,atop,atop,canonical,PDF第28页 · atop
cet-4,attach,attach,canonical,PDF第28页 · attach attachment
cet-4,attach,attachment,derived,PDF第28页 · attach attachment
cet-4,attack,attack,canonical,PDF第28页 · attack
cet-4,attain,attain,canonical,PDF第28页 · attain attainment
cet-4,attain,attainment,derived,PDF第28页 · attain attainment
cet-4,attempt,attempt,canonical,PDF第28页 · attempt
cet-4,attend,attend,canonical,PDF第28页 · attend attendance attendant
cet-4,attend,attendance,derived,PDF第28页 · attend attendance attendant
cet-4,attend,attendant,derived,PDF第28页 · attend attendance attendant
cet-4,attention,attention,canonical,PDF第28页 · attention attentive
cet-4,attention,attentive,derived,PDF第28页 · attention attentive
cet-4,attic,attic,canonical,PDF第28页 · attic
cet-4,attitude,attitude,canonical,PDF第28页 · attitude
cet-4,attorney,attorney,canonical,PDF第28页 · attorney
cet-4,attract,attract,canonical,PDF第28页 · attract attraction attractive
cet-4,attract,attraction,derived,PDF第28页 · attract attraction attractive
cet-4,attract,attractive,derived,PDF第28页 · attract attraction attractive
cet-4,attribute,attributable,derived,PDF第29页 · attribute attributable attributive
cet-4,attribute,attribute,canonical,PDF第29页 · attribute attributable attributive
cet-4,attribute,attributive,derived,PDF第29页 · attribute attributable attributive
cet-4,audience,audience,canonical,PDF第29页 · audience
cet-4,audio,audio,canonical,PDF第29页 · audio
cet-4,auditorium,auditorium,canonical,PDF第29页 · auditorium
cet-4,august,august,canonical,PDF第29页 · August
cet-4,aunt,aunt,canonical,PDF第29页 · aunt auntie
cet-4,aunt,auntie,derived,PDF第29页 · aunt auntie
cet-4,authentic,authentic,canonical,PDF第29页 · authentic authenticity
cet-4,authentic,authenticity,derived,PDF第29页 · authentic authenticity
cet-4,author,author,canonical,PDF第29页 · author
cet-4,authorize,authorisation,derived_variant,PDF第29页 · authorize/Ｇise authorization/Ｇsation
cet-4,authorize,authorise,canonical_variant,PDF第29页 · authorize/Ｇise authorization/Ｇsation
cet-4,authority,authoritative,derived,PDF第29页 · authority authoritative
cet-4,authority,authority,canonical,PDF第29页 · authority authoritative
cet-4,authorize,authorization,derived,PDF第29页 · authorize/Ｇise authorization/Ｇsation
cet-4,authorize,authorize,canonical,PDF第29页 · authorize/Ｇise authorization/Ｇsation
cet-4,auto,auto,canonical,PDF第29页 · auto(mobile)
cet-4,automate,automate,canonical,PDF第29页 · automate automation automatic automatically
cet-4,automate,automatic,derived,PDF第29页 · automate automation automatic automatically
cet-4,automate,automatically,derived,PDF第29页 · automate automation automatic automatically
cet-4,automate,automation,derived,PDF第29页 · automate automation automatic automatically
cet-4,auto,automobile,canonical_variant,PDF第29页 · auto(mobile)
cet-4,autumn,autumn,canonical,PDF第29页 · autumn
cet-4,available,availability,derived,PDF第29页 · available availability
cet-4,available,available,canonical,PDF第29页 · available availability
cet-4,avenue,avenue,canonical,PDF第29页 · avenue
cet-4,average,average,canonical,PDF第29页 · average
cet-4,aviation,aviation,canonical,PDF第29页 · aviation
cet-4,avoid,avoid,canonical,PDF第29页 · avoid avoidance
cet-4,avoid,avoidance,derived,PDF第29页 · avoid avoidance
cet-4,await,await,canonical,PDF第29页 · await
cet-4,awake,awake,canonical,PDF第29页 · awake
cet-4,award,award,canonical,PDF第29页 · award
cet-4,aware,aware,canonical,PDF第29页 · aware awareness
cet-4,aware,awareness,derived,PDF第29页 · aware awareness
cet-4,away,away,canonical,PDF第29页 · away
cet-4,awe,awe,canonical,PDF第29页 · awe
cet-4,awesome,awesome,canonical,PDF第29页 · awesome
cet-4,awful,awful,canonical,PDF第29页 · awful
cet-4,awkward,awkward,canonical,PDF第29页 · awkward
cet-4,ax,ax,canonical,PDF第29页 · ax(e)
cet-4,ax,axe,canonical_variant,PDF第29页 · ax(e)
cet-4,axis,axis,canonical,PDF第29页 · axis
cet-4,baby,baby,canonical,PDF第29页 · baby
cet-4,babyboom,babyboom,canonical,PDF第29页 · babyboom babyboomer
cet-4,babyboom,babyboomer,derived,PDF第29页 · babyboom babyboomer
cet-4,bachelor,bachelor,canonical,PDF第29页 · bachelor
cet-4,back,back,canonical,PDF第29页 · back
cet-4,background,background,canonical,PDF第30页 · background
cet-4,backup,backup,canonical,PDF第30页 · backup
cet-4,backward,backward,canonical,PDF第30页 · backward backwards
cet-4,backward,backwards,derived,PDF第30页 · backward backwards
cet-4,backyard,backyard,canonical,PDF第30页 · backyard
cet-4,bacon,bacon,canonical,PDF第30页 · bacon
cet-4,bacteria,bacteria,canonical,PDF第30页 · bacteria
cet-4,bad,bad,canonical,PDF第30页 · bad
cet-4,badge,badge,canonical,PDF第30页 · badge
cet-4,badly,badly,canonical,PDF第30页 · badly
cet-4,badminton,badminton,canonical,PDF第30页 · badminton
cet-4,bag,bag,canonical,PDF第30页 · bag
cet-4,baggage,baggage,canonical,PDF第30页 · baggage
cet-4,bail,bail,canonical,PDF第30页 · bail
cet-4,bait,bait,canonical,PDF第30页 · bait
cet-4,bake,bake,canonical,PDF第30页 · bake bakery
cet-4,bake,bakery,derived,PDF第30页 · bake bakery
cet-4,balance,balance,canonical,PDF第30页 · balance
cet-4,balcony,balcony,canonical,PDF第30页 · balcony
cet-4,ball,ball,canonical,PDF第30页 · ball
cet-4,ballet,ballet,canonical,PDF第30页 · ballet
cet-4,balloon,balloon,canonical,PDF第30页 · balloon
cet-4,ballot,ballot,canonical,PDF第30页 · ballot
cet-4,bamboo,bamboo,canonical,PDF第30页 · bamboo
cet-4,ban,ban,canonical,PDF第30页 · ban
cet-4,banana,banana,canonical,PDF第30页 · banana
cet-4,band,band,canonical,PDF第30页 · band
cet-4,bandage,bandage,canonical,PDF第30页 · bandage
cet-4,bang,bang,canonical,PDF第30页 · bang
cet-4,bank,bank,canonical · 同形异义1 · 同形异义2,PDF第30页 · bank１
cet-4,banknote,banknote,canonical,PDF第30页 · banknote
cet-4,bankrupt,bankrupt,canonical,PDF第30页 · bankrupt bankruptcy
cet-4,bankrupt,bankruptcy,derived,PDF第30页 · bankrupt bankruptcy
cet-4,banner,banner,canonical,PDF第30页 · banner
cet-4,banquet,banquet,canonical,PDF第30页 · banquet
cet-4,bar,bar,canonical,PDF第30页 · bar
cet-4,barbecue,barbecue,canonical,PDF第30页 · barbecue/BBQ
cet-4,barber,barber,canonical,PDF第30页 · barber
cet-4,bare,bare,canonical,PDF第30页 · bare barely
cet-4,bare,barely,derived,PDF第30页 · bare barely
cet-4,bargain,bargain,canonical,PDF第30页 · bargain
cet-4,bark,bark,canonical,PDF第30页 · bark
cet-4,barrel,barrel,canonical,PDF第31页 · barrel
cet-4,barrier,barrier,canonical,PDF第31页 · barrier
cet-4,base,base,canonical,PDF第31页 · base
cet-4,baseball,baseball,canonical,PDF第31页 · baseball
cet-4,basement,basement,canonical,PDF第31页 · basement
cet-4,basic,basic,canonical,PDF第31页 · basic basically
cet-4,basic,basically,derived,PDF第31页 · basic basically
cet-4,basin,basin,canonical,PDF第31页 · basin
cet-4,basis,basis,canonical,PDF第31页 · basis
cet-4,basket,basket,canonical,PDF第31页 · basket
cet-4,basketball,basketball,canonical,PDF第31页 · basketball
cet-4,bat,bat,canonical,PDF第31页 · bat
cet-4,batch,batch,canonical,PDF第31页 · batch
cet-4,bath,bath,canonical,PDF第31页 · bath
cet-4,bathe,bathe,canonical,PDF第31页 · bathe
cet-4,bathroom,bathroom,canonical,PDF第31页 · bathroom
cet-4,battalion,battalion,canonical,PDF第31页 · battalion
cet-4,battery,battery,canonical,PDF第31页 · battery
cet-4,battle,battle,canonical,PDF第31页 · battle
cet-4,bay,bay,canonical,PDF第31页 · bay
cet-4,barbecue,bbq,canonical_variant,PDF第30页 · barbecue/BBQ
cet-4,be,be,canonical,PDF第31页 · be
cet-4,beach,beach,canonical,PDF第31页 · beach
cet-4,beam,beam,canonical,PDF第31页 · beam
cet-4,bean,bean,canonical,PDF第31页 · bean
cet-4,bear,bear,canonical,PDF第31页 · bear
cet-4,beard,beard,canonical,PDF第31页 · beard
cet-4,bearing,bearing,canonical,PDF第31页 · bearing
cet-4,beast,beast,canonical,PDF第31页 · beast
cet-4,beat,beat,canonical,PDF第31页 · beat
cet-4,beauty,beautiful,derived,PDF第31页 · beauty beautiful beautify
cet-4,beauty,beautify,derived,PDF第31页 · beauty beautiful beautify
cet-4,beauty,beauty,canonical,PDF第31页 · beauty beautiful beautify
cet-4,because,because,canonical,PDF第31页 · because
cet-4,become,become,canonical,PDF第31页 · become
cet-4,bed,bed,canonical,PDF第31页 · bed bedding
cet-4,bed,bedding,derived,PDF第31页 · bed bedding
cet-4,bee,bee,canonical,PDF第31页 · bee
cet-4,beef,beef,canonical,PDF第32页 · beef
cet-4,beer,beer,canonical,PDF第32页 · beer
cet-4,before,before,canonical,PDF第32页 · before
cet-4,beforehand,beforehand,canonical,PDF第32页 · beforehand
cet-4,beg,beg,canonical,PDF第32页 · beg beggar
cet-4,beg,beggar,derived,PDF第32页 · beg beggar
cet-4,begin,begin,canonical,PDF第32页 · begin beginning
cet-4,begin,beginning,derived,PDF第32页 · begin beginning
cet-4,behalf,behalf,canonical,PDF第32页 · behalf
cet-4,behave,behave,canonical,PDF第32页 · behave behavio(u)r behavio(u)ral
cet-4,behave,behavior,derived,PDF第32页 · behave behavio(u)r behavio(u)ral
cet-4,behave,behavioral,derived,PDF第32页 · behave behavio(u)r behavio(u)ral
cet-4,behave,behaviour,derived_variant,PDF第32页 · behave behavio(u)r behavio(u)ral
cet-4,behave,behavioural,derived_variant,PDF第32页 · behave behavio(u)r behavio(u)ral
cet-4,behind,behind,canonical,PDF第32页 · behind
cet-4,being,being,canonical,PDF第32页 · being
cet-4,belief,belief,canonical,PDF第32页 · belief
cet-4,believe,believe,canonical,PDF第32页 · believe
cet-4,bell,bell,canonical,PDF第32页 · bell
cet-4,belly,belly,canonical,PDF第32页 · belly
cet-4,belong,belong,canonical,PDF第32页 · belong belongings
cet-4,belong,belongings,derived,PDF第32页 · belong belongings
cet-4,beloved,beloved,canonical,PDF第32页 · beloved
cet-4,below,below,canonical,PDF第32页 · below
cet-4,belt,belt,canonical,PDF第32页 · belt
cet-4,bench,bench,canonical,PDF第32页 · bench
cet-4,bend,bend,canonical,PDF第32页 · bend
cet-4,beneath,beneath,canonical,PDF第32页 · beneath
cet-4,benefit,beneficial,derived,PDF第32页 · benefit beneficial beneficiary
cet-4,benefit,beneficiary,derived,PDF第32页 · benefit beneficial beneficiary
cet-4,benefit,benefit,canonical,PDF第32页 · benefit beneficial beneficiary
cet-4,berry,berry,canonical,PDF第32页 · berry
cet-4,beside,beside,canonical,PDF第32页 · beside
cet-4,besides,besides,canonical,PDF第32页 · besides
cet-4,best,best,canonical,PDF第32页 · best
cet-4,best-seller,best seller,canonical,PDF第32页 · bestＧseller bestＧselling
cet-4,best-seller,best selling,derived,PDF第32页 · bestＧseller bestＧselling
cet-4,best-seller,best-seller,canonical,PDF第32页 · bestＧseller bestＧselling
cet-4,best-seller,best-selling,derived,PDF第32页 · bestＧseller bestＧselling
cet-4,bet,bet,canonical,PDF第32页 · bet
cet-4,betray,betray,canonical,PDF第32页 · betray betrayal
cet-4,betray,betrayal,derived,PDF第32页 · betray betrayal
cet-4,better,better,canonical,PDF第32页 · better
cet-4,between,between,canonical,PDF第32页 · between
cet-4,beverage,beverage,canonical,PDF第32页 · beverage
cet-4,beyond,beyond,canonical,PDF第32页 · beyond
cet-4,bias,bias,canonical,PDF第32页 · bias
cet-4,bible,bible,canonical,PDF第32页 · Bible Biblical/biblical
cet-4,bible,biblical,derived,PDF第32页 · Bible Biblical/biblical
cet-4,bicycle,bicycle,canonical,PDF第33页 · bicycle/bike
cet-4,bid,bid,canonical,PDF第33页 · bid
cet-4,big,big,canonical,PDF第33页 · big
cet-4,bicycle,bike,canonical_variant,PDF第33页 · bicycle/bike
cet-4,bill,bill,canonical,PDF第33页 · bill
cet-4,billion,billion,canonical,PDF第33页 · billion billionaire
cet-4,billion,billionaire,derived,PDF第33页 · billion billionaire
cet-4,bin,bin,canonical,PDF第33页 · bin
cet-4,bind,bind,canonical,PDF第33页 · bind
cet-4,biochemistry,biochemical,derived,PDF第33页 · biochemistry biochemical biochemist
cet-4,biochemistry,biochemist,derived,PDF第33页 · biochemistry biochemical biochemist
cet-4,biochemistry,biochemistry,canonical,PDF第33页 · biochemistry biochemical biochemist
cet-4,biography,biographer,derived,PDF第33页 · biography biographical biographer
cet-4,biography,biographical,derived,PDF第33页 · biography biographical biographer
cet-4,biography,biography,canonical,PDF第33页 · biography biographical biographer
cet-4,biology,biological,derived,PDF第33页 · biology biological biologist
cet-4,biology,biologist,derived,PDF第33页 · biology biological biologist
cet-4,biology,biology,canonical,PDF第33页 · biology biological biologist
cet-4,biotechnology,biotechnology,canonical,PDF第33页 · biotechnology
cet-4,bird,bird,canonical,PDF第33页 · bird
cet-4,birth,birth,canonical,PDF第33页 · birth
cet-4,birthday,birthday,canonical,PDF第33页 · birthday
cet-4,biscuit,biscuit,canonical,PDF第33页 · biscuit
cet-4,bit,bit,canonical,PDF第33页 · bit
cet-4,bitch,bitch,canonical,PDF第33页 · bitch
cet-4,bite,bite,canonical,PDF第33页 · bite
cet-4,bitter,bitter,canonical,PDF第33页 · bitter
cet-4,black,black,canonical,PDF第33页 · black
cet-4,blackboard,blackboard,canonical,PDF第33页 · blackboard
cet-4,blade,blade,canonical,PDF第33页 · blade
cet-4,blame,blame,canonical,PDF第33页 · blame
cet-4,blank,blank,canonical,PDF第33页 · blank
cet-4,blanket,blanket,canonical,PDF第33页 · blanket
cet-4,blast,blast,canonical,PDF第33页 · blast
cet-4,bleed,bleed,canonical,PDF第33页 · bleed
cet-4,blend,blend,canonical,PDF第33页 · blend
cet-4,bless,bless,canonical,PDF第33页 · bless blessing
cet-4,bless,blessing,derived,PDF第33页 · bless blessing
cet-4,blind,blind,canonical,PDF第33页 · blind
cet-4,block,block,canonical,PDF第33页 · block
cet-4,blog,blog,canonical,PDF第34页 · blog
cet-4,blond,blond,canonical,PDF第34页 · blond(e)
cet-4,blond,blonde,canonical_variant,PDF第34页 · blond(e)
cet-4,blood,blood,canonical,PDF第34页 · blood bloody
cet-4,blood,bloody,derived,PDF第34页 · blood bloody
cet-4,bloom,bloom,canonical,PDF第34页 · bloom
cet-4,blossom,blossom,canonical,PDF第34页 · blossom
cet-4,blouse,blouse,canonical,PDF第34页 · blouse
cet-4,blow,blow,canonical,PDF第34页 · blow
cet-4,blue,blue,canonical,PDF第34页 · blue
cet-4,blueprint,blueprint,canonical,PDF第34页 · blueprint
cet-4,blur,blur,canonical,PDF第34页 · blur
cet-4,board,board,canonical,PDF第34页 · board
cet-4,boast,boast,canonical,PDF第34页 · boast boastful
cet-4,boast,boastful,derived,PDF第34页 · boast boastful
cet-4,boat,boat,canonical,PDF第34页 · boat
cet-4,body,bodily,derived,PDF第34页 · body bodily
cet-4,body,body,canonical,PDF第34页 · body bodily
cet-4,boil,boil,canonical,PDF第34页 · boil boiler
cet-4,boil,boiler,derived,PDF第34页 · boil boiler
cet-4,bold,bold,canonical,PDF第34页 · bold
cet-4,bolt,bolt,canonical,PDF第34页 · bolt
cet-4,bomb,bomb,canonical,PDF第34页 · bomb
cet-4,bond,bond,canonical,PDF第34页 · bond bondage
cet-4,bond,bondage,derived,PDF第34页 · bond bondage
cet-4,bone,bone,canonical,PDF第34页 · bone bony
cet-4,bonus,bonus,canonical,PDF第34页 · bonus
cet-4,bone,bony,derived,PDF第34页 · bone bony
cet-4,book,book,canonical,PDF第34页 · book
cet-4,boom,boom,canonical,PDF第34页 · boom
cet-4,boost,boost,canonical,PDF第34页 · boost
cet-4,boot,boot,canonical,PDF第34页 · boot
cet-4,booth,booth,canonical,PDF第34页 · booth
cet-4,border,border,canonical,PDF第34页 · border
cet-4,bore,bore,canonical · 同形异义1 · 同形异义2,PDF第34页 · bore１
cet-4,born,born,canonical,PDF第34页 · born
cet-4,borrow,borrow,canonical,PDF第34页 · borrow
cet-4,boss,boss,canonical,PDF第34页 · boss
cet-4,both,both,canonical,PDF第34页 · both
cet-4,bother,bother,canonical,PDF第34页 · bother
cet-4,bottle,bottle,canonical,PDF第34页 · bottle
cet-4,bottom,bottom,canonical,PDF第34页 · bottom
cet-4,bounce,bounce,canonical,PDF第35页 · bounce
cet-4,bound,bound,canonical · 同形异义1 · 同形异义2 · 同形异义3,PDF第35页 · bound１
cet-4,boundary,boundary,canonical,PDF第35页 · boundary
cet-4,bow,bow,canonical · 同形异义1 · 同形异义2,PDF第35页 · bow１
cet-4,bowel,bowel,canonical,PDF第35页 · bowel
cet-4,bowl,bowl,canonical,PDF第35页 · bowl
cet-4,box,box,canonical · 同形异义1 · 同形异义2,PDF第35页 · box１
cet-4,boxing,boxing,canonical,PDF第35页 · boxing
cet-4,boy,boy,canonical,PDF第35页 · boy
cet-4,bracket,bracket,canonical,PDF第35页 · bracket
cet-4,brag,brag,canonical,PDF第35页 · brag
cet-4,brain,brain,canonical,PDF第35页 · brain
cet-4,brake,brake,canonical,PDF第35页 · brake
cet-4,branch,branch,canonical,PDF第35页 · branch
cet-4,brand,brand,canonical,PDF第35页 · brand
cet-4,brand-new,brand new,canonical,PDF第35页 · brandＧnew
cet-4,brand-new,brand-new,canonical,PDF第35页 · brandＧnew
cet-4,brandy,brandy,canonical,PDF第35页 · brandy
cet-4,brass,brass,canonical,PDF第35页 · brass
cet-4,brave,brave,canonical,PDF第35页 · brave bravery
cet-4,brave,bravery,derived,PDF第35页 · brave bravery
cet-4,bread,bread,canonical,PDF第35页 · bread
cet-4,broad,breadth,derived,PDF第36页 · broad broaden breadth
cet-4,break,break,canonical,PDF第35页 · break
cet-4,breakdown,breakdown,canonical,PDF第35页 · breakdown
cet-4,breakfast,breakfast,canonical,PDF第35页 · breakfast
cet-4,breakthrough,breakthrough,canonical,PDF第35页 · breakthrough
cet-4,breast,breast,canonical,PDF第35页 · breast
cet-4,breath,breath,canonical,PDF第35页 · breath
cet-4,breathe,breathe,canonical,PDF第35页 · breathe
cet-4,breed,breed,canonical,PDF第35页 · breed
cet-4,breeze,breeze,canonical,PDF第35页 · breeze
cet-4,bribe,bribe,canonical,PDF第35页 · bribe bribery
cet-4,bribe,bribery,derived,PDF第35页 · bribe bribery
cet-4,brick,brick,canonical,PDF第35页 · brick
cet-4,bride,bride,canonical,PDF第35页 · bride
cet-4,bridegroom,bridegroom,canonical,PDF第36页 · bridegroom
cet-4,bridge,bridge,canonical,PDF第36页 · bridge
cet-4,brief,brief,canonical,PDF第36页 · brief briefing
cet-4,briefcase,briefcase,canonical,PDF第36页 · briefcase
cet-4,brief,briefing,derived,PDF第36页 · brief briefing
cet-4,bright,bright,canonical,PDF第36页 · bright brighten
cet-4,bright,brighten,derived,PDF第36页 · bright brighten
cet-4,brilliant,brilliance,derived,PDF第36页 · brilliant brilliance
cet-4,brilliant,brilliant,canonical,PDF第36页 · brilliant brilliance
cet-4,bring,bring,canonical,PDF第36页 · bring
cet-4,broad,broad,canonical,PDF第36页 · broad broaden breadth
cet-4,broadcast,broadcast,canonical,PDF第36页 · broadcast
cet-4,broad,broaden,derived,PDF第36页 · broad broaden breadth
cet-4,brochure,brochure,canonical,PDF第36页 · brochure
cet-4,broke,broke,canonical,PDF第36页 · broke
cet-4,broker,broker,canonical,PDF第36页 · broker
cet-4,broom,broom,canonical,PDF第36页 · broom
cet-4,brother,brother,canonical,PDF第36页 · brother
cet-4,brow,brow,canonical,PDF第36页 · brow
cet-4,brown,brown,canonical,PDF第36页 · brown
cet-4,browse,browse,canonical,PDF第36页 · browse browser
cet-4,browse,browser,derived,PDF第36页 · browse browser
cet-4,brunch,brunch,canonical,PDF第36页 · brunch
cet-4,brush,brush,canonical,PDF第36页 · brush
cet-4,brutal,brutal,canonical,PDF第36页 · brutal brutality
cet-4,brutal,brutality,derived,PDF第36页 · brutal brutality
cet-4,bubble,bubble,canonical,PDF第36页 · bubble
cet-4,buck,buck,canonical,PDF第36页 · buck
cet-4,bucket,bucket,canonical,PDF第36页 · bucket
cet-4,buckle,buckle,canonical,PDF第36页 · buckle
cet-4,bud,bud,canonical,PDF第36页 · bud
cet-4,buddy,buddy,canonical,PDF第36页 · buddy
cet-4,budget,budget,canonical,PDF第36页 · budget budgetary
cet-4,budget,budgetary,derived,PDF第36页 · budget budgetary
cet-4,buffet,buffet,canonical,PDF第36页 · buffet
cet-4,bug,bug,canonical,PDF第36页 · bug
cet-4,build,build,canonical,PDF第36页 · build building
cet-4,build,building,derived,PDF第36页 · build building
cet-4,bulb,bulb,canonical,PDF第36页 · bulb
cet-4,bulk,bulk,canonical,PDF第36页 · bulk bulky
cet-4,bulk,bulky,derived,PDF第36页 · bulk bulky
cet-4,bull,bull,canonical,PDF第36页 · bull
cet-4,bullet,bullet,canonical,PDF第37页 · bullet
cet-4,bulletin,bulletin,canonical,PDF第37页 · bulletin
cet-4,bully,bully,canonical,PDF第37页 · bully
cet-4,bump,bump,canonical,PDF第37页 · bump
cet-4,bumper,bumper,canonical,PDF第37页 · bumper
cet-4,bunch,bunch,canonical,PDF第37页 · bunch
cet-4,bundle,bundle,canonical,PDF第37页 · bundle
cet-4,burden,burden,canonical,PDF第37页 · burden
cet-4,bureau,bureau,canonical,PDF第37页 · bureau
cet-4,hamburger,burger,canonical_variant,PDF第74页 · hamburger/burger
cet-4,bury,burial,derived,PDF第37页 · bury burial
cet-4,burn,burn,canonical,PDF第37页 · burn
cet-4,burst,burst,canonical,PDF第37页 · burst
cet-4,bury,bury,canonical,PDF第37页 · bury burial
cet-4,bus,bus,canonical,PDF第37页 · bus
cet-4,bush,bush,canonical,PDF第37页 · bush bushy
cet-4,bush,bushy,derived,PDF第37页 · bush bushy
cet-4,business,business,canonical,PDF第37页 · business
cet-4,businessman,businessman,canonical,PDF第37页 · businessman
cet-4,busy,busy,canonical,PDF第37页 · busy
cet-4,but,but,canonical,PDF第37页 · but
cet-4,butcher,butcher,canonical,PDF第37页 · butcher
cet-4,butter,butter,canonical,PDF第37页 · butter
cet-4,butterfly,butterfly,canonical,PDF第37页 · butterfly
cet-4,button,button,canonical,PDF第37页 · button
cet-4,buy,buy,canonical,PDF第37页 · buy buyer
cet-4,buy,buyer,derived,PDF第37页 · buy buyer
cet-4,by,by,canonical,PDF第37页 · by
cet-4,bypass,bypass,canonical,PDF第37页 · bypass
cet-4,bystander,bystander,canonical,PDF第37页 · bystander
cet-4,cab,cab,canonical,PDF第37页 · cab
cet-4,cabbage,cabbage,canonical,PDF第37页 · cabbage
cet-4,cabin,cabin,canonical,PDF第37页 · cabin
cet-4,cabinet,cabinet,canonical,PDF第37页 · cabinet
cet-4,cable,cable,canonical,PDF第37页 · cable
cet-4,cafe,cafe,canonical,PDF第37页 · cafe
cet-4,cafeteria,cafeteria,canonical,PDF第37页 · cafeteria
cet-4,cage,cage,canonical,PDF第37页 · cage
cet-4,cake,cake,canonical,PDF第37页 · cake
cet-4,calculate,calculate,canonical,PDF第37页 · calculate calculation calculator calculating
cet-4,calculate,calculating,derived,PDF第37页 · calculate calculation calculator calculating
cet-4,calculate,calculation,derived,PDF第37页 · calculate calculation calculator calculating
cet-4,calculate,calculator,derived,PDF第37页 · calculate calculation calculator calculating
cet-4,calendar,calendar,canonical,PDF第38页 · calendar
cet-4,calf,calf,canonical,PDF第38页 · calf
cet-4,call,call,canonical,PDF第38页 · call
cet-4,calling,calling,canonical,PDF第38页 · calling
cet-4,calm,calm,canonical,PDF第38页 · calm
cet-4,calorie,calorie,canonical,PDF第38页 · calorie
cet-4,camel,camel,canonical,PDF第38页 · camel
cet-4,camera,camera,canonical,PDF第38页 · camera
cet-4,camp,camp,canonical,PDF第38页 · camp
cet-4,campaign,campaign,canonical,PDF第38页 · campaign
cet-4,campus,campus,canonical,PDF第38页 · campus
cet-4,can,can,canonical · 同形异义1 · 同形异义2,PDF第38页 · can１
cet-4,canal,canal,canonical,PDF第38页 · canal
cet-4,cancel,cancel,canonical,PDF第38页 · cancel cancellation
cet-4,cancel,cancellation,derived,PDF第38页 · cancel cancellation
cet-4,cancer,cancer,canonical,PDF第38页 · cancer
cet-4,candidate,candidacy,derived,PDF第38页 · candidate candidacy
cet-4,candidate,candidate,canonical,PDF第38页 · candidate candidacy
cet-4,candle,candle,canonical,PDF第38页 · candle
cet-4,candy,candy,canonical,PDF第38页 · candy
cet-4,cane,cane,canonical,PDF第38页 · cane
cet-4,canteen,canteen,canonical,PDF第38页 · canteen
cet-4,cap,cap,canonical,PDF第38页 · cap
cet-4,capable,capability,derived,PDF第38页 · capable capability
cet-4,capable,capable,canonical,PDF第38页 · capable capability
cet-4,capacity,capacity,canonical,PDF第38页 · capacity
cet-4,capital,capital,canonical,PDF第38页 · capital capitalist capitalism
cet-4,capital,capitalism,derived,PDF第38页 · capital capitalist capitalism
cet-4,capital,capitalist,derived,PDF第38页 · capital capitalist capitalism
cet-4,captain,captain,canonical,PDF第38页 · captain
cet-4,capture,capture,canonical,PDF第38页 · capture
cet-4,car,car,canonical,PDF第38页 · car
cet-4,carbon,carbon,canonical,PDF第38页 · carbon
cet-4,card,card,canonical,PDF第38页 · card
cet-4,cardboard,cardboard,canonical,PDF第38页 · cardboard
cet-4,care,care,canonical,PDF第38页 · care careful careless
cet-4,career,career,canonical,PDF第39页 · career
cet-4,care,careful,derived,PDF第38页 · care careful careless
cet-4,care,careless,derived,PDF第38页 · care careful careless
cet-4,cargo,cargo,canonical,PDF第39页 · cargo
cet-4,carpenter,carpenter,canonical,PDF第39页 · carpenter
cet-4,carpet,carpet,canonical,PDF第39页 · carpet
cet-4,carriage,carriage,canonical,PDF第39页 · carriage
cet-4,carrier,carrier,canonical,PDF第39页 · carrier
cet-4,carrot,carrot,canonical,PDF第39页 · carrot
cet-4,carry,carry,canonical,PDF第39页 · carry
cet-4,cart,cart,canonical,PDF第39页 · cart
cet-4,cartoon,cartoon,canonical,PDF第39页 · cartoon cartoonist
cet-4,cartoon,cartoonist,derived,PDF第39页 · cartoon cartoonist
cet-4,case,case,canonical,PDF第39页 · case
cet-4,cash,cash,canonical,PDF第39页 · cash
cet-4,cashier,cashier,canonical,PDF第39页 · cashier
cet-4,cast,cast,canonical,PDF第39页 · cast
cet-4,castle,castle,canonical,PDF第39页 · castle
cet-4,casual,casual,canonical,PDF第39页 · casual
cet-4,cat,cat,canonical,PDF第39页 · cat
cet-4,catalog,catalog,canonical,PDF第39页 · catalog(ue)
cet-4,catalog,catalogue,canonical_variant,PDF第39页 · catalog(ue)
cet-4,catch,catch,canonical,PDF第39页 · catch
cet-4,category,category,canonical,PDF第39页 · category
cet-4,cater,cater,canonical,PDF第39页 · cater
cet-4,cattle,cattle,canonical,PDF第39页 · cattle
cet-4,cause,cause,canonical,PDF第39页 · cause
cet-4,caution,caution,canonical,PDF第39页 · caution cautious
cet-4,caution,cautious,derived,PDF第39页 · caution cautious
cet-4,cave,cave,canonical,PDF第39页 · cave
cet-4,cease,cease,canonical,PDF第39页 · cease
cet-4,ceiling,ceiling,canonical,PDF第39页 · ceiling
cet-4,celsius,celcius,canonical_variant,PDF第39页 · Celsius/Ｇcius
cet-4,celebrate,celebrate,canonical,PDF第39页 · celebrate celebration
cet-4,celebrate,celebration,derived,PDF第39页 · celebrate celebration
cet-4,cell,cell,canonical,PDF第39页 · cell
cet-4,cell-phone,cell phone,canonical,PDF第39页 · cellＧphone
cet-4,cell-phone,cell-phone,canonical,PDF第39页 · cellＧphone
cet-4,cellar,cellar,canonical,PDF第39页 · cellar
cet-4,celsius,celsius,canonical,PDF第39页 · Celsius/Ｇcius
cet-4,cement,cement,canonical,PDF第40页 · cement
cet-4,cent,cent,canonical,PDF第40页 · cent
cet-4,center,center,canonical,PDF第40页 · center/Ｇtre central centralize/Ｇise
cet-4,centigrade,centigrade,canonical,PDF第40页 · centigrade
cet-4,centimeter,centimeter,canonical,PDF第40页 · centimeter/Ｇtre
cet-4,centimeter,centimetre,canonical_variant,PDF第40页 · centimeter/Ｇtre
cet-4,center,central,derived,PDF第40页 · center/Ｇtre central centralize/Ｇise
cet-4,center,centralise,derived_variant,PDF第40页 · center/Ｇtre central centralize/Ｇise
cet-4,center,centralize,derived,PDF第40页 · center/Ｇtre central centralize/Ｇise
cet-4,center,centre,canonical_variant,PDF第40页 · center/Ｇtre central centralize/Ｇise
cet-4,century,century,canonical,PDF第40页 · century
cet-4,cereal,cereal,canonical,PDF第40页 · cereal
cet-4,ceremony,ceremonial,derived,PDF第40页 · ceremony ceremonial
cet-4,ceremony,ceremony,canonical,PDF第40页 · ceremony ceremonial
cet-4,certain,certain,canonical,PDF第40页 · certain certainly certainty
cet-4,certain,certainly,derived,PDF第40页 · certain certainly certainty
cet-4,certain,certainty,derived,PDF第40页 · certain certainly certainty
cet-4,certificate,certificate,canonical,PDF第40页 · certificate
cet-4,chain,chain,canonical,PDF第40页 · chain
cet-4,chair,chair,canonical,PDF第40页 · chair
cet-4,chairman,chairman,canonical,PDF第40页 · chairman/chairperson
cet-4,chairman,chairperson,canonical_variant,PDF第40页 · chairman/chairperson
cet-4,chalk,chalk,canonical,PDF第40页 · chalk
cet-4,challenge,challenge,canonical,PDF第40页 · challenge challenging
cet-4,challenge,challenging,derived,PDF第40页 · challenge challenging
cet-4,champagne,champagne,canonical,PDF第40页 · champagne
cet-4,champion,champion,canonical,PDF第40页 · champion championship
cet-4,champion,championship,derived,PDF第40页 · champion championship
cet-4,chance,chance,canonical,PDF第40页 · chance
cet-4,change,change,canonical,PDF第40页 · change
cet-4,channel,channel,canonical,PDF第40页 · channel
cet-4,chaos,chaos,canonical,PDF第40页 · chaos chaotic
cet-4,chaos,chaotic,derived,PDF第40页 · chaos chaotic
cet-4,chapter,chapter,canonical,PDF第40页 · chapter
cet-4,character,character,canonical,PDF第40页 · character characteristic characterize/Ｇise
cet-4,character,characterise,derived_variant,PDF第40页 · character characteristic characterize/Ｇise
cet-4,character,characteristic,derived,PDF第40页 · character characteristic characterize/Ｇise
cet-4,character,characterize,derived,PDF第40页 · character characteristic characterize/Ｇise
cet-4,charge,charge,canonical,PDF第40页 · charge
cet-4,charity,charitable,derived,PDF第40页 · charity charitable
cet-4,charity,charity,canonical,PDF第40页 · charity charitable
cet-4,charm,charm,canonical,PDF第40页 · charm charming
cet-4,charm,charming,derived,PDF第40页 · charm charming
cet-4,chart,chart,canonical,PDF第40页 · chart
cet-4,charter,charter,canonical,PDF第40页 · charter
cet-4,chase,chase,canonical,PDF第40页 · chase
cet-4,chat,chat,canonical,PDF第40页 · chat
cet-4,cheap,cheap,canonical,PDF第40页 · cheap
cet-4,cheat,cheat,canonical,PDF第40页 · cheat
cet-4,check,check,canonical · 同形异义1 · 同形异义2,PDF第40页 · check１
cet-4,cheek,cheek,canonical,PDF第41页 · cheek
cet-4,cheer,cheer,canonical,PDF第41页 · cheer cheerful
cet-4,cheer,cheerful,derived,PDF第41页 · cheer cheerful
cet-4,cheese,cheese,canonical,PDF第41页 · cheese
cet-4,chef,chef,canonical,PDF第41页 · chef
cet-4,chemistry,chemical,derived,PDF第41页 · chemistry chemical chemist
cet-4,chemistry,chemist,derived,PDF第41页 · chemistry chemical chemist
cet-4,chemistry,chemistry,canonical,PDF第41页 · chemistry chemical chemist
cet-4,check,cheque,canonical_variant,PDF第41页 · check２/cheque
cet-4,cherish,cherish,canonical,PDF第41页 · cherish
cet-4,chess,chess,canonical,PDF第41页 · chess
cet-4,chest,chest,canonical,PDF第41页 · chest
cet-4,chew,chew,canonical,PDF第41页 · chew
cet-4,chicken,chicken,canonical,PDF第41页 · chicken
cet-4,chief,chief,canonical,PDF第41页 · chief
cet-4,child,child,canonical,PDF第41页 · child childish
cet-4,child,childish,derived,PDF第41页 · child childish
cet-4,chill,chill,canonical,PDF第41页 · chill chilly
cet-4,chill,chilly,derived,PDF第41页 · chill chilly
cet-4,chimney,chimney,canonical,PDF第41页 · chimney
cet-4,chin,chin,canonical,PDF第41页 · chin
cet-4,china,china,canonical,PDF第41页 · china
cet-4,chip,chip,canonical,PDF第41页 · chip
cet-4,chocolate,chocolate,canonical,PDF第41页 · chocolate
cet-4,choice,choice,canonical,PDF第41页 · choice
cet-4,choke,choke,canonical,PDF第41页 · choke
cet-4,cholesterol,cholesterol,canonical,PDF第41页 · cholesterol
cet-4,choose,choose,canonical,PDF第41页 · choose choosy
cet-4,choose,choosy,derived,PDF第41页 · choose choosy
cet-4,chop,chop,canonical,PDF第41页 · chop
cet-4,chopstick,chopstick,canonical,PDF第41页 · chopstick
cet-4,chore,chore,canonical,PDF第41页 · chore
cet-4,chorus,chorus,canonical,PDF第41页 · chorus
cet-4,christ,christ,canonical,PDF第41页 · Christ Christmas Christian Christianity
cet-4,christ,christian,derived,PDF第41页 · Christ Christmas Christian Christianity
cet-4,christ,christianity,derived,PDF第41页 · Christ Christmas Christian Christianity
cet-4,christ,christmas,derived,PDF第41页 · Christ Christmas Christian Christianity
cet-4,church,church,canonical,PDF第41页 · church
cet-4,cigar,cigar,canonical,PDF第41页 · cigar
cet-4,cigaret,cigaret,canonical,PDF第41页 · cigaret(te)
cet-4,cigaret,cigarette,canonical_variant,PDF第41页 · cigaret(te)
cet-4,cinema,cinema,canonical,PDF第41页 · cinema
cet-4,circle,circle,canonical,PDF第41页 · circle circular
cet-4,circuit,circuit,canonical,PDF第41页 · circuit
cet-4,circle,circular,derived,PDF第41页 · circle circular
cet-4,circulate,circulate,canonical,PDF第41页 · circulate circulation
cet-4,circulate,circulation,derived,PDF第41页 · circulate circulation
cet-4,circumstance,circumstance,canonical,PDF第41页 · circumstance
cet-4,circus,circus,canonical,PDF第41页 · circus
cet-4,cite,citation,derived,PDF第42页 · cite citation
cet-4,cite,cite,canonical,PDF第42页 · cite citation
cet-4,citizen,citizen,canonical,PDF第42页 · citizen citizenship
cet-4,citizen,citizenship,derived,PDF第42页 · citizen citizenship
cet-4,city,city,canonical,PDF第42页 · city
cet-4,civil,civil,canonical,PDF第42页 · civil civilize/Ｇise civilization/Ｇsation
cet-4,civilian,civilian,canonical,PDF第42页 · civilian
cet-4,civil,civilisation,derived_variant,PDF第42页 · civil civilize/Ｇise civilization/Ｇsation
cet-4,civil,civilise,derived_variant,PDF第42页 · civil civilize/Ｇise civilization/Ｇsation
cet-4,civil,civilization,derived,PDF第42页 · civil civilize/Ｇise civilization/Ｇsation
cet-4,civil,civilize,derived,PDF第42页 · civil civilize/Ｇise civilization/Ｇsation
cet-4,claim,claim,canonical,PDF第42页 · claim
cet-4,clap,clap,canonical,PDF第42页 · clap
cet-4,clarity,clarification,derived,PDF第42页 · clarity clarify clarification
cet-4,clarity,clarify,derived,PDF第42页 · clarity clarify clarification
cet-4,clarity,clarity,canonical,PDF第42页 · clarity clarify clarification
cet-4,clash,clash,canonical,PDF第42页 · clash
cet-4,class,class,canonical,PDF第42页 · class
cet-4,classic,classic,canonical,PDF第42页 · classic classical
cet-4,classic,classical,derived,PDF第42页 · classic classical
cet-4,classify,classification,derived,PDF第42页 · classify classification classified
cet-4,classify,classified,derived,PDF第42页 · classify classification classified
cet-4,classify,classify,canonical,PDF第42页 · classify classification classified
cet-4,classmate,classmate,canonical,PDF第42页 · classmate
cet-4,classroom,classroom,canonical,PDF第42页 · classroom
cet-4,clause,clause,canonical,PDF第42页 · clause
cet-4,claw,claw,canonical,PDF第42页 · claw
cet-4,clay,clay,canonical,PDF第42页 · clay
cet-4,clean,clean,canonical,PDF第42页 · clean
cet-4,clear,clear,canonical,PDF第42页 · clear clearly
cet-4,clear-cut,clear cut,canonical,PDF第42页 · clearＧcut
cet-4,clear-cut,clear-cut,canonical,PDF第42页 · clearＧcut
cet-4,clear,clearly,derived,PDF第42页 · clear clearly
cet-4,clerk,clerical,derived,PDF第42页 · clerk clerical
cet-4,clerk,clerk,canonical,PDF第42页 · clerk clerical
cet-4,clever,clever,canonical,PDF第42页 · clever
cet-4,click,click,canonical,PDF第42页 · click
cet-4,client,client,canonical,PDF第42页 · client
cet-4,cliff,cliff,canonical,PDF第42页 · cliff
cet-4,climate,climate,canonical,PDF第42页 · climate climatic
cet-4,climate,climatic,derived,PDF第42页 · climate climatic
cet-4,climax,climax,canonical,PDF第42页 · climax
cet-4,climb,climb,canonical,PDF第42页 · climb
cet-4,cling,cling,canonical,PDF第42页 · cling
cet-4,clinic,clinic,canonical,PDF第42页 · clinic clinical
cet-4,clinic,clinical,derived,PDF第42页 · clinic clinical
cet-4,clip,clip,canonical,PDF第42页 · clip
cet-4,clock,clock,canonical,PDF第43页 · clock
cet-4,clockwise,clockwise,canonical,PDF第43页 · clockwise
cet-4,clone,clone,canonical,PDF第43页 · clone
cet-4,close,close,canonical,PDF第43页 · close
cet-4,cloth,cloth,canonical,PDF第43页 · cloth
cet-4,clothe,clothe,canonical,PDF第43页 · clothe clothing
cet-4,clothes,clothes,canonical,PDF第43页 · clothes
cet-4,clothe,clothing,derived,PDF第43页 · clothe clothing
cet-4,cloud,cloud,canonical,PDF第43页 · cloud cloudy
cet-4,cloud,cloudy,derived,PDF第43页 · cloud cloudy
cet-4,clown,clown,canonical,PDF第43页 · clown
cet-4,club,club,canonical,PDF第43页 · club
cet-4,clue,clue,canonical,PDF第43页 · clue
cet-4,clumsy,clumsy,canonical,PDF第43页 · clumsy
cet-4,coach,coach,canonical,PDF第43页 · coach
cet-4,coal,coal,canonical,PDF第43页 · coal
cet-4,coarse,coarse,canonical,PDF第43页 · coarse
cet-4,coast,coast,canonical,PDF第43页 · coast coastal
cet-4,coast,coastal,derived,PDF第43页 · coast coastal
cet-4,coat,coat,canonical,PDF第43页 · coat
cet-4,cock,cock,canonical,PDF第43页 · cock
cet-4,code,code,canonical,PDF第43页 · code
cet-4,coffee,coffee,canonical,PDF第43页 · coffee
cet-4,coherent,coherence,derived,PDF第43页 · coherent coherence
cet-4,coherent,coherent,canonical,PDF第43页 · coherent coherence
cet-4,cohesion,cohesion,canonical,PDF第43页 · cohesion cohesive
cet-4,cohesion,cohesive,derived,PDF第43页 · cohesion cohesive
cet-4,coil,coil,canonical,PDF第43页 · coil
cet-4,coin,coin,canonical,PDF第43页 · coin coinage
cet-4,coin,coinage,derived,PDF第43页 · coin coinage
cet-4,cold,cold,canonical,PDF第43页 · cold
cet-4,collaborate,collaborate,canonical,PDF第43页 · collaborate collaboration collaborative
cet-4,collaborate,collaboration,derived,PDF第43页 · collaborate collaboration collaborative
cet-4,collaborate,collaborative,derived,PDF第43页 · collaborate collaboration collaborative
cet-4,collapse,collapse,canonical,PDF第43页 · collapse
cet-4,collar,collar,canonical,PDF第43页 · collar
cet-4,colleague,colleague,canonical,PDF第43页 · colleague
cet-4,collect,collect,canonical,PDF第43页 · collect collection
cet-4,collect,collection,derived,PDF第43页 · collect collection
cet-4,collective,collective,canonical,PDF第44页 · collective
cet-4,college,college,canonical,PDF第44页 · college
cet-4,colon,colon,canonical,PDF第44页 · colon semiＧcolon
cet-4,colony,colonial,derived,PDF第44页 · colony colonial colonialism colonize/Ｇise
cet-4,colony,colonialism,derived,PDF第44页 · colony colonial colonialism colonize/Ｇise
cet-4,colony,colonise,derived_variant,PDF第44页 · colony colonial colonialism colonize/Ｇise
cet-4,colony,colonize,derived,PDF第44页 · colony colonial colonialism colonize/Ｇise
cet-4,colony,colony,canonical,PDF第44页 · colony colonial colonialism colonize/Ｇise
cet-4,color,color,canonical,PDF第44页 · colo(u)r colo(u)rful
cet-4,color,colorful,derived,PDF第44页 · colo(u)r colo(u)rful
cet-4,color,colour,canonical_variant,PDF第44页 · colo(u)r colo(u)rful
cet-4,color,colourful,derived_variant,PDF第44页 · colo(u)r colo(u)rful
cet-4,column,column,canonical,PDF第44页 · column columnist
cet-4,column,columnist,derived,PDF第44页 · column columnist
cet-4,comb,comb,canonical,PDF第44页 · comb
cet-4,combat,combat,canonical,PDF第44页 · combat combative
cet-4,combat,combative,derived,PDF第44页 · combat combative
cet-4,combine,combination,derived,PDF第44页 · combine combination
cet-4,combine,combine,canonical,PDF第44页 · combine combination
cet-4,come,come,canonical,PDF第44页 · come
cet-4,comedy,comedy,canonical,PDF第44页 · comedy
cet-4,comfort,comfort,canonical,PDF第44页 · comfort comfortable
cet-4,comfort,comfortable,derived,PDF第44页 · comfort comfortable
cet-4,comma,comma,canonical,PDF第44页 · comma
cet-4,command,command,canonical,PDF第44页 · command commander
cet-4,command,commander,derived,PDF第44页 · command commander
cet-4,commence,commence,canonical,PDF第44页 · commence commencement
cet-4,commence,commencement,derived,PDF第44页 · commence commencement
cet-4,comment,comment,canonical,PDF第44页 · comment commentary commentator
cet-4,comment,commentary,derived,PDF第44页 · comment commentary commentator
cet-4,comment,commentator,derived,PDF第44页 · comment commentary commentator
cet-4,commerce,commerce,canonical,PDF第44页 · commerce commercial commercialize/Ｇise
cet-4,commerce,commercial,derived,PDF第44页 · commerce commercial commercialize/Ｇise
cet-4,commerce,commercialise,derived_variant,PDF第44页 · commerce commercial commercialize/Ｇise
cet-4,commerce,commercialize,derived,PDF第44页 · commerce commercial commercialize/Ｇise
cet-4,commission,commission,canonical,PDF第44页 · commission
cet-4,commit,commit,canonical,PDF第44页 · commit commitment
cet-4,commit,commitment,derived,PDF第44页 · commit commitment
cet-4,committee,committee,canonical,PDF第44页 · committee
cet-4,commodity,commodity,canonical,PDF第44页 · commodity
cet-4,common,common,canonical,PDF第44页 · common
cet-4,commonplace,commonplace,canonical,PDF第44页 · commonplace
cet-4,commune,commune,canonical,PDF第44页 · commune communist communism
cet-4,communicate,communicate,canonical,PDF第44页 · communicate communication communicative
cet-4,communicate,communication,derived,PDF第44页 · communicate communication communicative
cet-4,communicate,communicative,derived,PDF第44页 · communicate communication communicative
cet-4,commune,communism,derived,PDF第44页 · commune communist communism
cet-4,commune,communist,derived,PDF第44页 · commune communist communism
cet-4,community,community,canonical,PDF第44页 · community
cet-4,commute,commute,canonical,PDF第44页 · commute commuter
cet-4,commute,commuter,derived,PDF第44页 · commute commuter
cet-4,compact,compact,canonical,PDF第44页 · compact
cet-4,companion,companion,canonical,PDF第44页 · companion companionship
cet-4,companion,companionship,derived,PDF第44页 · companion companionship
cet-4,company,company,canonical,PDF第44页 · company
cet-4,compare,comparable,derived,PDF第44页 · compare comparison comparative comparable
cet-4,compare,comparative,derived,PDF第44页 · compare comparison comparative comparable
cet-4,compare,compare,canonical,PDF第44页 · compare comparison comparative comparable
cet-4,compare,comparison,derived,PDF第44页 · compare comparison comparative comparable
cet-4,compass,compass,canonical,PDF第44页 · compass
cet-4,compatible,compatibility,derived,PDF第44页 · compatible compatibility
cet-4,compatible,compatible,canonical,PDF第44页 · compatible compatibility
cet-4,compel,compel,canonical,PDF第45页 · compel compelling
cet-4,compel,compelling,derived,PDF第45页 · compel compelling
cet-4,compensate,compensate,canonical,PDF第45页 · compensate compensation compensatory
cet-4,compensate,compensation,derived,PDF第45页 · compensate compensation compensatory
cet-4,compensate,compensatory,derived,PDF第45页 · compensate compensation compensatory
cet-4,compete,compete,canonical,PDF第45页 · compete competition competitive competitor
cet-4,competent,competence,derived,PDF第45页 · competent competence
cet-4,competent,competent,canonical,PDF第45页 · competent competence
cet-4,compete,competition,derived,PDF第45页 · compete competition competitive competitor
cet-4,compete,competitive,derived,PDF第45页 · compete competition competitive competitor
cet-4,compete,competitor,derived,PDF第45页 · compete competition competitive competitor
cet-4,complain,complain,canonical,PDF第45页 · complain complaint
cet-4,complain,complaint,derived,PDF第45页 · complain complaint
cet-4,complete,complete,canonical,PDF第45页 · complete completion
cet-4,complete,completion,derived,PDF第45页 · complete completion
cet-4,complex,complex,canonical,PDF第45页 · complex complexity
cet-4,complex,complexity,derived,PDF第45页 · complex complexity
cet-4,comply,compliance,derived,PDF第45页 · comply compliance
cet-4,complicate,complicate,canonical,PDF第45页 · complicate complicated complication
cet-4,complicate,complicated,derived,PDF第45页 · complicate complicated complication
cet-4,complicate,complication,derived,PDF第45页 · complicate complicated complication
cet-4,comply,comply,canonical,PDF第45页 · comply compliance
cet-4,component,component,canonical,PDF第45页 · component
cet-4,compose,compose,canonical,PDF第45页 · compose composition composer
cet-4,compose,composer,derived,PDF第45页 · compose composition composer
cet-4,compose,composition,derived,PDF第45页 · compose composition composer
cet-4,compound,compound,canonical · 同形异义1 · 同形异义2,PDF第45页 · compound１
cet-4,comprehend,comprehend,canonical,PDF第45页 · comprehend comprehension
cet-4,comprehend,comprehension,derived,PDF第45页 · comprehend comprehension
cet-4,comprehensive,comprehensive,canonical,PDF第45页 · comprehensive
cet-4,comprise,comprise,canonical,PDF第45页 · comprise
cet-4,compromise,compromise,canonical,PDF第45页 · compromise
cet-4,compulsory,compulsory,canonical,PDF第45页 · compulsory
cet-4,compute,computation,derived,PDF第45页 · compute computer computerize/Ｇise computation
cet-4,compute,compute,canonical,PDF第45页 · compute computer computerize/Ｇise computation
cet-4,compute,computer,derived,PDF第45页 · compute computer computerize/Ｇise computation
cet-4,compute,computerise,derived_variant,PDF第45页 · compute computer computerize/Ｇise computation
cet-4,compute,computerize,derived,PDF第45页 · compute computer computerize/Ｇise computation
cet-4,comrade,comrade,canonical,PDF第45页 · comrade
cet-4,conceal,conceal,canonical,PDF第45页 · conceal concealment
cet-4,conceal,concealment,derived,PDF第45页 · conceal concealment
cet-4,concentrate,concentrate,canonical,PDF第45页 · concentrate concentration
cet-4,concentrate,concentration,derived,PDF第45页 · concentrate concentration
cet-4,concept,concept,canonical,PDF第45页 · concept conceptual
cet-4,concept,conceptual,derived,PDF第45页 · concept conceptual
cet-4,concern,concern,canonical,PDF第45页 · concern concerned concerning
cet-4,concern,concerned,derived,PDF第45页 · concern concerned concerning
cet-4,concern,concerning,derived,PDF第45页 · concern concerned concerning
cet-4,concert,concert,canonical,PDF第45页 · concert concerted
cet-4,concert,concerted,derived,PDF第45页 · concert concerted
cet-4,conclude,conclude,canonical,PDF第45页 · conclude conclusion conclusive
cet-4,conclude,conclusion,derived,PDF第45页 · conclude conclusion conclusive
cet-4,conclude,conclusive,derived,PDF第45页 · conclude conclusion conclusive
cet-4,concrete,concrete,canonical,PDF第45页 · concrete
cet-4,condemn,condemn,canonical,PDF第45页 · condemn condemnation
cet-4,condemn,condemnation,derived,PDF第45页 · condemn condemnation
cet-4,condense,condensation,derived,PDF第45页 · condense condensation
cet-4,condense,condense,canonical,PDF第45页 · condense condensation
cet-4,condition,condition,canonical,PDF第45页 · condition conditional conditioner
cet-4,condition,conditional,derived,PDF第45页 · condition conditional conditioner
cet-4,condition,conditioner,derived,PDF第45页 · condition conditional conditioner
cet-4,conduct,conduct,canonical,PDF第46页 · conduct conductor
cet-4,conduct,conductor,derived,PDF第46页 · conduct conductor
cet-4,conference,conference,canonical,PDF第46页 · conference
cet-4,confess,confess,canonical,PDF第46页 · confess confession
cet-4,confess,confession,derived,PDF第46页 · confess confession
cet-4,confidence,confidence,canonical,PDF第46页 · confidence confident confidential
cet-4,confidence,confident,derived,PDF第46页 · confidence confident confidential
cet-4,confidence,confidential,derived,PDF第46页 · confidence confident confidential
cet-4,confine,confine,canonical,PDF第46页 · confine confinement
cet-4,confine,confinement,derived,PDF第46页 · confine confinement
cet-4,confirm,confirm,canonical,PDF第46页 · confirm confirmation
cet-4,confirm,confirmation,derived,PDF第46页 · confirm confirmation
cet-4,conflict,conflict,canonical,PDF第46页 · conflict
cet-4,conform,conform,canonical,PDF第46页 · conform conformity
cet-4,conform,conformity,derived,PDF第46页 · conform conformity
cet-4,confront,confront,canonical,PDF第46页 · confront confrontation
cet-4,confront,confrontation,derived,PDF第46页 · confront confrontation
cet-4,confucian,confucian,canonical,PDF第46页 · Confucian Confucianism
cet-4,confucian,confucianism,derived,PDF第46页 · Confucian Confucianism
cet-4,confuse,confuse,canonical,PDF第46页 · confuse confusion
cet-4,confuse,confusion,derived,PDF第46页 · confuse confusion
cet-4,congratulate,congratulate,canonical,PDF第46页 · congratulate congratulation congratulatory
cet-4,congratulate,congratulation,derived,PDF第46页 · congratulate congratulation congratulatory
cet-4,congratulate,congratulatory,derived,PDF第46页 · congratulate congratulation congratulatory
cet-4,congress,congress,canonical,PDF第46页 · congress congressional
cet-4,congress,congressional,derived,PDF第46页 · congress congressional
cet-4,conjunction,conjunction,canonical,PDF第46页 · conjunction
cet-4,connect,connect,canonical,PDF第46页 · connect connection/Ｇxion
cet-4,connect,connection,derived,PDF第46页 · connect connection/Ｇxion
cet-4,connect,connecxion,derived_variant,PDF第46页 · connect connection/Ｇxion
cet-4,conquer,conquer,canonical,PDF第46页 · conquer conqueror conquest
cet-4,conquer,conqueror,derived,PDF第46页 · conquer conqueror conquest
cet-4,conquer,conquest,derived,PDF第46页 · conquer conqueror conquest
cet-4,conscience,conscience,canonical,PDF第46页 · conscience
cet-4,conscientious,conscientious,canonical,PDF第46页 · conscientious
cet-4,conscious,conscious,canonical,PDF第46页 · conscious consciousness
cet-4,conscious,consciousness,derived,PDF第46页 · conscious consciousness
cet-4,consensus,consensus,canonical,PDF第46页 · consensus
cet-4,consent,consent,canonical,PDF第46页 · consent
cet-4,consequence,consequence,canonical,PDF第46页 · consequence consequent consequently
cet-4,consequence,consequent,derived,PDF第46页 · consequence consequent consequently
cet-4,consequence,consequently,derived,PDF第46页 · consequence consequent consequently
cet-4,conservative,conservative,canonical,PDF第46页 · conservative
cet-4,consider,consider,canonical,PDF第46页 · consider consideration considering
cet-4,considerable,considerable,canonical,PDF第46页 · considerable
cet-4,considerate,considerate,canonical,PDF第46页 · considerate
cet-4,consider,consideration,derived,PDF第46页 · consider consideration considering
cet-4,consider,considering,derived,PDF第46页 · consider consideration considering
cet-4,consist,consist,canonical,PDF第46页 · consist
cet-4,consistent,consistency,derived,PDF第46页 · consistent consistency
cet-4,consistent,consistent,canonical,PDF第46页 · consistent consistency
cet-4,consolidate,consolidate,canonical,PDF第46页 · consolidate consolidation
cet-4,consolidate,consolidation,derived,PDF第46页 · consolidate consolidation
cet-4,constant,constant,canonical,PDF第47页 · constant
cet-4,constitute,constitute,canonical,PDF第47页 · constitute
cet-4,constitution,constitution,canonical,PDF第47页 · constitution constitutional
cet-4,constitution,constitutional,derived,PDF第47页 · constitution constitutional
cet-4,construct,construct,canonical,PDF第47页 · construct construction
cet-4,construct,construction,derived,PDF第47页 · construct construction
cet-4,consult,consult,canonical,PDF第47页 · consult consultation consultative consultant
cet-4,consult,consultant,derived,PDF第47页 · consult consultation consultative consultant
cet-4,consult,consultation,derived,PDF第47页 · consult consultation consultative consultant
cet-4,consult,consultative,derived,PDF第47页 · consult consultation consultative consultant
cet-4,consume,consume,canonical,PDF第47页 · consume consumer consumption
cet-4,consume,consumer,derived,PDF第47页 · consume consumer consumption
cet-4,consume,consumption,derived,PDF第47页 · consume consumer consumption
cet-4,contact,contact,canonical,PDF第47页 · contact
cet-4,contain,contain,canonical,PDF第47页 · contain container containment
cet-4,contain,container,derived,PDF第47页 · contain container containment
cet-4,contain,containment,derived,PDF第47页 · contain container containment
cet-4,contaminate,contaminate,canonical,PDF第47页 · contaminate contamination
cet-4,contaminate,contamination,derived,PDF第47页 · contaminate contamination
cet-4,contemporary,contemporary,canonical,PDF第47页 · contemporary
cet-4,contempt,contempt,canonical,PDF第47页 · contempt contemptible
cet-4,contempt,contemptible,derived,PDF第47页 · contempt contemptible
cet-4,contend,contend,canonical,PDF第47页 · contend contention contentious
cet-4,content,content,canonical · 同形异义1 · 同形异义2,PDF第47页 · content１
cet-4,contend,contention,derived,PDF第47页 · contend contention contentious
cet-4,contend,contentious,derived,PDF第47页 · contend contention contentious
cet-4,contest,contest,canonical,PDF第47页 · contest contestant
cet-4,contest,contestant,derived,PDF第47页 · contest contestant
cet-4,context,context,canonical,PDF第47页 · context contextual
cet-4,context,contextual,derived,PDF第47页 · context contextual
cet-4,continent,continent,canonical,PDF第47页 · continent continental
cet-4,continent,continental,derived,PDF第47页 · continent continental
cet-4,continue,continual,derived,PDF第47页 · continue continuation continual continuous continuity
cet-4,continue,continuation,derived,PDF第47页 · continue continuation continual continuous continuity
cet-4,continue,continue,canonical,PDF第47页 · continue continuation continual continuous continuity
cet-4,continue,continuity,derived,PDF第47页 · continue continuation continual continuous continuity
cet-4,continue,continuous,derived,PDF第47页 · continue continuation continual continuous continuity
cet-4,contract,contract,canonical · 同形异义1 · 同形异义2,PDF第47页 · contract１
cet-4,contradict,contradict,canonical,PDF第47页 · contradict contradiction contradictory
cet-4,contradict,contradiction,derived,PDF第47页 · contradict contradiction contradictory
cet-4,contradict,contradictory,derived,PDF第47页 · contradict contradiction contradictory
cet-4,contrary,contrary,canonical,PDF第47页 · contrary
cet-4,contrast,contrast,canonical,PDF第47页 · contrast
cet-4,contribute,contribute,canonical,PDF第47页 · contribute contribution contributor
cet-4,contribute,contribution,derived,PDF第47页 · contribute contribution contributor
cet-4,contribute,contributor,derived,PDF第47页 · contribute contribution contributor
cet-4,control,control,canonical,PDF第47页 · control
cet-4,controversy,controversial,derived,PDF第47页 · controversy controversial
cet-4,controversy,controversy,canonical,PDF第47页 · controversy controversial
cet-4,convenient,convenience,derived,PDF第47页 · convenient convenience
cet-4,convenient,convenient,canonical,PDF第47页 · convenient convenience
cet-4,convention,convention,canonical,PDF第47页 · convention conventional
cet-4,convention,conventional,derived,PDF第47页 · convention conventional
cet-4,converse,converse,canonical · 同形异义1,PDF第47页 · converse１
cet-4,convert,conversion,derived,PDF第47页 · convert conversion convertible
cet-4,convert,convert,canonical,PDF第47页 · convert conversion convertible
cet-4,convert,convertible,derived,PDF第47页 · convert conversion convertible
cet-4,convey,convey,canonical,PDF第47页 · convey conveyance
cet-4,convey,conveyance,derived,PDF第47页 · convey conveyance
cet-4,convince,convince,canonical,PDF第48页 · convince convincing
cet-4,convince,convincing,derived,PDF第48页 · convince convincing
cet-4,cook,cook,canonical,PDF第48页 · cook cooker
cet-4,cook,cooker,derived,PDF第48页 · cook cooker
cet-4,cookie,cookie,canonical,PDF第48页 · cookie
cet-4,cool,cool,canonical,PDF第48页 · cool
cet-4,cooperate,cooperate,canonical,PDF第48页 · cooperate cooperation cooperative
cet-4,cooperate,cooperation,derived,PDF第48页 · cooperate cooperation cooperative
cet-4,cooperate,cooperative,derived,PDF第48页 · cooperate cooperation cooperative
cet-4,coordinate,coordinate,canonical,PDF第48页 · coordinate coordination coordinator
cet-4,coordinate,coordination,derived,PDF第48页 · coordinate coordination coordinator
cet-4,coordinate,coordinator,derived,PDF第48页 · coordinate coordination coordinator
cet-4,cop,cop,canonical,PDF第48页 · cop
cet-4,cope,cope,canonical,PDF第48页 · cope
cet-4,copper,copper,canonical,PDF第48页 · copper
cet-4,copy,copy,canonical,PDF第48页 · copy
cet-4,copyright,copyright,canonical,PDF第48页 · copyright
cet-4,cord,cord,canonical,PDF第48页 · cord
cet-4,core,core,canonical,PDF第48页 · core
cet-4,corn,corn,canonical,PDF第48页 · corn
cet-4,corner,corner,canonical,PDF第48页 · corner
cet-4,cornerstone,cornerstone,canonical,PDF第48页 · cornerstone
cet-4,corporation,corporate,derived,PDF第48页 · corporation corporate
cet-4,corporation,corporation,canonical,PDF第48页 · corporation corporate
cet-4,corps,corps,canonical,PDF第48页 · corps
cet-4,correct,correct,canonical,PDF第48页 · correct correction corrective
cet-4,correct,correction,derived,PDF第48页 · correct correction corrective
cet-4,correct,corrective,derived,PDF第48页 · correct correction corrective
cet-4,correspond,correspond,canonical,PDF第48页 · correspond correspondence correspondent corresponding
cet-4,correspond,correspondence,derived,PDF第48页 · correspond correspondence correspondent corresponding
cet-4,correspond,correspondent,derived,PDF第48页 · correspond correspondence correspondent corresponding
cet-4,correspond,corresponding,derived,PDF第48页 · correspond correspondence correspondent corresponding
cet-4,corridor,corridor,canonical,PDF第48页 · corridor
cet-4,corrupt,corrupt,canonical,PDF第48页 · corrupt corruption
cet-4,corrupt,corruption,derived,PDF第48页 · corrupt corruption
cet-4,cosmos,cosmic,derived,PDF第48页 · cosmos cosmic
cet-4,cosmos,cosmos,canonical,PDF第48页 · cosmos cosmic
cet-4,cost,cost,canonical,PDF第48页 · cost costly
cet-4,cost,costly,derived,PDF第48页 · cost costly
cet-4,costume,costume,canonical,PDF第48页 · costume
cet-4,cottage,cottage,canonical,PDF第48页 · cottage
cet-4,cotton,cotton,canonical,PDF第48页 · cotton
cet-4,couch,couch,canonical,PDF第48页 · couch
cet-4,cough,cough,canonical,PDF第48页 · cough
cet-4,could,could,canonical,PDF第48页 · could
cet-4,council,council,canonical,PDF第48页 · council council(l)or
cet-4,council,councillor,derived_variant,PDF第48页 · council council(l)or
cet-4,council,councilor,derived,PDF第48页 · council council(l)or
cet-4,counsel,counsel,canonical,PDF第48页 · counsel counsel(l)or
cet-4,counsel,counsellor,derived_variant,PDF第48页 · counsel counsel(l)or
cet-4,counsel,counselor,derived,PDF第48页 · counsel counsel(l)or
cet-4,count,count,canonical,PDF第49页 · count
cet-4,countdown,countdown,canonical,PDF第49页 · countdown
cet-4,counter,counter,canonical,PDF第49页 · counter
cet-4,counterpart,counterpart,canonical,PDF第49页 · counterpart
cet-4,country,country,canonical,PDF第49页 · country
cet-4,countryside,countryside,canonical,PDF第49页 · countryside
cet-4,county,county,canonical,PDF第49页 · county
cet-4,couple,couple,canonical,PDF第49页 · couple
cet-4,coupon,coupon,canonical,PDF第49页 · coupon
cet-4,courage,courage,canonical,PDF第49页 · courage courageous
cet-4,courage,courageous,derived,PDF第49页 · courage courageous
cet-4,course,course,canonical,PDF第49页 · course
cet-4,court,court,canonical · 同形异义1 · 同形异义2,PDF第49页 · court１
cet-4,courtyard,courtyard,canonical,PDF第49页 · courtyard
cet-4,cousin,cousin,canonical,PDF第49页 · cousin
cet-4,cover,cover,canonical,PDF第49页 · cover coverage
cet-4,cover,coverage,derived,PDF第49页 · cover coverage
cet-4,cow,cow,canonical,PDF第49页 · cow
cet-4,coward,coward,canonical,PDF第49页 · coward cowardly cowardice
cet-4,coward,cowardice,derived,PDF第49页 · coward cowardly cowardice
cet-4,coward,cowardly,derived,PDF第49页 · coward cowardly cowardice
cet-4,cowboy,cowboy,canonical,PDF第49页 · cowboy
cet-4,crab,crab,canonical,PDF第49页 · crab
cet-4,crack,crack,canonical,PDF第49页 · crack
cet-4,cracker,cracker,canonical,PDF第49页 · cracker
cet-4,craft,craft,canonical,PDF第49页 · craft
cet-4,crane,crane,canonical,PDF第49页 · crane
cet-4,crash,crash,canonical,PDF第49页 · crash
cet-4,crawl,crawl,canonical,PDF第49页 · crawl
cet-4,crazy,craze,derived,PDF第49页 · crazy craze
cet-4,crazy,crazy,canonical,PDF第49页 · crazy craze
cet-4,cream,cream,canonical,PDF第49页 · cream creamy
cet-4,cream,creamy,derived,PDF第49页 · cream creamy
cet-4,create,create,canonical,PDF第49页 · create creation creative creator
cet-4,create,creation,derived,PDF第49页 · create creation creative creator
cet-4,create,creative,derived,PDF第49页 · create creation creative creator
cet-4,create,creator,derived,PDF第49页 · create creation creative creator
cet-4,creature,creature,canonical,PDF第49页 · creature
cet-4,credit,credit,canonical,PDF第50页 · credit creditable
cet-4,credit,creditable,derived,PDF第50页 · credit creditable
cet-4,creep,creep,canonical,PDF第50页 · creep
cet-4,crew,crew,canonical,PDF第50页 · crew
cet-4,crime,crime,canonical,PDF第50页 · crime criminal
cet-4,crime,criminal,derived,PDF第50页 · crime criminal
cet-4,crisis,crisis,canonical,PDF第50页 · crisis
cet-4,criterion,criterion,canonical,PDF第50页 · criterion
cet-4,criticize,critic,derived,PDF第50页 · criticize/Ｇise criticism critic critical
cet-4,criticize,critical,derived,PDF第50页 · criticize/Ｇise criticism critic critical
cet-4,criticize,criticise,canonical_variant,PDF第50页 · criticize/Ｇise criticism critic critical
cet-4,criticize,criticism,derived,PDF第50页 · criticize/Ｇise criticism critic critical
cet-4,criticize,criticize,canonical,PDF第50页 · criticize/Ｇise criticism critic critical
cet-4,crocodile,crocodile,canonical,PDF第50页 · crocodile
cet-4,crop,crop,canonical,PDF第50页 · crop
cet-4,cross,cross,canonical,PDF第50页 · cross crossing
cet-4,cross,crossing,derived,PDF第50页 · cross crossing
cet-4,crowd,crowd,canonical,PDF第50页 · crowd crowded
cet-4,crowd,crowded,derived,PDF第50页 · crowd crowded
cet-4,crown,crown,canonical,PDF第50页 · crown
cet-4,crucial,crucial,canonical,PDF第50页 · crucial
cet-4,cruel,cruel,canonical,PDF第50页 · cruel cruelty
cet-4,cruel,cruelty,derived,PDF第50页 · cruel cruelty
cet-4,cruise,cruise,canonical,PDF第50页 · cruise cruiser
cet-4,cruise,cruiser,derived,PDF第50页 · cruise cruiser
cet-4,crush,crush,canonical,PDF第50页 · crush
cet-4,cry,cry,canonical,PDF第50页 · cry
cet-4,crystal,crystal,canonical,PDF第50页 · crystal
cet-4,cube,cube,canonical,PDF第50页 · cube cubic
cet-4,cube,cubic,derived,PDF第50页 · cube cubic
cet-4,cucumber,cucumber,canonical,PDF第50页 · cucumber
cet-4,cue,cue,canonical,PDF第50页 · cue
cet-4,cultivate,cultivate,canonical,PDF第50页 · cultivate cultivation
cet-4,cultivate,cultivation,derived,PDF第50页 · cultivate cultivation
cet-4,culture,cultural,derived,PDF第50页 · culture cultural
cet-4,culture,culture,canonical,PDF第50页 · culture cultural
cet-4,cup,cup,canonical,PDF第50页 · cup
cet-4,cupboard,cupboard,canonical,PDF第50页 · cupboard
cet-4,cure,curable,derived,PDF第50页 · cure curable
cet-4,curb,curb,canonical,PDF第50页 · curb
cet-4,cure,cure,canonical,PDF第50页 · cure curable
cet-4,curious,curiosity,derived,PDF第51页 · curious curiosity
cet-4,curious,curious,canonical,PDF第51页 · curious curiosity
cet-4,curl,curl,canonical,PDF第51页 · curl
cet-4,currency,currency,canonical,PDF第51页 · currency
cet-4,current,current,canonical,PDF第51页 · current currently
cet-4,current,currently,derived,PDF第51页 · current currently
cet-4,curriculum,curriculum,canonical,PDF第51页 · curriculum
cet-4,curse,curse,canonical,PDF第51页 · curse
cet-4,curtain,curtain,canonical,PDF第51页 · curtain
cet-4,curve,curve,canonical,PDF第51页 · curve
cet-4,cushion,cushion,canonical,PDF第51页 · cushion
cet-4,custom,custom,canonical,PDF第51页 · custom customary
cet-4,custom,customary,derived,PDF第51页 · custom customary
cet-4,customer,customer,canonical,PDF第51页 · customer
cet-4,customs,customs,canonical,PDF第51页 · customs
cet-4,cut,cut,canonical,PDF第51页 · cut
cet-4,cute,cute,canonical,PDF第51页 · cute
cet-4,cyberspace,cyberspace,canonical,PDF第51页 · cyberspace
cet-4,cycle,cycle,canonical,PDF第51页 · cycle cycling cyclist
cet-4,cycle,cycling,derived,PDF第51页 · cycle cycling cyclist
cet-4,cycle,cyclist,derived,PDF第51页 · cycle cycling cyclist
cet-4,dad,dad,canonical,PDF第51页 · dad(dy)
cet-4,dad,daddy,canonical_variant,PDF第51页 · dad(dy)
cet-4,daily,daily,canonical,PDF第51页 · daily
cet-4,day,daily,derived,PDF第51页 · day daily
cet-4,dairy,dairy,canonical,PDF第51页 · dairy
cet-4,dam,dam,canonical,PDF第51页 · dam
cet-4,damage,damage,canonical,PDF第51页 · damage
cet-4,damn,damn,canonical,PDF第51页 · damn
cet-4,damp,damp,canonical,PDF第51页 · damp dampen
cet-4,damp,dampen,derived,PDF第51页 · damp dampen
cet-4,dance,dance,canonical,PDF第51页 · dance
cet-4,danger,danger,canonical,PDF第51页 · danger dangerous
cet-4,danger,dangerous,derived,PDF第51页 · danger dangerous
cet-4,dare,dare,canonical,PDF第51页 · dare daring
cet-4,dare,daring,derived,PDF第51页 · dare daring
cet-4,dark,dark,canonical,PDF第51页 · dark darkness darken
cet-4,dark,darken,derived,PDF第51页 · dark darkness darken
cet-4,dark,darkness,derived,PDF第51页 · dark darkness darken
cet-4,darling,darling,canonical,PDF第51页 · darling
cet-4,dash,dash,canonical,PDF第51页 · dash
cet-4,data,data,canonical,PDF第51页 · data datum
cet-4,database,database,canonical,PDF第51页 · database
cet-4,date,date,canonical · 同形异义1 · 同形异义2,PDF第51页 · date１
cet-4,data,datum,derived,PDF第51页 · data datum
cet-4,daughter,daughter,canonical,PDF第51页 · daughter
cet-4,dawn,dawn,canonical,PDF第51页 · dawn
cet-4,day,day,canonical,PDF第51页 · day daily
cet-4,daylight,daylight,canonical,PDF第52页 · daylight
cet-4,dead,dead,canonical,PDF第52页 · dead
cet-4,deadline,deadline,canonical,PDF第52页 · deadline
cet-4,deadly,deadly,canonical,PDF第52页 · deadly
cet-4,deaf,deaf,canonical,PDF第52页 · deaf
cet-4,deal,deal,canonical · 同形异义1 · 同形异义2,PDF第52页 · deal１
cet-4,dean,dean,canonical,PDF第52页 · dean
cet-4,dear,dear,canonical,PDF第52页 · dear
cet-4,death,death,canonical,PDF第52页 · death
cet-4,debate,debate,canonical,PDF第52页 · debate
cet-4,debt,debt,canonical,PDF第52页 · debt debtor
cet-4,debt,debtor,derived,PDF第52页 · debt debtor
cet-4,decade,decade,canonical,PDF第52页 · decade
cet-4,decay,decay,canonical,PDF第52页 · decay
cet-4,deceive,deceit,derived,PDF第52页 · deceive deceit deception deceptive
cet-4,deceive,deceive,canonical,PDF第52页 · deceive deceit deception deceptive
cet-4,december,december,canonical,PDF第52页 · December
cet-4,decent,decent,canonical,PDF第52页 · decent
cet-4,deceive,deception,derived,PDF第52页 · deceive deceit deception deceptive
cet-4,deceive,deceptive,derived,PDF第52页 · deceive deceit deception deceptive
cet-4,decide,decide,canonical,PDF第52页 · decide decision decisive
cet-4,decide,decision,derived,PDF第52页 · decide decision decisive
cet-4,decide,decisive,derived,PDF第52页 · decide decision decisive
cet-4,deck,deck,canonical,PDF第52页 · deck
cet-4,declare,declaration,derived,PDF第52页 · declare declaration declarative
cet-4,declare,declarative,derived,PDF第52页 · declare declaration declarative
cet-4,declare,declare,canonical,PDF第52页 · declare declaration declarative
cet-4,decline,decline,canonical,PDF第52页 · decline
cet-4,decorate,decorate,canonical,PDF第52页 · decorate decoration decorative
cet-4,decorate,decoration,derived,PDF第52页 · decorate decoration decorative
cet-4,decorate,decorative,derived,PDF第52页 · decorate decoration decorative
cet-4,decrease,decrease,canonical,PDF第52页 · decrease
cet-4,deed,deed,canonical,PDF第52页 · deed
cet-4,deem,deem,canonical,PDF第52页 · deem
cet-4,deep,deep,canonical,PDF第52页 · deep deeply depth
cet-4,deep,deeply,derived,PDF第52页 · deep deeply depth
cet-4,deer,deer,canonical,PDF第52页 · deer
cet-4,defeat,defeat,canonical,PDF第52页 · defeat
cet-4,defect,defect,canonical · 同形异义1 · 同形异义2,PDF第52页 · defect１
cet-4,defend,defence,derived_variant,PDF第52页 · defend defense/Ｇce defensive defendant
cet-4,defend,defend,canonical,PDF第52页 · defend defense/Ｇce defensive defendant
cet-4,defend,defendant,derived,PDF第52页 · defend defense/Ｇce defensive defendant
cet-4,defend,defense,derived,PDF第52页 · defend defense/Ｇce defensive defendant
cet-4,defend,defensive,derived,PDF第52页 · defend defense/Ｇce defensive defendant
cet-4,defy,defiance,derived,PDF第53页 · defy defiance defiant
cet-4,defy,defiant,derived,PDF第53页 · defy defiance defiant
cet-4,deficient,deficiency,derived,PDF第53页 · deficient deficiency
cet-4,deficient,deficient,canonical,PDF第53页 · deficient deficiency
cet-4,deficit,deficit,canonical,PDF第53页 · deficit
cet-4,define,define,canonical,PDF第53页 · define definition
cet-4,definite,definite,canonical,PDF第53页 · definite definitely
cet-4,definite,definitely,derived,PDF第53页 · definite definitely
cet-4,define,definition,derived,PDF第53页 · define definition
cet-4,defy,defy,canonical,PDF第53页 · defy defiance defiant
cet-4,degree,degree,canonical,PDF第53页 · degree
cet-4,delay,delay,canonical,PDF第53页 · delay
cet-4,delegate,delegate,canonical,PDF第53页 · delegate delegation
cet-4,delegate,delegation,derived,PDF第53页 · delegate delegation
cet-4,delete,delete,canonical,PDF第53页 · delete deletion
cet-4,delete,deletion,derived,PDF第53页 · delete deletion
cet-4,deliberate,deliberate,canonical,PDF第53页 · deliberate deliberation
cet-4,deliberate,deliberation,derived,PDF第53页 · deliberate deliberation
cet-4,delicate,delicate,canonical,PDF第53页 · delicate
cet-4,delicious,delicious,canonical,PDF第53页 · delicious
cet-4,delight,delight,canonical,PDF第53页 · delight delightful
cet-4,delight,delightful,derived,PDF第53页 · delight delightful
cet-4,deliver,deliver,canonical,PDF第53页 · deliver delivery
cet-4,deliver,delivery,derived,PDF第53页 · deliver delivery
cet-4,demand,demand,canonical,PDF第53页 · demand demanding
cet-4,demand,demanding,derived,PDF第53页 · demand demanding
cet-4,demonstrate,demo,derived_variant,PDF第53页 · demonstrate demonstration/demo demonstrative
cet-4,democracy,democracy,canonical,PDF第53页 · democracy democratic democrat
cet-4,democracy,democrat,derived,PDF第53页 · democracy democratic democrat
cet-4,democracy,democratic,derived,PDF第53页 · democracy democratic democrat
cet-4,demonstrate,demonstrate,canonical,PDF第53页 · demonstrate demonstration/demo demonstrative
cet-4,demonstrate,demonstration,derived,PDF第53页 · demonstrate demonstration/demo demonstrative
cet-4,demonstrate,demonstrative,derived,PDF第53页 · demonstrate demonstration/demo demonstrative
cet-4,deny,denial,derived,PDF第53页 · deny denial
cet-4,dense,dense,canonical,PDF第53页 · dense density
cet-4,dense,density,derived,PDF第53页 · dense density
cet-4,dent,dent,canonical,PDF第53页 · dent
cet-4,dental,dental,canonical,PDF第53页 · dental
cet-4,dentist,dentist,canonical,PDF第53页 · dentist
cet-4,deny,deny,canonical,PDF第53页 · deny denial
cet-4,depart,depart,canonical,PDF第53页 · depart departure
cet-4,department,department,canonical,PDF第53页 · department
cet-4,depart,departure,derived,PDF第53页 · depart departure
cet-4,depend,depend,canonical,PDF第53页 · depend dependent dependence dependable
cet-4,depend,dependable,derived,PDF第53页 · depend dependent dependence dependable
cet-4,depend,dependence,derived,PDF第53页 · depend dependent dependence dependable
cet-4,depend,dependent,derived,PDF第53页 · depend dependent dependence dependable
cet-4,deposit,deposit,canonical,PDF第53页 · deposit
cet-4,depress,depress,canonical,PDF第53页 · depress depression
cet-4,depress,depression,derived,PDF第53页 · depress depression
cet-4,deprive,deprivation,derived,PDF第53页 · deprive deprivation
cet-4,deprive,deprive,canonical,PDF第53页 · deprive deprivation
cet-4,deep,depth,derived,PDF第52页 · deep deeply depth
cet-4,depth,depth,canonical,PDF第54页 · depth
cet-4,deputy,deputy,canonical,PDF第54页 · deputy
cet-4,derive,derivation,derived,PDF第54页 · derive derivative derivation
cet-4,derive,derivative,derived,PDF第54页 · derive derivative derivation
cet-4,derive,derive,canonical,PDF第54页 · derive derivative derivation
cet-4,descend,descend,canonical,PDF第54页 · descend descent descendant
cet-4,descend,descendant,derived,PDF第54页 · descend descent descendant
cet-4,descend,descent,derived,PDF第54页 · descend descent descendant
cet-4,describe,describe,canonical,PDF第54页 · describe description descriptive
cet-4,describe,description,derived,PDF第54页 · describe description descriptive
cet-4,describe,descriptive,derived,PDF第54页 · describe description descriptive
cet-4,desert,desert,canonical · 同形异义1 · 同形异义2,PDF第54页 · desert１
cet-4,deserve,deserve,canonical,PDF第54页 · deserve
cet-4,design,design,canonical,PDF第54页 · design designer
cet-4,design,designer,derived,PDF第54页 · design designer
cet-4,desire,desirability,derived,PDF第54页 · desire desirable desirability desirous
cet-4,desire,desirable,derived,PDF第54页 · desire desirable desirability desirous
cet-4,desire,desire,canonical,PDF第54页 · desire desirable desirability desirous
cet-4,desire,desirous,derived,PDF第54页 · desire desirable desirability desirous
cet-4,desk,desk,canonical,PDF第54页 · desk
cet-4,desktop,desktop,canonical,PDF第54页 · desktop
cet-4,despair,despair,canonical,PDF第54页 · despair desperate
cet-4,despatch,despatch,canonical,PDF第54页 · despatch
cet-4,despair,desperate,derived,PDF第54页 · despair desperate
cet-4,despite,despite,canonical,PDF第54页 · despite
cet-4,dessert,dessert,canonical,PDF第54页 · dessert
cet-4,destination,destination,canonical,PDF第54页 · destination
cet-4,destroy,destroy,canonical,PDF第54页 · destroy destruction destructive
cet-4,destroy,destruction,derived,PDF第54页 · destroy destruction destructive
cet-4,destroy,destructive,derived,PDF第54页 · destroy destruction destructive
cet-4,detail,detail,canonical,PDF第54页 · detail detailed
cet-4,detail,detailed,derived,PDF第54页 · detail detailed
cet-4,detect,detect,canonical,PDF第54页 · detect detection detective
cet-4,detect,detection,derived,PDF第54页 · detect detection detective
cet-4,detect,detective,derived,PDF第54页 · detect detection detective
cet-4,deteriorate,deteriorate,canonical,PDF第54页 · deteriorate deterioration
cet-4,deteriorate,deterioration,derived,PDF第54页 · deteriorate deterioration
cet-4,determine,determination,derived,PDF第54页 · determine determination determined
cet-4,determine,determine,canonical,PDF第54页 · determine determination determined
cet-4,determine,determined,derived,PDF第54页 · determine determination determined
cet-4,develop,develop,canonical,PDF第54页 · develop development developmental developer
cet-4,develop,developer,derived,PDF第54页 · develop development developmental developer
cet-4,develop,development,derived,PDF第54页 · develop development developmental developer
cet-4,develop,developmental,derived,PDF第54页 · develop development developmental developer
cet-4,device,device,canonical,PDF第54页 · device
cet-4,devil,devil,canonical,PDF第54页 · devil
cet-4,devise,devise,canonical,PDF第54页 · devise
cet-4,devote,devote,canonical,PDF第54页 · devote devotion
cet-4,devote,devotion,derived,PDF第54页 · devote devotion
cet-4,dew,dew,canonical,PDF第54页 · dew
cet-4,diabetes,diabetes,canonical,PDF第55页 · diabetes
cet-4,diagnose,diagnose,canonical,PDF第55页 · diagnose diagnosis
cet-4,diagnose,diagnosis,derived,PDF第55页 · diagnose diagnosis
cet-4,diagram,diagram,canonical,PDF第55页 · diagram
cet-4,dial,dial,canonical,PDF第55页 · dial
cet-4,dialect,dialect,canonical,PDF第55页 · dialect
cet-4,dialog,dialog,canonical,PDF第55页 · dialog(ue)
cet-4,dialog,dialogue,canonical_variant,PDF第55页 · dialog(ue)
cet-4,diameter,diameter,canonical,PDF第55页 · diameter
cet-4,diamond,diamond,canonical,PDF第55页 · diamond
cet-4,diary,diary,canonical,PDF第55页 · diary
cet-4,dictate,dictate,canonical,PDF第55页 · dictate dictation dictator
cet-4,dictate,dictation,derived,PDF第55页 · dictate dictation dictator
cet-4,dictate,dictator,derived,PDF第55页 · dictate dictation dictator
cet-4,dictionary,dictionary,canonical,PDF第55页 · dictionary
cet-4,die,die,canonical,PDF第55页 · die dying
cet-4,diet,diet,canonical,PDF第55页 · diet dietary
cet-4,diet,dietary,derived,PDF第55页 · diet dietary
cet-4,differ,differ,canonical,PDF第55页 · differ difference different
cet-4,differ,difference,derived,PDF第55页 · differ difference different
cet-4,differ,different,derived,PDF第55页 · differ difference different
cet-4,difficult,difficult,canonical,PDF第55页 · difficult difficulty
cet-4,difficult,difficulty,derived,PDF第55页 · difficult difficulty
cet-4,dig,dig,canonical,PDF第55页 · dig
cet-4,digest,digest,canonical,PDF第55页 · digest digestion digestive
cet-4,digest,digestion,derived,PDF第55页 · digest digestion digestive
cet-4,digest,digestive,derived,PDF第55页 · digest digestion digestive
cet-4,digit,digit,canonical,PDF第55页 · digit digital
cet-4,digit,digital,derived,PDF第55页 · digit digital
cet-4,dignity,dignify,derived,PDF第55页 · dignity dignify
cet-4,dignity,dignity,canonical,PDF第55页 · dignity dignify
cet-4,dilemma,dilemma,canonical,PDF第55页 · dilemma
cet-4,diligent,diligence,derived,PDF第55页 · diligent diligence
cet-4,diligent,diligent,canonical,PDF第55页 · diligent diligence
cet-4,dim,dim,canonical,PDF第55页 · dim
cet-4,dime,dime,canonical,PDF第55页 · dime
cet-4,dimension,dimension,canonical,PDF第55页 · dimension dimensional
cet-4,dimension,dimensional,derived,PDF第55页 · dimension dimensional
cet-4,dine,dine,canonical,PDF第55页 · dine diner
cet-4,dine,diner,derived,PDF第55页 · dine diner
cet-4,dinner,dinner,canonical,PDF第55页 · dinner
cet-4,dioxide,dioxide,canonical,PDF第55页 · dioxide
cet-4,dip,dip,canonical,PDF第55页 · dip
cet-4,diploma,diploma,canonical,PDF第55页 · diploma
cet-4,diplomat,diplomacy,derived,PDF第55页 · diplomat diplomatic diplomacy
cet-4,diplomat,diplomat,canonical,PDF第55页 · diplomat diplomatic diplomacy
cet-4,diplomat,diplomatic,derived,PDF第55页 · diplomat diplomatic diplomacy
cet-4,direct,direct,canonical,PDF第55页 · direct direction director
cet-4,direct,direction,derived,PDF第55页 · direct direction director
cet-4,direct,director,derived,PDF第55页 · direct direction director
cet-4,dirt,dirt,canonical,PDF第55页 · dirt dirty
cet-4,dirt,dirty,derived,PDF第55页 · dirt dirty
cet-4,disable,disability,derived,PDF第55页 · disable disabled disability
cet-4,disable,disable,canonical,PDF第55页 · disable disabled disability
cet-4,disable,disabled,derived,PDF第55页 · disable disabled disability
cet-4,disagree,disagree,canonical,PDF第55页 · disagree disagreement
cet-4,disagree,disagreement,derived,PDF第55页 · disagree disagreement
cet-4,disappear,disappear,canonical,PDF第55页 · disappear disappearance
cet-4,disappear,disappearance,derived,PDF第55页 · disappear disappearance
cet-4,disappoint,disappoint,canonical,PDF第56页 · disappoint disappointment disappointing
cet-4,disappoint,disappointing,derived,PDF第56页 · disappoint disappointment disappointing
cet-4,disappoint,disappointment,derived,PDF第56页 · disappoint disappointment disappointing
cet-4,disapprove,disapproval,derived,PDF第56页 · disapprove disapproval
cet-4,disapprove,disapprove,canonical,PDF第56页 · disapprove disapproval
cet-4,disaster,disaster,canonical,PDF第56页 · disaster disastrous
cet-4,disaster,disastrous,derived,PDF第56页 · disaster disastrous
cet-4,disk,disc,canonical_variant,PDF第56页 · disk/disc
cet-4,discard,discard,canonical,PDF第56页 · discard
cet-4,discharge,discharge,canonical,PDF第56页 · discharge
cet-4,discipline,disciplinary,derived,PDF第56页 · discipline disciplined disciplinary
cet-4,discipline,discipline,canonical,PDF第56页 · discipline disciplined disciplinary
cet-4,discipline,disciplined,derived,PDF第56页 · discipline disciplined disciplinary
cet-4,disco,disco,canonical,PDF第56页 · disco
cet-4,discount,discount,canonical,PDF第56页 · discount
cet-4,discourage,discourage,canonical,PDF第56页 · discourage
cet-4,discover,discover,canonical,PDF第56页 · discover discovery
cet-4,discover,discovery,derived,PDF第56页 · discover discovery
cet-4,discriminate,discriminate,canonical,PDF第56页 · discriminate discrimination discriminatory
cet-4,discriminate,discrimination,derived,PDF第56页 · discriminate discrimination discriminatory
cet-4,discriminate,discriminatory,derived,PDF第56页 · discriminate discrimination discriminatory
cet-4,discuss,discuss,canonical,PDF第56页 · discuss discussion
cet-4,discuss,discussion,derived,PDF第56页 · discuss discussion
cet-4,disease,disease,canonical,PDF第56页 · disease
cet-4,disguise,disguise,canonical,PDF第56页 · disguise
cet-4,disgust,disgust,canonical,PDF第56页 · disgust disgusting
cet-4,disgust,disgusting,derived,PDF第56页 · disgust disgusting
cet-4,dish,dish,canonical,PDF第56页 · dish
cet-4,disintegrate,disintegrate,canonical,PDF第56页 · disintegrate disintegration
cet-4,disintegrate,disintegration,derived,PDF第56页 · disintegrate disintegration
cet-4,disk,disk,canonical,PDF第56页 · disk/disc
cet-4,dislike,dislike,canonical,PDF第56页 · dislike
cet-4,dismiss,dismiss,canonical,PDF第56页 · dismiss dismissal
cet-4,dismiss,dismissal,derived,PDF第56页 · dismiss dismissal
cet-4,disorder,disorder,canonical,PDF第56页 · disorder
cet-4,display,display,canonical,PDF第56页 · display
cet-4,dispose,disposal,derived,PDF第56页 · dispose disposal
cet-4,dispose,dispose,canonical,PDF第56页 · dispose disposal
cet-4,dispute,disputable,derived,PDF第56页 · dispute disputable
cet-4,dispute,dispute,canonical,PDF第56页 · dispute disputable
cet-4,disrupt,disrupt,canonical,PDF第56页 · disrupt disruptive disruption
cet-4,disrupt,disruption,derived,PDF第56页 · disrupt disruptive disruption
cet-4,disrupt,disruptive,derived,PDF第56页 · disrupt disruptive disruption
cet-4,dissolve,dissolve,canonical,PDF第57页 · dissolve
cet-4,distance,distance,canonical,PDF第57页 · distance distant
cet-4,distance,distant,derived,PDF第57页 · distance distant
cet-4,distinct,distinct,canonical,PDF第57页 · distinct distinction distinctive
cet-4,distinct,distinction,derived,PDF第57页 · distinct distinction distinctive
cet-4,distinct,distinctive,derived,PDF第57页 · distinct distinction distinctive
cet-4,distinguish,distinguish,canonical,PDF第57页 · distinguish distinguishable
cet-4,distinguish,distinguishable,derived,PDF第57页 · distinguish distinguishable
cet-4,distract,distract,canonical,PDF第57页 · distract distraction
cet-4,distract,distraction,derived,PDF第57页 · distract distraction
cet-4,distress,distress,canonical,PDF第57页 · distress distressful
cet-4,distress,distressful,derived,PDF第57页 · distress distressful
cet-4,distribute,distribute,canonical,PDF第57页 · distribute distribution distributive
cet-4,distribute,distribution,derived,PDF第57页 · distribute distribution distributive
cet-4,distribute,distributive,derived,PDF第57页 · distribute distribution distributive
cet-4,district,district,canonical,PDF第57页 · district
cet-4,disturb,disturb,canonical,PDF第57页 · disturb disturbance
cet-4,disturb,disturbance,derived,PDF第57页 · disturb disturbance
cet-4,ditch,ditch,canonical,PDF第57页 · ditch
cet-4,dive,dive,canonical,PDF第57页 · dive
cet-4,diverse,diverse,canonical,PDF第57页 · diverse diversify diversity
cet-4,diverse,diversify,derived,PDF第57页 · diverse diversify diversity
cet-4,diverse,diversity,derived,PDF第57页 · diverse diversify diversity
cet-4,divide,divide,canonical,PDF第57页 · divide division divisive
cet-4,divide,division,derived,PDF第57页 · divide division divisive
cet-4,divide,divisive,derived,PDF第57页 · divide division divisive
cet-4,divorce,divorce,canonical,PDF第57页 · divorce
cet-4,dizzy,dizzy,canonical,PDF第57页 · dizzy
cet-4,do,do,canonical,PDF第57页 · do
cet-4,dock,dock,canonical,PDF第57页 · dock
cet-4,doctor,doctor,canonical,PDF第57页 · doctor doctorate doctoral
cet-4,doctor,doctoral,derived,PDF第57页 · doctor doctorate doctoral
cet-4,doctor,doctorate,derived,PDF第57页 · doctor doctorate doctoral
cet-4,document,document,canonical,PDF第57页 · document documentary
cet-4,document,documentary,derived,PDF第57页 · document documentary
cet-4,dog,dog,canonical,PDF第57页 · dog
cet-4,doll,doll,canonical,PDF第57页 · doll
cet-4,dollar,dollar,canonical,PDF第57页 · dollar
cet-4,dolphin,dolphin,canonical,PDF第57页 · dolphin
cet-4,domestic,domestic,canonical,PDF第57页 · domestic
cet-4,dominate,dominance,derived,PDF第57页 · dominate domination dominance dominant
cet-4,dominate,dominant,derived,PDF第57页 · dominate domination dominance dominant
cet-4,dominate,dominate,canonical,PDF第57页 · dominate domination dominance dominant
cet-4,dominate,domination,derived,PDF第57页 · dominate domination dominance dominant
cet-4,donate,donate,canonical,PDF第57页 · donate donation donor
cet-4,donate,donation,derived,PDF第57页 · donate donation donor
cet-4,donkey,donkey,canonical,PDF第57页 · donkey
cet-4,donate,donor,derived,PDF第57页 · donate donation donor
cet-4,doom,doom,canonical,PDF第57页 · doom
cet-4,door,door,canonical,PDF第57页 · door
cet-4,dormitory,dorm,canonical_variant,PDF第57页 · dormitory/dorm
cet-4,dormitory,dormitory,canonical,PDF第57页 · dormitory/dorm
cet-4,dose,dosage,derived,PDF第58页 · dose dosage
cet-4,dose,dose,canonical,PDF第58页 · dose dosage
cet-4,dot,dot,canonical,PDF第58页 · dot
cet-4,double,double,canonical,PDF第58页 · double
cet-4,doubt,doubt,canonical,PDF第58页 · doubt doubtful doubtless
cet-4,doubt,doubtful,derived,PDF第58页 · doubt doubtful doubtless
cet-4,doubt,doubtless,derived,PDF第58页 · doubt doubtful doubtless
cet-4,dove,dove,canonical,PDF第58页 · dove
cet-4,down,down,canonical,PDF第58页 · down
cet-4,download,download,canonical,PDF第58页 · download
cet-4,downstairs,downstairs,canonical,PDF第58页 · downstairs
cet-4,downtown,downtown,canonical,PDF第58页 · downtown
cet-4,downward,downward,canonical,PDF第58页 · downward downwards
cet-4,downward,downwards,derived,PDF第58页 · downward downwards
cet-4,dozen,dozen,canonical,PDF第58页 · dozen
cet-4,draft,draft,canonical,PDF第58页 · draft
cet-4,drag,drag,canonical,PDF第58页 · drag
cet-4,dragon,dragon,canonical,PDF第58页 · dragon
cet-4,drain,drain,canonical,PDF第58页 · drain drainage
cet-4,drain,drainage,derived,PDF第58页 · drain drainage
cet-4,drama,drama,canonical,PDF第58页 · drama dramatic dramatically
cet-4,drama,dramatic,derived,PDF第58页 · drama dramatic dramatically
cet-4,drama,dramatically,derived,PDF第58页 · drama dramatic dramatically
cet-4,drastic,drastic,canonical,PDF第58页 · drastic drastically
cet-4,drastic,drastically,derived,PDF第58页 · drastic drastically
cet-4,draw,draw,canonical,PDF第58页 · draw drawing
cet-4,drawer,drawer,canonical,PDF第58页 · drawer
cet-4,draw,drawing,derived,PDF第58页 · draw drawing
cet-4,dream,dream,canonical,PDF第58页 · dream dreamy
cet-4,dream,dreamy,derived,PDF第58页 · dream dreamy
cet-4,dress,dress,canonical,PDF第58页 · dress
cet-4,drift,drift,canonical,PDF第58页 · drift
cet-4,drill,drill,canonical,PDF第58页 · drill
cet-4,drink,drink,canonical,PDF第58页 · drink
cet-4,drip,drip,canonical,PDF第58页 · drip
cet-4,drive,drive,canonical,PDF第58页 · drive driver
cet-4,drive,driver,derived,PDF第58页 · drive driver
cet-4,drop,drop,canonical,PDF第58页 · drop
cet-4,dropout,dropout,canonical,PDF第58页 · dropout
cet-4,drought,drought,canonical,PDF第58页 · drought
cet-4,drown,drown,canonical,PDF第58页 · drown
cet-4,drug,drug,canonical,PDF第58页 · drug
cet-4,drum,drum,canonical,PDF第58页 · drum
cet-4,drunk,drunk,canonical,PDF第58页 · drunk drunken drunkard
cet-4,drunk,drunkard,derived,PDF第58页 · drunk drunken drunkard
cet-4,drunk,drunken,derived,PDF第58页 · drunk drunken drunkard
cet-4,dry,dry,canonical,PDF第58页 · dry dryer
cet-4,dry,dryer,derived,PDF第58页 · dry dryer
cet-4,dual,dual,canonical,PDF第58页 · dual
cet-4,duck,duck,canonical,PDF第59页 · duck
cet-4,due,due,canonical,PDF第59页 · due duly
cet-4,dull,dull,canonical,PDF第59页 · dull
cet-4,due,duly,derived,PDF第59页 · due duly
cet-4,dumb,dumb,canonical,PDF第59页 · dumb
cet-4,dump,dump,canonical,PDF第59页 · dump
cet-4,durable,durability,derived,PDF第59页 · durable durability
cet-4,durable,durable,canonical,PDF第59页 · durable durability
cet-4,duration,duration,canonical,PDF第59页 · duration
cet-4,during,during,canonical,PDF第59页 · during
cet-4,dusk,dusk,canonical,PDF第59页 · dusk
cet-4,dust,dust,canonical,PDF第59页 · dust dusty
cet-4,dust,dusty,derived,PDF第59页 · dust dusty
cet-4,duty,duty,canonical,PDF第59页 · duty
cet-4,dye,dye,canonical,PDF第59页 · dye
cet-4,die,dying,derived,PDF第55页 · die dying
cet-4,dynamic,dynamic,canonical,PDF第59页 · dynamic dynamics
cet-4,dynamic,dynamics,derived,PDF第59页 · dynamic dynamics
cet-4,dynasty,dynasty,canonical,PDF第59页 · dynasty
cet-4,each,each,canonical,PDF第59页 · each
cet-4,eager,eager,canonical,PDF第59页 · eager
cet-4,eagle,eagle,canonical,PDF第59页 · eagle
cet-4,ear,ear,canonical,PDF第59页 · ear
cet-4,early,early,canonical,PDF第59页 · early
cet-4,earn,earn,canonical,PDF第59页 · earn earnings
cet-4,earnest,earnest,canonical,PDF第59页 · earnest
cet-4,earn,earnings,derived,PDF第59页 · earn earnings
cet-4,earth,earth,canonical,PDF第59页 · earth
cet-4,earthquake,earthquake,canonical,PDF第59页 · earthquake
cet-4,ease,ease,canonical,PDF第59页 · ease
cet-4,easy,easily,derived,PDF第59页 · easy easily
cet-4,east,east,canonical,PDF第59页 · east eastern
cet-4,east,eastern,derived,PDF第59页 · east eastern
cet-4,easy,easy,canonical,PDF第59页 · easy easily
cet-4,easy-going,easy going,canonical,PDF第59页 · easyＧgoing
cet-4,easy-going,easy-going,canonical,PDF第59页 · easyＧgoing
cet-4,eat,eat,canonical,PDF第59页 · eat
cet-4,echo,echo,canonical,PDF第59页 · echo
cet-4,ecology,ecological,derived,PDF第59页 · ecology ecological
cet-4,ecology,ecology,canonical,PDF第59页 · ecology ecological
cet-4,economy,economic,derived,PDF第59页 · economy economic economical
cet-4,economy,economical,derived,PDF第59页 · economy economic economical
cet-4,economics,economics,canonical,PDF第59页 · economics economist
cet-4,economics,economist,derived,PDF第59页 · economics economist
cet-4,economy,economy,canonical,PDF第59页 · economy economic economical
cet-4,edge,edge,canonical,PDF第59页 · edge
cet-4,edit,edit,canonical,PDF第60页 · edit editor edition
cet-4,edit,edition,derived,PDF第60页 · edit editor edition
cet-4,edit,editor,derived,PDF第60页 · edit editor edition
cet-4,editorial,editorial,canonical,PDF第60页 · editorial
cet-4,educate,educate,canonical,PDF第60页 · educate education educational educator
cet-4,educate,education,derived,PDF第60页 · educate education educational educator
cet-4,educate,educational,derived,PDF第60页 · educate education educational educator
cet-4,educate,educator,derived,PDF第60页 · educate education educational educator
cet-4,effect,effect,canonical,PDF第60页 · effect effective
cet-4,effect,effective,derived,PDF第60页 · effect effective
cet-4,efficient,efficiency,derived,PDF第60页 · efficient efficiency
cet-4,efficient,efficient,canonical,PDF第60页 · efficient efficiency
cet-4,effort,effort,canonical,PDF第60页 · effort
cet-4,egg,egg,canonical,PDF第60页 · egg
cet-4,eggplant,eggplant,canonical,PDF第60页 · eggplant
cet-4,eight,eight,canonical,PDF第60页 · eight
cet-4,eighteen,eighteen,canonical,PDF第60页 · eighteen
cet-4,eighth,eighth,canonical,PDF第60页 · eighth
cet-4,eighty,eighty,canonical,PDF第60页 · eighty
cet-4,either,either,canonical,PDF第60页 · either
cet-4,elbow,elbow,canonical,PDF第60页 · elbow
cet-4,elder,elder,canonical,PDF第60页 · elder elderly
cet-4,elder,elderly,derived,PDF第60页 · elder elderly
cet-4,elect,elect,canonical,PDF第60页 · elect election elective
cet-4,elect,election,derived,PDF第60页 · elect election elective
cet-4,elect,elective,derived,PDF第60页 · elect election elective
cet-4,electricity,electric,derived,PDF第60页 · electricity electric(al) electrician
cet-4,electricity,electrical,derived_variant,PDF第60页 · electricity electric(al) electrician
cet-4,electricity,electrician,derived,PDF第60页 · electricity electric(al) electrician
cet-4,electricity,electricity,canonical,PDF第60页 · electricity electric(al) electrician
cet-4,electron,electron,canonical,PDF第60页 · electron electronic electronically electronics
cet-4,electron,electronic,derived,PDF第60页 · electron electronic electronically electronics
cet-4,electron,electronically,derived,PDF第60页 · electron electronic electronically electronics
cet-4,electron,electronics,derived,PDF第60页 · electron electronic electronically electronics
cet-4,elegant,elegance,derived,PDF第60页 · elegant elegance
cet-4,elegant,elegant,canonical,PDF第60页 · elegant elegance
cet-4,element,element,canonical,PDF第60页 · element
cet-4,elementary,elementary,canonical,PDF第60页 · elementary
cet-4,elephant,elephant,canonical,PDF第60页 · elephant
cet-4,elevate,elevate,canonical,PDF第60页 · elevate elevation elevator
cet-4,elevate,elevation,derived,PDF第60页 · elevate elevation elevator
cet-4,elevate,elevator,derived,PDF第60页 · elevate elevation elevator
cet-4,eleven,eleven,canonical,PDF第60页 · eleven
cet-4,eliminate,eliminate,canonical,PDF第60页 · eliminate elimination
cet-4,eliminate,elimination,derived,PDF第60页 · eliminate elimination
cet-4,elite,elite,canonical,PDF第60页 · elite
cet-4,else,else,canonical,PDF第60页 · else
cet-4,elsewhere,elsewhere,canonical,PDF第60页 · elsewhere
cet-4,email,email,canonical,PDF第60页 · email
cet-4,embarrass,embarrass,canonical,PDF第60页 · embarrass embarrassment
cet-4,embarrass,embarrassment,derived,PDF第60页 · embarrass embarrassment
cet-4,embassy,embassy,canonical,PDF第61页 · embassy
cet-4,embrace,embrace,canonical,PDF第61页 · embrace
cet-4,emerge,emerge,canonical,PDF第61页 · emerge emergence
cet-4,emerge,emergence,derived,PDF第61页 · emerge emergence
cet-4,emergency,emergency,canonical,PDF第61页 · emergency
cet-4,emit,emission,derived,PDF第61页 · emit emission
cet-4,emit,emit,canonical,PDF第61页 · emit emission
cet-4,emotion,emotion,canonical,PDF第61页 · emotion emotional
cet-4,emotion,emotional,derived,PDF第61页 · emotion emotional
cet-4,emperor,emperor,canonical,PDF第61页 · emperor empress
cet-4,emphasis,emphasis,canonical,PDF第61页 · emphasis emphasize/Ｇise emphatic
cet-4,emphasis,emphasise,derived_variant,PDF第61页 · emphasis emphasize/Ｇise emphatic
cet-4,emphasis,emphasize,derived,PDF第61页 · emphasis emphasize/Ｇise emphatic
cet-4,emphasis,emphatic,derived,PDF第61页 · emphasis emphasize/Ｇise emphatic
cet-4,empire,empire,canonical,PDF第61页 · empire
cet-4,employ,employ,canonical,PDF第61页 · employ employment employer employee
cet-4,employ,employee,derived,PDF第61页 · employ employment employer employee
cet-4,employ,employer,derived,PDF第61页 · employ employment employer employee
cet-4,employ,employment,derived,PDF第61页 · employ employment employer employee
cet-4,emperor,empress,derived,PDF第61页 · emperor empress
cet-4,empty,emptiness,derived,PDF第61页 · empty emptiness
cet-4,empty,empty,canonical,PDF第61页 · empty emptiness
cet-4,enable,enable,canonical,PDF第61页 · enable
cet-4,encounter,encounter,canonical,PDF第61页 · encounter
cet-4,encourage,encourage,canonical,PDF第61页 · encourage encouragement encouraging
cet-4,encourage,encouragement,derived,PDF第61页 · encourage encouragement encouraging
cet-4,encourage,encouraging,derived,PDF第61页 · encourage encouragement encouraging
cet-4,end,end,canonical,PDF第61页 · end ending endless
cet-4,endanger,endanger,canonical,PDF第61页 · endanger
cet-4,end,ending,derived,PDF第61页 · end ending endless
cet-4,end,endless,derived,PDF第61页 · end ending endless
cet-4,endure,endurance,derived,PDF第61页 · endure endurance
cet-4,endure,endure,canonical,PDF第61页 · endure endurance
cet-4,enemy,enemy,canonical,PDF第61页 · enemy
cet-4,energy,energetic,derived,PDF第61页 · energy energetic energetically
cet-4,energy,energetically,derived,PDF第61页 · energy energetic energetically
cet-4,energy,energy,canonical,PDF第61页 · energy energetic energetically
cet-4,enforce,enforce,canonical,PDF第61页 · enforce enforcement
cet-4,enforce,enforcement,derived,PDF第61页 · enforce enforcement
cet-4,engage,engage,canonical,PDF第61页 · engage engagement
cet-4,engage,engagement,derived,PDF第61页 · engage engagement
cet-4,engine,engine,canonical,PDF第61页 · engine
cet-4,engineer,engineer,canonical,PDF第61页 · engineer engineering
cet-4,engineer,engineering,derived,PDF第61页 · engineer engineering
cet-4,enhance,enhance,canonical,PDF第61页 · enhance enhancement
cet-4,enhance,enhancement,derived,PDF第61页 · enhance enhancement
cet-4,enjoy,enjoy,canonical,PDF第61页 · enjoy enjoyable enjoyment
cet-4,enjoy,enjoyable,derived,PDF第61页 · enjoy enjoyable enjoyment
cet-4,enjoy,enjoyment,derived,PDF第61页 · enjoy enjoyable enjoyment
cet-4,enlarge,enlarge,canonical,PDF第61页 · enlarge
cet-4,enlighten,enlighten,canonical,PDF第61页 · enlighten enlightenment enlightening
cet-4,enlighten,enlightening,derived,PDF第61页 · enlighten enlightenment enlightening
cet-4,enlighten,enlightenment,derived,PDF第61页 · enlighten enlightenment enlightening
cet-4,enormous,enormous,canonical,PDF第61页 · enormous
cet-4,enough,enough,canonical,PDF第62页 · enough
cet-4,enquire,enquire,canonical,PDF第62页 · enquire enquiry
cet-4,inquire,enquire,canonical_variant,PDF第81页 · inquire/enquire inquiry/enquiry inquisitive
cet-4,enquire,enquiry,derived,PDF第62页 · enquire enquiry
cet-4,inquire,enquiry,derived_variant,PDF第81页 · inquire/enquire inquiry/enquiry inquisitive
cet-4,enrich,enrich,canonical,PDF第62页 · enrich
cet-4,enrol,enrol,canonical,PDF第62页 · enrol(l) enrol(l)ment
cet-4,enrol,enroll,canonical_variant,PDF第62页 · enrol(l) enrol(l)ment
cet-4,enrol,enrollment,derived_variant,PDF第62页 · enrol(l) enrol(l)ment
cet-4,enrol,enrolment,derived,PDF第62页 · enrol(l) enrol(l)ment
cet-4,ensure,ensure,canonical,PDF第62页 · ensure
cet-4,insure,ensure,canonical_variant,PDF第82页 · insure/ensure insurance
cet-4,enter,enter,canonical,PDF第62页 · enter entrance entry
cet-4,enterprise,enterprise,canonical,PDF第62页 · enterprise enterprising
cet-4,enterprise,enterprising,derived,PDF第62页 · enterprise enterprising
cet-4,entertain,entertain,canonical,PDF第62页 · entertain entertainment entertaining
cet-4,entertain,entertaining,derived,PDF第62页 · entertain entertainment entertaining
cet-4,entertain,entertainment,derived,PDF第62页 · entertain entertainment entertaining
cet-4,enthusiasm,enthusiasm,canonical,PDF第62页 · enthusiasm enthusiastic enthusiastically enthusiast
cet-4,enthusiasm,enthusiast,derived,PDF第62页 · enthusiasm enthusiastic enthusiastically enthusiast
cet-4,enthusiasm,enthusiastic,derived,PDF第62页 · enthusiasm enthusiastic enthusiastically enthusiast
cet-4,enthusiasm,enthusiastically,derived,PDF第62页 · enthusiasm enthusiastic enthusiastically enthusiast
cet-4,entire,entire,canonical,PDF第62页 · entire entirety
cet-4,entire,entirety,derived,PDF第62页 · entire entirety
cet-4,entitle,entitle,canonical,PDF第62页 · entitle
cet-4,enter,entrance,derived,PDF第62页 · enter entrance entry
cet-4,entrepreneur,entrepreneur,canonical,PDF第62页 · entrepreneur entrepreneurial
cet-4,entrepreneur,entrepreneurial,derived,PDF第62页 · entrepreneur entrepreneurial
cet-4,enter,entry,derived,PDF第62页 · enter entrance entry
cet-4,envelope,envelope,canonical,PDF第62页 · envelope
cet-4,envy,envious,derived,PDF第62页 · envy envious
cet-4,environment,environment,canonical,PDF第62页 · environment environmental environmentalist
cet-4,environment,environmental,derived,PDF第62页 · environment environmental environmentalist
cet-4,environment,environmentalist,derived,PDF第62页 · environment environmental environmentalist
cet-4,envy,envy,canonical,PDF第62页 · envy envious
cet-4,episode,episode,canonical,PDF第62页 · episode
cet-4,equal,equal,canonical,PDF第62页 · equal equally equality
cet-4,equal,equality,derived,PDF第62页 · equal equally equality
cet-4,equal,equally,derived,PDF第62页 · equal equally equality
cet-4,equip,equip,canonical,PDF第62页 · equip equipment
cet-4,equip,equipment,derived,PDF第62页 · equip equipment
cet-4,equivalent,equivalence,derived,PDF第62页 · equivalent equivalence
cet-4,equivalent,equivalent,canonical,PDF第62页 · equivalent equivalence
cet-4,era,era,canonical,PDF第62页 · era
cet-4,erase,erase,canonical,PDF第62页 · erase eraser
cet-4,erase,eraser,derived,PDF第62页 · erase eraser
cet-4,err,err,canonical,PDF第62页 · err error erroneous
cet-4,err,erroneous,derived,PDF第62页 · err error erroneous
cet-4,err,error,derived,PDF第62页 · err error erroneous
cet-4,escape,escape,canonical,PDF第62页 · escape
cet-4,especially,especially,canonical,PDF第63页 · especially
cet-4,essay,essay,canonical,PDF第63页 · essay essayist
cet-4,essay,essayist,derived,PDF第63页 · essay essayist
cet-4,essence,essence,canonical,PDF第63页 · essence essential
cet-4,essence,essential,derived,PDF第63页 · essence essential
cet-4,establish,establish,canonical,PDF第63页 · establish establishment
cet-4,establish,establishment,derived,PDF第63页 · establish establishment
cet-4,estate,estate,canonical,PDF第63页 · estate
cet-4,estimate,estimate,canonical,PDF第63页 · estimate estimation
cet-4,estimate,estimation,derived,PDF第63页 · estimate estimation
cet-4,eternal,eternal,canonical,PDF第63页 · eternal eternity
cet-4,eternal,eternity,derived,PDF第63页 · eternal eternity
cet-4,ethic,ethic,canonical,PDF第63页 · ethic ethics
cet-4,ethic,ethics,derived,PDF第63页 · ethic ethics
cet-4,ethnic,ethnic,canonical,PDF第63页 · ethnic
cet-4,euro,euro,canonical,PDF第63页 · euro
cet-4,evaluate,evaluate,canonical,PDF第63页 · evaluate evaluation
cet-4,evaluate,evaluation,derived,PDF第63页 · evaluate evaluation
cet-4,eve,eve,canonical,PDF第63页 · eve
cet-4,even,even,canonical,PDF第63页 · even evenly
cet-4,evening,evening,canonical,PDF第63页 · evening
cet-4,even,evenly,derived,PDF第63页 · even evenly
cet-4,event,event,canonical,PDF第63页 · event eventful
cet-4,event,eventful,derived,PDF第63页 · event eventful
cet-4,eventually,eventual,derived,PDF第63页 · eventually eventual eventuality
cet-4,eventually,eventuality,derived,PDF第63页 · eventually eventual eventuality
cet-4,eventually,eventually,canonical,PDF第63页 · eventually eventual eventuality
cet-4,ever,ever,canonical,PDF第63页 · ever
cet-4,every,every,canonical,PDF第63页 · every
cet-4,everybody,everybody,canonical,PDF第63页 · everybody
cet-4,everyday,everyday,canonical,PDF第63页 · everyday
cet-4,everyone,everyone,canonical,PDF第63页 · everyone
cet-4,everything,everything,canonical,PDF第63页 · everything
cet-4,everywhere,everywhere,canonical,PDF第63页 · everywhere
cet-4,evident,evidence,derived,PDF第63页 · evident evidence
cet-4,evident,evident,canonical,PDF第63页 · evident evidence
cet-4,evil,evil,canonical,PDF第63页 · evil
cet-4,evolve,evolution,derived,PDF第63页 · evolve evolution evolutionary
cet-4,evolve,evolutionary,derived,PDF第63页 · evolve evolution evolutionary
cet-4,evolve,evolve,canonical,PDF第63页 · evolve evolution evolutionary
cet-4,exact,exact,canonical,PDF第63页 · exact
cet-4,exaggerate,exaggerate,canonical,PDF第63页 · exaggerate exaggeration
cet-4,exaggerate,exaggeration,derived,PDF第63页 · exaggerate exaggeration
cet-4,examine,exam,derived,PDF第63页 · examine exam(ination) examiner examinee
cet-4,examine,examination,derived_variant,PDF第63页 · examine exam(ination) examiner examinee
cet-4,examine,examine,canonical,PDF第63页 · examine exam(ination) examiner examinee
cet-4,examine,examinee,derived,PDF第63页 · examine exam(ination) examiner examinee
cet-4,examine,examiner,derived,PDF第63页 · examine exam(ination) examiner examinee
cet-4,example,example,canonical,PDF第63页 · example exemplary exemplify
cet-4,exceed,exceed,canonical,PDF第63页 · exceed exceedingly
cet-4,exceed,exceedingly,derived,PDF第63页 · exceed exceedingly
cet-4,excel,excel,canonical,PDF第63页 · excel
cet-4,excellent,excellence,derived,PDF第63页 · excellent excellence
cet-4,excellent,excellent,canonical,PDF第63页 · excellent excellence
cet-4,except,except,canonical,PDF第63页 · except
cet-4,exception,exception,canonical,PDF第64页 · exception exceptional
cet-4,exception,exceptional,derived,PDF第64页 · exception exceptional
cet-4,excess,excess,canonical,PDF第64页 · excess excessive
cet-4,excess,excessive,derived,PDF第64页 · excess excessive
cet-4,exchange,exchange,canonical,PDF第64页 · exchange
cet-4,excite,excite,canonical,PDF第64页 · excite exciting excitement
cet-4,excite,excitement,derived,PDF第64页 · excite exciting excitement
cet-4,excite,exciting,derived,PDF第64页 · excite exciting excitement
cet-4,exclaim,exclaim,canonical,PDF第64页 · exclaim exclamation exclamatory
cet-4,exclaim,exclamation,derived,PDF第64页 · exclaim exclamation exclamatory
cet-4,exclaim,exclamatory,derived,PDF第64页 · exclaim exclamation exclamatory
cet-4,exclude,exclude,canonical,PDF第64页 · exclude exclusion exclusive
cet-4,exclude,exclusion,derived,PDF第64页 · exclude exclusion exclusive
cet-4,exclude,exclusive,derived,PDF第64页 · exclude exclusion exclusive
cet-4,excursion,excursion,canonical,PDF第64页 · excursion
cet-4,excuse,excuse,canonical,PDF第64页 · excuse
cet-4,execute,execute,canonical,PDF第64页 · execute execution executive
cet-4,execute,execution,derived,PDF第64页 · execute execution executive
cet-4,execute,executive,derived,PDF第64页 · execute execution executive
cet-4,example,exemplary,derived,PDF第63页 · example exemplary exemplify
cet-4,example,exemplify,derived,PDF第63页 · example exemplary exemplify
cet-4,exercise,exercise,canonical,PDF第64页 · exercise
cet-4,exert,exert,canonical,PDF第64页 · exert exertion
cet-4,exert,exertion,derived,PDF第64页 · exert exertion
cet-4,exhaust,exhaust,canonical,PDF第64页 · exhaust exhaustion exhaustive
cet-4,exhaust,exhaustion,derived,PDF第64页 · exhaust exhaustion exhaustive
cet-4,exhaust,exhaustive,derived,PDF第64页 · exhaust exhaustion exhaustive
cet-4,exhibit,exhibit,canonical,PDF第64页 · exhibit exhibition
cet-4,exhibit,exhibition,derived,PDF第64页 · exhibit exhibition
cet-4,exile,exile,canonical,PDF第64页 · exile
cet-4,exist,exist,canonical,PDF第64页 · exist existence existent existing
cet-4,exist,existence,derived,PDF第64页 · exist existence existent existing
cet-4,exist,existent,derived,PDF第64页 · exist existence existent existing
cet-4,exist,existing,derived,PDF第64页 · exist existence existent existing
cet-4,exit,exit,canonical,PDF第64页 · exit
cet-4,expand,expand,canonical,PDF第64页 · expand expansion expansive
cet-4,expand,expansion,derived,PDF第64页 · expand expansion expansive
cet-4,expand,expansive,derived,PDF第64页 · expand expansion expansive
cet-4,expect,expect,canonical,PDF第64页 · expect expectation expectancy
cet-4,expect,expectancy,derived,PDF第64页 · expect expectation expectancy
cet-4,expect,expectation,derived,PDF第64页 · expect expectation expectancy
cet-4,expel,expel,canonical,PDF第64页 · expel
cet-4,expend,expend,canonical,PDF第64页 · expend expenditure
cet-4,expend,expenditure,derived,PDF第64页 · expend expenditure
cet-4,expense,expense,canonical,PDF第64页 · expense expensive
cet-4,expense,expensive,derived,PDF第64页 · expense expensive
cet-4,experience,experience,canonical,PDF第64页 · experience experienced
cet-4,experience,experienced,derived,PDF第64页 · experience experienced
cet-4,experiment,experiment,canonical,PDF第64页 · experiment experimental
cet-4,experiment,experimental,derived,PDF第64页 · experiment experimental
cet-4,expert,expert,canonical,PDF第64页 · expert
cet-4,expertise,expertise,canonical,PDF第64页 · expertise
cet-4,explain,explain,canonical,PDF第64页 · explain explanation explanatory
cet-4,explain,explanation,derived,PDF第64页 · explain explanation explanatory
cet-4,explain,explanatory,derived,PDF第64页 · explain explanation explanatory
cet-4,explicit,explicit,canonical,PDF第64页 · explicit
cet-4,explode,explode,canonical,PDF第64页 · explode explosion explosive
cet-4,exploit,exploit,canonical,PDF第64页 · exploit exploitation
cet-4,exploit,exploitation,derived,PDF第64页 · exploit exploitation
cet-4,explore,exploration,derived,PDF第64页 · explore exploration
cet-4,explore,explore,canonical,PDF第64页 · explore exploration
cet-4,explode,explosion,derived,PDF第64页 · explode explosion explosive
cet-4,explode,explosive,derived,PDF第64页 · explode explosion explosive
cet-4,export,export,canonical,PDF第64页 · export exportation
cet-4,export,exportation,derived,PDF第64页 · export exportation
cet-4,expose,expose,canonical,PDF第64页 · expose exposure
cet-4,expose,exposure,derived,PDF第64页 · expose exposure
cet-4,express,express,canonical,PDF第64页 · express expression expressive
cet-4,express,expression,derived,PDF第64页 · express expression expressive
cet-4,express,expressive,derived,PDF第64页 · express expression expressive
cet-4,expressway,expressway,canonical,PDF第64页 · expressway
cet-4,extend,extend,canonical,PDF第65页 · extend extension extensive extended
cet-4,extend,extended,derived,PDF第65页 · extend extension extensive extended
cet-4,extend,extension,derived,PDF第65页 · extend extension extensive extended
cet-4,extend,extensive,derived,PDF第65页 · extend extension extensive extended
cet-4,extent,extent,canonical,PDF第65页 · extent
cet-4,exterior,exterior,canonical,PDF第65页 · exterior
cet-4,external,external,canonical,PDF第65页 · external
cet-4,extinguish,extinguish,canonical,PDF第65页 · extinguish
cet-4,extra,extra,canonical,PDF第65页 · extra
cet-4,extraordinary,extraordinary,canonical,PDF第65页 · extraordinary
cet-4,extreme,extreme,canonical,PDF第65页 · extreme extremity
cet-4,extreme,extremity,derived,PDF第65页 · extreme extremity
cet-4,eye,eye,canonical,PDF第65页 · eye
cet-4,eyebrow,eyebrow,canonical,PDF第65页 · eyebrow
cet-4,eyesight,eyesight,canonical,PDF第65页 · eyesight
cet-4,fable,fable,canonical,PDF第65页 · fable
cet-4,fabric,fabric,canonical,PDF第65页 · fabric
cet-4,face,face,canonical,PDF第65页 · face facial
cet-4,face,facial,derived,PDF第65页 · face facial
cet-4,facility,facilitate,derived,PDF第65页 · facility facilitate facilitation
cet-4,facility,facilitation,derived,PDF第65页 · facility facilitate facilitation
cet-4,facility,facility,canonical,PDF第65页 · facility facilitate facilitation
cet-4,fact,fact,canonical,PDF第65页 · fact factual
cet-4,factor,factor,canonical,PDF第65页 · factor
cet-4,factory,factory,canonical,PDF第65页 · factory
cet-4,fact,factual,derived,PDF第65页 · fact factual
cet-4,faculty,faculty,canonical,PDF第65页 · faculty
cet-4,fade,fade,canonical,PDF第65页 · fade
cet-4,fail,fail,canonical,PDF第65页 · fail failure
cet-4,fail,failure,derived,PDF第65页 · fail failure
cet-4,faint,faint,canonical,PDF第65页 · faint
cet-4,fair,fair,canonical · 同形异义1 · 同形异义2,PDF第65页 · fair１
cet-4,fairy,fairy,canonical,PDF第65页 · fairy
cet-4,faith,faith,canonical,PDF第65页 · faith faithful
cet-4,faith,faithful,derived,PDF第65页 · faith faithful
cet-4,fake,fake,canonical,PDF第65页 · fake
cet-4,fall,fall,canonical · 同形异义1 · 同形异义2,PDF第65页 · fall１
cet-4,false,false,canonical,PDF第65页 · false falsehood
cet-4,false,falsehood,derived,PDF第65页 · false falsehood
cet-4,fame,fame,canonical,PDF第65页 · fame famous
cet-4,familiar,familiar,canonical,PDF第65页 · familiar familiarity familiarize/Ｇise
cet-4,familiar,familiarise,derived_variant,PDF第65页 · familiar familiarity familiarize/Ｇise
cet-4,familiar,familiarity,derived,PDF第65页 · familiar familiarity familiarize/Ｇise
cet-4,familiar,familiarize,derived,PDF第65页 · familiar familiarity familiarize/Ｇise
cet-4,family,family,canonical,PDF第65页 · family
cet-4,famine,famine,canonical,PDF第65页 · famine
cet-4,fame,famous,derived,PDF第65页 · fame famous
cet-4,fan,fan,canonical,PDF第65页 · fan
cet-4,fancy,fancy,canonical,PDF第66页 · fancy
cet-4,fantasy,fantastic,derived,PDF第66页 · fantasy fantastic
cet-4,fantasy,fantasy,canonical,PDF第66页 · fantasy fantastic
cet-4,far,far,canonical,PDF第66页 · far
cet-4,fare,fare,canonical,PDF第66页 · fare
cet-4,farewell,farewell,canonical,PDF第66页 · farewell
cet-4,farm,farm,canonical,PDF第66页 · farm farmer farming
cet-4,farm,farmer,derived,PDF第66页 · farm farmer farming
cet-4,farm,farming,derived,PDF第66页 · farm farmer farming
cet-4,farther,farther,canonical,PDF第66页 · farther
cet-4,fascinate,fascinate,canonical,PDF第66页 · fascinate fascinating fascination
cet-4,fascinate,fascinating,derived,PDF第66页 · fascinate fascinating fascination
cet-4,fascinate,fascination,derived,PDF第66页 · fascinate fascinating fascination
cet-4,fashion,fashion,canonical,PDF第66页 · fashion fashionable
cet-4,fashion,fashionable,derived,PDF第66页 · fashion fashionable
cet-4,fast,fast,canonical,PDF第66页 · fast
cet-4,fasten,fasten,canonical,PDF第66页 · fasten
cet-4,fat,fat,canonical,PDF第66页 · fat
cet-4,fatal,fatal,canonical,PDF第66页 · fatal fatality
cet-4,fatal,fatality,derived,PDF第66页 · fatal fatality
cet-4,fate,fate,canonical,PDF第66页 · fate
cet-4,father,father,canonical,PDF第66页 · father fatherly
cet-4,father,fatherly,derived,PDF第66页 · father fatherly
cet-4,fatigue,fatigue,canonical,PDF第66页 · fatigue
cet-4,fault,fault,canonical,PDF第66页 · fault faulty
cet-4,fault,faulty,derived,PDF第66页 · fault faulty
cet-4,favor,favor,canonical,PDF第66页 · favo(u)r favo(u)rable favo(u)rite
cet-4,favor,favorable,derived,PDF第66页 · favo(u)r favo(u)rable favo(u)rite
cet-4,favor,favorite,derived,PDF第66页 · favo(u)r favo(u)rable favo(u)rite
cet-4,favor,favour,canonical_variant,PDF第66页 · favo(u)r favo(u)rable favo(u)rite
cet-4,favor,favourable,derived_variant,PDF第66页 · favo(u)r favo(u)rable favo(u)rite
cet-4,favor,favourite,derived_variant,PDF第66页 · favo(u)r favo(u)rable favo(u)rite
cet-4,fax,fax,canonical,PDF第66页 · fax
cet-4,fear,fear,canonical,PDF第66页 · fear fearful
cet-4,fear,fearful,derived,PDF第66页 · fear fearful
cet-4,feasible,feasibility,derived,PDF第66页 · feasible feasibility
cet-4,feasible,feasible,canonical,PDF第66页 · feasible feasibility
cet-4,feather,feather,canonical,PDF第66页 · feather
cet-4,feature,feature,canonical,PDF第66页 · feature
cet-4,february,february,canonical,PDF第66页 · February
cet-4,federal,federal,canonical,PDF第66页 · federal
cet-4,federation,federation,canonical,PDF第66页 · federation
cet-4,fee,fee,canonical,PDF第66页 · fee
cet-4,feed,feed,canonical,PDF第66页 · feed
cet-4,feedback,feedback,canonical,PDF第66页 · feedback
cet-4,feel,feel,canonical,PDF第66页 · feel feeling
cet-4,feel,feeling,derived,PDF第66页 · feel feeling
cet-4,fellow,fellow,canonical,PDF第66页 · fellow fellowship
cet-4,fellow,fellowship,derived,PDF第66页 · fellow fellowship
cet-4,female,female,canonical,PDF第66页 · female
cet-4,fence,fence,canonical,PDF第66页 · fence
cet-4,ferry,ferry,canonical,PDF第66页 · ferry
cet-4,fertile,fertile,canonical,PDF第66页 · fertile fertility fertilizer/Ｇiser
cet-4,fertile,fertiliser,derived_variant,PDF第66页 · fertile fertility fertilizer/Ｇiser
cet-4,fertile,fertility,derived,PDF第66页 · fertile fertility fertilizer/Ｇiser
cet-4,fertile,fertilizer,derived,PDF第66页 · fertile fertility fertilizer/Ｇiser
cet-4,festival,festival,canonical,PDF第66页 · festival
cet-4,fetch,fetch,canonical,PDF第66页 · fetch
cet-4,fever,fever,canonical,PDF第67页 · fever feverish
cet-4,fever,feverish,derived,PDF第67页 · fever feverish
cet-4,few,few,canonical,PDF第67页 · few
cet-4,fiber,fiber,canonical,PDF第67页 · fiber/Ｇbre
cet-4,fiber,fibre,canonical_variant,PDF第67页 · fiber/Ｇbre
cet-4,fiction,fiction,canonical,PDF第67页 · fiction fictional
cet-4,fiction,fictional,derived,PDF第67页 · fiction fictional
cet-4,field,field,canonical,PDF第67页 · field
cet-4,fierce,fierce,canonical,PDF第67页 · fierce
cet-4,fifteen,fifteen,canonical,PDF第67页 · fifteen
cet-4,fifth,fifth,canonical,PDF第67页 · fifth
cet-4,fifty,fifty,canonical,PDF第67页 · fifty
cet-4,fight,fight,canonical,PDF第67页 · fight
cet-4,figure,figurative,derived,PDF第67页 · figure figurative
cet-4,figure,figure,canonical,PDF第67页 · figure figurative
cet-4,file,file,canonical,PDF第67页 · file
cet-4,fill,fill,canonical,PDF第67页 · fill filling
cet-4,fill,filling,derived,PDF第67页 · fill filling
cet-4,film,film,canonical,PDF第67页 · film
cet-4,filter,filter,canonical,PDF第67页 · filter
cet-4,final,final,canonical,PDF第67页 · final finally finalize/Ｇise
cet-4,final,finalise,derived_variant,PDF第67页 · final finally finalize/Ｇise
cet-4,final,finalize,derived,PDF第67页 · final finally finalize/Ｇise
cet-4,final,finally,derived,PDF第67页 · final finally finalize/Ｇise
cet-4,finance,finance,canonical,PDF第67页 · finance financial
cet-4,finance,financial,derived,PDF第67页 · finance financial
cet-4,find,find,canonical,PDF第67页 · find finding
cet-4,find,finding,derived,PDF第67页 · find finding
cet-4,fine,fine,canonical · 同形异义1 · 同形异义2,PDF第67页 · fine１
cet-4,finger,finger,canonical,PDF第67页 · finger
cet-4,fingerprint,fingerprint,canonical,PDF第67页 · fingerprint
cet-4,finish,finish,canonical,PDF第67页 · finish
cet-4,fire,fire,canonical,PDF第67页 · fire
cet-4,fireman,fireman,canonical,PDF第67页 · fireman
cet-4,fireplace,fireplace,canonical,PDF第67页 · fireplace
cet-4,fireworks,fireworks,canonical,PDF第67页 · fireworks
cet-4,firm,firm,canonical · 同形异义1 · 同形异义2,PDF第67页 · firm１
cet-4,first,first,canonical,PDF第67页 · first firstly
cet-4,first,firstly,derived,PDF第67页 · first firstly
cet-4,fish,fish,canonical,PDF第67页 · fish fishing fisherman
cet-4,fish,fisherman,derived,PDF第67页 · fish fishing fisherman
cet-4,fish,fishing,derived,PDF第67页 · fish fishing fisherman
cet-4,fist,fist,canonical,PDF第67页 · fist
cet-4,fit,fit,canonical,PDF第67页 · fit
cet-4,five,five,canonical,PDF第67页 · five
cet-4,fix,fix,canonical,PDF第67页 · fix fixed fixture fixation
cet-4,fix,fixation,derived,PDF第67页 · fix fixed fixture fixation
cet-4,fix,fixed,derived,PDF第67页 · fix fixed fixture fixation
cet-4,fix,fixture,derived,PDF第67页 · fix fixed fixture fixation
cet-4,flag,flag,canonical,PDF第67页 · flag
cet-4,flame,flame,canonical,PDF第67页 · flame
cet-4,flash,flash,canonical,PDF第68页 · flash
cet-4,flat,flat,canonical · 同形异义1 · 同形异义2,PDF第68页 · flat１
cet-4,flavor,flavor,canonical,PDF第68页 · flavo(u)r
cet-4,flavor,flavour,canonical_variant,PDF第68页 · flavo(u)r
cet-4,flaw,flaw,canonical,PDF第68页 · flaw flawless
cet-4,flaw,flawless,derived,PDF第68页 · flaw flawless
cet-4,flee,flee,canonical,PDF第68页 · flee
cet-4,fleet,fleet,canonical,PDF第68页 · fleet
cet-4,flesh,flesh,canonical,PDF第68页 · flesh
cet-4,flexible,flexibility,derived,PDF第68页 · flexible flexibility
cet-4,flexible,flexible,canonical,PDF第68页 · flexible flexibility
cet-4,float,float,canonical,PDF第68页 · float
cet-4,flock,flock,canonical,PDF第68页 · flock
cet-4,flood,flood,canonical,PDF第68页 · flood
cet-4,floor,floor,canonical,PDF第68页 · floor
cet-4,flour,flour,canonical,PDF第68页 · flour
cet-4,flourish,flourish,canonical,PDF第68页 · flourish
cet-4,flow,flow,canonical,PDF第68页 · flow
cet-4,flower,flower,canonical,PDF第68页 · flower
cet-4,influenza,flu,canonical_variant,PDF第81页 · influenza/flu
cet-4,fluctuate,fluctuate,canonical,PDF第68页 · fluctuate fluctuation
cet-4,fluctuate,fluctuation,derived,PDF第68页 · fluctuate fluctuation
cet-4,fluent,fluency,derived,PDF第68页 · fluent fluency
cet-4,fluent,fluent,canonical,PDF第68页 · fluent fluency
cet-4,fluid,fluid,canonical,PDF第68页 · fluid
cet-4,fly,fly,canonical · 同形异义1 · 同形异义2,PDF第68页 · fly１
cet-4,focus,focus,canonical,PDF第68页 · focus
cet-4,fog,fog,canonical,PDF第68页 · fog foggy
cet-4,fog,foggy,derived,PDF第68页 · fog foggy
cet-4,fold,fold,canonical,PDF第68页 · fold
cet-4,folk,folk,canonical,PDF第68页 · folk
cet-4,follow,follow,canonical,PDF第68页 · follow following
cet-4,follow,following,derived,PDF第68页 · follow following
cet-4,fond,fond,canonical,PDF第68页 · fond
cet-4,food,food,canonical,PDF第68页 · food
cet-4,fool,fool,canonical,PDF第68页 · fool foolish
cet-4,fool,foolish,derived,PDF第68页 · fool foolish
cet-4,foot,foot,canonical,PDF第68页 · foot
cet-4,football,football,canonical,PDF第68页 · football
cet-4,footprint,footprint,canonical,PDF第69页 · footprint
cet-4,for,for,canonical,PDF第69页 · for
cet-4,forbid,forbid,canonical,PDF第69页 · forbid
cet-4,force,force,canonical,PDF第69页 · force forceful
cet-4,force,forceful,derived,PDF第69页 · force forceful
cet-4,forecast,forecast,canonical,PDF第69页 · forecast
cet-4,forehead,forehead,canonical,PDF第69页 · forehead
cet-4,foreign,foreign,canonical,PDF第69页 · foreign foreigner
cet-4,foreign,foreigner,derived,PDF第69页 · foreign foreigner
cet-4,foremost,foremost,canonical,PDF第69页 · foremost
cet-4,foresee,foresee,canonical,PDF第69页 · foresee foreseeable
cet-4,foresee,foreseeable,derived,PDF第69页 · foresee foreseeable
cet-4,foresight,foresight,canonical,PDF第69页 · foresight
cet-4,forest,forest,canonical,PDF第69页 · forest forestry
cet-4,forest,forestry,derived,PDF第69页 · forest forestry
cet-4,forever,forever,canonical,PDF第69页 · forever
cet-4,forge,forge,canonical,PDF第69页 · forge forgery
cet-4,forge,forgery,derived,PDF第69页 · forge forgery
cet-4,forget,forget,canonical,PDF第69页 · forget forgetful forgettable
cet-4,forget,forgetful,derived,PDF第69页 · forget forgetful forgettable
cet-4,forget,forgettable,derived,PDF第69页 · forget forgetful forgettable
cet-4,forgive,forgive,canonical,PDF第69页 · forgive forgiving
cet-4,forgive,forgiving,derived,PDF第69页 · forgive forgiving
cet-4,fork,fork,canonical,PDF第69页 · fork
cet-4,form,form,canonical,PDF第69页 · form formation
cet-4,formal,formal,canonical,PDF第69页 · formal formality
cet-4,formal,formality,derived,PDF第69页 · formal formality
cet-4,format,format,canonical,PDF第69页 · format
cet-4,form,formation,derived,PDF第69页 · form formation
cet-4,former,former,canonical,PDF第69页 · former
cet-4,formula,formula,canonical,PDF第69页 · formula
cet-4,formulate,formulate,canonical,PDF第69页 · formulate formulation
cet-4,formulate,formulation,derived,PDF第69页 · formulate formulation
cet-4,forth,forth,canonical,PDF第69页 · forth
cet-4,forthcoming,forthcoming,canonical,PDF第69页 · forthcoming
cet-4,fortune,fortunate,derived,PDF第69页 · fortune fortunate
cet-4,fortune,fortune,canonical,PDF第69页 · fortune fortunate
cet-4,forty,forty,canonical,PDF第69页 · forty
cet-4,forum,forum,canonical,PDF第69页 · forum
cet-4,forward,forward,canonical,PDF第69页 · forward
cet-4,fossil,fossil,canonical,PDF第69页 · fossil
cet-4,found,found,canonical,PDF第69页 · found founding founder
cet-4,foundation,foundation,canonical,PDF第69页 · foundation
cet-4,found,founder,derived,PDF第69页 · found founding founder
cet-4,found,founding,derived,PDF第69页 · found founding founder
cet-4,fountain,fountain,canonical,PDF第69页 · fountain
cet-4,four,four,canonical,PDF第69页 · four
cet-4,fourteen,fourteen,canonical,PDF第69页 · fourteen
cet-4,fox,fox,canonical,PDF第70页 · fox
cet-4,fraction,fraction,canonical,PDF第70页 · fraction
cet-4,fragment,fragment,canonical,PDF第70页 · fragment fragmentation fragmentary
cet-4,fragment,fragmentary,derived,PDF第70页 · fragment fragmentation fragmentary
cet-4,fragment,fragmentation,derived,PDF第70页 · fragment fragmentation fragmentary
cet-4,frame,frame,canonical,PDF第70页 · frame
cet-4,framework,framework,canonical,PDF第70页 · framework
cet-4,frank,frank,canonical,PDF第70页 · frank
cet-4,free,free,canonical,PDF第70页 · free freedom
cet-4,free,freedom,derived,PDF第70页 · free freedom
cet-4,freeway,freeway,canonical,PDF第70页 · freeway
cet-4,freeze,freeze,canonical,PDF第70页 · freeze
cet-4,freight,freight,canonical,PDF第70页 · freight
cet-4,frequent,frequency,derived,PDF第70页 · frequent frequency
cet-4,frequent,frequent,canonical,PDF第70页 · frequent frequency
cet-4,fresh,fresh,canonical,PDF第70页 · fresh
cet-4,freshman,freshman,canonical,PDF第70页 · freshman
cet-4,friday,friday,canonical,PDF第70页 · Friday
cet-4,refrigerator,fridge,canonical_variant,PDF第114页 · refrigerator/fridge refrigeration
cet-4,friend,friend,canonical,PDF第70页 · friend friendly friendship
cet-4,friend,friendly,derived,PDF第70页 · friend friendly friendship
cet-4,friend,friendship,derived,PDF第70页 · friend friendly friendship
cet-4,fright,fright,canonical,PDF第70页 · fright frighten
cet-4,fright,frighten,derived,PDF第70页 · fright frighten
cet-4,frog,frog,canonical,PDF第70页 · frog
cet-4,from,from,canonical,PDF第70页 · from
cet-4,front,front,canonical,PDF第70页 · front
cet-4,frontier,frontier,canonical,PDF第70页 · frontier
cet-4,frost,frost,canonical,PDF第70页 · frost frosty
cet-4,frost,frosty,derived,PDF第70页 · frost frosty
cet-4,fruit,fruit,canonical,PDF第70页 · fruit fruitful
cet-4,fruit,fruitful,derived,PDF第70页 · fruit fruitful
cet-4,frustrate,frustrate,canonical,PDF第70页 · frustrate frustration frustrating
cet-4,frustrate,frustrating,derived,PDF第70页 · frustrate frustration frustrating
cet-4,frustrate,frustration,derived,PDF第70页 · frustrate frustration frustrating
cet-4,fry,fry,canonical,PDF第70页 · fry
cet-4,fuck,fuck,canonical,PDF第70页 · fuck
cet-4,fuel,fuel,canonical,PDF第70页 · fuel
cet-4,fulfil,fulfil,canonical,PDF第70页 · fulfil(l) fulfil(l)ment
cet-4,fulfil,fulfill,canonical_variant,PDF第70页 · fulfil(l) fulfil(l)ment
cet-4,fulfil,fulfillment,derived_variant,PDF第70页 · fulfil(l) fulfil(l)ment
cet-4,fulfil,fulfilment,derived,PDF第70页 · fulfil(l) fulfil(l)ment
cet-4,full,full,canonical,PDF第70页 · full
cet-4,fun,fun,canonical,PDF第70页 · fun funny
cet-4,function,function,canonical,PDF第70页 · function functional
cet-4,function,functional,derived,PDF第70页 · function functional
cet-4,fund,fund,canonical,PDF第70页 · fund funding
cet-4,fundamental,fundamental,canonical,PDF第70页 · fundamental
cet-4,fund,funding,derived,PDF第70页 · fund funding
cet-4,funeral,funeral,canonical,PDF第70页 · funeral
cet-4,fun,funny,derived,PDF第70页 · fun funny
cet-4,fur,fur,canonical,PDF第71页 · fur
cet-4,furnace,furnace,canonical,PDF第71页 · furnace
cet-4,furnish,furnish,canonical,PDF第71页 · furnish
cet-4,furniture,furniture,canonical,PDF第71页 · furniture
cet-4,further,further,canonical,PDF第71页 · further
cet-4,furthermore,furthermore,canonical,PDF第71页 · furthermore
cet-4,fuss,fuss,canonical,PDF第71页 · fuss
cet-4,future,future,canonical,PDF第71页 · future
cet-4,gadget,gadget,canonical,PDF第71页 · gadget gadgetry
cet-4,gadget,gadgetry,derived,PDF第71页 · gadget gadgetry
cet-4,gain,gain,canonical,PDF第71页 · gain
cet-4,gallery,gallery,canonical,PDF第71页 · gallery
cet-4,gallon,gallon,canonical,PDF第71页 · gallon
cet-4,gamble,gamble,canonical,PDF第71页 · gamble
cet-4,game,game,canonical,PDF第71页 · game
cet-4,gang,gang,canonical,PDF第71页 · gang gangster
cet-4,gang,gangster,derived,PDF第71页 · gang gangster
cet-4,gaol,gaol,canonical,PDF第71页 · gaol
cet-4,jail,gaol,canonical_variant,PDF第84页 · jail/gaol
cet-4,gap,gap,canonical,PDF第71页 · gap
cet-4,garage,garage,canonical,PDF第71页 · garage
cet-4,garbage,garbage,canonical,PDF第71页 · garbage
cet-4,garden,garden,canonical,PDF第71页 · garden gardener gardening
cet-4,garden,gardener,derived,PDF第71页 · garden gardener gardening
cet-4,garden,gardening,derived,PDF第71页 · garden gardener gardening
cet-4,garment,garment,canonical,PDF第71页 · garment
cet-4,gas,gas,canonical,PDF第71页 · gas
cet-4,gasoline,gasoline,canonical,PDF第71页 · gasoline/petrol
cet-4,gate,gate,canonical,PDF第71页 · gate
cet-4,gather,gather,canonical,PDF第71页 · gather gathering
cet-4,gather,gathering,derived,PDF第71页 · gather gathering
cet-4,gay,gay,canonical,PDF第71页 · gay
cet-4,gaze,gaze,canonical,PDF第71页 · gaze
cet-4,gear,gear,canonical,PDF第71页 · gear
cet-4,gender,gender,canonical,PDF第71页 · gender
cet-4,gene,gene,canonical,PDF第71页 · gene genetic genetically
cet-4,general,general,canonical,PDF第71页 · general generally generalize/Ｇise
cet-4,general,generalise,derived_variant,PDF第71页 · general generally generalize/Ｇise
cet-4,general,generalize,derived,PDF第71页 · general generally generalize/Ｇise
cet-4,general,generally,derived,PDF第71页 · general generally generalize/Ｇise
cet-4,generate,generate,canonical,PDF第71页 · generate generator
cet-4,generation,generation,canonical,PDF第71页 · generation
cet-4,generate,generator,derived,PDF第71页 · generate generator
cet-4,generous,generosity,derived,PDF第71页 · generous generosity
cet-4,generous,generous,canonical,PDF第71页 · generous generosity
cet-4,gene,genetic,derived,PDF第71页 · gene genetic genetically
cet-4,gene,genetically,derived,PDF第71页 · gene genetic genetically
cet-4,genius,genius,canonical,PDF第72页 · genius
cet-4,gentle,gentle,canonical,PDF第72页 · gentle
cet-4,gentleman,gentleman,canonical,PDF第72页 · gentleman
cet-4,genuine,genuine,canonical,PDF第72页 · genuine
cet-4,geography,geographic,derived,PDF第72页 · geography geographic geographically
cet-4,geography,geographically,derived,PDF第72页 · geography geographic geographically
cet-4,geography,geography,canonical,PDF第72页 · geography geographic geographically
cet-4,geology,geological,derived,PDF第72页 · geology geological geologically
cet-4,geology,geologically,derived,PDF第72页 · geology geological geologically
cet-4,geology,geology,canonical,PDF第72页 · geology geological geologically
cet-4,geometry,geometric,derived,PDF第72页 · geometry geometric geometrically
cet-4,geometry,geometrically,derived,PDF第72页 · geometry geometric geometrically
cet-4,geometry,geometry,canonical,PDF第72页 · geometry geometric geometrically
cet-4,germ,germ,canonical,PDF第72页 · germ
cet-4,gesture,gesture,canonical,PDF第72页 · gesture
cet-4,get,get,canonical,PDF第72页 · get
cet-4,ghost,ghost,canonical,PDF第72页 · ghost
cet-4,giant,giant,canonical,PDF第72页 · giant gigantic
cet-4,gift,gift,canonical,PDF第72页 · gift gifted
cet-4,gift,gifted,derived,PDF第72页 · gift gifted
cet-4,giant,gigantic,derived,PDF第72页 · giant gigantic
cet-4,girl,girl,canonical,PDF第72页 · girl
cet-4,give,give,canonical,PDF第72页 · give
cet-4,given,given,canonical,PDF第72页 · given
cet-4,glad,glad,canonical,PDF第72页 · glad
cet-4,glance,glance,canonical,PDF第72页 · glance
cet-4,glass,glass,canonical,PDF第72页 · glass
cet-4,glimpse,glimpse,canonical,PDF第72页 · glimpse
cet-4,globe,global,derived,PDF第72页 · globe global globalize/Ｇise
cet-4,globe,globalise,derived_variant,PDF第72页 · globe global globalize/Ｇise
cet-4,globe,globalize,derived,PDF第72页 · globe global globalize/Ｇise
cet-4,globe,globe,canonical,PDF第72页 · globe global globalize/Ｇise
cet-4,gloom,gloom,canonical,PDF第72页 · gloom gloomy
cet-4,gloom,gloomy,derived,PDF第72页 · gloom gloomy
cet-4,glory,glorious,derived,PDF第72页 · glory glorious
cet-4,glory,glory,canonical,PDF第72页 · glory glorious
cet-4,glove,glove,canonical,PDF第72页 · glove
cet-4,glow,glow,canonical,PDF第72页 · glow
cet-4,glue,glue,canonical,PDF第72页 · glue
cet-4,go,go,canonical,PDF第72页 · go
cet-4,goal,goal,canonical,PDF第72页 · goal
cet-4,goat,goat,canonical,PDF第72页 · goat
cet-4,god,god,canonical,PDF第72页 · god
cet-4,gold,gold,canonical,PDF第72页 · gold golden
cet-4,gold,golden,derived,PDF第72页 · gold golden
cet-4,golf,golf,canonical,PDF第72页 · golf
cet-4,good,good,canonical,PDF第73页 · good
cet-4,goodbye,goodbye,canonical,PDF第73页 · goodbye
cet-4,goodness,goodness,canonical,PDF第73页 · goodness
cet-4,goods,goods,canonical,PDF第73页 · goods
cet-4,goose,goose,canonical,PDF第73页 · goose
cet-4,gorgeous,gorgeous,canonical,PDF第73页 · gorgeous
cet-4,gossip,gossip,canonical,PDF第73页 · gossip
cet-4,govern,govern,canonical,PDF第73页 · govern government governor
cet-4,govern,government,derived,PDF第73页 · govern government governor
cet-4,govern,governor,derived,PDF第73页 · govern government governor
cet-4,gown,gown,canonical,PDF第73页 · gown
cet-4,grab,grab,canonical,PDF第73页 · grab
cet-4,grace,grace,canonical,PDF第73页 · grace graceful gracious
cet-4,grace,graceful,derived,PDF第73页 · grace graceful gracious
cet-4,grace,gracious,derived,PDF第73页 · grace graceful gracious
cet-4,grade,grade,canonical,PDF第73页 · grade
cet-4,gradual,gradual,canonical,PDF第73页 · gradual gradually
cet-4,gradual,gradually,derived,PDF第73页 · gradual gradually
cet-4,graduate,graduate,canonical,PDF第73页 · graduate graduation
cet-4,graduate,graduation,derived,PDF第73页 · graduate graduation
cet-4,grain,grain,canonical,PDF第73页 · grain
cet-4,gram,gram,canonical,PDF第73页 · gram(me)
cet-4,grammar,grammar,canonical,PDF第73页 · grammar grammatical
cet-4,grammar,grammatical,derived,PDF第73页 · grammar grammatical
cet-4,gram,gramme,canonical_variant,PDF第73页 · gram(me)
cet-4,grand,grand,canonical,PDF第73页 · grand
cet-4,grandchild,grandchild,canonical,PDF第73页 · grandchild grandchildren grandson granddaughter
cet-4,grandchild,grandchildren,derived,PDF第73页 · grandchild grandchildren grandson granddaughter
cet-4,grandchild,granddaughter,derived,PDF第73页 · grandchild grandchildren grandson granddaughter
cet-4,grandparent,grandfather,derived,PDF第73页 · grandparent grandfather grandmother
cet-4,grandparent,grandmother,derived,PDF第73页 · grandparent grandfather grandmother
cet-4,grandparent,grandparent,canonical,PDF第73页 · grandparent grandfather grandmother
cet-4,grandchild,grandson,derived,PDF第73页 · grandchild grandchildren grandson granddaughter
cet-4,grant,grant,canonical,PDF第73页 · grant granted
cet-4,grant,granted,derived,PDF第73页 · grant granted
cet-4,grape,grape,canonical,PDF第73页 · grape
cet-4,graph,graph,canonical,PDF第73页 · graph graphic graphically
cet-4,graph,graphic,derived,PDF第73页 · graph graphic graphically
cet-4,graph,graphically,derived,PDF第73页 · graph graphic graphically
cet-4,grasp,grasp,canonical,PDF第73页 · grasp
cet-4,grass,grass,canonical,PDF第73页 · grass grassy
cet-4,grass,grassy,derived,PDF第73页 · grass grassy
cet-4,grateful,grateful,canonical,PDF第73页 · grateful
cet-4,gratitude,gratitude,canonical,PDF第73页 · gratitude
cet-4,grave,grave,canonical,PDF第73页 · grave
cet-4,gravitation,gravitation,canonical,PDF第73页 · gravitation
cet-4,gravity,gravity,canonical,PDF第73页 · gravity
cet-4,gray,gray,canonical,PDF第73页 · gray/grey
cet-4,great,great,canonical,PDF第73页 · great
cet-4,green,green,canonical,PDF第73页 · green
cet-4,greenhouse,greenhouse,canonical,PDF第73页 · greenhouse
cet-4,greet,greet,canonical,PDF第73页 · greet greeting
cet-4,greet,greeting,derived,PDF第73页 · greet greeting
cet-4,gray,grey,canonical_variant,PDF第73页 · gray/grey
cet-4,grief,grief,canonical,PDF第73页 · grief grieve grievous
cet-4,grief,grieve,derived,PDF第73页 · grief grieve grievous
cet-4,grief,grievous,derived,PDF第73页 · grief grieve grievous
cet-4,grin,grin,canonical,PDF第74页 · grin
cet-4,grind,grind,canonical,PDF第74页 · grind
cet-4,grip,grip,canonical,PDF第74页 · grip
cet-4,grocer,grocer,canonical,PDF第74页 · grocer grocery
cet-4,grocer,grocery,derived,PDF第74页 · grocer grocery
cet-4,gross,gross,canonical,PDF第74页 · gross
cet-4,ground,ground,canonical,PDF第74页 · ground
cet-4,group,group,canonical,PDF第74页 · group
cet-4,grow,grow,canonical,PDF第74页 · grow growth
cet-4,grow,growth,derived,PDF第74页 · grow growth
cet-4,guarantee,guarantee,canonical,PDF第74页 · guarantee
cet-4,guard,guard,canonical,PDF第74页 · guard guardian
cet-4,guard,guardian,derived,PDF第74页 · guard guardian
cet-4,guess,guess,canonical,PDF第74页 · guess
cet-4,guest,guest,canonical,PDF第74页 · guest
cet-4,guide,guidance,derived,PDF第74页 · guide guidance
cet-4,guide,guide,canonical,PDF第74页 · guide guidance
cet-4,guideline,guideline,canonical,PDF第74页 · guideline
cet-4,guilt,guilt,canonical,PDF第74页 · guilt guilty
cet-4,guilt,guilty,derived,PDF第74页 · guilt guilty
cet-4,guitar,guitar,canonical,PDF第74页 · guitar guitarist
cet-4,guitar,guitarist,derived,PDF第74页 · guitar guitarist
cet-4,gulf,gulf,canonical,PDF第74页 · gulf
cet-4,gum,gum,canonical,PDF第74页 · gum
cet-4,gun,gun,canonical,PDF第74页 · gun
cet-4,gut,gut,canonical,PDF第74页 · gut
cet-4,guy,guy,canonical,PDF第74页 · guy
cet-4,gym,gym,canonical,PDF第74页 · gym(nasium)
cet-4,gym,gymnasium,canonical_variant,PDF第74页 · gym(nasium)
cet-4,habit,habit,canonical,PDF第74页 · habit habitual
cet-4,habitat,habitat,canonical,PDF第74页 · habitat
cet-4,habit,habitual,derived,PDF第74页 · habit habitual
cet-4,hack,hack,canonical · 同形异义1 · 同形异义2,PDF第74页 · hack１
cet-4,hail,hail,canonical · 同形异义1 · 同形异义2,PDF第74页 · hail１
cet-4,hair,hair,canonical,PDF第74页 · hair hairy
cet-4,hair,hairy,derived,PDF第74页 · hair hairy
cet-4,half,half,canonical,PDF第74页 · half
cet-4,halfway,halfway,canonical,PDF第74页 · halfway
cet-4,hall,hall,canonical,PDF第74页 · hall
cet-4,halt,halt,canonical,PDF第74页 · halt
cet-4,ham,ham,canonical,PDF第74页 · ham
cet-4,hamburger,hamburger,canonical,PDF第74页 · hamburger/burger
cet-4,hammer,hammer,canonical,PDF第74页 · hammer
cet-4,hand,hand,canonical,PDF第75页 · hand handful
cet-4,handbook,handbook,canonical,PDF第75页 · handbook
cet-4,hand,handful,derived,PDF第75页 · hand handful
cet-4,handicap,handicap,canonical,PDF第75页 · handicap handicapped
cet-4,handicap,handicapped,derived,PDF第75页 · handicap handicapped
cet-4,handle,handle,canonical,PDF第75页 · handle
cet-4,handsome,handsome,canonical,PDF第75页 · handsome
cet-4,handwriting,handwriting,canonical,PDF第75页 · handwriting
cet-4,handy,handy,canonical,PDF第75页 · handy
cet-4,hang,hang,canonical,PDF第75页 · hang
cet-4,happen,happen,canonical,PDF第75页 · happen
cet-4,happy,happily,derived,PDF第75页 · happy happiness happily
cet-4,happy,happiness,derived,PDF第75页 · happy happiness happily
cet-4,happy,happy,canonical,PDF第75页 · happy happiness happily
cet-4,harbor,harbor,canonical,PDF第75页 · harbo(u)r
cet-4,harbor,harbour,canonical_variant,PDF第75页 · harbo(u)r
cet-4,hard,hard,canonical,PDF第75页 · hard harden
cet-4,hard,harden,derived,PDF第75页 · hard harden
cet-4,hardly,hardly,canonical,PDF第75页 · hardly
cet-4,hardship,hardship,canonical,PDF第75页 · hardship
cet-4,hardware,hardware,canonical,PDF第75页 · hardware
cet-4,harm,harm,canonical,PDF第75页 · harm harmful harmless
cet-4,harm,harmful,derived,PDF第75页 · harm harmful harmless
cet-4,harm,harmless,derived,PDF第75页 · harm harmful harmless
cet-4,harmony,harmonious,derived,PDF第75页 · harmony harmonious
cet-4,harmony,harmony,canonical,PDF第75页 · harmony harmonious
cet-4,harness,harness,canonical,PDF第75页 · harness
cet-4,harsh,harsh,canonical,PDF第75页 · harsh
cet-4,harvest,harvest,canonical,PDF第75页 · harvest
cet-4,haste,haste,canonical,PDF第75页 · haste hasty hasten
cet-4,haste,hasten,derived,PDF第75页 · haste hasty hasten
cet-4,haste,hasty,derived,PDF第75页 · haste hasty hasten
cet-4,hat,hat,canonical,PDF第75页 · hat
cet-4,hatch,hatch,canonical,PDF第75页 · hatch
cet-4,hate,hate,canonical,PDF第75页 · hate hatred hateful
cet-4,hate,hateful,derived,PDF第75页 · hate hatred hateful
cet-4,hate,hatred,derived,PDF第75页 · hate hatred hateful
cet-4,haul,haul,canonical,PDF第75页 · haul
cet-4,haunt,haunt,canonical,PDF第75页 · haunt
cet-4,have,have,canonical,PDF第75页 · have
cet-4,hay,hay,canonical,PDF第75页 · hay
cet-4,hazard,hazard,canonical,PDF第75页 · hazard hazardous
cet-4,hazard,hazardous,derived,PDF第75页 · hazard hazardous
cet-4,haze,haze,canonical,PDF第75页 · haze hazy
cet-4,haze,hazy,derived,PDF第75页 · haze hazy
cet-4,he,he,canonical,PDF第75页 · he
cet-4,head,head,canonical,PDF第75页 · head
cet-4,headache,headache,canonical,PDF第75页 · headache
cet-4,heading,heading,canonical,PDF第75页 · heading
cet-4,headline,headline,canonical,PDF第75页 · headline
cet-4,headmaster,headmaster,canonical,PDF第75页 · headmaster headmistress
cet-4,headmaster,headmistress,derived,PDF第75页 · headmaster headmistress
cet-4,headquarters,headquarters,canonical,PDF第76页 · headquarters
cet-4,heal,heal,canonical,PDF第76页 · heal
cet-4,health,health,canonical,PDF第76页 · health healthy healthful
cet-4,health,healthful,derived,PDF第76页 · health healthy healthful
cet-4,health,healthy,derived,PDF第76页 · health healthy healthful
cet-4,heap,heap,canonical,PDF第76页 · heap
cet-4,hear,hear,canonical,PDF第76页 · hear hearing
cet-4,hear,hearing,derived,PDF第76页 · hear hearing
cet-4,heart,heart,canonical,PDF第76页 · heart hearty
cet-4,heartfelt,heartfelt,canonical,PDF第76页 · heartfelt
cet-4,heart,hearty,derived,PDF第76页 · heart hearty
cet-4,heat,heat,canonical,PDF第76页 · heat heated heating
cet-4,heat,heated,derived,PDF第76页 · heat heated heating
cet-4,heat,heating,derived,PDF第76页 · heat heated heating
cet-4,heaven,heaven,canonical,PDF第76页 · heaven
cet-4,heavy,heavy,canonical,PDF第76页 · heavy
cet-4,hectare,hectare,canonical,PDF第76页 · hectare
cet-4,hedge,hedge,canonical,PDF第76页 · hedge
cet-4,heel,heel,canonical,PDF第76页 · heel
cet-4,height,height,canonical,PDF第76页 · height heighten
cet-4,height,heighten,derived,PDF第76页 · height heighten
cet-4,heir,heir,canonical,PDF第76页 · heir heiress
cet-4,heir,heiress,derived,PDF第76页 · heir heiress
cet-4,helicopter,helicopter,canonical,PDF第76页 · helicopter
cet-4,hell,hell,canonical,PDF第76页 · hell
cet-4,hello,hello,canonical,PDF第76页 · hello
cet-4,help,help,canonical,PDF第76页 · help helpful helpless helplessly
cet-4,help,helpful,derived,PDF第76页 · help helpful helpless helplessly
cet-4,help,helpless,derived,PDF第76页 · help helpful helpless helplessly
cet-4,help,helplessly,derived,PDF第76页 · help helpful helpless helplessly
cet-4,hen,hen,canonical,PDF第76页 · hen
cet-4,hence,hence,canonical,PDF第76页 · hence
cet-4,her,her,canonical,PDF第76页 · her
cet-4,herd,herd,canonical,PDF第76页 · herd
cet-4,here,here,canonical,PDF第76页 · here
cet-4,hereby,hereby,canonical,PDF第76页 · hereby
cet-4,heritage,heritage,canonical,PDF第76页 · heritage
cet-4,hero,hero,canonical,PDF第76页 · hero/heroine heroic heroism
cet-4,hero,heroic,derived,PDF第76页 · hero/heroine heroic heroism
cet-4,hero,heroine,canonical_variant,PDF第76页 · hero/heroine heroic heroism
cet-4,hero,heroism,derived,PDF第76页 · hero/heroine heroic heroism
cet-4,hers,hers,canonical,PDF第76页 · hers
cet-4,herself,herself,canonical,PDF第76页 · herself
cet-4,hesitate,hesitant,derived,PDF第76页 · hesitate hesitation hesitant
cet-4,hesitate,hesitate,canonical,PDF第76页 · hesitate hesitation hesitant
cet-4,hesitate,hesitation,derived,PDF第76页 · hesitate hesitation hesitant
cet-4,hi,hi,canonical,PDF第76页 · hi
cet-4,hide,hide,canonical,PDF第76页 · hide hiding
cet-4,hide,hiding,derived,PDF第76页 · hide hiding
cet-4,high,high,canonical,PDF第77页 · high highly
cet-4,high-tech,high tech,canonical,PDF第77页 · highＧtech
cet-4,high-tech,high-tech,canonical,PDF第77页 · highＧtech
cet-4,highlight,highlight,canonical,PDF第77页 · highlight
cet-4,high,highly,derived,PDF第77页 · high highly
cet-4,highway,highway,canonical,PDF第77页 · highway
cet-4,hijack,hijack,canonical,PDF第77页 · hijack
cet-4,hill,hill,canonical,PDF第77页 · hill hilly
cet-4,hill,hilly,derived,PDF第77页 · hill hilly
cet-4,him,him,canonical,PDF第77页 · him
cet-4,himself,himself,canonical,PDF第77页 · himself
cet-4,hinder,hinder,canonical,PDF第77页 · hinder hindrance
cet-4,hinder,hindrance,derived,PDF第77页 · hinder hindrance
cet-4,hint,hint,canonical,PDF第77页 · hint
cet-4,hip,hip,canonical,PDF第77页 · hip
cet-4,hire,hire,canonical,PDF第77页 · hire
cet-4,his,his,canonical,PDF第77页 · his
cet-4,history,historian,derived,PDF第77页 · history historic historical historian
cet-4,history,historic,derived,PDF第77页 · history historic historical historian
cet-4,history,historical,derived,PDF第77页 · history historic historical historian
cet-4,history,history,canonical,PDF第77页 · history historic historical historian
cet-4,hit,hit,canonical,PDF第77页 · hit
cet-4,hobby,hobby,canonical,PDF第77页 · hobby
cet-4,hold,hold,canonical,PDF第77页 · hold
cet-4,hole,hole,canonical,PDF第77页 · hole
cet-4,holiday,holiday,canonical,PDF第77页 · holiday
cet-4,holy,holiness,derived,PDF第77页 · holy holiness
cet-4,hollow,hollow,canonical,PDF第77页 · hollow
cet-4,holy,holy,canonical,PDF第77页 · holy holiness
cet-4,home,home,canonical,PDF第77页 · home homeless homely
cet-4,homeland,homeland,canonical,PDF第77页 · homeland
cet-4,home,homeless,derived,PDF第77页 · home homeless homely
cet-4,home,homely,derived,PDF第77页 · home homeless homely
cet-4,homework,homework,canonical,PDF第77页 · homework
cet-4,homosexual,homo,canonical_variant,PDF第77页 · homosexual/homo
cet-4,homosexual,homosexual,canonical,PDF第77页 · homosexual/homo
cet-4,honest,honest,canonical,PDF第77页 · honest honesty
cet-4,honest,honesty,derived,PDF第77页 · honest honesty
cet-4,honey,honey,canonical,PDF第77页 · honey
cet-4,honeymoon,honeymoon,canonical,PDF第77页 · honeymoon
cet-4,honor,honor,canonical,PDF第77页 · hono(u)r hono(u)rable hono(u)rary
cet-4,honor,honorable,derived,PDF第77页 · hono(u)r hono(u)rable hono(u)rary
cet-4,honor,honorary,derived,PDF第77页 · hono(u)r hono(u)rable hono(u)rary
cet-4,honor,honour,canonical_variant,PDF第77页 · hono(u)r hono(u)rable hono(u)rary
cet-4,honor,honourable,derived_variant,PDF第77页 · hono(u)r hono(u)rable hono(u)rary
cet-4,honor,honourary,derived_variant,PDF第77页 · hono(u)r hono(u)rable hono(u)rary
cet-4,hook,hook,canonical,PDF第77页 · hook
cet-4,hope,hope,canonical,PDF第77页 · hope hopeful hopeless
cet-4,hope,hopeful,derived,PDF第77页 · hope hopeful hopeless
cet-4,hope,hopeless,derived,PDF第77页 · hope hopeful hopeless
cet-4,horizon,horizon,canonical,PDF第77页 · horizon horizontal
cet-4,horizon,horizontal,derived,PDF第77页 · horizon horizontal
cet-4,horn,horn,canonical,PDF第77页 · horn
cet-4,horror,horrible,derived,PDF第77页 · horror horrible horrify
cet-4,horror,horrify,derived,PDF第77页 · horror horrible horrify
cet-4,horror,horror,canonical,PDF第77页 · horror horrible horrify
cet-4,horse,horse,canonical,PDF第78页 · horse
cet-4,horsepower,horsepower,canonical,PDF第78页 · horsepower
cet-4,hospitable,hospitable,canonical,PDF第78页 · hospitable hospitality
cet-4,hospital,hospital,canonical,PDF第78页 · hospital hospitalize
cet-4,hospitable,hospitality,derived,PDF第78页 · hospitable hospitality
cet-4,hospital,hospitalize,derived,PDF第78页 · hospital hospitalize
cet-4,host,host,canonical · 同形异义1 · 同形异义2,PDF第78页 · host１
cet-4,hostile,hostile,canonical,PDF第78页 · hostile hostility
cet-4,hostile,hostility,derived,PDF第78页 · hostile hostility
cet-4,hot,hot,canonical,PDF第78页 · hot
cet-4,hotdog,hotdog,canonical,PDF第78页 · hotdog
cet-4,hotel,hotel,canonical,PDF第78页 · hotel
cet-4,hour,hour,canonical,PDF第78页 · hour hourly
cet-4,hour,hourly,derived,PDF第78页 · hour hourly
cet-4,house,house,canonical,PDF第78页 · house housing
cet-4,household,household,canonical,PDF第78页 · household
cet-4,housewife,housewife,canonical,PDF第78页 · housewife
cet-4,housework,housework,canonical,PDF第78页 · housework
cet-4,house,housing,derived,PDF第78页 · house housing
cet-4,how,how,canonical,PDF第78页 · how
cet-4,however,however,canonical,PDF第78页 · however
cet-4,hug,hug,canonical,PDF第78页 · hug
cet-4,huge,huge,canonical,PDF第78页 · huge
cet-4,human,human,canonical,PDF第78页 · human humanity
cet-4,human,humanity,derived,PDF第78页 · human humanity
cet-4,humble,humble,canonical,PDF第78页 · humble humbly
cet-4,humble,humbly,derived,PDF第78页 · humble humbly
cet-4,humor,humor,canonical,PDF第78页 · humo(u)r humo(u)rous
cet-4,humor,humorous,derived,PDF第78页 · humo(u)r humo(u)rous
cet-4,humor,humour,canonical_variant,PDF第78页 · humo(u)r humo(u)rous
cet-4,humor,humourous,derived_variant,PDF第78页 · humo(u)r humo(u)rous
cet-4,hundred,hundred,canonical,PDF第78页 · hundred
cet-4,hunger,hunger,canonical,PDF第78页 · hunger hungry
cet-4,hunger,hungry,derived,PDF第78页 · hunger hungry
cet-4,hunt,hunt,canonical,PDF第78页 · hunt hunting hunter
cet-4,hunt,hunter,derived,PDF第78页 · hunt hunting hunter
cet-4,hunt,hunting,derived,PDF第78页 · hunt hunting hunter
cet-4,hurry,hurriedly,derived,PDF第78页 · hurry hurriedly
cet-4,hurry,hurry,canonical,PDF第78页 · hurry hurriedly
cet-4,hurt,hurt,canonical,PDF第78页 · hurt hurtful
cet-4,hurt,hurtful,derived,PDF第78页 · hurt hurtful
cet-4,husband,husband,canonical,PDF第78页 · husband
cet-4,hut,hut,canonical,PDF第78页 · hut
cet-4,hydrogen,hydrogen,canonical,PDF第79页 · hydrogen
cet-4,hyphen,hyphen,canonical,PDF第79页 · hyphen
cet-4,i,i,canonical,PDF第79页 · I
cet-4,ice,ice,canonical,PDF第79页 · ice icy
cet-4,ice-cream,ice cream,canonical,PDF第79页 · iceＧcream
cet-4,ice-cream,ice-cream,canonical,PDF第79页 · iceＧcream
cet-4,ice,icy,derived,PDF第79页 · ice icy
cet-4,idea,idea,canonical,PDF第79页 · idea
cet-4,ideal,ideal,canonical,PDF第79页 · ideal idealistic idealism
cet-4,ideal,idealism,derived,PDF第79页 · ideal idealistic idealism
cet-4,ideal,idealistic,derived,PDF第79页 · ideal idealistic idealism
cet-4,identity,identical,derived,PDF第79页 · identity identical
cet-4,identify,identification,derived,PDF第79页 · identify identification
cet-4,identify,identify,canonical,PDF第79页 · identify identification
cet-4,identity,identity,canonical,PDF第79页 · identity identical
cet-4,idiom,idiom,canonical,PDF第79页 · idiom idiomatic
cet-4,idiom,idiomatic,derived,PDF第79页 · idiom idiomatic
cet-4,idle,idle,canonical,PDF第79页 · idle idly
cet-4,idle,idly,derived,PDF第79页 · idle idly
cet-4,if,if,canonical,PDF第79页 · if
cet-4,ignorant,ignorance,derived,PDF第79页 · ignorant ignorance
cet-4,ignorant,ignorant,canonical,PDF第79页 · ignorant ignorance
cet-4,ignore,ignore,canonical,PDF第79页 · ignore
cet-4,ill,ill,canonical,PDF第79页 · ill illness
cet-4,illegal,illegal,canonical,PDF第79页 · illegal
cet-4,ill,illness,derived,PDF第79页 · ill illness
cet-4,illusion,illusion,canonical,PDF第79页 · illusion illusory
cet-4,illusion,illusory,derived,PDF第79页 · illusion illusory
cet-4,illustrate,illustrate,canonical,PDF第79页 · illustrate illustration illustrative
cet-4,illustrate,illustration,derived,PDF第79页 · illustrate illustration illustrative
cet-4,illustrate,illustrative,derived,PDF第79页 · illustrate illustration illustrative
cet-4,image,image,canonical,PDF第79页 · image imaging
cet-4,imagine,imaginary,derived,PDF第79页 · imagine imagination imaginative imaginary
cet-4,imagine,imagination,derived,PDF第79页 · imagine imagination imaginative imaginary
cet-4,imagine,imaginative,derived,PDF第79页 · imagine imagination imaginative imaginary
cet-4,imagine,imagine,canonical,PDF第79页 · imagine imagination imaginative imaginary
cet-4,image,imaging,derived,PDF第79页 · image imaging
cet-4,imitate,imitate,canonical,PDF第79页 · imitate imitation imitative
cet-4,imitate,imitation,derived,PDF第79页 · imitate imitation imitative
cet-4,imitate,imitative,derived,PDF第79页 · imitate imitation imitative
cet-4,immediate,immediate,canonical,PDF第79页 · immediate immediately
cet-4,immediate,immediately,derived,PDF第79页 · immediate immediately
cet-4,immense,immense,canonical,PDF第79页 · immense immensely immensity
cet-4,immense,immensely,derived,PDF第79页 · immense immensely immensity
cet-4,immense,immensity,derived,PDF第79页 · immense immensely immensity
cet-4,immigrate,immigrant,derived,PDF第79页 · immigrate immigration immigrant
cet-4,immigrate,immigrate,canonical,PDF第79页 · immigrate immigration immigrant
cet-4,immigrate,immigration,derived,PDF第79页 · immigrate immigration immigrant
cet-4,immune,immune,canonical,PDF第79页 · immune immunity immunize/Ｇise
cet-4,immune,immunise,derived_variant,PDF第79页 · immune immunity immunize/Ｇise
cet-4,immune,immunity,derived,PDF第79页 · immune immunity immunize/Ｇise
cet-4,immune,immunize,derived,PDF第79页 · immune immunity immunize/Ｇise
cet-4,impact,impact,canonical,PDF第79页 · impact
cet-4,impatient,impatience,derived,PDF第80页 · impatient impatience
cet-4,impatient,impatient,canonical,PDF第80页 · impatient impatience
cet-4,imperial,imperial,canonical,PDF第80页 · imperial imperialism imperialist
cet-4,imperial,imperialism,derived,PDF第80页 · imperial imperialism imperialist
cet-4,imperial,imperialist,derived,PDF第80页 · imperial imperialism imperialist
cet-4,implement,implement,canonical · 同形异义1 · 同形异义2,PDF第80页 · implement１
cet-4,imply,implication,derived,PDF第80页 · imply implication
cet-4,implicit,implicit,canonical,PDF第80页 · implicit
cet-4,imply,imply,canonical,PDF第80页 · imply implication
cet-4,import,import,canonical,PDF第80页 · import importation
cet-4,important,importance,derived,PDF第80页 · important importance
cet-4,important,important,canonical,PDF第80页 · important importance
cet-4,import,importation,derived,PDF第80页 · import importation
cet-4,impose,impose,canonical,PDF第80页 · impose imposition imposing
cet-4,impose,imposing,derived,PDF第80页 · impose imposition imposing
cet-4,impose,imposition,derived,PDF第80页 · impose imposition imposing
cet-4,impossible,impossibility,derived,PDF第80页 · impossible impossibility
cet-4,impossible,impossible,canonical,PDF第80页 · impossible impossibility
cet-4,impress,impress,canonical,PDF第80页 · impress impression impressive
cet-4,impress,impression,derived,PDF第80页 · impress impression impressive
cet-4,impress,impressive,derived,PDF第80页 · impress impression impressive
cet-4,improve,improve,canonical,PDF第80页 · improve improvement
cet-4,improve,improvement,derived,PDF第80页 · improve improvement
cet-4,impulse,impulse,canonical,PDF第80页 · impulse impulsive
cet-4,impulse,impulsive,derived,PDF第80页 · impulse impulsive
cet-4,in,in,canonical,PDF第80页 · in
cet-4,incentive,incentive,canonical,PDF第80页 · incentive
cet-4,inch,inch,canonical,PDF第80页 · inch
cet-4,incidence,incidence,canonical,PDF第80页 · incidence
cet-4,incident,incident,canonical,PDF第80页 · incident incidental incidentally
cet-4,incident,incidental,derived,PDF第80页 · incident incidental incidentally
cet-4,incident,incidentally,derived,PDF第80页 · incident incidental incidentally
cet-4,incline,inclination,derived,PDF第80页 · incline inclined inclination
cet-4,incline,incline,canonical,PDF第80页 · incline inclined inclination
cet-4,incline,inclined,derived,PDF第80页 · incline inclined inclination
cet-4,include,include,canonical,PDF第80页 · include inclusion inclusive including
cet-4,include,including,derived,PDF第80页 · include inclusion inclusive including
cet-4,include,inclusion,derived,PDF第80页 · include inclusion inclusive including
cet-4,include,inclusive,derived,PDF第80页 · include inclusion inclusive including
cet-4,income,income,canonical,PDF第80页 · income
cet-4,increase,increase,canonical,PDF第80页 · increase increasingly
cet-4,increase,increasingly,derived,PDF第80页 · increase increasingly
cet-4,incredible,incredible,canonical,PDF第80页 · incredible incredibly
cet-4,incredible,incredibly,derived,PDF第80页 · incredible incredibly
cet-4,indeed,indeed,canonical,PDF第80页 · indeed
cet-4,independent,independence,derived,PDF第80页 · independent independence
cet-4,independent,independent,canonical,PDF第80页 · independent independence
cet-4,index,index,canonical,PDF第80页 · index
cet-4,indicate,indicate,canonical,PDF第80页 · indicate indication indicative indicator
cet-4,indicate,indication,derived,PDF第80页 · indicate indication indicative indicator
cet-4,indicate,indicative,derived,PDF第80页 · indicate indication indicative indicator
cet-4,indicate,indicator,derived,PDF第80页 · indicate indication indicative indicator
cet-4,indifferent,indifference,derived,PDF第80页 · indifferent indifference
cet-4,indifferent,indifferent,canonical,PDF第80页 · indifferent indifference
cet-4,indispensable,indispensable,canonical,PDF第81页 · indispensable
cet-4,individual,individual,canonical,PDF第81页 · individual individualism
cet-4,individual,individualism,derived,PDF第81页 · individual individualism
cet-4,indoor,indoor,canonical,PDF第81页 · indoor indoors
cet-4,indoor,indoors,derived,PDF第81页 · indoor indoors
cet-4,induce,induce,canonical,PDF第81页 · induce inducement
cet-4,induce,inducement,derived,PDF第81页 · induce inducement
cet-4,industry,industrial,derived,PDF第81页 · industry industrial industrialize/Ｇise industrious
cet-4,industry,industrialise,derived_variant,PDF第81页 · industry industrial industrialize/Ｇise industrious
cet-4,industry,industrialize,derived,PDF第81页 · industry industrial industrialize/Ｇise industrious
cet-4,industry,industrious,derived,PDF第81页 · industry industrial industrialize/Ｇise industrious
cet-4,industry,industry,canonical,PDF第81页 · industry industrial industrialize/Ｇise industrious
cet-4,inevitable,inevitable,canonical,PDF第81页 · inevitable
cet-4,infant,infant,canonical,PDF第81页 · infant
cet-4,infect,infect,canonical,PDF第81页 · infect infection infectious
cet-4,infect,infection,derived,PDF第81页 · infect infection infectious
cet-4,infect,infectious,derived,PDF第81页 · infect infection infectious
cet-4,infer,infer,canonical,PDF第81页 · infer inference
cet-4,infer,inference,derived,PDF第81页 · infer inference
cet-4,inferior,inferior,canonical,PDF第81页 · inferior inferiority
cet-4,inferior,inferiority,derived,PDF第81页 · inferior inferiority
cet-4,infinite,infinite,canonical,PDF第81页 · infinite infinity infinitive
cet-4,infinite,infinitive,derived,PDF第81页 · infinite infinity infinitive
cet-4,infinite,infinity,derived,PDF第81页 · infinite infinity infinitive
cet-4,inflate,inflate,canonical,PDF第81页 · inflate inflation
cet-4,inflate,inflation,derived,PDF第81页 · inflate inflation
cet-4,influence,influence,canonical,PDF第81页 · influence influential
cet-4,influence,influential,derived,PDF第81页 · influence influential
cet-4,influenza,influenza,canonical,PDF第81页 · influenza/flu
cet-4,inform,inform,canonical,PDF第81页 · inform information informative informant
cet-4,inform,informant,derived,PDF第81页 · inform information informative informant
cet-4,inform,information,derived,PDF第81页 · inform information informative informant
cet-4,inform,informative,derived,PDF第81页 · inform information informative informant
cet-4,infrastructure,infrastructure,canonical,PDF第81页 · infrastructure
cet-4,ingredient,ingredient,canonical,PDF第81页 · ingredient
cet-4,inhabit,inhabit,canonical,PDF第81页 · inhabit inhabitant
cet-4,inhabit,inhabitant,derived,PDF第81页 · inhabit inhabitant
cet-4,inherit,inherit,canonical,PDF第81页 · inherit inheritance
cet-4,inherit,inheritance,derived,PDF第81页 · inherit inheritance
cet-4,initial,initial,canonical,PDF第81页 · initial initially
cet-4,initial,initially,derived,PDF第81页 · initial initially
cet-4,initiate,initiate,canonical,PDF第81页 · initiate initiation initiative
cet-4,initiate,initiation,derived,PDF第81页 · initiate initiation initiative
cet-4,initiate,initiative,derived,PDF第81页 · initiate initiation initiative
cet-4,injure,injure,canonical,PDF第81页 · injure injury injurious
cet-4,injure,injurious,derived,PDF第81页 · injure injury injurious
cet-4,injure,injury,derived,PDF第81页 · injure injury injurious
cet-4,ink,ink,canonical,PDF第81页 · ink
cet-4,inland,inland,canonical,PDF第81页 · inland
cet-4,inn,inn,canonical,PDF第81页 · inn
cet-4,inner,inner,canonical,PDF第81页 · inner
cet-4,innocent,innocence,derived,PDF第81页 · innocent innocence
cet-4,innocent,innocent,canonical,PDF第81页 · innocent innocence
cet-4,innovate,innovate,canonical,PDF第81页 · innovate innovation innovative
cet-4,innovate,innovation,derived,PDF第81页 · innovate innovation innovative
cet-4,innovate,innovative,derived,PDF第81页 · innovate innovation innovative
cet-4,input,input,canonical,PDF第81页 · input
cet-4,inquire,inquire,canonical,PDF第81页 · inquire/enquire inquiry/enquiry inquisitive
cet-4,inquire,inquiry,derived,PDF第81页 · inquire/enquire inquiry/enquiry inquisitive
cet-4,inquire,inquisitive,derived,PDF第81页 · inquire/enquire inquiry/enquiry inquisitive
cet-4,insane,insane,canonical,PDF第82页 · insane insanity
cet-4,insane,insanity,derived,PDF第82页 · insane insanity
cet-4,insect,insect,canonical,PDF第82页 · insect
cet-4,insert,insert,canonical,PDF第82页 · insert insertion
cet-4,insert,insertion,derived,PDF第82页 · insert insertion
cet-4,inside,inside,canonical,PDF第82页 · inside insider
cet-4,inside,insider,derived,PDF第82页 · inside insider
cet-4,insight,insight,canonical,PDF第82页 · insight insightful
cet-4,insight,insightful,derived,PDF第82页 · insight insightful
cet-4,insist,insist,canonical,PDF第82页 · insist insistence insistent
cet-4,insist,insistence,derived,PDF第82页 · insist insistence insistent
cet-4,insist,insistent,derived,PDF第82页 · insist insistence insistent
cet-4,inspect,inspect,canonical,PDF第82页 · inspect inspection inspector
cet-4,inspect,inspection,derived,PDF第82页 · inspect inspection inspector
cet-4,inspect,inspector,derived,PDF第82页 · inspect inspection inspector
cet-4,inspire,inspiration,derived,PDF第82页 · inspire inspiration inspirational
cet-4,inspire,inspirational,derived,PDF第82页 · inspire inspiration inspirational
cet-4,inspire,inspire,canonical,PDF第82页 · inspire inspiration inspirational
cet-4,instal,instal,canonical,PDF第82页 · instal(l) instal(l)ation
cet-4,instal,instalation,derived,PDF第82页 · instal(l) instal(l)ation
cet-4,instal,install,canonical_variant,PDF第82页 · instal(l) instal(l)ation
cet-4,instal,installation,derived_variant,PDF第82页 · instal(l) instal(l)ation
cet-4,instalment,installment,canonical_variant,PDF第82页 · instal(l)ment
cet-4,instalment,instalment,canonical,PDF第82页 · instal(l)ment
cet-4,instance,instance,canonical,PDF第82页 · instance
cet-4,instant,instant,canonical,PDF第82页 · instant instantaneous
cet-4,instant,instantaneous,derived,PDF第82页 · instant instantaneous
cet-4,instead,instead,canonical,PDF第82页 · instead
cet-4,instinct,instinct,canonical,PDF第82页 · instinct instinctive
cet-4,instinct,instinctive,derived,PDF第82页 · instinct instinctive
cet-4,institute,institute,canonical,PDF第82页 · institute
cet-4,institution,institution,canonical,PDF第82页 · institution institutional
cet-4,institution,institutional,derived,PDF第82页 · institution institutional
cet-4,instruct,instruct,canonical,PDF第82页 · instruct instruction instructor instructive
cet-4,instruct,instruction,derived,PDF第82页 · instruct instruction instructor instructive
cet-4,instruct,instructive,derived,PDF第82页 · instruct instruction instructor instructive
cet-4,instruct,instructor,derived,PDF第82页 · instruct instruction instructor instructive
cet-4,instrument,instrument,canonical,PDF第82页 · instrument instrumental
cet-4,instrument,instrumental,derived,PDF第82页 · instrument instrumental
cet-4,insult,insult,canonical,PDF第82页 · insult
cet-4,insure,insurance,derived,PDF第82页 · insure/ensure insurance
cet-4,insure,insure,canonical,PDF第82页 · insure/ensure insurance
cet-4,intact,intact,canonical,PDF第82页 · intact
cet-4,intake,intake,canonical,PDF第82页 · intake
cet-4,intangible,intangible,canonical,PDF第82页 · intangible
cet-4,integrate,integrate,canonical,PDF第82页 · integrate integration
cet-4,integrate,integration,derived,PDF第82页 · integrate integration
cet-4,integrity,integrity,canonical,PDF第82页 · integrity
cet-4,intellectual,intellectual,canonical,PDF第82页 · intellectual
cet-4,intelligent,intelligence,derived,PDF第82页 · intelligent intelligence
cet-4,intelligent,intelligent,canonical,PDF第82页 · intelligent intelligence
cet-4,intend,intend,canonical,PDF第82页 · intend intention intent intentional
cet-4,intense,intense,canonical,PDF第82页 · intense intensity intensify
cet-4,intense,intensify,derived,PDF第82页 · intense intensity intensify
cet-4,intense,intensity,derived,PDF第82页 · intense intensity intensify
cet-4,intensive,intensive,canonical,PDF第82页 · intensive
cet-4,intend,intent,derived,PDF第82页 · intend intention intent intentional
cet-4,intend,intention,derived,PDF第82页 · intend intention intent intentional
cet-4,intend,intentional,derived,PDF第82页 · intend intention intent intentional
cet-4,interact,interact,canonical,PDF第82页 · interact interaction interactive
cet-4,interact,interaction,derived,PDF第82页 · interact interaction interactive
cet-4,interact,interactive,derived,PDF第82页 · interact interaction interactive
cet-4,interest,interest,canonical,PDF第82页 · interest interesting interested
cet-4,interest,interested,derived,PDF第82页 · interest interesting interested
cet-4,interest,interesting,derived,PDF第82页 · interest interesting interested
cet-4,interfere,interfere,canonical,PDF第82页 · interfere interference
cet-4,interfere,interference,derived,PDF第82页 · interfere interference
cet-4,interior,interior,canonical,PDF第82页 · interior
cet-4,intermediate,intermediary,derived,PDF第82页 · intermediate intermediary
cet-4,intermediate,intermediate,canonical,PDF第82页 · intermediate intermediary
cet-4,internal,internal,canonical,PDF第83页 · internal
cet-4,international,international,canonical,PDF第83页 · international
cet-4,internet,internet,canonical,PDF第83页 · Internet/internet
cet-4,interpret,interpret,canonical,PDF第83页 · interpret interpretation interpreter
cet-4,interpret,interpretation,derived,PDF第83页 · interpret interpretation interpreter
cet-4,interpret,interpreter,derived,PDF第83页 · interpret interpretation interpreter
cet-4,interrupt,interrupt,canonical,PDF第83页 · interrupt interruption
cet-4,interrupt,interruption,derived,PDF第83页 · interrupt interruption
cet-4,interval,interval,canonical,PDF第83页 · interval
cet-4,interview,interview,canonical,PDF第83页 · interview interviewer interviewee
cet-4,interview,interviewee,derived,PDF第83页 · interview interviewer interviewee
cet-4,interview,interviewer,derived,PDF第83页 · interview interviewer interviewee
cet-4,intimate,intimacy,derived,PDF第83页 · intimate intimacy
cet-4,intimate,intimate,canonical,PDF第83页 · intimate intimacy
cet-4,into,into,canonical,PDF第83页 · into
cet-4,introduce,introduce,canonical,PDF第83页 · introduce introduction introductory
cet-4,introduce,introduction,derived,PDF第83页 · introduce introduction introductory
cet-4,introduce,introductory,derived,PDF第83页 · introduce introduction introductory
cet-4,intrude,intrude,canonical,PDF第83页 · intrude intrusion intruder
cet-4,intrude,intruder,derived,PDF第83页 · intrude intrusion intruder
cet-4,intrude,intrusion,derived,PDF第83页 · intrude intrusion intruder
cet-4,invade,invade,canonical,PDF第83页 · invade invasion invader invasive
cet-4,invade,invader,derived,PDF第83页 · invade invasion invader invasive
cet-4,invalid,invalid,canonical · 同形异义2,PDF第83页 · invalid２
cet-4,invaluable,invaluable,canonical,PDF第83页 · invaluable
cet-4,invariably,invariably,canonical,PDF第83页 · invariably
cet-4,invade,invasion,derived,PDF第83页 · invade invasion invader invasive
cet-4,invade,invasive,derived,PDF第83页 · invade invasion invader invasive
cet-4,invent,invent,canonical,PDF第83页 · invent invention inventor
cet-4,invent,invention,derived,PDF第83页 · invent invention inventor
cet-4,invent,inventor,derived,PDF第83页 · invent invention inventor
cet-4,invest,invest,canonical,PDF第83页 · invest investment investor
cet-4,investigate,investigate,canonical,PDF第83页 · investigate investigation investigator
cet-4,investigate,investigation,derived,PDF第83页 · investigate investigation investigator
cet-4,investigate,investigator,derived,PDF第83页 · investigate investigation investigator
cet-4,invest,investment,derived,PDF第83页 · invest investment investor
cet-4,invest,investor,derived,PDF第83页 · invest investment investor
cet-4,invisible,invisible,canonical,PDF第83页 · invisible
cet-4,invite,invitation,derived,PDF第83页 · invite invitation inviting
cet-4,invite,invite,canonical,PDF第83页 · invite invitation inviting
cet-4,invite,inviting,derived,PDF第83页 · invite invitation inviting
cet-4,involve,involve,canonical,PDF第83页 · involve involvement involved
cet-4,involve,involved,derived,PDF第83页 · involve involvement involved
cet-4,involve,involvement,derived,PDF第83页 · involve involvement involved
cet-4,inward,inward,canonical,PDF第83页 · inward
cet-4,iron,iron,canonical,PDF第83页 · iron
cet-4,irony,ironic,derived,PDF第83页 · irony ironic(al) ironically
cet-4,irony,ironical,derived_variant,PDF第83页 · irony ironic(al) ironically
cet-4,irony,ironically,derived,PDF第83页 · irony ironic(al) ironically
cet-4,irony,irony,canonical,PDF第83页 · irony ironic(al) ironically
cet-4,irrational,irrational,canonical,PDF第83页 · irrational
cet-4,irregular,irregular,canonical,PDF第83页 · irregular
cet-4,irrigate,irrigate,canonical,PDF第83页 · irrigate irrigation
cet-4,irrigate,irrigation,derived,PDF第83页 · irrigate irrigation
cet-4,island,island,canonical,PDF第83页 · island
cet-4,isolate,isolate,canonical,PDF第83页 · isolate isolation
cet-4,isolate,isolation,derived,PDF第83页 · isolate isolation
cet-4,issue,issue,canonical,PDF第84页 · issue
cet-4,it,it,canonical,PDF第84页 · it
cet-4,item,item,canonical,PDF第84页 · item
cet-4,its,its,canonical,PDF第84页 · its
cet-4,itself,itself,canonical,PDF第84页 · itself
cet-4,jacket,jacket,canonical,PDF第84页 · jacket
cet-4,jail,jail,canonical,PDF第84页 · jail/gaol
cet-4,jam,jam,canonical · 同形异义1 · 同形异义2,PDF第84页 · jam１
cet-4,january,january,canonical,PDF第84页 · January
cet-4,jar,jar,canonical · 同形异义1 · 同形异义2,PDF第84页 · jar１
cet-4,jaw,jaw,canonical,PDF第84页 · jaw
cet-4,jazz,jazz,canonical,PDF第84页 · jazz
cet-4,jealous,jealous,canonical,PDF第84页 · jealous jealousy
cet-4,jealous,jealousy,derived,PDF第84页 · jealous jealousy
cet-4,jeans,jeans,canonical,PDF第84页 · jeans
cet-4,jeep,jeep,canonical,PDF第84页 · jeep
cet-4,jet,jet,canonical,PDF第84页 · jet
cet-4,jetlag,jetlag,canonical,PDF第84页 · jetlag
cet-4,jewel,jewel,canonical,PDF第84页 · jewel jewel(l)ery
cet-4,jewel,jewelery,derived,PDF第84页 · jewel jewel(l)ery
cet-4,jewel,jewellery,derived_variant,PDF第84页 · jewel jewel(l)ery
cet-4,job,job,canonical,PDF第84页 · job
cet-4,jog,jog,canonical,PDF第84页 · jog
cet-4,join,join,canonical,PDF第84页 · join
cet-4,joint,joint,canonical,PDF第84页 · joint
cet-4,joke,joke,canonical,PDF第84页 · joke
cet-4,journal,journal,canonical,PDF第84页 · journal
cet-4,journalism,journalism,canonical,PDF第84页 · journalism journalist
cet-4,journalism,journalist,derived,PDF第84页 · journalism journalist
cet-4,journey,journey,canonical,PDF第84页 · journey
cet-4,joy,joy,canonical,PDF第84页 · joy joyous joyful
cet-4,joy,joyful,derived,PDF第84页 · joy joyous joyful
cet-4,joy,joyous,derived,PDF第84页 · joy joyous joyful
cet-4,judge,judge,canonical,PDF第84页 · judge judg(e)ment
cet-4,judge,judgement,derived_variant,PDF第84页 · judge judg(e)ment
cet-4,judge,judgment,derived,PDF第84页 · judge judg(e)ment
cet-4,juice,juice,canonical,PDF第84页 · juice juicy
cet-4,juice,juicy,derived,PDF第84页 · juice juicy
cet-4,july,july,canonical,PDF第84页 · July
cet-4,jump,jump,canonical,PDF第85页 · jump
cet-4,june,june,canonical,PDF第85页 · June
cet-4,jungle,jungle,canonical,PDF第85页 · jungle
cet-4,junior,junior,canonical,PDF第85页 · junior
cet-4,junk,junk,canonical,PDF第85页 · junk
cet-4,jury,juror,derived,PDF第85页 · jury juror
cet-4,jury,jury,canonical,PDF第85页 · jury juror
cet-4,just,just,canonical · 同形异义1 · 同形异义2,PDF第85页 · just１
cet-4,justice,justice,canonical,PDF第85页 · justice
cet-4,justify,justification,derived,PDF第85页 · justify justification
cet-4,justify,justify,canonical,PDF第85页 · justify justification
cet-4,keen,keen,canonical,PDF第85页 · keen
cet-4,keep,keep,canonical,PDF第85页 · keep
cet-4,kettle,kettle,canonical,PDF第85页 · kettle
cet-4,key,key,canonical,PDF第85页 · key
cet-4,keyboard,keyboard,canonical,PDF第85页 · keyboard
cet-4,kick,kick,canonical,PDF第85页 · kick
cet-4,kid,kid,canonical,PDF第85页 · kid
cet-4,kill,kill,canonical,PDF第85页 · kill
cet-4,kilogram,kilo,canonical_variant,PDF第85页 · kilogram(me)/kilo
cet-4,kilogram,kilogram,canonical,PDF第85页 · kilogram(me)/kilo
cet-4,kilogram,kilogramme,canonical_variant,PDF第85页 · kilogram(me)/kilo
cet-4,kilometer,kilometer,canonical,PDF第85页 · kilometer/Ｇtre
cet-4,kilometer,kilometre,canonical_variant,PDF第85页 · kilometer/Ｇtre
cet-4,kin,kin,canonical,PDF第85页 · kin
cet-4,kind,kind,canonical,PDF第85页 · kind kindness
cet-4,kindergarten,kindergarten,canonical,PDF第85页 · kindergarten
cet-4,kind,kindness,derived,PDF第85页 · kind kindness
cet-4,king,king,canonical,PDF第85页 · king
cet-4,kingdom,kingdom,canonical,PDF第85页 · kingdom
cet-4,kiss,kiss,canonical,PDF第85页 · kiss
cet-4,kit,kit,canonical,PDF第85页 · kit
cet-4,kitchen,kitchen,canonical,PDF第85页 · kitchen
cet-4,kite,kite,canonical,PDF第85页 · kite
cet-4,knee,knee,canonical,PDF第85页 · knee
cet-4,kneel,kneel,canonical,PDF第85页 · kneel
cet-4,knife,knife,canonical,PDF第85页 · knife
cet-4,knit,knit,canonical,PDF第85页 · knit
cet-4,knock,knock,canonical,PDF第85页 · knock
cet-4,knot,knot,canonical,PDF第85页 · knot knotty
cet-4,knot,knotty,derived,PDF第85页 · knot knotty
cet-4,know,know,canonical,PDF第86页 · know knowledge knowledgeable
cet-4,knowhow,knowhow,canonical,PDF第86页 · knowhow
cet-4,know,knowledge,derived,PDF第86页 · know knowledge knowledgeable
cet-4,know,knowledgeable,derived,PDF第86页 · know knowledge knowledgeable
cet-4,laboratory,lab,canonical_variant,PDF第86页 · laboratory/lab
cet-4,label,label,canonical,PDF第86页 · label
cet-4,labor,labor,canonical,PDF第86页 · labo(u)r laborious
cet-4,laboratory,laboratory,canonical,PDF第86页 · laboratory/lab
cet-4,labor,laborious,derived,PDF第86页 · labo(u)r laborious
cet-4,labor,labour,canonical_variant,PDF第86页 · labo(u)r laborious
cet-4,lace,lace,canonical,PDF第86页 · lace
cet-4,lack,lack,canonical,PDF第86页 · lack
cet-4,ladder,ladder,canonical,PDF第86页 · ladder
cet-4,lady,lady,canonical,PDF第86页 · lady
cet-4,lag,lag,canonical,PDF第86页 · lag
cet-4,lake,lake,canonical,PDF第86页 · lake
cet-4,lamb,lamb,canonical,PDF第86页 · lamb
cet-4,lame,lame,canonical,PDF第86页 · lame
cet-4,lamp,lamp,canonical,PDF第86页 · lamp
cet-4,land,land,canonical,PDF第86页 · land landing
cet-4,land,landing,derived,PDF第86页 · land landing
cet-4,landlord,landlady,canonical_variant,PDF第86页 · landlord/landlady
cet-4,landlord,landlord,canonical,PDF第86页 · landlord/landlady
cet-4,landscape,landscape,canonical,PDF第86页 · landscape
cet-4,lane,lane,canonical,PDF第86页 · lane
cet-4,language,language,canonical,PDF第86页 · language
cet-4,lap,lap,canonical,PDF第86页 · lap
cet-4,laptop,laptop,canonical,PDF第86页 · laptop
cet-4,large,large,canonical,PDF第86页 · large largely
cet-4,large,largely,derived,PDF第86页 · large largely
cet-4,laser,laser,canonical,PDF第86页 · laser
cet-4,lass,lass,canonical,PDF第86页 · lass
cet-4,last,last,canonical,PDF第86页 · last lastly
cet-4,last,lastly,derived,PDF第86页 · last lastly
cet-4,late,late,canonical,PDF第86页 · late later
cet-4,lately,lately,canonical,PDF第86页 · lately
cet-4,late,later,derived,PDF第86页 · late later
cet-4,latter,latter,canonical,PDF第86页 · latter
cet-4,laugh,laugh,canonical,PDF第86页 · laugh laughter
cet-4,laugh,laughter,derived,PDF第86页 · laugh laughter
cet-4,launch,launch,canonical,PDF第86页 · launch
cet-4,laundry,laundry,canonical,PDF第86页 · laundry
cet-4,lavatory,lavatory,canonical,PDF第86页 · lavatory
cet-4,law,law,canonical,PDF第86页 · law lawful
cet-4,law,lawful,derived,PDF第86页 · law lawful
cet-4,lawn,lawn,canonical,PDF第86页 · lawn
cet-4,lawyer,lawyer,canonical,PDF第86页 · lawyer
cet-4,lay,lay,canonical,PDF第86页 · lay
cet-4,layer,layer,canonical,PDF第87页 · layer
cet-4,layoff,layoff,canonical,PDF第87页 · layoff
cet-4,layout,layout,canonical,PDF第87页 · layout
cet-4,lazy,laziness,derived,PDF第87页 · lazy laziness
cet-4,lazy,lazy,canonical,PDF第87页 · lazy laziness
cet-4,lead,lead,canonical · 同形异义1 · 同形异义2,PDF第87页 · lead１
cet-4,leaf,leaf,canonical,PDF第87页 · leaf
cet-4,league,league,canonical,PDF第87页 · league
cet-4,leak,leak,canonical,PDF第87页 · leak
cet-4,lean,lean,canonical,PDF第87页 · lean
cet-4,leap,leap,canonical,PDF第87页 · leap
cet-4,learn,learn,canonical,PDF第87页 · learn learned learning learner
cet-4,learn,learned,derived,PDF第87页 · learn learned learning learner
cet-4,learn,learner,derived,PDF第87页 · learn learned learning learner
cet-4,learn,learning,derived,PDF第87页 · learn learned learning learner
cet-4,lease,lease,canonical,PDF第87页 · lease
cet-4,least,least,canonical,PDF第87页 · least
cet-4,leather,leather,canonical,PDF第87页 · leather
cet-4,leave,leave,canonical,PDF第87页 · leave
cet-4,lecture,lecture,canonical,PDF第87页 · lecture lecturer
cet-4,lecture,lecturer,derived,PDF第87页 · lecture lecturer
cet-4,left,left,canonical,PDF第87页 · left leftist
cet-4,left,leftist,derived,PDF第87页 · left leftist
cet-4,leg,leg,canonical,PDF第87页 · leg
cet-4,legal,legal,canonical,PDF第87页 · legal legalize/Ｇise
cet-4,legal,legalise,derived_variant,PDF第87页 · legal legalize/Ｇise
cet-4,legal,legalize,derived,PDF第87页 · legal legalize/Ｇise
cet-4,legend,legend,canonical,PDF第87页 · legend legendary
cet-4,legend,legendary,derived,PDF第87页 · legend legendary
cet-4,legislate,legislate,canonical,PDF第87页 · legislate legislation legislative legislator
cet-4,legislate,legislation,derived,PDF第87页 · legislate legislation legislative legislator
cet-4,legislate,legislative,derived,PDF第87页 · legislate legislation legislative legislator
cet-4,legislate,legislator,derived,PDF第87页 · legislate legislation legislative legislator
cet-4,leisure,leisure,canonical,PDF第87页 · leisure leisurely
cet-4,leisure,leisurely,derived,PDF第87页 · leisure leisurely
cet-4,lemon,lemon,canonical,PDF第87页 · lemon lemonade
cet-4,lemon,lemonade,derived,PDF第87页 · lemon lemonade
cet-4,lend,lend,canonical,PDF第87页 · lend
cet-4,lens,lens,canonical,PDF第87页 · lens
cet-4,less,less,canonical,PDF第87页 · less
cet-4,lesson,lesson,canonical,PDF第87页 · lesson
cet-4,lest,lest,canonical,PDF第87页 · lest
cet-4,let,let,canonical,PDF第87页 · let
cet-4,letter,letter,canonical,PDF第87页 · letter
cet-4,level,level,canonical,PDF第87页 · level
cet-4,liable,liability,derived,PDF第87页 · liable liability
cet-4,liable,liable,canonical,PDF第87页 · liable liability
cet-4,liberal,liberal,canonical,PDF第87页 · liberal
cet-4,liberate,liberate,canonical,PDF第88页 · liberate liberation
cet-4,liberate,liberation,derived,PDF第88页 · liberate liberation
cet-4,liberty,liberty,canonical,PDF第88页 · liberty
cet-4,library,librarian,derived,PDF第88页 · library librarian
cet-4,library,library,canonical,PDF第88页 · library librarian
cet-4,license,licence,canonical_variant,PDF第88页 · license/Ｇce
cet-4,license,license,canonical,PDF第88页 · license/Ｇce
cet-4,lick,lick,canonical,PDF第88页 · lick
cet-4,lid,lid,canonical,PDF第88页 · lid
cet-4,lie,lie,canonical · 同形异义1 · 同形异义2,PDF第88页 · lie１
cet-4,life,life,canonical,PDF第88页 · life
cet-4,lift,lift,canonical,PDF第88页 · lift
cet-4,light,light,canonical · 同形异义1 · 同形异义2,PDF第88页 · light１
cet-4,lightning,lightning,canonical,PDF第88页 · lightning
cet-4,like,like,canonical · 同形异义1 · 同形异义2,PDF第88页 · like１
cet-4,likewise,likewise,canonical,PDF第88页 · likewise
cet-4,lily,lily,canonical,PDF第88页 · lily
cet-4,limb,limb,canonical,PDF第88页 · limb
cet-4,limit,limit,canonical,PDF第88页 · limit limitation limited
cet-4,limit,limitation,derived,PDF第88页 · limit limitation limited
cet-4,limit,limited,derived,PDF第88页 · limit limitation limited
cet-4,line,line,canonical,PDF第88页 · line linear
cet-4,line,linear,derived,PDF第88页 · line linear
cet-4,link,link,canonical,PDF第88页 · link linkage
cet-4,link,linkage,derived,PDF第88页 · link linkage
cet-4,lion,lion,canonical,PDF第88页 · lion lioness
cet-4,lion,lioness,derived,PDF第88页 · lion lioness
cet-4,lip,lip,canonical,PDF第88页 · lip
cet-4,liquid,liquid,canonical,PDF第88页 · liquid
cet-4,liquor,liquor,canonical,PDF第88页 · liquor
cet-4,list,list,canonical,PDF第88页 · list
cet-4,listen,listen,canonical,PDF第88页 · listen listener
cet-4,listen,listener,derived,PDF第88页 · listen listener
cet-4,liter,liter,canonical,PDF第88页 · liter/Ｇtre
cet-4,literary,literacy,derived,PDF第88页 · literary literature literate literacy
cet-4,literal,literal,canonical,PDF第88页 · literal literally
cet-4,literal,literally,derived,PDF第88页 · literal literally
cet-4,literary,literary,canonical,PDF第88页 · literary literature literate literacy
cet-4,literary,literate,derived,PDF第88页 · literary literature literate literacy
cet-4,literary,literature,derived,PDF第88页 · literary literature literate literacy
cet-4,liter,litre,canonical_variant,PDF第88页 · liter/Ｇtre
cet-4,litter,litter,canonical,PDF第88页 · litter
cet-4,little,little,canonical,PDF第88页 · little
cet-4,live,live,canonical · 同形异义1 · 同形异义2,PDF第88页 · live１
cet-4,livelihood,livelihood,canonical,PDF第89页 · livelihood
cet-4,lively,lively,canonical,PDF第89页 · lively
cet-4,liver,liver,canonical,PDF第89页 · liver
cet-4,living-room,living room,canonical,PDF第89页 · livingＧroom
cet-4,living-room,living-room,canonical,PDF第89页 · livingＧroom
cet-4,load,load,canonical,PDF第89页 · load
cet-4,loaf,loaf,canonical,PDF第89页 · loaf
cet-4,loan,loan,canonical,PDF第89页 · loan
cet-4,lobby,lobby,canonical,PDF第89页 · lobby lobbyist
cet-4,lobby,lobbyist,derived,PDF第89页 · lobby lobbyist
cet-4,local,local,canonical,PDF第89页 · local locality
cet-4,local,locality,derived,PDF第89页 · local locality
cet-4,locate,locate,canonical,PDF第89页 · locate location
cet-4,locate,location,derived,PDF第89页 · locate location
cet-4,lock,lock,canonical,PDF第89页 · lock locker
cet-4,lock,locker,derived,PDF第89页 · lock locker
cet-4,lodge,lodge,canonical,PDF第89页 · lodge lodging
cet-4,lodge,lodging,derived,PDF第89页 · lodge lodging
cet-4,log,log,canonical,PDF第89页 · log
cet-4,logic,logic,canonical,PDF第89页 · logic logical
cet-4,logic,logical,derived,PDF第89页 · logic logical
cet-4,logo,logo,canonical,PDF第89页 · logo
cet-4,lonely,loneliness,derived,PDF第89页 · lonely loneliness
cet-4,lonely,lonely,canonical,PDF第89页 · lonely loneliness
cet-4,long,long,canonical · 同形异义1 · 同形异义2,PDF第89页 · long１
cet-4,look,look,canonical,PDF第89页 · look
cet-4,loophole,loophole,canonical,PDF第89页 · loophole
cet-4,loose,loose,canonical,PDF第89页 · loose loosen
cet-4,loose,loosen,derived,PDF第89页 · loose loosen
cet-4,lord,lord,canonical,PDF第89页 · lord
cet-4,lorry,lorry,canonical,PDF第89页 · lorry
cet-4,lose,lose,canonical,PDF第89页 · lose loss
cet-4,lose,loss,derived,PDF第89页 · lose loss
cet-4,lot,lot,canonical,PDF第89页 · lot
cet-4,loud,loud,canonical,PDF第89页 · loud loudly
cet-4,loud,loudly,derived,PDF第89页 · loud loudly
cet-4,love,love,canonical,PDF第89页 · love lovely lover
cet-4,love,lovely,derived,PDF第89页 · love lovely lover
cet-4,love,lover,derived,PDF第89页 · love lovely lover
cet-4,low,low,canonical,PDF第89页 · low lower
cet-4,low,lower,derived,PDF第89页 · low lower
cet-4,loyal,loyal,canonical,PDF第89页 · loyal loyalty
cet-4,loyal,loyalty,derived,PDF第89页 · loyal loyalty
cet-4,luck,luck,canonical,PDF第90页 · luck lucky
cet-4,luck,lucky,derived,PDF第90页 · luck lucky
cet-4,luggage,luggage,canonical,PDF第90页 · luggage
cet-4,lump,lump,canonical,PDF第90页 · lump
cet-4,lunar,lunar,canonical,PDF第90页 · lunar
cet-4,lunch,lunch,canonical,PDF第90页 · lunch luncheon
cet-4,lunch,luncheon,derived,PDF第90页 · lunch luncheon
cet-4,lung,lung,canonical,PDF第90页 · lung
cet-4,luxury,luxurious,derived,PDF第90页 · luxury luxurious
cet-4,luxury,luxury,canonical,PDF第90页 · luxury luxurious
cet-4,machine,machine,canonical,PDF第90页 · machine machinery
cet-4,machine,machinery,derived,PDF第90页 · machine machinery
cet-4,mad,mad,canonical,PDF第90页 · mad madden
cet-4,madam,madam,canonical,PDF第90页 · madam
cet-4,mad,madden,derived,PDF第90页 · mad madden
cet-4,magazine,magazine,canonical,PDF第90页 · magazine
cet-4,magic,magic,canonical,PDF第90页 · magic magical
cet-4,magic,magical,derived,PDF第90页 · magic magical
cet-4,magnet,magnet,canonical,PDF第90页 · magnet magnetic
cet-4,magnet,magnetic,derived,PDF第90页 · magnet magnetic
cet-4,magnificent,magnificence,derived,PDF第90页 · magnificent magnificence
cet-4,magnificent,magnificent,canonical,PDF第90页 · magnificent magnificence
cet-4,maid,maid,canonical,PDF第90页 · maid
cet-4,maiden,maiden,canonical,PDF第90页 · maiden
cet-4,mail,mail,canonical,PDF第90页 · mail
cet-4,main,main,canonical,PDF第90页 · main
cet-4,mainland,mainland,canonical,PDF第90页 · mainland
cet-4,mainstream,mainstream,canonical,PDF第90页 · mainstream
cet-4,maintain,maintain,canonical,PDF第90页 · maintain maintenance
cet-4,maintain,maintenance,derived,PDF第90页 · maintain maintenance
cet-4,major,major,canonical,PDF第90页 · major majority
cet-4,major,majority,derived,PDF第90页 · major majority
cet-4,make,make,canonical,PDF第90页 · make
cet-4,makeup,makeup,canonical,PDF第90页 · makeup
cet-4,male,male,canonical,PDF第90页 · male
cet-4,mall,mall,canonical,PDF第90页 · mall
cet-4,mammal,mammal,canonical,PDF第90页 · mammal
cet-4,man,man,canonical,PDF第90页 · man manly manhood
cet-4,manage,manage,canonical,PDF第90页 · manage management manager managerial
cet-4,manage,management,derived,PDF第90页 · manage management manager managerial
cet-4,manage,manager,derived,PDF第90页 · manage management manager managerial
cet-4,manage,managerial,derived,PDF第90页 · manage management manager managerial
cet-4,man,manhood,derived,PDF第90页 · man manly manhood
cet-4,manipulate,manipulate,canonical,PDF第91页 · manipulate manipulation manipulative
cet-4,manipulate,manipulation,derived,PDF第91页 · manipulate manipulation manipulative
cet-4,manipulate,manipulative,derived,PDF第91页 · manipulate manipulation manipulative
cet-4,mankind,mankind,canonical,PDF第91页 · mankind
cet-4,man,manly,derived,PDF第90页 · man manly manhood
cet-4,manner,manner,canonical,PDF第91页 · manner
cet-4,manual,manual,canonical,PDF第91页 · manual
cet-4,manufacture,manufacture,canonical,PDF第91页 · manufacture manufacturer
cet-4,manufacture,manufacturer,derived,PDF第91页 · manufacture manufacturer
cet-4,many,many,canonical,PDF第91页 · many
cet-4,map,map,canonical,PDF第91页 · map
cet-4,marathon,marathon,canonical,PDF第91页 · marathon
cet-4,march,march,canonical,PDF第91页 · March
cet-4,margin,margin,canonical,PDF第91页 · margin marginal
cet-4,margin,marginal,derived,PDF第91页 · margin marginal
cet-4,marine,marine,canonical,PDF第91页 · marine
cet-4,marry,marital,derived,PDF第91页 · marry marriage marital
cet-4,mark,mark,canonical,PDF第91页 · mark
cet-4,market,market,canonical,PDF第91页 · market marketing
cet-4,market,marketing,derived,PDF第91页 · market marketing
cet-4,marry,marriage,derived,PDF第91页 · marry marriage marital
cet-4,marry,marry,canonical,PDF第91页 · marry marriage marital
cet-4,marsh,marsh,canonical,PDF第91页 · marsh
cet-4,marshal,marshal,canonical,PDF第91页 · marshal
cet-4,marvel,marvel,canonical,PDF第91页 · marvel marvel(l)ous
cet-4,marvel,marvellous,derived_variant,PDF第91页 · marvel marvel(l)ous
cet-4,marvel,marvelous,derived,PDF第91页 · marvel marvel(l)ous
cet-4,marxism,marxism,canonical,PDF第91页 · Marxism Marxist
cet-4,marxism,marxist,derived,PDF第91页 · Marxism Marxist
cet-4,mask,mask,canonical,PDF第91页 · mask
cet-4,mass,mass,canonical,PDF第91页 · mass massive
cet-4,massage,massage,canonical,PDF第91页 · massage
cet-4,mass,massive,derived,PDF第91页 · mass massive
cet-4,master,master,canonical,PDF第91页 · master mastery
cet-4,masterpiece,masterpiece,canonical,PDF第91页 · masterpiece
cet-4,master,mastery,derived,PDF第91页 · master mastery
cet-4,mat,mat,canonical,PDF第91页 · mat
cet-4,match,match,canonical,PDF第91页 · match
cet-4,mate,mate,canonical,PDF第91页 · mate
cet-4,material,material,canonical,PDF第91页 · material materialism materialist materialize/Ｇise
cet-4,material,materialise,derived_variant,PDF第91页 · material materialism materialist materialize/Ｇise
cet-4,material,materialism,derived,PDF第91页 · material materialism materialist materialize/Ｇise
cet-4,material,materialist,derived,PDF第91页 · material materialism materialist materialize/Ｇise
cet-4,material,materialize,derived,PDF第91页 · material materialism materialist materialize/Ｇise
cet-4,math,math,canonical,PDF第91页 · math(ematics)/maths mathematical
cet-4,math,mathematical,derived,PDF第91页 · math(ematics)/maths mathematical
cet-4,math,mathematics,canonical_variant,PDF第91页 · math(ematics)/maths mathematical
cet-4,math,maths,canonical_variant,PDF第91页 · math(ematics)/maths mathematical
cet-4,matter,matter,canonical,PDF第91页 · matter
cet-4,mature,mature,canonical,PDF第91页 · mature maturity
cet-4,mature,maturity,derived,PDF第91页 · mature maturity
cet-4,maximum,maximal,derived,PDF第92页 · maximum maximize/Ｇise maximal
cet-4,maximum,maximise,derived_variant,PDF第92页 · maximum maximize/Ｇise maximal
cet-4,maximum,maximize,derived,PDF第92页 · maximum maximize/Ｇise maximal
cet-4,maximum,maximum,canonical,PDF第92页 · maximum maximize/Ｇise maximal
cet-4,may,may,canonical,PDF第92页 · May
cet-4,maybe,maybe,canonical,PDF第92页 · maybe
cet-4,mayor,mayor,canonical,PDF第92页 · mayor
cet-4,me,me,canonical,PDF第92页 · me
cet-4,meal,meal,canonical,PDF第92页 · meal
cet-4,mean,mean,canonical · 同形异义1 · 同形异义2 · 同形异义3,PDF第92页 · mean１
cet-4,means,means,canonical,PDF第92页 · means
cet-4,meantime,meantime,canonical,PDF第92页 · meantime
cet-4,meanwhile,meanwhile,canonical,PDF第92页 · meanwhile
cet-4,measure,measurable,derived,PDF第92页 · measure measurement measurable
cet-4,measure,measure,canonical,PDF第92页 · measure measurement measurable
cet-4,measure,measurement,derived,PDF第92页 · measure measurement measurable
cet-4,meat,meat,canonical,PDF第92页 · meat meaty
cet-4,meat,meaty,derived,PDF第92页 · meat meaty
cet-4,mechanic,mechanic,canonical,PDF第92页 · mechanic mechanical mechanics mechanism
cet-4,mechanic,mechanical,derived,PDF第92页 · mechanic mechanical mechanics mechanism
cet-4,mechanic,mechanics,derived,PDF第92页 · mechanic mechanical mechanics mechanism
cet-4,mechanize,mechanisation,derived_variant,PDF第92页 · mechanize/Ｇise mechanization/Ｇsation
cet-4,mechanize,mechanise,canonical_variant,PDF第92页 · mechanize/Ｇise mechanization/Ｇsation
cet-4,mechanic,mechanism,derived,PDF第92页 · mechanic mechanical mechanics mechanism
cet-4,mechanize,mechanization,derived,PDF第92页 · mechanize/Ｇise mechanization/Ｇsation
cet-4,mechanize,mechanize,canonical,PDF第92页 · mechanize/Ｇise mechanization/Ｇsation
cet-4,medal,medal,canonical,PDF第92页 · medal
cet-4,medium,media,derived,PDF第92页 · medium media
cet-4,medical,medical,canonical,PDF第92页 · medical
cet-4,medicare,medicare,canonical,PDF第92页 · Medicare
cet-4,medicine,medicinal,derived,PDF第92页 · medicine medicinal
cet-4,medicine,medicine,canonical,PDF第92页 · medicine medicinal
cet-4,medium,medium,canonical,PDF第92页 · medium media
cet-4,meet,meet,canonical,PDF第92页 · meet
cet-4,meeting,meeting,canonical,PDF第92页 · meeting
cet-4,melon,melon,canonical,PDF第92页 · melon
cet-4,melt,melt,canonical,PDF第92页 · melt
cet-4,member,member,canonical,PDF第92页 · member membership
cet-4,member,membership,derived,PDF第92页 · member membership
cet-4,memorandum,memo,canonical_variant,PDF第92页 · memorandum/memo
cet-4,memorandum,memorandum,canonical,PDF第92页 · memorandum/memo
cet-4,memorial,memorial,canonical,PDF第92页 · memorial
cet-4,memory,memorise,derived_variant,PDF第92页 · memory memorize/Ｇise
cet-4,memory,memorize,derived,PDF第92页 · memory memorize/Ｇise
cet-4,memory,memory,canonical,PDF第92页 · memory memorize/Ｇise
cet-4,mend,mend,canonical,PDF第92页 · mend
cet-4,mental,mental,canonical,PDF第92页 · mental mentality
cet-4,mental,mentality,derived,PDF第92页 · mental mentality
cet-4,mention,mention,canonical,PDF第92页 · mention
cet-4,menu,menu,canonical,PDF第92页 · menu
cet-4,merchant,merchant,canonical,PDF第93页 · merchant
cet-4,mercy,merciful,derived,PDF第93页 · mercy merciful
cet-4,mercy,mercy,canonical,PDF第93页 · mercy merciful
cet-4,mere,mere,canonical,PDF第93页 · mere merely
cet-4,mere,merely,derived,PDF第93页 · mere merely
cet-4,merit,merit,canonical,PDF第93页 · merit meritorious
cet-4,merit,meritorious,derived,PDF第93页 · merit meritorious
cet-4,merry,merriment,derived,PDF第93页 · merry merriment
cet-4,merry,merry,canonical,PDF第93页 · merry merriment
cet-4,mess,mess,canonical,PDF第93页 · mess messy
cet-4,message,message,canonical,PDF第93页 · message messenger
cet-4,message,messenger,derived,PDF第93页 · message messenger
cet-4,mess,messy,derived,PDF第93页 · mess messy
cet-4,metal,metal,canonical,PDF第93页 · metal metallic
cet-4,metal,metallic,derived,PDF第93页 · metal metallic
cet-4,meter,meter,canonical,PDF第93页 · meter/Ｇtre metric
cet-4,method,method,canonical,PDF第93页 · method methodical methodology
cet-4,method,methodical,derived,PDF第93页 · method methodical methodology
cet-4,method,methodology,derived,PDF第93页 · method methodical methodology
cet-4,meter,metre,canonical_variant,PDF第93页 · meter/Ｇtre metric
cet-4,meter,metric,derived,PDF第93页 · meter/Ｇtre metric
cet-4,metro,metro,canonical,PDF第93页 · metro
cet-4,microphone,microphone,canonical,PDF第93页 · microphone
cet-4,microscope,microscope,canonical,PDF第93页 · microscope microscopic
cet-4,microscope,microscopic,derived,PDF第93页 · microscope microscopic
cet-4,microwave,microwavable,derived,PDF第93页 · microwave microwavable
cet-4,microwave,microwave,canonical,PDF第93页 · microwave microwavable
cet-4,midday,midday,canonical,PDF第93页 · midday
cet-4,middle,middle,canonical,PDF第93页 · middle
cet-4,middle-class,middle class,canonical,PDF第93页 · middleＧclass
cet-4,middle-class,middle-class,canonical,PDF第93页 · middleＧclass
cet-4,midnight,midnight,canonical,PDF第93页 · midnight
cet-4,might,might,canonical,PDF第93页 · might mighty
cet-4,might,mighty,derived,PDF第93页 · might mighty
cet-4,migrate,migrant,derived,PDF第93页 · migrate migration migrant
cet-4,migrate,migrate,canonical,PDF第93页 · migrate migration migrant
cet-4,migrate,migration,derived,PDF第93页 · migrate migration migrant
cet-4,mild,mild,canonical,PDF第93页 · mild
cet-4,mile,mile,canonical,PDF第93页 · mile mileage
cet-4,mile,mileage,derived,PDF第93页 · mile mileage
cet-4,military,military,canonical,PDF第93页 · military
cet-4,milk,milk,canonical,PDF第93页 · milk milky
cet-4,milk,milky,derived,PDF第93页 · milk milky
cet-4,mill,mill,canonical,PDF第93页 · mill
cet-4,millimeter,millimeter,canonical,PDF第93页 · millimeter/Ｇtre
cet-4,millimeter,millimetre,canonical_variant,PDF第93页 · millimeter/Ｇtre
cet-4,million,million,canonical,PDF第93页 · million millionaire
cet-4,million,millionaire,derived,PDF第93页 · million millionaire
cet-4,mind,mind,canonical,PDF第93页 · mind
cet-4,mine,mine,canonical · 同形异义1 · 同形异义2 · 同形异义3,PDF第93页 · mine１
cet-4,minimum,minimal,derived,PDF第94页 · minimum minimal minimize/Ｇise
cet-4,minimum,minimise,derived_variant,PDF第94页 · minimum minimal minimize/Ｇise
cet-4,minimum,minimize,derived,PDF第94页 · minimum minimal minimize/Ｇise
cet-4,minimum,minimum,canonical,PDF第94页 · minimum minimal minimize/Ｇise
cet-4,minister,minister,canonical,PDF第94页 · minister ministry ministerial
cet-4,minister,ministerial,derived,PDF第94页 · minister ministry ministerial
cet-4,minister,ministry,derived,PDF第94页 · minister ministry ministerial
cet-4,minor,minor,canonical,PDF第94页 · minor minority
cet-4,minor,minority,derived,PDF第94页 · minor minority
cet-4,minus,minus,canonical,PDF第94页 · minus
cet-4,minute,minute,canonical · 同形异义1 · 同形异义2,PDF第94页 · minute１
cet-4,miracle,miracle,canonical,PDF第94页 · miracle miraculous
cet-4,miracle,miraculous,derived,PDF第94页 · miracle miraculous
cet-4,mirror,mirror,canonical,PDF第94页 · mirror
cet-4,miserable,miserable,canonical,PDF第94页 · miserable misery
cet-4,miserable,misery,derived,PDF第94页 · miserable misery
cet-4,misfortune,misfortune,canonical,PDF第94页 · misfortune
cet-4,mislead,mislead,canonical,PDF第94页 · mislead misleading
cet-4,mislead,misleading,derived,PDF第94页 · mislead misleading
cet-4,miss,miss,canonical · 同形异义1 · 同形异义2,PDF第94页 · miss１
cet-4,missile,missile,canonical,PDF第94页 · missile
cet-4,missing,missing,canonical,PDF第94页 · missing
cet-4,mission,mission,canonical,PDF第94页 · mission
cet-4,mist,mist,canonical,PDF第94页 · mist misty
cet-4,mistake,mistake,canonical,PDF第94页 · mistake mistaken
cet-4,mistake,mistaken,derived,PDF第94页 · mistake mistaken
cet-4,mister,mister,canonical,PDF第94页 · mister
cet-4,mistress,mistress,canonical,PDF第94页 · mistress
cet-4,mist,misty,derived,PDF第94页 · mist misty
cet-4,misunderstand,misunderstand,canonical,PDF第94页 · misunderstand misunderstanding
cet-4,misunderstand,misunderstanding,derived,PDF第94页 · misunderstand misunderstanding
cet-4,mix,mix,canonical,PDF第94页 · mix mixture mixer
cet-4,mix,mixer,derived,PDF第94页 · mix mixture mixer
cet-4,mix,mixture,derived,PDF第94页 · mix mixture mixer
cet-4,mobile,mobile,canonical,PDF第94页 · mobile
cet-4,mode,mode,canonical,PDF第94页 · mode
cet-4,model,model,canonical,PDF第94页 · model
cet-4,moderate,moderate,canonical,PDF第94页 · moderate moderation moderator
cet-4,moderate,moderation,derived,PDF第94页 · moderate moderation moderator
cet-4,moderate,moderator,derived,PDF第94页 · moderate moderation moderator
cet-4,modern,modern,canonical,PDF第94页 · modern modernize/Ｇise modernization/Ｇsation
cet-4,modern,modernisation,derived_variant,PDF第94页 · modern modernize/Ｇise modernization/Ｇsation
cet-4,modern,modernise,derived_variant,PDF第94页 · modern modernize/Ｇise modernization/Ｇsation
cet-4,modern,modernization,derived,PDF第94页 · modern modernize/Ｇise modernization/Ｇsation
cet-4,modern,modernize,derived,PDF第94页 · modern modernize/Ｇise modernization/Ｇsation
cet-4,modest,modest,canonical,PDF第94页 · modest modesty
cet-4,modest,modesty,derived,PDF第94页 · modest modesty
cet-4,modify,modification,derived,PDF第94页 · modify modification modifier
cet-4,modify,modifier,derived,PDF第94页 · modify modification modifier
cet-4,modify,modify,canonical,PDF第94页 · modify modification modifier
cet-4,moist,moist,canonical,PDF第94页 · moist moisture
cet-4,moist,moisture,derived,PDF第94页 · moist moisture
cet-4,mold,mold,canonical,PDF第94页 · mo(u)ld mo(u)ldy
cet-4,mold,moldy,derived,PDF第94页 · mo(u)ld mo(u)ldy
cet-4,mom,mom,canonical,PDF第94页 · mom(my)
cet-4,moment,moment,canonical,PDF第94页 · moment momentary momentarily
cet-4,moment,momentarily,derived,PDF第94页 · moment momentary momentarily
cet-4,moment,momentary,derived,PDF第94页 · moment momentary momentarily
cet-4,mom,mommy,canonical_variant,PDF第94页 · mom(my)
cet-4,monday,monday,canonical,PDF第95页 · Monday
cet-4,money,monetary,derived,PDF第95页 · money monetary
cet-4,money,money,canonical,PDF第95页 · money monetary
cet-4,monitor,monitor,canonical,PDF第95页 · monitor
cet-4,monkey,monkey,canonical,PDF第95页 · monkey
cet-4,monster,monster,canonical,PDF第95页 · monster monstrous
cet-4,monster,monstrous,derived,PDF第95页 · monster monstrous
cet-4,month,month,canonical,PDF第95页 · month monthly
cet-4,month,monthly,derived,PDF第95页 · month monthly
cet-4,monument,monument,canonical,PDF第95页 · monument monumental
cet-4,monument,monumental,derived,PDF第95页 · monument monumental
cet-4,mood,mood,canonical,PDF第95页 · mood moody
cet-4,mood,moody,derived,PDF第95页 · mood moody
cet-4,moon,moon,canonical,PDF第95页 · moon
cet-4,mop,mop,canonical,PDF第95页 · mop
cet-4,moral,moral,canonical,PDF第95页 · moral morality
cet-4,moral,morality,derived,PDF第95页 · moral morality
cet-4,more,more,canonical,PDF第95页 · more
cet-4,moreover,moreover,canonical,PDF第95页 · moreover
cet-4,morning,morning,canonical,PDF第95页 · morning
cet-4,mortgage,mortgage,canonical,PDF第95页 · mortgage
cet-4,most,most,canonical,PDF第95页 · most mostly
cet-4,most,mostly,derived,PDF第95页 · most mostly
cet-4,motel,motel,canonical,PDF第95页 · motel
cet-4,mother,mother,canonical,PDF第95页 · mother motherly
cet-4,mother,motherly,derived,PDF第95页 · mother motherly
cet-4,motion,motion,canonical,PDF第95页 · motion
cet-4,motivate,motivate,canonical,PDF第95页 · motivate motivation
cet-4,motivate,motivation,derived,PDF第95页 · motivate motivation
cet-4,motive,motive,canonical,PDF第95页 · motive
cet-4,motor,motor,canonical,PDF第95页 · motor
cet-4,motorway,motorway,canonical,PDF第95页 · motorway
cet-4,mold,mould,canonical_variant,PDF第94页 · mo(u)ld mo(u)ldy
cet-4,mold,mouldy,derived_variant,PDF第94页 · mo(u)ld mo(u)ldy
cet-4,mount,mount,canonical · 同形异义1 · 同形异义2,PDF第95页 · mount１
cet-4,mountain,mountain,canonical,PDF第95页 · mountain mountainous
cet-4,mountain,mountainous,derived,PDF第95页 · mountain mountainous
cet-4,mouse,mouse,canonical,PDF第95页 · mouse
cet-4,mouth,mouth,canonical,PDF第95页 · mouth mouthful
cet-4,mouth,mouthful,derived,PDF第95页 · mouth mouthful
cet-4,move,move,canonical,PDF第95页 · move movement
cet-4,move,movement,derived,PDF第95页 · move movement
cet-4,movie,movie,canonical,PDF第95页 · movie
cet-4,much,much,canonical,PDF第95页 · much
cet-4,mud,mud,canonical,PDF第95页 · mud muddy
cet-4,mud,muddy,derived,PDF第95页 · mud muddy
cet-4,mug,mug,canonical,PDF第95页 · mug
cet-4,mule,mule,canonical,PDF第96页 · mule
cet-4,multiple,multiple,canonical,PDF第96页 · multiple multiply multiplication
cet-4,multiple,multiplication,derived,PDF第96页 · multiple multiply multiplication
cet-4,multiple,multiply,derived,PDF第96页 · multiple multiply multiplication
cet-4,municipal,municipal,canonical,PDF第96页 · municipal municipality
cet-4,municipal,municipality,derived,PDF第96页 · municipal municipality
cet-4,murder,murder,canonical,PDF第96页 · murder murderous
cet-4,murder,murderous,derived,PDF第96页 · murder murderous
cet-4,muscle,muscle,canonical,PDF第96页 · muscle muscular
cet-4,muscle,muscular,derived,PDF第96页 · muscle muscular
cet-4,museum,museum,canonical,PDF第96页 · museum
cet-4,mushroom,mushroom,canonical,PDF第96页 · mushroom
cet-4,music,music,canonical,PDF第96页 · music musical musician
cet-4,music,musical,derived,PDF第96页 · music musical musician
cet-4,music,musician,derived,PDF第96页 · music musical musician
cet-4,must,must,canonical,PDF第96页 · must
cet-4,mutual,mutual,canonical,PDF第96页 · mutual
cet-4,my,my,canonical,PDF第96页 · my
cet-4,myself,myself,canonical,PDF第96页 · myself
cet-4,mystery,mysterious,derived,PDF第96页 · mystery mysterious
cet-4,mystery,mystery,canonical,PDF第96页 · mystery mysterious
cet-4,myth,myth,canonical,PDF第96页 · myth mythical mythology
cet-4,myth,mythical,derived,PDF第96页 · myth mythical mythology
cet-4,myth,mythology,derived,PDF第96页 · myth mythical mythology
cet-4,nail,nail,canonical,PDF第96页 · nail
cet-4,naked,naked,canonical,PDF第96页 · naked
cet-4,name,name,canonical,PDF第96页 · name
cet-4,namely,namely,canonical,PDF第96页 · namely
cet-4,nap,nap,canonical,PDF第96页 · nap
cet-4,napkin,napkin,canonical,PDF第96页 · napkin
cet-4,narrate,narrate,canonical,PDF第96页 · narrate narration narrative narrator
cet-4,narrate,narration,derived,PDF第96页 · narrate narration narrative narrator
cet-4,narrate,narrative,derived,PDF第96页 · narrate narration narrative narrator
cet-4,narrate,narrator,derived,PDF第96页 · narrate narration narrative narrator
cet-4,narrow,narrow,canonical,PDF第96页 · narrow narrowly
cet-4,narrow,narrowly,derived,PDF第96页 · narrow narrowly
cet-4,nasty,nasty,canonical,PDF第96页 · nasty
cet-4,nation,nation,canonical,PDF第96页 · nation national nationality nationalist nationalism
cet-4,nation,national,derived,PDF第96页 · nation national nationality nationalist nationalism
cet-4,nation,nationalism,derived,PDF第96页 · nation national nationality nationalist nationalism
cet-4,nation,nationalist,derived,PDF第96页 · nation national nationality nationalist nationalism
cet-4,nation,nationality,derived,PDF第96页 · nation national nationality nationalist nationalism
cet-4,nationwide,nationwide,canonical,PDF第96页 · nationwide
cet-4,native,native,canonical,PDF第96页 · native
cet-4,nature,natural,derived,PDF第96页 · nature natural naturally
cet-4,nature,naturally,derived,PDF第96页 · nature natural naturally
cet-4,nature,nature,canonical,PDF第96页 · nature natural naturally
cet-4,naughty,naughty,canonical,PDF第96页 · naughty
cet-4,navy,naval,derived,PDF第96页 · navy naval
cet-4,navy,navy,canonical,PDF第96页 · navy naval
cet-4,near,near,canonical,PDF第96页 · near nearly
cet-4,nearby,nearby,canonical,PDF第96页 · nearby
cet-4,near,nearly,derived,PDF第96页 · near nearly
cet-4,neat,neat,canonical,PDF第96页 · neat
cet-4,necessary,necessarily,derived,PDF第96页 · necessary necessarily
cet-4,necessary,necessary,canonical,PDF第96页 · necessary necessarily
cet-4,necessity,necessitate,derived,PDF第96页 · necessity necessitate
cet-4,necessity,necessity,canonical,PDF第96页 · necessity necessitate
cet-4,neck,neck,canonical,PDF第96页 · neck
cet-4,necklace,necklace,canonical,PDF第97页 · necklace
cet-4,need,need,canonical,PDF第97页 · need needy
cet-4,needle,needle,canonical,PDF第97页 · needle
cet-4,need,needy,derived,PDF第97页 · need needy
cet-4,negate,negate,canonical,PDF第97页 · negate negation negative
cet-4,negate,negation,derived,PDF第97页 · negate negation negative
cet-4,negate,negative,derived,PDF第97页 · negate negation negative
cet-4,neglect,neglect,canonical,PDF第97页 · neglect neglectful
cet-4,neglect,neglectful,derived,PDF第97页 · neglect neglectful
cet-4,negotiate,negotiable,derived,PDF第97页 · negotiate negotiation negotiable
cet-4,negotiate,negotiate,canonical,PDF第97页 · negotiate negotiation negotiable
cet-4,negotiate,negotiation,derived,PDF第97页 · negotiate negotiation negotiable
cet-4,neighbor,neighbor,canonical,PDF第97页 · neighbo(u)r neighbo(u)rhood
cet-4,neighbor,neighborhood,derived,PDF第97页 · neighbo(u)r neighbo(u)rhood
cet-4,neighbor,neighbour,canonical_variant,PDF第97页 · neighbo(u)r neighbo(u)rhood
cet-4,neighbor,neighbourhood,derived_variant,PDF第97页 · neighbo(u)r neighbo(u)rhood
cet-4,neither,neither,canonical,PDF第97页 · neither
cet-4,nephew,nephew,canonical,PDF第97页 · nephew
cet-4,nerve,nerve,canonical,PDF第97页 · nerve nervous
cet-4,nerve,nervous,derived,PDF第97页 · nerve nervous
cet-4,nest,nest,canonical,PDF第97页 · nest
cet-4,net,net,canonical,PDF第97页 · net
cet-4,network,network,canonical,PDF第97页 · network networking
cet-4,network,networking,derived,PDF第97页 · network networking
cet-4,neutral,neutral,canonical,PDF第97页 · neutral neutrality neutralize/Ｇise
cet-4,neutral,neutralise,derived_variant,PDF第97页 · neutral neutrality neutralize/Ｇise
cet-4,neutral,neutrality,derived,PDF第97页 · neutral neutrality neutralize/Ｇise
cet-4,neutral,neutralize,derived,PDF第97页 · neutral neutrality neutralize/Ｇise
cet-4,never,never,canonical,PDF第97页 · never
cet-4,nevertheless,nevertheless,canonical,PDF第97页 · nevertheless
cet-4,new,new,canonical,PDF第97页 · new
cet-4,news,news,canonical,PDF第97页 · news
cet-4,newspaper,newspaper,canonical,PDF第97页 · newspaper
cet-4,next,next,canonical,PDF第97页 · next
cet-4,nice,nice,canonical,PDF第97页 · nice nicety
cet-4,nice,nicety,derived,PDF第97页 · nice nicety
cet-4,nickel,nickel,canonical,PDF第97页 · nickel
cet-4,niece,niece,canonical,PDF第97页 · niece
cet-4,night,night,canonical,PDF第97页 · night nightly
cet-4,night,nightly,derived,PDF第97页 · night nightly
cet-4,nightmare,nightmare,canonical,PDF第97页 · nightmare
cet-4,nine,nine,canonical,PDF第97页 · nine
cet-4,nineteen,nineteen,canonical,PDF第97页 · nineteen
cet-4,ninety,ninety,canonical,PDF第97页 · ninety
cet-4,ninth,ninth,canonical,PDF第97页 · ninth
cet-4,no,no,canonical,PDF第97页 · no
cet-4,noble,nobility,derived,PDF第97页 · noble nobility
cet-4,noble,noble,canonical,PDF第97页 · noble nobility
cet-4,nobody,nobody,canonical,PDF第97页 · nobody
cet-4,nod,nod,canonical,PDF第97页 · nod
cet-4,noise,noise,canonical,PDF第97页 · noise noisy
cet-4,noise,noisy,derived,PDF第97页 · noise noisy
cet-4,none,none,canonical,PDF第97页 · none
cet-4,nonsense,nonsense,canonical,PDF第98页 · nonsense
cet-4,noodle,noodle,canonical,PDF第98页 · noodle
cet-4,noon,noon,canonical,PDF第98页 · noon
cet-4,nor,nor,canonical,PDF第98页 · nor
cet-4,norm,norm,canonical,PDF第98页 · norm
cet-4,normal,normal,canonical,PDF第98页 · normal normally normalize/Ｇise normalization/Ｇsation
cet-4,normal,normalisation,derived_variant,PDF第98页 · normal normally normalize/Ｇise normalization/Ｇsation
cet-4,normal,normalise,derived_variant,PDF第98页 · normal normally normalize/Ｇise normalization/Ｇsation
cet-4,normal,normalization,derived,PDF第98页 · normal normally normalize/Ｇise normalization/Ｇsation
cet-4,normal,normalize,derived,PDF第98页 · normal normally normalize/Ｇise normalization/Ｇsation
cet-4,normal,normally,derived,PDF第98页 · normal normally normalize/Ｇise normalization/Ｇsation
cet-4,north,north,canonical,PDF第98页 · north northern
cet-4,northeast,northeast,canonical,PDF第98页 · northeast northeastern
cet-4,northeast,northeastern,derived,PDF第98页 · northeast northeastern
cet-4,north,northern,derived,PDF第98页 · north northern
cet-4,northwest,northwest,canonical,PDF第98页 · northwest northwestern
cet-4,northwest,northwestern,derived,PDF第98页 · northwest northwestern
cet-4,nose,nose,canonical,PDF第98页 · nose nosy
cet-4,nose,nosy,derived,PDF第98页 · nose nosy
cet-4,not,not,canonical,PDF第98页 · not
cet-4,note,notable,derived,PDF第98页 · note notation notable
cet-4,note,notation,derived,PDF第98页 · note notation notable
cet-4,note,note,canonical,PDF第98页 · note notation notable
cet-4,notebook,notebook,canonical,PDF第98页 · notebook
cet-4,nothing,nothing,canonical,PDF第98页 · nothing
cet-4,notice,notice,canonical,PDF第98页 · notice noticeable
cet-4,notice,noticeable,derived,PDF第98页 · notice noticeable
cet-4,notify,notification,derived,PDF第98页 · notify notification
cet-4,notify,notify,canonical,PDF第98页 · notify notification
cet-4,notion,notion,canonical,PDF第98页 · notion notional
cet-4,notion,notional,derived,PDF第98页 · notion notional
cet-4,noun,noun,canonical,PDF第98页 · noun
cet-4,nourish,nourish,canonical,PDF第98页 · nourish nourishment
cet-4,nourish,nourishment,derived,PDF第98页 · nourish nourishment
cet-4,novel,novel,canonical · 同形异义1 · 同形异义2,PDF第98页 · novel１
cet-4,november,november,canonical,PDF第98页 · November
cet-4,now,now,canonical,PDF第98页 · now
cet-4,nowadays,nowadays,canonical,PDF第98页 · nowadays
cet-4,nowhere,nowhere,canonical,PDF第98页 · nowhere
cet-4,nuclear,nuclear,canonical,PDF第98页 · nuclear nucleus
cet-4,nuclear,nucleus,derived,PDF第98页 · nuclear nucleus
cet-4,nude,nude,canonical,PDF第98页 · nude nudity
cet-4,nude,nudity,derived,PDF第98页 · nude nudity
cet-4,nuisance,nuisance,canonical,PDF第98页 · nuisance
cet-4,number,number,canonical,PDF第98页 · number
cet-4,numerous,numerous,canonical,PDF第98页 · numerous
cet-4,nurse,nurse,canonical,PDF第98页 · nurse
cet-4,nursery,nursery,canonical,PDF第98页 · nursery
cet-4,nut,nut,canonical,PDF第98页 · nut
cet-4,nutrition,nutrient,derived,PDF第98页 · nutrition nutrient
cet-4,nutrition,nutrition,canonical,PDF第98页 · nutrition nutrient
cet-4,o'clock,o'clock,canonical,PDF第99页 · o􀆳clock
cet-4,obey,obedience,derived,PDF第99页 · obey obedient obedience
cet-4,obey,obedient,derived,PDF第99页 · obey obedient obedience
cet-4,obese,obese,canonical,PDF第99页 · obese obesity
cet-4,obese,obesity,derived,PDF第99页 · obese obesity
cet-4,obey,obey,canonical,PDF第99页 · obey obedient obedience
cet-4,object,object,canonical · 同形异义1 · 同形异义2,PDF第99页 · object１
cet-4,objective,objective,canonical,PDF第99页 · objective
cet-4,oblige,obligation,derived,PDF第99页 · oblige obligation obliged obligatory
cet-4,oblige,obligatory,derived,PDF第99页 · oblige obligation obliged obligatory
cet-4,oblige,oblige,canonical,PDF第99页 · oblige obligation obliged obligatory
cet-4,oblige,obliged,derived,PDF第99页 · oblige obligation obliged obligatory
cet-4,observe,observant,derived,PDF第99页 · observe observation observer observant
cet-4,observe,observation,derived,PDF第99页 · observe observation observer observant
cet-4,observe,observe,canonical,PDF第99页 · observe observation observer observant
cet-4,observe,observer,derived,PDF第99页 · observe observation observer observant
cet-4,obstacle,obstacle,canonical,PDF第99页 · obstacle
cet-4,obtain,obtain,canonical,PDF第99页 · obtain obtainment
cet-4,obtain,obtainment,derived,PDF第99页 · obtain obtainment
cet-4,obvious,obvious,canonical,PDF第99页 · obvious obviously
cet-4,obvious,obviously,derived,PDF第99页 · obvious obviously
cet-4,occasion,occasion,canonical,PDF第99页 · occasion occasional occasionally
cet-4,occasion,occasional,derived,PDF第99页 · occasion occasional occasionally
cet-4,occasion,occasionally,derived,PDF第99页 · occasion occasional occasionally
cet-4,occupy,occupancy,derived,PDF第99页 · occupy occupancy occupant
cet-4,occupy,occupant,derived,PDF第99页 · occupy occupancy occupant
cet-4,occupation,occupation,canonical,PDF第99页 · occupation occupational
cet-4,occupation,occupational,derived,PDF第99页 · occupation occupational
cet-4,occupy,occupy,canonical,PDF第99页 · occupy occupancy occupant
cet-4,occur,occur,canonical,PDF第99页 · occur occurrence
cet-4,occur,occurrence,derived,PDF第99页 · occur occurrence
cet-4,ocean,ocean,canonical,PDF第99页 · ocean oceanic
cet-4,ocean,oceanic,derived,PDF第99页 · ocean oceanic
cet-4,october,october,canonical,PDF第99页 · October
cet-4,odd,odd,canonical,PDF第99页 · odd oddity
cet-4,odd,oddity,derived,PDF第99页 · odd oddity
cet-4,odds,odds,canonical,PDF第99页 · odds
cet-4,odor,odor,canonical,PDF第99页 · odo(u)r odorous
cet-4,odor,odorous,derived,PDF第99页 · odo(u)r odorous
cet-4,odor,odour,canonical_variant,PDF第99页 · odo(u)r odorous
cet-4,of,of,canonical,PDF第99页 · of
cet-4,off,off,canonical,PDF第99页 · off
cet-4,offend,offence,derived_variant,PDF第99页 · offend offense/Ｇce offensive offender
cet-4,offend,offend,canonical,PDF第99页 · offend offense/Ｇce offensive offender
cet-4,offend,offender,derived,PDF第99页 · offend offense/Ｇce offensive offender
cet-4,offend,offense,derived,PDF第99页 · offend offense/Ｇce offensive offender
cet-4,offend,offensive,derived,PDF第99页 · offend offense/Ｇce offensive offender
cet-4,offer,offer,canonical,PDF第99页 · offer offering
cet-4,offer,offering,derived,PDF第99页 · offer offering
cet-4,office,office,canonical,PDF第99页 · office
cet-4,officer,officer,canonical,PDF第99页 · officer
cet-4,official,official,canonical,PDF第99页 · official
cet-4,often,often,canonical,PDF第99页 · often/oftentimes
cet-4,often,oftentimes,canonical_variant,PDF第99页 · often/oftentimes
cet-4,oil,oil,canonical,PDF第99页 · oil oily
cet-4,oil,oily,derived,PDF第99页 · oil oily
cet-4,okay,okay,canonical,PDF第99页 · okay
cet-4,old,old,canonical,PDF第99页 · old
cet-4,old-fashioned,old fashioned,canonical,PDF第99页 · oldＧfashioned
cet-4,old-fashioned,old-fashioned,canonical,PDF第99页 · oldＧfashioned
cet-4,olympic,olympiad,derived,PDF第100页 · Olympic Olympics Olympiad
cet-4,olympic,olympic,canonical,PDF第100页 · Olympic Olympics Olympiad
cet-4,olympic,olympics,derived,PDF第100页 · Olympic Olympics Olympiad
cet-4,omit,omission,derived,PDF第100页 · omit omission
cet-4,omit,omit,canonical,PDF第100页 · omit omission
cet-4,on,on,canonical,PDF第100页 · on
cet-4,once,once,canonical,PDF第100页 · once
cet-4,one,one,canonical,PDF第100页 · one
cet-4,oneself,oneself,canonical,PDF第100页 · oneself
cet-4,ongoing,ongoing,canonical,PDF第100页 · ongoing
cet-4,onion,onion,canonical,PDF第100页 · onion
cet-4,online,online,canonical,PDF第100页 · online
cet-4,only,only,canonical,PDF第100页 · only
cet-4,onto,onto,canonical,PDF第100页 · onto
cet-4,onward,onward,canonical,PDF第100页 · onward
cet-4,open,open,canonical,PDF第100页 · open opener opening openly
cet-4,open,opener,derived,PDF第100页 · open opener opening openly
cet-4,open,opening,derived,PDF第100页 · open opener opening openly
cet-4,open,openly,derived,PDF第100页 · open opener opening openly
cet-4,opera,opera,canonical,PDF第100页 · opera
cet-4,operate,operate,canonical,PDF第100页 · operate operation operational operator
cet-4,operate,operation,derived,PDF第100页 · operate operation operational operator
cet-4,operate,operational,derived,PDF第100页 · operate operation operational operator
cet-4,operate,operator,derived,PDF第100页 · operate operation operational operator
cet-4,opinion,opinion,canonical,PDF第100页 · opinion
cet-4,oppose,opponent,derived,PDF第100页 · oppose opposition opponent
cet-4,opportunity,opportunity,canonical,PDF第100页 · opportunity
cet-4,oppose,oppose,canonical,PDF第100页 · oppose opposition opponent
cet-4,opposite,opposite,canonical,PDF第100页 · opposite
cet-4,oppose,opposition,derived,PDF第100页 · oppose opposition opponent
cet-4,opt,opt,canonical,PDF第100页 · opt option optional
cet-4,optimism,optimism,canonical,PDF第100页 · optimism optimistic optimist
cet-4,optimism,optimist,derived,PDF第100页 · optimism optimistic optimist
cet-4,optimism,optimistic,derived,PDF第100页 · optimism optimistic optimist
cet-4,opt,option,derived,PDF第100页 · opt option optional
cet-4,opt,optional,derived,PDF第100页 · opt option optional
cet-4,or,or,canonical,PDF第100页 · or
cet-4,oral,oral,canonical,PDF第100页 · oral
cet-4,orange,orange,canonical,PDF第100页 · orange
cet-4,orbit,orbit,canonical,PDF第100页 · orbit orbital
cet-4,orbit,orbital,derived,PDF第100页 · orbit orbital
cet-4,orchestra,orchestra,canonical,PDF第100页 · orchestra
cet-4,order,order,canonical,PDF第100页 · order orderly
cet-4,order,orderly,derived,PDF第100页 · order orderly
cet-4,ordinary,ordinary,canonical,PDF第100页 · ordinary
cet-4,ore,ore,canonical,PDF第100页 · ore
cet-4,organ,organ,canonical,PDF第100页 · organ
cet-4,organic,organic,canonical,PDF第100页 · organic
cet-4,organize,organisation,derived_variant,PDF第100页 · organize/Ｇise organization/Ｇsation organizational/Ｇsational
cet-4,organize,organisational,derived_variant,PDF第100页 · organize/Ｇise organization/Ｇsation organizational/Ｇsational
cet-4,organize,organise,canonical_variant,PDF第100页 · organize/Ｇise organization/Ｇsation organizational/Ｇsational
cet-4,organism,organism,canonical,PDF第100页 · organism
cet-4,organize,organization,derived,PDF第100页 · organize/Ｇise organization/Ｇsation organizational/Ｇsational
cet-4,organize,organizational,derived,PDF第100页 · organize/Ｇise organization/Ｇsation organizational/Ｇsational
cet-4,organize,organize,canonical,PDF第100页 · organize/Ｇise organization/Ｇsation organizational/Ｇsational
cet-4,orient,orient,canonical · 同形异义1 · 同形异义2,PDF第100页 · orient１
cet-4,origin,origin,canonical,PDF第101页 · origin original originality originate
cet-4,origin,original,derived,PDF第101页 · origin original originality originate
cet-4,origin,originality,derived,PDF第101页 · origin original originality originate
cet-4,origin,originate,derived,PDF第101页 · origin original originality originate
cet-4,ornament,ornament,canonical,PDF第101页 · ornament ornamental
cet-4,ornament,ornamental,derived,PDF第101页 · ornament ornamental
cet-4,orphan,orphan,canonical,PDF第101页 · orphan orphanage
cet-4,orphan,orphanage,derived,PDF第101页 · orphan orphanage
cet-4,other,other,canonical,PDF第101页 · other
cet-4,otherwise,otherwise,canonical,PDF第101页 · otherwise
cet-4,oughtto,oughtto,canonical,PDF第101页 · oughtto
cet-4,ounce,ounce,canonical,PDF第101页 · ounce
cet-4,our,our,canonical,PDF第101页 · our
cet-4,ours,ours,canonical,PDF第101页 · ours
cet-4,ourselves,ourselves,canonical,PDF第101页 · ourselves
cet-4,out,out,canonical,PDF第101页 · out
cet-4,outbreak,outbreak,canonical,PDF第101页 · outbreak
cet-4,outcome,outcome,canonical,PDF第101页 · outcome
cet-4,outdated,outdated,canonical,PDF第101页 · outdated
cet-4,outdoor,outdoor,canonical,PDF第101页 · outdoor outdoors
cet-4,outdoor,outdoors,derived,PDF第101页 · outdoor outdoors
cet-4,outer,outer,canonical,PDF第101页 · outer
cet-4,outgoing,outgoing,canonical,PDF第101页 · outgoing
cet-4,outing,outing,canonical,PDF第101页 · outing
cet-4,outlet,outlet,canonical,PDF第101页 · outlet
cet-4,outline,outline,canonical,PDF第101页 · outline
cet-4,outlook,outlook,canonical,PDF第101页 · outlook
cet-4,output,output,canonical,PDF第101页 · output
cet-4,outset,outset,canonical,PDF第101页 · outset
cet-4,outside,outside,canonical,PDF第101页 · outside outsider
cet-4,outside,outsider,derived,PDF第101页 · outside outsider
cet-4,outskirts,outskirts,canonical,PDF第101页 · outskirts
cet-4,outstanding,outstanding,canonical,PDF第101页 · outstanding
cet-4,outward,outward,canonical,PDF第101页 · outward outwards
cet-4,outward,outwards,derived,PDF第101页 · outward outwards
cet-4,oval,oval,canonical,PDF第101页 · oval
cet-4,oven,oven,canonical,PDF第101页 · oven
cet-4,over,over,canonical,PDF第101页 · over
cet-4,overall,overall,canonical,PDF第101页 · overall
cet-4,overcoat,overcoat,canonical,PDF第101页 · overcoat
cet-4,overcome,overcome,canonical,PDF第101页 · overcome
cet-4,overdue,overdue,canonical,PDF第101页 · overdue
cet-4,overhead,overhead,canonical,PDF第101页 · overhead
cet-4,overhear,overhear,canonical,PDF第101页 · overhear
cet-4,overlook,overlook,canonical,PDF第102页 · overlook
cet-4,overnight,overnight,canonical,PDF第102页 · overnight
cet-4,overseas,overseas,canonical,PDF第102页 · overseas
cet-4,oversee,oversee,canonical,PDF第102页 · oversee
cet-4,oversight,oversight,canonical,PDF第102页 · oversight
cet-4,overtake,overtake,canonical,PDF第102页 · overtake
cet-4,overthrow,overthrow,canonical,PDF第102页 · overthrow
cet-4,overtime,overtime,canonical,PDF第102页 · overtime
cet-4,overwhelm,overwhelm,canonical,PDF第102页 · overwhelm overwhelming overwhelmingly
cet-4,overwhelm,overwhelming,derived,PDF第102页 · overwhelm overwhelming overwhelmingly
cet-4,overwhelm,overwhelmingly,derived,PDF第102页 · overwhelm overwhelming overwhelmingly
cet-4,owe,owe,canonical,PDF第102页 · owe owingto
cet-4,owe,owingto,derived,PDF第102页 · owe owingto
cet-4,own,own,canonical,PDF第102页 · own owner ownership
cet-4,own,owner,derived,PDF第102页 · own owner ownership
cet-4,own,ownership,derived,PDF第102页 · own owner ownership
cet-4,ox,ox,canonical,PDF第102页 · ox
cet-4,oxygen,oxygen,canonical,PDF第102页 · oxygen
cet-4,ozone,ozone,canonical,PDF第102页 · ozone
cet-4,pace,pace,canonical,PDF第102页 · pace
cet-4,pack,pack,canonical,PDF第102页 · pack
cet-4,package,package,canonical,PDF第102页 · package
cet-4,packet,packet,canonical,PDF第102页 · packet
cet-4,pad,pad,canonical,PDF第102页 · pad
cet-4,paddy,paddy,canonical,PDF第102页 · paddy
cet-4,page,page,canonical,PDF第102页 · page
cet-4,pain,pain,canonical,PDF第102页 · pain painful
cet-4,pain,painful,derived,PDF第102页 · pain painful
cet-4,paint,paint,canonical,PDF第102页 · paint painting painter
cet-4,paint,painter,derived,PDF第102页 · paint painting painter
cet-4,paint,painting,derived,PDF第102页 · paint painting painter
cet-4,pair,pair,canonical,PDF第102页 · pair
cet-4,palace,palace,canonical,PDF第102页 · palace
cet-4,pale,pale,canonical,PDF第102页 · pale
cet-4,palm,palm,canonical,PDF第102页 · palm
cet-4,pan,pan,canonical,PDF第102页 · pan
cet-4,panda,panda,canonical,PDF第102页 · panda
cet-4,panel,panel,canonical,PDF第102页 · panel
cet-4,panic,panic,canonical,PDF第102页 · panic
cet-4,pants,pants,canonical,PDF第103页 · pants
cet-4,paper,paper,canonical,PDF第103页 · paper
cet-4,paperback,paperback,canonical,PDF第103页 · paperback
cet-4,parade,parade,canonical,PDF第103页 · parade
cet-4,paradox,paradox,canonical,PDF第103页 · paradox paradoxical
cet-4,paradox,paradoxical,derived,PDF第103页 · paradox paradoxical
cet-4,paragraph,paragraph,canonical,PDF第103页 · paragraph
cet-4,parallel,parallel,canonical,PDF第103页 · parallel
cet-4,parcel,parcel,canonical,PDF第103页 · parcel
cet-4,pardon,pardon,canonical,PDF第103页 · pardon
cet-4,parent,parent,canonical,PDF第103页 · parent parental parenting
cet-4,parent,parental,derived,PDF第103页 · parent parental parenting
cet-4,parent,parenting,derived,PDF第103页 · parent parental parenting
cet-4,park,park,canonical · 同形异义1 · 同形异义2,PDF第103页 · park１
cet-4,parliament,parliament,canonical,PDF第103页 · parliament parliamentary
cet-4,parliament,parliamentary,derived,PDF第103页 · parliament parliamentary
cet-4,part,part,canonical,PDF第103页 · part partial partially
cet-4,part,partial,derived,PDF第103页 · part partial partially
cet-4,part,partially,derived,PDF第103页 · part partial partially
cet-4,participate,participant,derived,PDF第103页 · participate participation participant
cet-4,participate,participate,canonical,PDF第103页 · participate participation participant
cet-4,participate,participation,derived,PDF第103页 · participate participation participant
cet-4,particle,particle,canonical,PDF第103页 · particle
cet-4,particular,particular,canonical,PDF第103页 · particular particularly
cet-4,particular,particularly,derived,PDF第103页 · particular particularly
cet-4,partly,partly,canonical,PDF第103页 · partly
cet-4,partner,partner,canonical,PDF第103页 · partner partnership
cet-4,partner,partnership,derived,PDF第103页 · partner partnership
cet-4,party,party,canonical,PDF第103页 · party
cet-4,pass,pass,canonical,PDF第103页 · pass
cet-4,passage,passage,canonical,PDF第103页 · passage
cet-4,passenger,passenger,canonical,PDF第103页 · passenger
cet-4,passion,passion,canonical,PDF第103页 · passion passionate
cet-4,passion,passionate,derived,PDF第103页 · passion passionate
cet-4,passive,passive,canonical,PDF第103页 · passive
cet-4,passport,passport,canonical,PDF第103页 · passport
cet-4,password,password,canonical,PDF第103页 · password
cet-4,past,past,canonical,PDF第103页 · past
cet-4,paste,paste,canonical,PDF第103页 · paste
cet-4,pastime,pastime,canonical,PDF第104页 · pastime
cet-4,pat,pat,canonical,PDF第104页 · pat
cet-4,patch,patch,canonical,PDF第104页 · patch
cet-4,patent,patent,canonical,PDF第104页 · patent
cet-4,path,path,canonical,PDF第104页 · path
cet-4,patient,patient,canonical · 同形异义1 · 同形异义2,PDF第104页 · patient１
cet-4,pattern,pattern,canonical,PDF第104页 · pattern
cet-4,pause,pause,canonical,PDF第104页 · pause
cet-4,pave,pave,canonical,PDF第104页 · pave pavement
cet-4,pave,pavement,derived,PDF第104页 · pave pavement
cet-4,paw,paw,canonical,PDF第104页 · paw
cet-4,pay,pay,canonical,PDF第104页 · pay payment
cet-4,pay,payment,derived,PDF第104页 · pay payment
cet-4,payroll,payroll,canonical,PDF第104页 · payroll
cet-4,pea,pea,canonical,PDF第104页 · pea
cet-4,peace,peace,canonical,PDF第104页 · peace peaceful
cet-4,peace,peaceful,derived,PDF第104页 · peace peaceful
cet-4,peach,peach,canonical,PDF第104页 · peach
cet-4,peak,peak,canonical,PDF第104页 · peak
cet-4,peanut,peanut,canonical,PDF第104页 · peanut
cet-4,pear,pear,canonical,PDF第104页 · pear
cet-4,pearl,pearl,canonical,PDF第104页 · pearl
cet-4,peasant,peasant,canonical,PDF第104页 · peasant
cet-4,peculiar,peculiar,canonical,PDF第104页 · peculiar peculiarity
cet-4,peculiar,peculiarity,derived,PDF第104页 · peculiar peculiarity
cet-4,pedestrian,pedestrian,canonical,PDF第104页 · pedestrian
cet-4,peer,peer,canonical,PDF第104页 · peer
cet-4,pen,pen,canonical,PDF第104页 · pen
cet-4,penalty,penalise,derived_variant,PDF第104页 · penalty penalize/Ｇise
cet-4,penalty,penalize,derived,PDF第104页 · penalty penalize/Ｇise
cet-4,penalty,penalty,canonical,PDF第104页 · penalty penalize/Ｇise
cet-4,pencil,pencil,canonical,PDF第104页 · pencil
cet-4,penetrate,penetrate,canonical,PDF第104页 · penetrate penetration
cet-4,penetrate,penetration,derived,PDF第104页 · penetrate penetration
cet-4,penny,penny,canonical,PDF第105页 · penny
cet-4,pension,pension,canonical,PDF第105页 · pension pensioner
cet-4,pension,pensioner,derived,PDF第105页 · pension pensioner
cet-4,people,people,canonical,PDF第105页 · people
cet-4,pepper,pepper,canonical,PDF第105页 · pepper
cet-4,per,per,canonical,PDF第105页 · per
cet-4,perceive,perceive,canonical,PDF第105页 · perceive perception perceptive
cet-4,percent,percent,canonical,PDF第105页 · percent percentage
cet-4,percent,percentage,derived,PDF第105页 · percent percentage
cet-4,perceive,perception,derived,PDF第105页 · perceive perception perceptive
cet-4,perceive,perceptive,derived,PDF第105页 · perceive perception perceptive
cet-4,perfect,perfect,canonical,PDF第105页 · perfect perfection
cet-4,perfect,perfection,derived,PDF第105页 · perfect perfection
cet-4,perform,perform,canonical,PDF第105页 · perform performance performer
cet-4,perform,performance,derived,PDF第105页 · perform performance performer
cet-4,perform,performer,derived,PDF第105页 · perform performance performer
cet-4,perhaps,perhaps,canonical,PDF第105页 · perhaps
cet-4,peril,peril,canonical,PDF第105页 · peril perilous
cet-4,peril,perilous,derived,PDF第105页 · peril perilous
cet-4,period,period,canonical,PDF第105页 · period periodic periodical
cet-4,period,periodic,derived,PDF第105页 · period periodic periodical
cet-4,period,periodical,derived,PDF第105页 · period periodic periodical
cet-4,permanent,permanence,derived,PDF第105页 · permanent permanence
cet-4,permanent,permanent,canonical,PDF第105页 · permanent permanence
cet-4,permit,permissible,derived,PDF第105页 · permit permission permissible permissive
cet-4,permit,permission,derived,PDF第105页 · permit permission permissible permissive
cet-4,permit,permissive,derived,PDF第105页 · permit permission permissible permissive
cet-4,permit,permit,canonical,PDF第105页 · permit permission permissible permissive
cet-4,persevere,perseverance,derived,PDF第105页 · persevere perseverance
cet-4,persevere,persevere,canonical,PDF第105页 · persevere perseverance
cet-4,persist,persist,canonical,PDF第105页 · persist persistent persistence
cet-4,persist,persistence,derived,PDF第105页 · persist persistent persistence
cet-4,persist,persistent,derived,PDF第105页 · persist persistent persistence
cet-4,person,person,canonical,PDF第105页 · person personal personally personality
cet-4,person,personal,derived,PDF第105页 · person personal personally personality
cet-4,person,personality,derived,PDF第105页 · person personal personally personality
cet-4,person,personally,derived,PDF第105页 · person personal personally personality
cet-4,personnel,personnel,canonical,PDF第105页 · personnel
cet-4,perspective,perspective,canonical,PDF第105页 · perspective
cet-4,persuade,persuade,canonical,PDF第105页 · persuade persuasion persuasive
cet-4,persuade,persuasion,derived,PDF第105页 · persuade persuasion persuasive
cet-4,persuade,persuasive,derived,PDF第105页 · persuade persuasion persuasive
cet-4,pessimism,pessimism,canonical,PDF第105页 · pessimism pessimistic pessimist
cet-4,pessimism,pessimist,derived,PDF第105页 · pessimism pessimistic pessimist
cet-4,pessimism,pessimistic,derived,PDF第105页 · pessimism pessimistic pessimist
cet-4,pet,pet,canonical,PDF第105页 · pet
cet-4,gasoline,petrol,canonical_variant,PDF第71页 · gasoline/petrol
cet-4,petrol,petrol,canonical,PDF第105页 · petrol
cet-4,petroleum,petroleum,canonical,PDF第105页 · petroleum
cet-4,petty,petty,canonical,PDF第105页 · petty
cet-4,phase,phase,canonical,PDF第105页 · phase
cet-4,phenomenon,phenomenon,canonical,PDF第105页 · phenomenon
cet-4,philosophy,philosopher,derived,PDF第105页 · philosophy philosophical philosopher
cet-4,philosophy,philosophical,derived,PDF第105页 · philosophy philosophical philosopher
cet-4,philosophy,philosophy,canonical,PDF第105页 · philosophy philosophical philosopher
cet-4,telephone,phone,canonical_variant,PDF第134页 · telephone/phone
cet-4,photo,photo,canonical,PDF第106页 · photo(graph) photographic photographer photography
cet-4,photo,photograph,canonical_variant,PDF第106页 · photo(graph) photographic photographer photography
cet-4,photo,photographer,derived,PDF第106页 · photo(graph) photographic photographer photography
cet-4,photo,photographic,derived,PDF第106页 · photo(graph) photographic photographer photography
cet-4,photo,photography,derived,PDF第106页 · photo(graph) photographic photographer photography
cet-4,phrase,phrasal,derived,PDF第106页 · phrase phrasal
cet-4,phrase,phrase,canonical,PDF第106页 · phrase phrasal
cet-4,physical,physical,canonical,PDF第106页 · physical
cet-4,physician,physician,canonical,PDF第106页 · physician
cet-4,physics,physicist,derived,PDF第106页 · physics physicist
cet-4,physics,physics,canonical,PDF第106页 · physics physicist
cet-4,piano,pianist,derived,PDF第106页 · piano pianist
cet-4,piano,piano,canonical,PDF第106页 · piano pianist
cet-4,pick,pick,canonical,PDF第106页 · pick picky
cet-4,pick,picky,derived,PDF第106页 · pick picky
cet-4,picnic,picnic,canonical,PDF第106页 · picnic
cet-4,picture,picture,canonical,PDF第106页 · picture picturesque
cet-4,picture,picturesque,derived,PDF第106页 · picture picturesque
cet-4,pie,pie,canonical,PDF第106页 · pie
cet-4,piece,piece,canonical,PDF第106页 · piece
cet-4,pierce,pierce,canonical,PDF第106页 · pierce
cet-4,pig,pig,canonical,PDF第106页 · pig
cet-4,pigeon,pigeon,canonical,PDF第106页 · pigeon
cet-4,pile,pile,canonical,PDF第106页 · pile
cet-4,pill,pill,canonical,PDF第106页 · pill
cet-4,pillar,pillar,canonical,PDF第106页 · pillar
cet-4,pillow,pillow,canonical,PDF第106页 · pillow
cet-4,pilot,pilot,canonical,PDF第106页 · pilot
cet-4,pin,pin,canonical,PDF第106页 · pin
cet-4,pinch,pinch,canonical,PDF第106页 · pinch
cet-4,pine,pine,canonical,PDF第106页 · pine
cet-4,pink,pink,canonical,PDF第106页 · pink
cet-4,pint,pint,canonical,PDF第106页 · pint
cet-4,pioneer,pioneer,canonical,PDF第106页 · pioneer
cet-4,pipe,pipe,canonical,PDF第106页 · pipe
cet-4,pirate,piracy,derived,PDF第106页 · pirate piracy
cet-4,pirate,pirate,canonical,PDF第106页 · pirate piracy
cet-4,pistol,pistol,canonical,PDF第106页 · pistol
cet-4,pit,pit,canonical,PDF第106页 · pit
cet-4,pitch,pitch,canonical,PDF第106页 · pitch
cet-4,pity,pity,canonical,PDF第106页 · pity
cet-4,pizza,pizza,canonical,PDF第106页 · pizza
cet-4,place,place,canonical,PDF第106页 · place placement
cet-4,place,placement,derived,PDF第106页 · place placement
cet-4,plague,plague,canonical,PDF第106页 · plague
cet-4,plain,plain,canonical,PDF第106页 · plain
cet-4,plan,plan,canonical,PDF第106页 · plan planning planner
cet-4,plane,plane,canonical,PDF第106页 · plane
cet-4,planet,planet,canonical,PDF第106页 · planet planetary
cet-4,planet,planetary,derived,PDF第106页 · planet planetary
cet-4,plan,planner,derived,PDF第106页 · plan planning planner
cet-4,plan,planning,derived,PDF第106页 · plan planning planner
cet-4,plant,plant,canonical,PDF第106页 · plant plantation
cet-4,plant,plantation,derived,PDF第106页 · plant plantation
cet-4,plastic,plastic,canonical,PDF第107页 · plastic
cet-4,plate,plate,canonical,PDF第107页 · plate
cet-4,platform,platform,canonical,PDF第107页 · platform
cet-4,play,play,canonical,PDF第107页 · play player
cet-4,play,player,derived,PDF第107页 · play player
cet-4,playground,playground,canonical,PDF第107页 · playground
cet-4,please,pleasant,derived,PDF第107页 · please pleasure pleasant pleasing
cet-4,please,please,canonical,PDF第107页 · please pleasure pleasant pleasing
cet-4,please,pleasing,derived,PDF第107页 · please pleasure pleasant pleasing
cet-4,please,pleasure,derived,PDF第107页 · please pleasure pleasant pleasing
cet-4,pledge,pledge,canonical,PDF第107页 · pledge
cet-4,plenty,plentiful,derived,PDF第107页 · plenty plentiful
cet-4,plenty,plenty,canonical,PDF第107页 · plenty plentiful
cet-4,plot,plot,canonical,PDF第107页 · plot
cet-4,plough,plough,canonical,PDF第107页 · plough/plow
cet-4,plough,plow,canonical_variant,PDF第107页 · plough/plow
cet-4,plug,plug,canonical,PDF第107页 · plug
cet-4,plunge,plunge,canonical,PDF第107页 · plunge
cet-4,plural,plural,canonical,PDF第107页 · plural
cet-4,plus,plus,canonical,PDF第107页 · plus
cet-4,pocket,pocket,canonical,PDF第107页 · pocket
cet-4,podcast,podcast,canonical,PDF第107页 · podcast
cet-4,poem,poem,canonical,PDF第107页 · poem poetry
cet-4,poet,poet,canonical,PDF第107页 · poet poetic
cet-4,poet,poetic,derived,PDF第107页 · poet poetic
cet-4,poem,poetry,derived,PDF第107页 · poem poetry
cet-4,point,point,canonical,PDF第107页 · point pointless
cet-4,point,pointless,derived,PDF第107页 · point pointless
cet-4,poison,poison,canonical,PDF第107页 · poison poisonous
cet-4,poison,poisonous,derived,PDF第107页 · poison poisonous
cet-4,pole,polar,derived,PDF第107页 · pole polar
cet-4,pole,pole,canonical,PDF第107页 · pole polar
cet-4,police,police,canonical,PDF第107页 · police policeman
cet-4,police,policeman,derived,PDF第107页 · police policeman
cet-4,policy,policy,canonical,PDF第107页 · policy
cet-4,polish,polish,canonical,PDF第107页 · polish
cet-4,polite,polite,canonical,PDF第107页 · polite politeness
cet-4,polite,politeness,derived,PDF第107页 · polite politeness
cet-4,politics,political,derived,PDF第107页 · politics political politician
cet-4,politics,politician,derived,PDF第107页 · politics political politician
cet-4,politics,politics,canonical,PDF第107页 · politics political politician
cet-4,poll,poll,canonical,PDF第107页 · poll pollster
cet-4,poll,pollster,derived,PDF第107页 · poll pollster
cet-4,pollute,pollutant,derived,PDF第107页 · pollute pollution pollutant
cet-4,pollute,pollute,canonical,PDF第107页 · pollute pollution pollutant
cet-4,pollute,pollution,derived,PDF第107页 · pollute pollution pollutant
cet-4,pond,pond,canonical,PDF第107页 · pond
cet-4,pool,pool,canonical,PDF第107页 · pool
cet-4,poor,poor,canonical,PDF第108页 · poor poverty
cet-4,pop,pop,canonical,PDF第108页 · pop
cet-4,popular,popular,canonical,PDF第108页 · popular popularity
cet-4,popular,popularity,derived,PDF第108页 · popular popularity
cet-4,population,populate,derived,PDF第108页 · population populous populate
cet-4,population,population,canonical,PDF第108页 · population populous populate
cet-4,population,populous,derived,PDF第108页 · population populous populate
cet-4,pork,pork,canonical,PDF第108页 · pork
cet-4,port,port,canonical,PDF第108页 · port portable porter
cet-4,port,portable,derived,PDF第108页 · port portable porter
cet-4,port,porter,derived,PDF第108页 · port portable porter
cet-4,portion,portion,canonical,PDF第108页 · portion
cet-4,pose,pose,canonical,PDF第108页 · pose posture
cet-4,position,position,canonical,PDF第108页 · position
cet-4,positive,positive,canonical,PDF第108页 · positive
cet-4,possess,possess,canonical,PDF第108页 · possess possession possessive
cet-4,possess,possession,derived,PDF第108页 · possess possession possessive
cet-4,possess,possessive,derived,PDF第108页 · possess possession possessive
cet-4,possible,possibility,derived,PDF第108页 · possible possibility possibly
cet-4,possible,possible,canonical,PDF第108页 · possible possibility possibly
cet-4,possible,possibly,derived,PDF第108页 · possible possibility possibly
cet-4,post,post,canonical · 同形异义1 · 同形异义2,PDF第108页 · post１
cet-4,postcard,postcard,canonical,PDF第108页 · postcard
cet-4,poster,poster,canonical,PDF第108页 · poster
cet-4,postpone,postpone,canonical,PDF第108页 · postpone postponement
cet-4,postpone,postponement,derived,PDF第108页 · postpone postponement
cet-4,pose,posture,derived,PDF第108页 · pose posture
cet-4,pot,pot,canonical,PDF第108页 · pot
cet-4,potato,potato,canonical,PDF第108页 · potato
cet-4,potential,potential,canonical,PDF第108页 · potential potentiality
cet-4,potential,potentiality,derived,PDF第108页 · potential potentiality
cet-4,pound,pound,canonical · 同形异义1 · 同形异义2,PDF第108页 · pound１
cet-4,pour,pour,canonical,PDF第108页 · pour
cet-4,poor,poverty,derived,PDF第108页 · poor poverty
cet-4,powder,powder,canonical,PDF第108页 · powder
cet-4,power,power,canonical,PDF第108页 · power powerful
cet-4,power,powerful,derived,PDF第108页 · power powerful
cet-4,practise,practicable,derived,PDF第108页 · practise/Ｇice practicable
cet-4,practical,practical,canonical,PDF第108页 · practical practicality
cet-4,practical,practicality,derived,PDF第108页 · practical practicality
cet-4,practise,practice,canonical_variant,PDF第108页 · practise/Ｇice practicable
cet-4,practise,practise,canonical,PDF第108页 · practise/Ｇice practicable
cet-4,praise,praise,canonical,PDF第108页 · praise
cet-4,pray,pray,canonical,PDF第108页 · pray
cet-4,preach,preach,canonical,PDF第108页 · preach preacher
cet-4,preach,preacher,derived,PDF第108页 · preach preacher
cet-4,precaution,precaution,canonical,PDF第108页 · precaution precautionary
cet-4,precaution,precautionary,derived,PDF第108页 · precaution precautionary
cet-4,precious,precious,canonical,PDF第108页 · precious
cet-4,precise,precise,canonical,PDF第109页 · precise precision precisely
cet-4,precise,precisely,derived,PDF第109页 · precise precision precisely
cet-4,precise,precision,derived,PDF第109页 · precise precision precisely
cet-4,predict,predict,canonical,PDF第109页 · predict prediction predictable
cet-4,predict,predictable,derived,PDF第109页 · predict prediction predictable
cet-4,predict,prediction,derived,PDF第109页 · predict prediction predictable
cet-4,preface,preface,canonical,PDF第109页 · preface
cet-4,prefer,prefer,canonical,PDF第109页 · prefer preferable preference preferential
cet-4,prefer,preferable,derived,PDF第109页 · prefer preferable preference preferential
cet-4,prefer,preference,derived,PDF第109页 · prefer preferable preference preferential
cet-4,prefer,preferential,derived,PDF第109页 · prefer preferable preference preferential
cet-4,pregnant,pregnancy,derived,PDF第109页 · pregnant pregnancy
cet-4,pregnant,pregnant,canonical,PDF第109页 · pregnant pregnancy
cet-4,prejudice,prejudice,canonical,PDF第109页 · prejudice
cet-4,preliminary,preliminary,canonical,PDF第109页 · preliminary
cet-4,premier,premier,canonical,PDF第109页 · premier
cet-4,prepare,preparation,derived,PDF第109页 · prepare preparation preparatory
cet-4,prepare,preparatory,derived,PDF第109页 · prepare preparation preparatory
cet-4,prepare,prepare,canonical,PDF第109页 · prepare preparation preparatory
cet-4,preposition,preposition,canonical,PDF第109页 · preposition
cet-4,prescribe,prescribe,canonical,PDF第109页 · prescribe prescription
cet-4,prescribe,prescription,derived,PDF第109页 · prescribe prescription
cet-4,present,present,canonical · 同形异义1 · 同形异义2 · 同形异义3,PDF第109页 · present１
cet-4,preserve,preservation,derived,PDF第109页 · preserve preservation preservative
cet-4,preserve,preservative,derived,PDF第109页 · preserve preservation preservative
cet-4,preserve,preserve,canonical,PDF第109页 · preserve preservation preservative
cet-4,president,presidency,derived,PDF第109页 · president presidency presidential
cet-4,president,president,canonical,PDF第109页 · president presidency presidential
cet-4,president,presidential,derived,PDF第109页 · president presidency presidential
cet-4,press,press,canonical · 同形异义1 · 同形异义2,PDF第109页 · press１
cet-4,pretend,pretence,derived_variant,PDF第109页 · pretend pretense/Ｇce
cet-4,pretend,pretend,canonical,PDF第109页 · pretend pretense/Ｇce
cet-4,pretend,pretense,derived,PDF第109页 · pretend pretense/Ｇce
cet-4,pretty,pretty,canonical,PDF第109页 · pretty
cet-4,prevail,prevail,canonical,PDF第109页 · prevail prevalence prevalent
cet-4,prevail,prevalence,derived,PDF第109页 · prevail prevalence prevalent
cet-4,prevail,prevalent,derived,PDF第109页 · prevail prevalence prevalent
cet-4,prevent,prevent,canonical,PDF第109页 · prevent prevention preventive
cet-4,prevent,prevention,derived,PDF第109页 · prevent prevention preventive
cet-4,prevent,preventive,derived,PDF第109页 · prevent prevention preventive
cet-4,preview,preview,canonical,PDF第109页 · preview
cet-4,previous,previous,canonical,PDF第109页 · previous
cet-4,price,price,canonical,PDF第109页 · price priceless
cet-4,price,priceless,derived,PDF第109页 · price priceless
cet-4,pride,pride,canonical,PDF第109页 · pride proud
cet-4,priest,priest,canonical,PDF第109页 · priest
cet-4,primary,primarily,derived,PDF第109页 · primary primarily
cet-4,primary,primary,canonical,PDF第109页 · primary primarily
cet-4,prime,prime,canonical,PDF第109页 · prime
cet-4,primitive,primitive,canonical,PDF第110页 · primitive
cet-4,prince,prince,canonical,PDF第110页 · prince/princess
cet-4,prince,princess,canonical_variant,PDF第110页 · prince/princess
cet-4,principal,principal,canonical,PDF第110页 · principal
cet-4,principle,principle,canonical,PDF第110页 · principle
cet-4,print,print,canonical,PDF第110页 · print printer printing
cet-4,print,printer,derived,PDF第110页 · print printer printing
cet-4,print,printing,derived,PDF第110页 · print printer printing
cet-4,prior,prior,canonical,PDF第110页 · prior priority
cet-4,prior,priority,derived,PDF第110页 · prior priority
cet-4,prison,prison,canonical,PDF第110页 · prison prisoner
cet-4,prison,prisoner,derived,PDF第110页 · prison prisoner
cet-4,private,privacy,derived,PDF第110页 · private privacy privatize/Ｇise privatization/Ｇsation
cet-4,private,private,canonical,PDF第110页 · private privacy privatize/Ｇise privatization/Ｇsation
cet-4,private,privatisation,derived_variant,PDF第110页 · private privacy privatize/Ｇise privatization/Ｇsation
cet-4,private,privatise,derived_variant,PDF第110页 · private privacy privatize/Ｇise privatization/Ｇsation
cet-4,private,privatization,derived,PDF第110页 · private privacy privatize/Ｇise privatization/Ｇsation
cet-4,private,privatize,derived,PDF第110页 · private privacy privatize/Ｇise privatization/Ｇsation
cet-4,privilege,privilege,canonical,PDF第110页 · privilege privileged
cet-4,privilege,privileged,derived,PDF第110页 · privilege privileged
cet-4,prize,prize,canonical,PDF第110页 · prize
cet-4,probable,probability,derived,PDF第110页 · probable probability probably
cet-4,probable,probable,canonical,PDF第110页 · probable probability probably
cet-4,probable,probably,derived,PDF第110页 · probable probability probably
cet-4,problem,problem,canonical,PDF第110页 · problem problematic
cet-4,problem,problematic,derived,PDF第110页 · problem problematic
cet-4,procedure,procedure,canonical,PDF第110页 · procedure
cet-4,proceed,proceed,canonical,PDF第110页 · proceed proceedings
cet-4,proceed,proceedings,derived,PDF第110页 · proceed proceedings
cet-4,process,process,canonical,PDF第110页 · process processor
cet-4,procession,procession,canonical,PDF第110页 · procession
cet-4,process,processor,derived,PDF第110页 · process processor
cet-4,proclaim,proclaim,canonical,PDF第110页 · proclaim proclamation
cet-4,proclaim,proclamation,derived,PDF第110页 · proclaim proclamation
cet-4,produce,produce,canonical,PDF第110页 · produce production productive productivity
cet-4,product,product,canonical,PDF第110页 · product
cet-4,produce,production,derived,PDF第110页 · produce production productive productivity
cet-4,produce,productive,derived,PDF第110页 · produce production productive productivity
cet-4,produce,productivity,derived,PDF第110页 · produce production productive productivity
cet-4,profession,profession,canonical,PDF第110页 · profession professional
cet-4,profession,professional,derived,PDF第110页 · profession professional
cet-4,professor,professor,canonical,PDF第110页 · professor
cet-4,proficient,proficiency,derived,PDF第110页 · proficient proficiency
cet-4,proficient,proficient,canonical,PDF第110页 · proficient proficiency
cet-4,profit,profit,canonical,PDF第110页 · profit profitable
cet-4,profit,profitable,derived,PDF第110页 · profit profitable
cet-4,profound,profound,canonical,PDF第110页 · profound
cet-4,program,program,canonical,PDF第110页 · program(me)
cet-4,program,programme,canonical_variant,PDF第110页 · program(me)
cet-4,progress,progress,canonical,PDF第110页 · progress progressive progression
cet-4,progress,progression,derived,PDF第110页 · progress progressive progression
cet-4,progress,progressive,derived,PDF第110页 · progress progressive progression
cet-4,prohibit,prohibit,canonical,PDF第110页 · prohibit prohibition prohibitive
cet-4,prohibit,prohibition,derived,PDF第110页 · prohibit prohibition prohibitive
cet-4,prohibit,prohibitive,derived,PDF第110页 · prohibit prohibition prohibitive
cet-4,project,project,canonical · 同形异义1 · 同形异义2,PDF第110页 · project１
cet-4,prominent,prominence,derived,PDF第110页 · prominent prominence
cet-4,prominent,prominent,canonical,PDF第110页 · prominent prominence
cet-4,promise,promise,canonical,PDF第110页 · promise promising
cet-4,promise,promising,derived,PDF第110页 · promise promising
cet-4,promote,promote,canonical,PDF第110页 · promote promotion
cet-4,promote,promotion,derived,PDF第110页 · promote promotion
cet-4,prompt,prompt,canonical,PDF第110页 · prompt
cet-4,pronoun,pronoun,canonical,PDF第110页 · pronoun
cet-4,pronounce,pronounce,canonical,PDF第110页 · pronounce pronunciation
cet-4,pronounce,pronunciation,derived,PDF第110页 · pronounce pronunciation
cet-4,proof,proof,canonical,PDF第110页 · proof
cet-4,proper,proper,canonical,PDF第111页 · proper
cet-4,property,property,canonical,PDF第111页 · property
cet-4,proportion,proportion,canonical,PDF第111页 · proportion proportional
cet-4,proportion,proportional,derived,PDF第111页 · proportion proportional
cet-4,propose,proposal,derived,PDF第111页 · propose proposal proposition
cet-4,propose,propose,canonical,PDF第111页 · propose proposal proposition
cet-4,propose,proposition,derived,PDF第111页 · propose proposal proposition
cet-4,prose,prose,canonical,PDF第111页 · prose
cet-4,prospect,prospect,canonical,PDF第111页 · prospect prospective
cet-4,prospect,prospective,derived,PDF第111页 · prospect prospective
cet-4,protect,protect,canonical,PDF第111页 · protect protection protective
cet-4,protect,protection,derived,PDF第111页 · protect protection protective
cet-4,protect,protective,derived,PDF第111页 · protect protection protective
cet-4,protein,protein,canonical,PDF第111页 · protein
cet-4,protest,protest,canonical,PDF第111页 · protest
cet-4,pride,proud,derived,PDF第109页 · pride proud
cet-4,prove,prove,canonical,PDF第111页 · prove
cet-4,proverb,proverb,canonical,PDF第111页 · proverb proverbial
cet-4,proverb,proverbial,derived,PDF第111页 · proverb proverbial
cet-4,provide,provide,canonical,PDF第111页 · provide provision
cet-4,provided,provided,canonical,PDF第111页 · provided
cet-4,province,province,canonical,PDF第111页 · province provincial
cet-4,province,provincial,derived,PDF第111页 · province provincial
cet-4,provide,provision,derived,PDF第111页 · provide provision
cet-4,provoke,provocation,derived,PDF第111页 · provoke provocation provocative
cet-4,provoke,provocative,derived,PDF第111页 · provoke provocation provocative
cet-4,provoke,provoke,canonical,PDF第111页 · provoke provocation provocative
cet-4,psychology,psychological,derived,PDF第111页 · psychology psychological psychologist
cet-4,psychology,psychologist,derived,PDF第111页 · psychology psychological psychologist
cet-4,psychology,psychology,canonical,PDF第111页 · psychology psychological psychologist
cet-4,pub,pub,canonical,PDF第111页 · pub
cet-4,public,public,canonical,PDF第111页 · public publicize/Ｇise publicity publicly
cet-4,publish,publication,derived,PDF第111页 · publish publication
cet-4,public,publicise,derived_variant,PDF第111页 · public publicize/Ｇise publicity publicly
cet-4,public,publicity,derived,PDF第111页 · public publicize/Ｇise publicity publicly
cet-4,public,publicize,derived,PDF第111页 · public publicize/Ｇise publicity publicly
cet-4,public,publicly,derived,PDF第111页 · public publicize/Ｇise publicity publicly
cet-4,publish,publish,canonical,PDF第111页 · publish publication
cet-4,pull,pull,canonical,PDF第111页 · pull
cet-4,pulse,pulse,canonical,PDF第111页 · pulse
cet-4,pump,pump,canonical,PDF第111页 · pump
cet-4,punch,punch,canonical,PDF第111页 · punch
cet-4,punctual,punctual,canonical,PDF第111页 · punctual punctuality
cet-4,punctual,punctuality,derived,PDF第111页 · punctual punctuality
cet-4,punish,punish,canonical,PDF第111页 · punish punishment
cet-4,punish,punishment,derived,PDF第111页 · punish punishment
cet-4,pupil,pupil,canonical,PDF第111页 · pupil
cet-4,purchase,purchase,canonical,PDF第111页 · purchase
cet-4,pure,pure,canonical,PDF第111页 · pure purity purify
cet-4,pure,purify,derived,PDF第111页 · pure purity purify
cet-4,pure,purity,derived,PDF第111页 · pure purity purify
cet-4,purple,purple,canonical,PDF第111页 · purple
cet-4,purpose,purpose,canonical,PDF第111页 · purpose purposeful
cet-4,purpose,purposeful,derived,PDF第111页 · purpose purposeful
cet-4,purse,purse,canonical,PDF第111页 · purse
cet-4,pursue,pursue,canonical,PDF第112页 · pursue pursuit
cet-4,pursue,pursuit,derived,PDF第112页 · pursue pursuit
cet-4,push,push,canonical,PDF第112页 · push pushy
cet-4,push,pushy,derived,PDF第112页 · push pushy
cet-4,put,put,canonical,PDF第112页 · put
cet-4,puzzle,puzzle,canonical,PDF第112页 · puzzle puzzlement
cet-4,puzzle,puzzlement,derived,PDF第112页 · puzzle puzzlement
cet-4,quake,quake,canonical,PDF第112页 · quake
cet-4,qualify,qualification,derived,PDF第112页 · qualify qualification
cet-4,qualify,qualify,canonical,PDF第112页 · qualify qualification
cet-4,quality,qualitative,derived,PDF第112页 · quality qualitative
cet-4,quality,quality,canonical,PDF第112页 · quality qualitative
cet-4,quantify,quantification,derived,PDF第112页 · quantify quantification
cet-4,quantify,quantify,canonical,PDF第112页 · quantify quantification
cet-4,quantity,quantitative,derived,PDF第112页 · quantity quantitative
cet-4,quantity,quantity,canonical,PDF第112页 · quantity quantitative
cet-4,quarrel,quarrel,canonical,PDF第112页 · quarrel quarrelsome
cet-4,quarrel,quarrelsome,derived,PDF第112页 · quarrel quarrelsome
cet-4,quarter,quarter,canonical,PDF第112页 · quarter quarterly
cet-4,quarter,quarterly,derived,PDF第112页 · quarter quarterly
cet-4,queen,queen,canonical,PDF第112页 · queen
cet-4,question,question,canonical,PDF第112页 · question questionnaire
cet-4,question,questionnaire,derived,PDF第112页 · question questionnaire
cet-4,queue,queue,canonical,PDF第112页 · queue
cet-4,quick,quick,canonical,PDF第112页 · quick
cet-4,quiet,quiet,canonical,PDF第112页 · quiet
cet-4,quit,quit,canonical,PDF第112页 · quit
cet-4,quite,quite,canonical,PDF第112页 · quite
cet-4,quiz,quiz,canonical,PDF第112页 · quiz
cet-4,quota,quota,canonical,PDF第112页 · quota
cet-4,quote,quotation,derived,PDF第112页 · quote quotation
cet-4,quote,quote,canonical,PDF第112页 · quote quotation
cet-4,rabbit,rabbit,canonical,PDF第112页 · rabbit
cet-4,race,race,canonical · 同形异义1 · 同形异义2,PDF第112页 · race１
cet-4,rack,rack,canonical,PDF第112页 · rack
cet-4,radar,radar,canonical,PDF第112页 · radar
cet-4,radical,radical,canonical,PDF第112页 · radical
cet-4,radio,radio,canonical,PDF第112页 · radio
cet-4,rag,rag,canonical,PDF第112页 · rag ragged raggedly
cet-4,rage,rage,canonical,PDF第112页 · rage raging
cet-4,rag,ragged,derived,PDF第112页 · rag ragged raggedly
cet-4,rag,raggedly,derived,PDF第112页 · rag ragged raggedly
cet-4,rage,raging,derived,PDF第112页 · rage raging
cet-4,raid,raid,canonical,PDF第112页 · raid
cet-4,rail,rail,canonical,PDF第112页 · rail
cet-4,railway,railroad,canonical_variant,PDF第112页 · railway/railroad
cet-4,railway,railway,canonical,PDF第112页 · railway/railroad
cet-4,rain,rain,canonical,PDF第112页 · rain rainy
cet-4,rainbow,rainbow,canonical,PDF第112页 · rainbow
cet-4,raincoat,raincoat,canonical,PDF第113页 · raincoat
cet-4,rain,rainy,derived,PDF第112页 · rain rainy
cet-4,raise,raise,canonical,PDF第113页 · raise
cet-4,rally,rally,canonical,PDF第113页 · rally
cet-4,range,range,canonical,PDF第113页 · range
cet-4,rank,rank,canonical,PDF第113页 · rank
cet-4,rapid,rapid,canonical,PDF第113页 · rapid rapidity
cet-4,rapid,rapidity,derived,PDF第113页 · rapid rapidity
cet-4,rare,rare,canonical,PDF第113页 · rare rarely rarity
cet-4,rare,rarely,derived,PDF第113页 · rare rarely rarity
cet-4,rare,rarity,derived,PDF第113页 · rare rarely rarity
cet-4,rat,rat,canonical,PDF第113页 · rat
cet-4,rate,rate,canonical,PDF第113页 · rate rating
cet-4,rather,rather,canonical,PDF第113页 · rather
cet-4,rate,rating,derived,PDF第113页 · rate rating
cet-4,ratio,ratio,canonical,PDF第113页 · ratio
cet-4,rational,rational,canonical,PDF第113页 · rational
cet-4,raw,raw,canonical,PDF第113页 · raw
cet-4,ray,ray,canonical,PDF第113页 · ray
cet-4,reach,reach,canonical,PDF第113页 · reach
cet-4,react,react,canonical,PDF第113页 · react reaction reactionary
cet-4,react,reaction,derived,PDF第113页 · react reaction reactionary
cet-4,react,reactionary,derived,PDF第113页 · react reaction reactionary
cet-4,read,read,canonical,PDF第113页 · read reading reader
cet-4,read,reader,derived,PDF第113页 · read reading reader
cet-4,ready,readily,derived,PDF第113页 · ready readily
cet-4,read,reading,derived,PDF第113页 · read reading reader
cet-4,ready,ready,canonical,PDF第113页 · ready readily
cet-4,real,real,canonical,PDF第113页 · real really reality
cet-4,realize,realisation,derived_variant,PDF第113页 · realize/Ｇise realization/Ｇsation
cet-4,realize,realise,canonical_variant,PDF第113页 · realize/Ｇise realization/Ｇsation
cet-4,realistic,realism,derived,PDF第113页 · realistic realism
cet-4,realistic,realistic,canonical,PDF第113页 · realistic realism
cet-4,real,reality,derived,PDF第113页 · real really reality
cet-4,realize,realization,derived,PDF第113页 · realize/Ｇise realization/Ｇsation
cet-4,realize,realize,canonical,PDF第113页 · realize/Ｇise realization/Ｇsation
cet-4,real,really,derived,PDF第113页 · real really reality
cet-4,realm,realm,canonical,PDF第113页 · realm
cet-4,reap,reap,canonical,PDF第113页 · reap
cet-4,rear,rear,canonical,PDF第113页 · rear
cet-4,reason,reason,canonical,PDF第113页 · reason reasonable
cet-4,reason,reasonable,derived,PDF第113页 · reason reasonable
cet-4,rebel,rebel,canonical,PDF第113页 · rebel rebellion rebellious
cet-4,rebel,rebellion,derived,PDF第113页 · rebel rebellion rebellious
cet-4,rebel,rebellious,derived,PDF第113页 · rebel rebellion rebellious
cet-4,recall,recall,canonical,PDF第113页 · recall
cet-4,receive,receipt,derived,PDF第113页 · receive receipt recipient receptive receiver
cet-4,receive,receive,canonical,PDF第113页 · receive receipt recipient receptive receiver
cet-4,receive,receiver,derived,PDF第113页 · receive receipt recipient receptive receiver
cet-4,recent,recent,canonical,PDF第113页 · recent recently
cet-4,recent,recently,derived,PDF第113页 · recent recently
cet-4,reception,reception,canonical,PDF第113页 · reception receptionist
cet-4,reception,receptionist,derived,PDF第113页 · reception receptionist
cet-4,receive,receptive,derived,PDF第113页 · receive receipt recipient receptive receiver
cet-4,recession,recession,canonical,PDF第113页 · recession
cet-4,receive,recipient,derived,PDF第113页 · receive receipt recipient receptive receiver
cet-4,recite,recitation,derived,PDF第114页 · recite recitation
cet-4,recite,recite,canonical,PDF第114页 · recite recitation
cet-4,reckon,reckon,canonical,PDF第114页 · reckon
cet-4,recognize,recognise,canonical_variant,PDF第114页 · recognize/Ｇise recognition
cet-4,recognize,recognition,derived,PDF第114页 · recognize/Ｇise recognition
cet-4,recognize,recognize,canonical,PDF第114页 · recognize/Ｇise recognition
cet-4,recommend,recommend,canonical,PDF第114页 · recommend recommendation
cet-4,recommend,recommendation,derived,PDF第114页 · recommend recommendation
cet-4,record,record,canonical,PDF第114页 · record recorder recording
cet-4,record,recorder,derived,PDF第114页 · record recorder recording
cet-4,record,recording,derived,PDF第114页 · record recorder recording
cet-4,recover,recover,canonical,PDF第114页 · recover recovery
cet-4,recover,recovery,derived,PDF第114页 · recover recovery
cet-4,recreation,recreation,canonical,PDF第114页 · recreation recreational
cet-4,recreation,recreational,derived,PDF第114页 · recreation recreational
cet-4,recruit,recruit,canonical,PDF第114页 · recruit recruitment
cet-4,recruit,recruitment,derived,PDF第114页 · recruit recruitment
cet-4,recycle,recyclable,derived,PDF第114页 · recycle recyclable
cet-4,recycle,recycle,canonical,PDF第114页 · recycle recyclable
cet-4,red,red,canonical,PDF第114页 · red
cet-4,reduce,reduce,canonical,PDF第114页 · reduce reduction
cet-4,reduce,reduction,derived,PDF第114页 · reduce reduction
cet-4,refer,refer,canonical,PDF第114页 · refer reference
cet-4,refer,reference,derived,PDF第114页 · refer reference
cet-4,refine,refine,canonical,PDF第114页 · refine refinery refinement
cet-4,refine,refinement,derived,PDF第114页 · refine refinery refinement
cet-4,refine,refinery,derived,PDF第114页 · refine refinery refinement
cet-4,reflect,reflect,canonical,PDF第114页 · reflect reflection reflective
cet-4,reflect,reflection,derived,PDF第114页 · reflect reflection reflective
cet-4,reflect,reflective,derived,PDF第114页 · reflect reflection reflective
cet-4,reform,reform,canonical,PDF第114页 · reform reformation reformist
cet-4,reform,reformation,derived,PDF第114页 · reform reformation reformist
cet-4,reform,reformist,derived,PDF第114页 · reform reformation reformist
cet-4,refrain,refrain,canonical,PDF第114页 · refrain
cet-4,refresh,refresh,canonical,PDF第114页 · refresh
cet-4,refreshment,refreshment,canonical,PDF第114页 · refreshment
cet-4,refrigerator,refrigeration,derived,PDF第114页 · refrigerator/fridge refrigeration
cet-4,refrigerator,refrigerator,canonical,PDF第114页 · refrigerator/fridge refrigeration
cet-4,refuse,refusal,derived,PDF第114页 · refuse refusal
cet-4,refuse,refuse,canonical,PDF第114页 · refuse refusal
cet-4,regard,regard,canonical,PDF第114页 · regard
cet-4,regarding,regarding,canonical,PDF第114页 · regarding
cet-4,regardless,regardless,canonical,PDF第114页 · regardless
cet-4,region,region,canonical,PDF第114页 · region regional
cet-4,region,regional,derived,PDF第114页 · region regional
cet-4,register,register,canonical,PDF第114页 · register registration registrar
cet-4,register,registrar,derived,PDF第114页 · register registration registrar
cet-4,register,registration,derived,PDF第114页 · register registration registrar
cet-4,regret,regret,canonical,PDF第114页 · regret regrettable regretful
cet-4,regret,regretful,derived,PDF第114页 · regret regrettable regretful
cet-4,regret,regrettable,derived,PDF第114页 · regret regrettable regretful
cet-4,regular,regular,canonical,PDF第114页 · regular regularity
cet-4,regular,regularity,derived,PDF第114页 · regular regularity
cet-4,regulate,regulate,canonical,PDF第114页 · regulate regulation regulatory regulator
cet-4,regulate,regulation,derived,PDF第114页 · regulate regulation regulatory regulator
cet-4,regulate,regulator,derived,PDF第114页 · regulate regulation regulatory regulator
cet-4,regulate,regulatory,derived,PDF第114页 · regulate regulation regulatory regulator
cet-4,reinforce,reinforce,canonical,PDF第115页 · reinforce reinforcement
cet-4,reinforce,reinforcement,derived,PDF第115页 · reinforce reinforcement
cet-4,reject,reject,canonical,PDF第115页 · reject rejection
cet-4,reject,rejection,derived,PDF第115页 · reject rejection
cet-4,relate,relate,canonical,PDF第115页 · relate relation relationship
cet-4,relate,relation,derived,PDF第115页 · relate relation relationship
cet-4,relate,relationship,derived,PDF第115页 · relate relation relationship
cet-4,relative,relative,canonical,PDF第115页 · relative relativity
cet-4,relative,relativity,derived,PDF第115页 · relative relativity
cet-4,relax,relax,canonical,PDF第115页 · relax relaxation
cet-4,relax,relaxation,derived,PDF第115页 · relax relaxation
cet-4,relay,relay,canonical,PDF第115页 · relay
cet-4,release,release,canonical,PDF第115页 · release
cet-4,relevant,relevance,derived,PDF第115页 · relevant relevance
cet-4,relevant,relevant,canonical,PDF第115页 · relevant relevance
cet-4,rely,reliable,derived,PDF第115页 · rely reliance reliable
cet-4,rely,reliance,derived,PDF第115页 · rely reliance reliable
cet-4,relieve,relief,derived,PDF第115页 · relieve relief
cet-4,relieve,relieve,canonical,PDF第115页 · relieve relief
cet-4,religion,religion,canonical,PDF第115页 · religion religious
cet-4,religion,religious,derived,PDF第115页 · religion religious
cet-4,reluctant,reluctance,derived,PDF第115页 · reluctant reluctance
cet-4,reluctant,reluctant,canonical,PDF第115页 · reluctant reluctance
cet-4,rely,rely,canonical,PDF第115页 · rely reliance reliable
cet-4,remain,remain,canonical,PDF第115页 · remain remainder
cet-4,remain,remainder,derived,PDF第115页 · remain remainder
cet-4,remark,remark,canonical,PDF第115页 · remark remarkable
cet-4,remark,remarkable,derived,PDF第115页 · remark remarkable
cet-4,remedy,remedial,derived,PDF第115页 · remedy remedial
cet-4,remedy,remedy,canonical,PDF第115页 · remedy remedial
cet-4,remember,remember,canonical,PDF第115页 · remember remembrance
cet-4,remember,remembrance,derived,PDF第115页 · remember remembrance
cet-4,remind,remind,canonical,PDF第115页 · remind reminder
cet-4,remind,reminder,derived,PDF第115页 · remind reminder
cet-4,remote,remote,canonical,PDF第115页 · remote
cet-4,remove,removal,derived,PDF第115页 · remove removal
cet-4,remove,remove,canonical,PDF第115页 · remove removal
cet-4,render,render,canonical,PDF第115页 · render rendering
cet-4,render,rendering,derived,PDF第115页 · render rendering
cet-4,renew,renew,canonical,PDF第115页 · renew renewal renewable
cet-4,renew,renewable,derived,PDF第115页 · renew renewal renewable
cet-4,renew,renewal,derived,PDF第115页 · renew renewal renewable
cet-4,renovate,renovate,canonical,PDF第115页 · renovate renovation
cet-4,renovate,renovation,derived,PDF第115页 · renovate renovation
cet-4,rent,rent,canonical,PDF第115页 · rent rental
cet-4,rent,rental,derived,PDF第115页 · rent rental
cet-4,repair,repair,canonical,PDF第115页 · repair reparable
cet-4,repair,reparable,derived,PDF第115页 · repair reparable
cet-4,repay,repay,canonical,PDF第115页 · repay repayment
cet-4,repay,repayment,derived,PDF第115页 · repay repayment
cet-4,repeat,repeat,canonical,PDF第115页 · repeat repetition repetitive repeatedly
cet-4,repeat,repeatedly,derived,PDF第115页 · repeat repetition repetitive repeatedly
cet-4,repeat,repetition,derived,PDF第115页 · repeat repetition repetitive repeatedly
cet-4,repeat,repetitive,derived,PDF第115页 · repeat repetition repetitive repeatedly
cet-4,replace,replace,canonical,PDF第115页 · replace replacement
cet-4,replace,replacement,derived,PDF第115页 · replace replacement
cet-4,reply,reply,canonical,PDF第115页 · reply
cet-4,report,report,canonical,PDF第116页 · report reporter
cet-4,report,reporter,derived,PDF第116页 · report reporter
cet-4,represent,represent,canonical,PDF第116页 · represent representation representative
cet-4,represent,representation,derived,PDF第116页 · represent representation representative
cet-4,represent,representative,derived,PDF第116页 · represent representation representative
cet-4,reproduce,reproduce,canonical,PDF第116页 · reproduce reproduction reproductive
cet-4,reproduce,reproduction,derived,PDF第116页 · reproduce reproduction reproductive
cet-4,reproduce,reproductive,derived,PDF第116页 · reproduce reproduction reproductive
cet-4,republic,republic,canonical,PDF第116页 · republic republican
cet-4,republic,republican,derived,PDF第116页 · republic republican
cet-4,reputation,reputation,canonical,PDF第116页 · reputation
cet-4,request,request,canonical,PDF第116页 · request
cet-4,require,require,canonical,PDF第116页 · require requirement
cet-4,require,requirement,derived,PDF第116页 · require requirement
cet-4,rescue,rescue,canonical,PDF第116页 · rescue
cet-4,research,research,canonical,PDF第116页 · research researcher
cet-4,research,researcher,derived,PDF第116页 · research researcher
cet-4,resemble,resemblance,derived,PDF第116页 · resemble resemblance
cet-4,resemble,resemble,canonical,PDF第116页 · resemble resemblance
cet-4,resent,resent,canonical,PDF第116页 · resent resentment
cet-4,resent,resentment,derived,PDF第116页 · resent resentment
cet-4,reserve,reservation,derived,PDF第116页 · reserve reservation reserved
cet-4,reserve,reserve,canonical,PDF第116页 · reserve reservation reserved
cet-4,reserve,reserved,derived,PDF第116页 · reserve reservation reserved
cet-4,reside,reside,canonical,PDF第116页 · reside residence resident residential
cet-4,reside,residence,derived,PDF第116页 · reside residence resident residential
cet-4,reside,resident,derived,PDF第116页 · reside residence resident residential
cet-4,reside,residential,derived,PDF第116页 · reside residence resident residential
cet-4,resign,resign,canonical,PDF第116页 · resign resignation
cet-4,resign,resignation,derived,PDF第116页 · resign resignation
cet-4,resist,resist,canonical,PDF第116页 · resist resistance resistant
cet-4,resist,resistance,derived,PDF第116页 · resist resistance resistant
cet-4,resist,resistant,derived,PDF第116页 · resist resistance resistant
cet-4,resolve,resolute,derived,PDF第116页 · resolve resolution resolute
cet-4,resolve,resolution,derived,PDF第116页 · resolve resolution resolute
cet-4,resolve,resolve,canonical,PDF第116页 · resolve resolution resolute
cet-4,resort,resort,canonical · 同形异义1 · 同形异义2,PDF第116页 · resort１
cet-4,resource,resource,canonical,PDF第116页 · resource resourceful
cet-4,resource,resourceful,derived,PDF第116页 · resource resourceful
cet-4,respect,respect,canonical,PDF第116页 · respect respectable respectful
cet-4,respect,respectable,derived,PDF第116页 · respect respectable respectful
cet-4,respect,respectful,derived,PDF第116页 · respect respectable respectful
cet-4,respective,respective,canonical,PDF第116页 · respective respectively
cet-4,respective,respectively,derived,PDF第116页 · respective respectively
cet-4,respond,respond,canonical,PDF第116页 · respond response responsive respondent
cet-4,respond,respondent,derived,PDF第116页 · respond response responsive respondent
cet-4,respond,response,derived,PDF第116页 · respond response responsive respondent
cet-4,responsible,responsibility,derived,PDF第116页 · responsible responsibility
cet-4,responsible,responsible,canonical,PDF第116页 · responsible responsibility
cet-4,respond,responsive,derived,PDF第116页 · respond response responsive respondent
cet-4,rest,rest,canonical · 同形异义1 · 同形异义2,PDF第116页 · rest１
cet-4,restaurant,restaurant,canonical,PDF第116页 · restaurant
cet-4,restore,restoration,derived,PDF第116页 · restore restoration
cet-4,restore,restore,canonical,PDF第116页 · restore restoration
cet-4,restrain,restrain,canonical,PDF第116页 · restrain restraint
cet-4,restrain,restraint,derived,PDF第116页 · restrain restraint
cet-4,restrict,restrict,canonical,PDF第116页 · restrict restriction restrictive
cet-4,restrict,restriction,derived,PDF第116页 · restrict restriction restrictive
cet-4,restrict,restrictive,derived,PDF第116页 · restrict restriction restrictive
cet-4,result,result,canonical,PDF第116页 · result resultant
cet-4,result,resultant,derived,PDF第116页 · result resultant
cet-4,resume,resume,canonical,PDF第116页 · resume resumption
cet-4,résumé,resume,canonical,PDF第116页 · résumé
cet-4,resume,resumption,derived,PDF第116页 · resume resumption
cet-4,retail,retail,canonical,PDF第116页 · retail retailer
cet-4,retail,retailer,derived,PDF第116页 · retail retailer
cet-4,retain,retain,canonical,PDF第116页 · retain retention
cet-4,retell,retell,canonical,PDF第117页 · retell retelling
cet-4,retell,retelling,derived,PDF第117页 · retell retelling
cet-4,retain,retention,derived,PDF第116页 · retain retention
cet-4,retire,retire,canonical,PDF第117页 · retire retirement retired
cet-4,retire,retired,derived,PDF第117页 · retire retirement retired
cet-4,retire,retirement,derived,PDF第117页 · retire retirement retired
cet-4,retreat,retreat,canonical,PDF第117页 · retreat
cet-4,return,return,canonical,PDF第117页 · return
cet-4,reunite,reunification,derived,PDF第117页 · reunite reunification reunion
cet-4,reunite,reunion,derived,PDF第117页 · reunite reunification reunion
cet-4,reunite,reunite,canonical,PDF第117页 · reunite reunification reunion
cet-4,reveal,reveal,canonical,PDF第117页 · reveal revelation
cet-4,reveal,revelation,derived,PDF第117页 · reveal revelation
cet-4,revenue,revenue,canonical,PDF第117页 · revenue
cet-4,reverse,reversal,derived,PDF第117页 · reverse reversal reversible
cet-4,reverse,reverse,canonical,PDF第117页 · reverse reversal reversible
cet-4,reverse,reversible,derived,PDF第117页 · reverse reversal reversible
cet-4,review,review,canonical,PDF第117页 · review reviewer
cet-4,review,reviewer,derived,PDF第117页 · review reviewer
cet-4,revise,revise,canonical,PDF第117页 · revise revision
cet-4,revise,revision,derived,PDF第117页 · revise revision
cet-4,revolution,revolution,canonical,PDF第117页 · revolution revolutionary
cet-4,revolution,revolutionary,derived,PDF第117页 · revolution revolutionary
cet-4,revolve,revolve,canonical,PDF第117页 · revolve
cet-4,reward,reward,canonical,PDF第117页 · reward rewarding
cet-4,reward,rewarding,derived,PDF第117页 · reward rewarding
cet-4,rhythm,rhythm,canonical,PDF第117页 · rhythm rhythmic
cet-4,rhythm,rhythmic,derived,PDF第117页 · rhythm rhythmic
cet-4,rib,rib,canonical,PDF第117页 · rib
cet-4,ribbon,ribbon,canonical,PDF第117页 · ribbon
cet-4,rice,rice,canonical,PDF第117页 · rice
cet-4,rich,rich,canonical,PDF第117页 · rich
cet-4,rid,rid,canonical,PDF第117页 · rid
cet-4,riddle,riddle,canonical,PDF第117页 · riddle
cet-4,ride,ride,canonical,PDF第117页 · ride rider
cet-4,ride,rider,derived,PDF第117页 · ride rider
cet-4,ridicule,ridicule,canonical,PDF第117页 · ridicule ridiculous
cet-4,ridicule,ridiculous,derived,PDF第117页 · ridicule ridiculous
cet-4,rifle,rifle,canonical,PDF第117页 · rifle
cet-4,right,right,canonical,PDF第117页 · right
cet-4,ring,ring,canonical,PDF第117页 · ring
cet-4,riot,riot,canonical,PDF第117页 · riot riotous
cet-4,riot,riotous,derived,PDF第117页 · riot riotous
cet-4,rip,rip,canonical,PDF第117页 · rip
cet-4,ripe,ripe,canonical,PDF第117页 · ripe ripen
cet-4,ripe,ripen,derived,PDF第117页 · ripe ripen
cet-4,rise,rise,canonical,PDF第117页 · rise
cet-4,risk,risk,canonical,PDF第117页 · risk risky
cet-4,risk,risky,derived,PDF第117页 · risk risky
cet-4,rival,rival,canonical,PDF第118页 · rival rivalry
cet-4,rival,rivalry,derived,PDF第118页 · rival rivalry
cet-4,river,river,canonical,PDF第118页 · river
cet-4,road,road,canonical,PDF第118页 · road
cet-4,roar,roar,canonical,PDF第118页 · roar
cet-4,roast,roast,canonical,PDF第118页 · roast
cet-4,rob,rob,canonical,PDF第118页 · rob robbery
cet-4,rob,robbery,derived,PDF第118页 · rob robbery
cet-4,robot,robot,canonical,PDF第118页 · robot robotic
cet-4,robot,robotic,derived,PDF第118页 · robot robotic
cet-4,rock,rock,canonical,PDF第118页 · rock rocky
cet-4,rocket,rocket,canonical,PDF第118页 · rocket
cet-4,rock,rocky,derived,PDF第118页 · rock rocky
cet-4,rod,rod,canonical,PDF第118页 · rod
cet-4,role,role,canonical,PDF第118页 · role
cet-4,roll,roll,canonical,PDF第118页 · roll roller
cet-4,roll,roller,derived,PDF第118页 · roll roller
cet-4,romance,romance,canonical,PDF第118页 · romance romantic
cet-4,romance,romantic,derived,PDF第118页 · romance romantic
cet-4,roof,roof,canonical,PDF第118页 · roof
cet-4,room,room,canonical,PDF第118页 · room
cet-4,root,root,canonical,PDF第118页 · root
cet-4,rope,rope,canonical,PDF第118页 · rope
cet-4,rose,rose,canonical,PDF第118页 · rose rosy
cet-4,rose,rosy,derived,PDF第118页 · rose rosy
cet-4,rough,rough,canonical,PDF第118页 · rough roughly
cet-4,rough,roughly,derived,PDF第118页 · rough roughly
cet-4,round,round,canonical,PDF第118页 · round
cet-4,rouse,rouse,canonical,PDF第118页 · rouse
cet-4,route,route,canonical,PDF第118页 · route
cet-4,routine,routine,canonical,PDF第118页 · routine
cet-4,row,row,canonical · 同形异义1 · 同形异义2,PDF第118页 · row１
cet-4,royal,royal,canonical,PDF第118页 · royal royalty
cet-4,royal,royalty,derived,PDF第118页 · royal royalty
cet-4,rub,rub,canonical,PDF第118页 · rub
cet-4,rubber,rubber,canonical,PDF第118页 · rubber
cet-4,rubbish,rubbish,canonical,PDF第118页 · rubbish
cet-4,rude,rude,canonical,PDF第118页 · rude
cet-4,rug,rug,canonical,PDF第118页 · rug
cet-4,ruin,ruin,canonical,PDF第118页 · ruin ruinous
cet-4,ruin,ruinous,derived,PDF第118页 · ruin ruinous
cet-4,rule,rule,canonical,PDF第118页 · rule ruler ruling
cet-4,rule,ruler,derived,PDF第118页 · rule ruler ruling
cet-4,rule,ruling,derived,PDF第118页 · rule ruler ruling
cet-4,rumor,rumor,canonical,PDF第118页 · rumo(u)r
cet-4,rumor,rumour,canonical_variant,PDF第118页 · rumo(u)r
cet-4,run,run,canonical,PDF第118页 · run runner running
cet-4,run,runner,derived,PDF第118页 · run runner running
cet-4,run,running,derived,PDF第118页 · run runner running
cet-4,runway,runway,canonical,PDF第118页 · runway
cet-4,rural,rural,canonical,PDF第118页 · rural
cet-4,rush,rush,canonical,PDF第118页 · rush
cet-4,résumé,résumé,canonical,PDF第116页 · résumé
cet-4,sack,sack,canonical,PDF第119页 · sack
cet-4,sacrifice,sacrifice,canonical,PDF第119页 · sacrifice sacrificial
cet-4,sacrifice,sacrificial,derived,PDF第119页 · sacrifice sacrificial
cet-4,sad,sad,canonical,PDF第119页 · sad sadness sadden
cet-4,sad,sadden,derived,PDF第119页 · sad sadness sadden
cet-4,sad,sadness,derived,PDF第119页 · sad sadness sadden
cet-4,safe,safe,canonical,PDF第119页 · safe safety
cet-4,safe,safety,derived,PDF第119页 · safe safety
cet-4,sail,sail,canonical,PDF第119页 · sail sailing sailor
cet-4,sail,sailing,derived,PDF第119页 · sail sailing sailor
cet-4,sail,sailor,derived,PDF第119页 · sail sailing sailor
cet-4,saint,saint,canonical,PDF第119页 · saint
cet-4,sake,sake,canonical,PDF第119页 · sake
cet-4,salad,salad,canonical,PDF第119页 · salad
cet-4,salary,salary,canonical,PDF第119页 · salary
cet-4,sale,sale,canonical,PDF第119页 · sale
cet-4,salesman,salesman,canonical,PDF第119页 · salesman
cet-4,salt,salt,canonical,PDF第119页 · salt salty
cet-4,salt,salty,derived,PDF第119页 · salt salty
cet-4,same,same,canonical,PDF第119页 · same
cet-4,sample,sample,canonical,PDF第119页 · sample
cet-4,sand,sand,canonical,PDF第119页 · sand
cet-4,sandwich,sandwich,canonical,PDF第119页 · sandwich
cet-4,satellite,satellite,canonical,PDF第119页 · satellite
cet-4,satisfy,satisfaction,derived,PDF第119页 · satisfy satisfaction satisfactory
cet-4,satisfy,satisfactory,derived,PDF第119页 · satisfy satisfaction satisfactory
cet-4,satisfy,satisfy,canonical,PDF第119页 · satisfy satisfaction satisfactory
cet-4,saturday,saturday,canonical,PDF第119页 · Saturday
cet-4,sauce,sauce,canonical,PDF第119页 · sauce
cet-4,sausage,sausage,canonical,PDF第119页 · sausage
cet-4,save,save,canonical,PDF第119页 · save saving
cet-4,save,saving,derived,PDF第119页 · save saving
cet-4,say,say,canonical,PDF第119页 · say saying
cet-4,say,saying,derived,PDF第119页 · say saying
cet-4,scale,scale,canonical,PDF第119页 · scale
cet-4,scan,scan,canonical,PDF第119页 · scan scanner
cet-4,scandal,scandal,canonical,PDF第120页 · scandal scandalous
cet-4,scandal,scandalous,derived,PDF第120页 · scandal scandalous
cet-4,scan,scanner,derived,PDF第119页 · scan scanner
cet-4,scar,scar,canonical,PDF第120页 · scar
cet-4,scarce,scarce,canonical,PDF第120页 · scarce scarcity scarcely
cet-4,scarce,scarcely,derived,PDF第120页 · scarce scarcity scarcely
cet-4,scarce,scarcity,derived,PDF第120页 · scarce scarcity scarcely
cet-4,scare,scare,canonical,PDF第120页 · scare scary
cet-4,scare,scary,derived,PDF第120页 · scare scary
cet-4,scatter,scatter,canonical,PDF第120页 · scatter
cet-4,scene,scene,canonical,PDF第120页 · scene scenery scenic
cet-4,scene,scenery,derived,PDF第120页 · scene scenery scenic
cet-4,scene,scenic,derived,PDF第120页 · scene scenery scenic
cet-4,scent,scent,canonical,PDF第120页 · scent
cet-4,schedule,schedule,canonical,PDF第120页 · schedule
cet-4,scheme,scheme,canonical,PDF第120页 · scheme
cet-4,scholar,scholar,canonical,PDF第120页 · scholar scholarly scholarship scholastic
cet-4,scholar,scholarly,derived,PDF第120页 · scholar scholarly scholarship scholastic
cet-4,scholar,scholarship,derived,PDF第120页 · scholar scholarly scholarship scholastic
cet-4,scholar,scholastic,derived,PDF第120页 · scholar scholarly scholarship scholastic
cet-4,school,school,canonical,PDF第120页 · school schooling
cet-4,school,schooling,derived,PDF第120页 · school schooling
cet-4,science,science,canonical,PDF第120页 · science scientific scientist
cet-4,science,scientific,derived,PDF第120页 · science scientific scientist
cet-4,science,scientist,derived,PDF第120页 · science scientific scientist
cet-4,scissors,scissors,canonical,PDF第120页 · scissors
cet-4,scold,scold,canonical,PDF第120页 · scold
cet-4,scope,scope,canonical,PDF第120页 · scope
cet-4,score,score,canonical,PDF第120页 · score
cet-4,scout,scout,canonical,PDF第120页 · scout
cet-4,scratch,scratch,canonical,PDF第120页 · scratch
cet-4,scream,scream,canonical,PDF第120页 · scream
cet-4,screen,screen,canonical,PDF第120页 · screen
cet-4,screw,screw,canonical,PDF第120页 · screw
cet-4,script,script,canonical,PDF第120页 · script scripture
cet-4,script,scripture,derived,PDF第120页 · script scripture
cet-4,sea,sea,canonical,PDF第120页 · sea
cet-4,seal,seal,canonical,PDF第120页 · seal
cet-4,search,search,canonical,PDF第120页 · search
cet-4,season,season,canonical,PDF第120页 · season seasonal
cet-4,season,seasonal,derived,PDF第120页 · season seasonal
cet-4,seat,seat,canonical,PDF第120页 · seat
cet-4,second,second,canonical · 同形异义1 · 同形异义2,PDF第120页 · second１
cet-4,second-hand,second hand,canonical,PDF第120页 · secondＧhand
cet-4,second-hand,second-hand,canonical,PDF第120页 · secondＧhand
cet-4,secondary,secondary,canonical,PDF第120页 · secondary
cet-4,secret,secrecy,derived,PDF第120页 · secret secrecy secretive
cet-4,secret,secret,canonical,PDF第120页 · secret secrecy secretive
cet-4,secretary,secretarial,derived,PDF第120页 · secretary secretarial
cet-4,secretary,secretary,canonical,PDF第120页 · secretary secretarial
cet-4,secret,secretive,derived,PDF第120页 · secret secrecy secretive
cet-4,section,section,canonical,PDF第120页 · section
cet-4,sector,sector,canonical,PDF第121页 · sector
cet-4,secure,secure,canonical,PDF第121页 · secure security
cet-4,secure,security,derived,PDF第121页 · secure security
cet-4,see,see,canonical,PDF第121页 · see
cet-4,seed,seed,canonical,PDF第121页 · seed seedling
cet-4,seed,seedling,derived,PDF第121页 · seed seedling
cet-4,seek,seek,canonical,PDF第121页 · seek
cet-4,seem,seem,canonical,PDF第121页 · seem seeming seemingly
cet-4,seem,seeming,derived,PDF第121页 · seem seeming seemingly
cet-4,seem,seemingly,derived,PDF第121页 · seem seeming seemingly
cet-4,segment,segment,canonical,PDF第121页 · segment segmental
cet-4,segment,segmental,derived,PDF第121页 · segment segmental
cet-4,seize,seize,canonical,PDF第121页 · seize seizure
cet-4,seize,seizure,derived,PDF第121页 · seize seizure
cet-4,seldom,seldom,canonical,PDF第121页 · seldom
cet-4,select,select,canonical,PDF第121页 · select selection selective
cet-4,select,selection,derived,PDF第121页 · select selection selective
cet-4,select,selective,derived,PDF第121页 · select selection selective
cet-4,self,self,canonical,PDF第121页 · self selfish selfless
cet-4,self,selfish,derived,PDF第121页 · self selfish selfless
cet-4,self,selfless,derived,PDF第121页 · self selfish selfless
cet-4,sell,sell,canonical,PDF第121页 · sell
cet-4,semester,semester,canonical,PDF第121页 · semester
cet-4,colon,semi colon,derived,PDF第44页 · colon semiＧcolon
cet-4,colon,semi-colon,derived,PDF第44页 · colon semiＧcolon
cet-4,seminar,seminar,canonical,PDF第121页 · seminar
cet-4,senate,senate,canonical,PDF第121页 · senate senator
cet-4,senate,senator,derived,PDF第121页 · senate senator
cet-4,send,send,canonical,PDF第121页 · send
cet-4,senior,senior,canonical,PDF第121页 · senior seniority
cet-4,senior,seniority,derived,PDF第121页 · senior seniority
cet-4,sense,sense,canonical,PDF第121页 · sense sensible sensor
cet-4,sense,sensible,derived,PDF第121页 · sense sensible sensor
cet-4,sensitive,sensitive,canonical,PDF第121页 · sensitive sensitivity
cet-4,sensitive,sensitivity,derived,PDF第121页 · sensitive sensitivity
cet-4,sense,sensor,derived,PDF第121页 · sense sensible sensor
cet-4,sentence,sentence,canonical,PDF第121页 · sentence
cet-4,separate,separate,canonical,PDF第121页 · separate separation separatist
cet-4,separate,separation,derived,PDF第121页 · separate separation separatist
cet-4,separate,separatist,derived,PDF第121页 · separate separation separatist
cet-4,september,september,canonical,PDF第121页 · September
cet-4,sequence,sequence,canonical,PDF第121页 · sequence sequential
cet-4,sequence,sequential,derived,PDF第121页 · sequence sequential
cet-4,series,series,canonical,PDF第121页 · series
cet-4,serious,serious,canonical,PDF第121页 · serious
cet-4,servant,servant,canonical,PDF第121页 · servant
cet-4,serve,serve,canonical,PDF第121页 · serve service serving
cet-4,serve,service,derived,PDF第121页 · serve service serving
cet-4,serve,serving,derived,PDF第121页 · serve service serving
cet-4,session,session,canonical,PDF第121页 · session
cet-4,set,set,canonical,PDF第121页 · set
cet-4,setback,setback,canonical,PDF第121页 · setback
cet-4,setting,setting,canonical,PDF第121页 · setting
cet-4,settle,settle,canonical,PDF第121页 · settle settlement
cet-4,settle,settlement,derived,PDF第121页 · settle settlement
cet-4,seven,seven,canonical,PDF第121页 · seven
cet-4,seventeen,seventeen,canonical,PDF第121页 · seventeen
cet-4,seventy,seventy,canonical,PDF第121页 · seventy
cet-4,several,several,canonical,PDF第122页 · several
cet-4,severe,severe,canonical,PDF第122页 · severe severity
cet-4,severe,severity,derived,PDF第122页 · severe severity
cet-4,sew,sew,canonical,PDF第122页 · sew
cet-4,sex,sex,canonical,PDF第122页 · sex sexy sexual
cet-4,sex,sexual,derived,PDF第122页 · sex sexy sexual
cet-4,sex,sexy,derived,PDF第122页 · sex sexy sexual
cet-4,shade,shade,canonical,PDF第122页 · shade shady
cet-4,shadow,shadow,canonical,PDF第122页 · shadow
cet-4,shade,shady,derived,PDF第122页 · shade shady
cet-4,shake,shake,canonical,PDF第122页 · shake shaky
cet-4,shake,shaky,derived,PDF第122页 · shake shaky
cet-4,shall,shall,canonical,PDF第122页 · shall
cet-4,shallow,shallow,canonical,PDF第122页 · shallow
cet-4,shame,shame,canonical,PDF第122页 · shame shameful shameless
cet-4,shame,shameful,derived,PDF第122页 · shame shameful shameless
cet-4,shame,shameless,derived,PDF第122页 · shame shameful shameless
cet-4,shape,shape,canonical,PDF第122页 · shape
cet-4,share,share,canonical,PDF第122页 · share
cet-4,sharp,sharp,canonical,PDF第122页 · sharp sharpen
cet-4,sharp,sharpen,derived,PDF第122页 · sharp sharpen
cet-4,shave,shave,canonical,PDF第122页 · shave shaver
cet-4,shave,shaver,derived,PDF第122页 · shave shaver
cet-4,she,she,canonical,PDF第122页 · she
cet-4,shed,shed,canonical,PDF第122页 · shed
cet-4,sheep,sheep,canonical,PDF第122页 · sheep
cet-4,sheer,sheer,canonical,PDF第122页 · sheer
cet-4,sheet,sheet,canonical,PDF第122页 · sheet
cet-4,shelf,shelf,canonical,PDF第122页 · shelf
cet-4,shell,shell,canonical,PDF第122页 · shell
cet-4,shelter,shelter,canonical,PDF第122页 · shelter
cet-4,shift,shift,canonical,PDF第122页 · shift
cet-4,shine,shine,canonical,PDF第122页 · shine shiny
cet-4,shine,shiny,derived,PDF第122页 · shine shiny
cet-4,ship,ship,canonical,PDF第122页 · ship shipping shipment
cet-4,ship,shipment,derived,PDF第122页 · ship shipping shipment
cet-4,ship,shipping,derived,PDF第122页 · ship shipping shipment
cet-4,shirt,shirt,canonical,PDF第122页 · shirt
cet-4,shit,shit,canonical,PDF第122页 · shit
cet-4,shiver,shiver,canonical,PDF第122页 · shiver
cet-4,shock,shock,canonical,PDF第122页 · shock
cet-4,shoe,shoe,canonical,PDF第122页 · shoe
cet-4,shoot,shoot,canonical,PDF第122页 · shoot
cet-4,shop,shop,canonical,PDF第122页 · shop shopping
cet-4,shop,shopping,derived,PDF第122页 · shop shopping
cet-4,shore,shore,canonical,PDF第122页 · shore
cet-4,short,short,canonical,PDF第122页 · short shortage shorts
cet-4,short,shortage,derived,PDF第122页 · short shortage shorts
cet-4,shortcoming,shortcoming,canonical,PDF第122页 · shortcoming
cet-4,shortly,shortly,canonical,PDF第123页 · shortly
cet-4,short,shorts,derived,PDF第122页 · short shortage shorts
cet-4,shot,shot,canonical,PDF第123页 · shot
cet-4,should,should,canonical,PDF第123页 · should
cet-4,shoulder,shoulder,canonical,PDF第123页 · shoulder
cet-4,shout,shout,canonical,PDF第123页 · shout
cet-4,show,show,canonical,PDF第123页 · show showy
cet-4,shower,shower,canonical,PDF第123页 · shower
cet-4,show,showy,derived,PDF第123页 · show showy
cet-4,shrimp,shrimp,canonical,PDF第123页 · shrimp
cet-4,shrink,shrink,canonical,PDF第123页 · shrink
cet-4,shrug,shrug,canonical,PDF第123页 · shrug
cet-4,shut,shut,canonical,PDF第123页 · shut
cet-4,shuttle,shuttle,canonical,PDF第123页 · shuttle
cet-4,shy,shy,canonical,PDF第123页 · shy shyness shyly
cet-4,shy,shyly,derived,PDF第123页 · shy shyness shyly
cet-4,shy,shyness,derived,PDF第123页 · shy shyness shyly
cet-4,sick,sick,canonical,PDF第123页 · sick sicken
cet-4,sick,sicken,derived,PDF第123页 · sick sicken
cet-4,side,side,canonical,PDF第123页 · side
cet-4,sideways,sideways,canonical,PDF第123页 · sideways
cet-4,siege,siege,canonical,PDF第123页 · siege
cet-4,sigh,sigh,canonical,PDF第123页 · sigh
cet-4,sight,sight,canonical,PDF第123页 · sight
cet-4,sightseeing,sightseeing,canonical,PDF第123页 · sightseeing
cet-4,sign,sign,canonical,PDF第123页 · sign signature
cet-4,signal,signal,canonical,PDF第123页 · signal
cet-4,sign,signature,derived,PDF第123页 · sign signature
cet-4,significant,significance,derived,PDF第123页 · significant significance
cet-4,significant,significant,canonical,PDF第123页 · significant significance
cet-4,silent,silence,derived,PDF第123页 · silent silence
cet-4,silent,silent,canonical,PDF第123页 · silent silence
cet-4,silicon,silicon,canonical,PDF第123页 · silicon
cet-4,silk,silk,canonical,PDF第123页 · silk silky
cet-4,silk,silky,derived,PDF第123页 · silk silky
cet-4,silver,silver,canonical,PDF第123页 · silver silvery
cet-4,silver,silvery,derived,PDF第123页 · silver silvery
cet-4,similar,similar,canonical,PDF第123页 · similar similarity
cet-4,similar,similarity,derived,PDF第123页 · similar similarity
cet-4,simple,simple,canonical,PDF第123页 · simple simplicity simplify simply
cet-4,simple,simplicity,derived,PDF第123页 · simple simplicity simplify simply
cet-4,simple,simplify,derived,PDF第123页 · simple simplicity simplify simply
cet-4,simple,simply,derived,PDF第123页 · simple simplicity simplify simply
cet-4,sin,sin,canonical,PDF第123页 · sin
cet-4,since,since,canonical,PDF第123页 · since
cet-4,sincere,sincere,canonical,PDF第123页 · sincere sincerity
cet-4,sincere,sincerity,derived,PDF第123页 · sincere sincerity
cet-4,sing,sing,canonical,PDF第123页 · sing singer
cet-4,sing,singer,derived,PDF第123页 · sing singer
cet-4,single,single,canonical,PDF第124页 · single
cet-4,singular,singular,canonical,PDF第124页 · singular singularity
cet-4,singular,singularity,derived,PDF第124页 · singular singularity
cet-4,sink,sink,canonical,PDF第124页 · sink
cet-4,sip,sip,canonical,PDF第124页 · sip
cet-4,sir,sir,canonical,PDF第124页 · sir
cet-4,sister,sister,canonical,PDF第124页 · sister
cet-4,sit,sit,canonical,PDF第124页 · sit sitting
cet-4,site,site,canonical,PDF第124页 · site
cet-4,sit,sitting,derived,PDF第124页 · sit sitting
cet-4,situate,situate,canonical,PDF第124页 · situate
cet-4,situation,situation,canonical,PDF第124页 · situation
cet-4,six,six,canonical,PDF第124页 · six
cet-4,sixteen,sixteen,canonical,PDF第124页 · sixteen
cet-4,sixty,sixty,canonical,PDF第124页 · sixty
cet-4,size,sizable,derived,PDF第124页 · size sizable
cet-4,size,size,canonical,PDF第124页 · size sizable
cet-4,skate,skate,canonical,PDF第124页 · skate skating
cet-4,skate,skating,derived,PDF第124页 · skate skating
cet-4,skeleton,skeleton,canonical,PDF第124页 · skeleton
cet-4,sketch,sketch,canonical,PDF第124页 · sketch sketchy
cet-4,sketch,sketchy,derived,PDF第124页 · sketch sketchy
cet-4,ski,ski,canonical,PDF第124页 · ski skiing
cet-4,ski,skiing,derived,PDF第124页 · ski skiing
cet-4,skill,skilful,derived,PDF第124页 · skill skil(l)ful skilled
cet-4,skill,skill,canonical,PDF第124页 · skill skil(l)ful skilled
cet-4,skill,skilled,derived,PDF第124页 · skill skil(l)ful skilled
cet-4,skill,skillful,derived_variant,PDF第124页 · skill skil(l)ful skilled
cet-4,skin,skin,canonical,PDF第124页 · skin skinny
cet-4,skin,skinny,derived,PDF第124页 · skin skinny
cet-4,skip,skip,canonical,PDF第124页 · skip
cet-4,skirt,skirt,canonical,PDF第124页 · skirt
cet-4,sky,sky,canonical,PDF第124页 · sky
cet-4,skyline,skyline,canonical,PDF第124页 · skyline
cet-4,skyscraper,skyscraper,canonical,PDF第124页 · skyscraper
cet-4,slap,slap,canonical,PDF第124页 · slap
cet-4,slave,slave,canonical,PDF第124页 · slave slavery
cet-4,slave,slavery,derived,PDF第124页 · slave slavery
cet-4,sleep,sleep,canonical,PDF第124页 · sleep sleepy sleepiness
cet-4,sleep,sleepiness,derived,PDF第124页 · sleep sleepy sleepiness
cet-4,sleep,sleepy,derived,PDF第124页 · sleep sleepy sleepiness
cet-4,sleeve,sleeve,canonical,PDF第124页 · sleeve
cet-4,slender,slender,canonical,PDF第124页 · slender
cet-4,slice,slice,canonical,PDF第124页 · slice
cet-4,slide,slide,canonical,PDF第124页 · slide
cet-4,slight,slight,canonical,PDF第124页 · slight slightly
cet-4,slight,slightly,derived,PDF第124页 · slight slightly
cet-4,slim,slim,canonical,PDF第124页 · slim
cet-4,slip,slip,canonical,PDF第125页 · slip slippery slipper
cet-4,slip,slipper,derived,PDF第125页 · slip slippery slipper
cet-4,slip,slippery,derived,PDF第125页 · slip slippery slipper
cet-4,slogan,slogan,canonical,PDF第125页 · slogan
cet-4,slope,slope,canonical,PDF第125页 · slope
cet-4,slow,slow,canonical,PDF第125页 · slow
cet-4,small,small,canonical,PDF第125页 · small
cet-4,smart,smart,canonical,PDF第125页 · smart
cet-4,smartphone,smartphone,canonical,PDF第125页 · smartphone
cet-4,smash,smash,canonical,PDF第125页 · smash
cet-4,smell,smell,canonical,PDF第125页 · smell smelly
cet-4,smell,smelly,derived,PDF第125页 · smell smelly
cet-4,smile,smile,canonical,PDF第125页 · smile
cet-4,smog,smog,canonical,PDF第125页 · smog smoggy
cet-4,smog,smoggy,derived,PDF第125页 · smog smoggy
cet-4,smoke,smoke,canonical,PDF第125页 · smoke smoky
cet-4,smoke,smoky,derived,PDF第125页 · smoke smoky
cet-4,smooth,smooth,canonical,PDF第125页 · smooth
cet-4,snack,snack,canonical,PDF第125页 · snack
cet-4,snake,snake,canonical,PDF第125页 · snake
cet-4,snow,snow,canonical,PDF第125页 · snow snowy
cet-4,snow,snowy,derived,PDF第125页 · snow snowy
cet-4,so,so,canonical,PDF第125页 · so
cet-4,so-called,so called,canonical,PDF第125页 · soＧcalled
cet-4,so-called,so-called,canonical,PDF第125页 · soＧcalled
cet-4,soak,soak,canonical,PDF第125页 · soak
cet-4,soap,soap,canonical,PDF第125页 · soap
cet-4,soar,soar,canonical,PDF第125页 · soar
cet-4,soccer,soccer,canonical,PDF第125页 · soccer
cet-4,society,sociable,derived,PDF第125页 · society social socialize/Ｇise sociable
cet-4,society,social,derived,PDF第125页 · society social socialize/Ｇise sociable
cet-4,society,socialise,derived_variant,PDF第125页 · society social socialize/Ｇise sociable
cet-4,socialism,socialism,canonical,PDF第125页 · socialism socialist
cet-4,socialism,socialist,derived,PDF第125页 · socialism socialist
cet-4,society,socialize,derived,PDF第125页 · society social socialize/Ｇise sociable
cet-4,society,society,canonical,PDF第125页 · society social socialize/Ｇise sociable
cet-4,sociology,sociologist,derived,PDF第125页 · sociology sociologist
cet-4,sociology,sociology,canonical,PDF第125页 · sociology sociologist
cet-4,sock,sock,canonical,PDF第125页 · sock
cet-4,soda,soda,canonical,PDF第125页 · soda
cet-4,sofa,sofa,canonical,PDF第125页 · sofa
cet-4,soft,soft,canonical,PDF第126页 · soft soften
cet-4,soft,soften,derived,PDF第126页 · soft soften
cet-4,software,software,canonical,PDF第126页 · software
cet-4,soil,soil,canonical,PDF第126页 · soil
cet-4,solar,solar,canonical,PDF第126页 · solar
cet-4,soldier,soldier,canonical,PDF第126页 · soldier
cet-4,sole,sole,canonical,PDF第126页 · sole solely
cet-4,sole,solely,derived,PDF第126页 · sole solely
cet-4,solemn,solemn,canonical,PDF第126页 · solemn solemnity
cet-4,solemn,solemnity,derived,PDF第126页 · solemn solemnity
cet-4,solid,solid,canonical,PDF第126页 · solid solidity solidify
cet-4,solid,solidify,derived,PDF第126页 · solid solidity solidify
cet-4,solid,solidity,derived,PDF第126页 · solid solidity solidify
cet-4,solve,soluble,derived,PDF第126页 · solve solution solvent soluble
cet-4,solve,solution,derived,PDF第126页 · solve solution solvent soluble
cet-4,solve,solve,canonical,PDF第126页 · solve solution solvent soluble
cet-4,solve,solvent,derived,PDF第126页 · solve solution solvent soluble
cet-4,some,some,canonical,PDF第126页 · some
cet-4,somebody,somebody,canonical,PDF第126页 · somebody
cet-4,somehow,somehow,canonical,PDF第126页 · somehow
cet-4,someone,someone,canonical,PDF第126页 · someone
cet-4,something,something,canonical,PDF第126页 · something
cet-4,sometime,sometime,canonical,PDF第126页 · sometime
cet-4,sometimes,sometimes,canonical,PDF第126页 · sometimes
cet-4,somewhat,somewhat,canonical,PDF第126页 · somewhat
cet-4,somewhere,somewhere,canonical,PDF第126页 · somewhere
cet-4,son,son,canonical,PDF第126页 · son
cet-4,song,song,canonical,PDF第126页 · song
cet-4,soon,soon,canonical,PDF第126页 · soon
cet-4,sophisticated,sophisticated,canonical,PDF第126页 · sophisticated sophistication
cet-4,sophisticated,sophistication,derived,PDF第126页 · sophisticated sophistication
cet-4,sore,sore,canonical,PDF第126页 · sore
cet-4,sorrow,sorrow,canonical,PDF第126页 · sorrow sorrowful
cet-4,sorrow,sorrowful,derived,PDF第126页 · sorrow sorrowful
cet-4,sorry,sorry,canonical,PDF第126页 · sorry
cet-4,sort,sort,canonical,PDF第126页 · sort
cet-4,soul,soul,canonical,PDF第126页 · soul
cet-4,sound,sound,canonical · 同形异义1 · 同形异义2,PDF第126页 · sound１
cet-4,soup,soup,canonical,PDF第126页 · soup
cet-4,sour,sour,canonical,PDF第126页 · sour
cet-4,source,source,canonical,PDF第126页 · source
cet-4,south,south,canonical,PDF第126页 · south southern
cet-4,southeast,southeast,canonical,PDF第126页 · southeast southeastern
cet-4,southeast,southeastern,derived,PDF第126页 · southeast southeastern
cet-4,south,southern,derived,PDF第126页 · south southern
cet-4,southwest,southwest,canonical,PDF第126页 · southwest southwestern
cet-4,southwest,southwestern,derived,PDF第126页 · southwest southwestern
cet-4,souvenir,souvenir,canonical,PDF第126页 · souvenir
cet-4,sow,sow,canonical,PDF第127页 · sow
cet-4,space,space,canonical,PDF第127页 · space spacious spatial
cet-4,spaceship,spacecraft,canonical_variant,PDF第127页 · spaceship/spacecraft
cet-4,spaceship,spaceship,canonical,PDF第127页 · spaceship/spacecraft
cet-4,space,spacious,derived,PDF第127页 · space spacious spatial
cet-4,spade,spade,canonical,PDF第127页 · spade
cet-4,span,span,canonical,PDF第127页 · span
cet-4,spare,spare,canonical,PDF第127页 · spare sparingly
cet-4,spare,sparingly,derived,PDF第127页 · spare sparingly
cet-4,spark,spark,canonical,PDF第127页 · spark
cet-4,sparkle,sparkle,canonical,PDF第127页 · sparkle
cet-4,space,spatial,derived,PDF第127页 · space spacious spatial
cet-4,speak,speak,canonical,PDF第127页 · speak speaker
cet-4,speak,speaker,derived,PDF第127页 · speak speaker
cet-4,special,special,canonical,PDF第127页 · special specialize/Ｇise specialization/Ｇsation specialist
cet-4,special,specialisation,derived_variant,PDF第127页 · special specialize/Ｇise specialization/Ｇsation specialist
cet-4,special,specialise,derived_variant,PDF第127页 · special specialize/Ｇise specialization/Ｇsation specialist
cet-4,special,specialist,derived,PDF第127页 · special specialize/Ｇise specialization/Ｇsation specialist
cet-4,special,specialization,derived,PDF第127页 · special specialize/Ｇise specialization/Ｇsation specialist
cet-4,special,specialize,derived,PDF第127页 · special specialize/Ｇise specialization/Ｇsation specialist
cet-4,species,species,canonical,PDF第127页 · species
cet-4,specific,specific,canonical,PDF第127页 · specific specifically
cet-4,specific,specifically,derived,PDF第127页 · specific specifically
cet-4,specify,specification,derived,PDF第127页 · specify specification
cet-4,specify,specify,canonical,PDF第127页 · specify specification
cet-4,specimen,specimen,canonical,PDF第127页 · specimen
cet-4,speculate,speculate,canonical,PDF第127页 · speculate speculation speculative
cet-4,speculate,speculation,derived,PDF第127页 · speculate speculation speculative
cet-4,speculate,speculative,derived,PDF第127页 · speculate speculation speculative
cet-4,speech,speech,canonical,PDF第127页 · speech speechless
cet-4,speech,speechless,derived,PDF第127页 · speech speechless
cet-4,speed,speed,canonical,PDF第127页 · speed speedy speeding
cet-4,speed,speeding,derived,PDF第127页 · speed speedy speeding
cet-4,speed,speedy,derived,PDF第127页 · speed speedy speeding
cet-4,spell,spell,canonical,PDF第127页 · spell spelling
cet-4,spell,spelling,derived,PDF第127页 · spell spelling
cet-4,spend,spend,canonical,PDF第127页 · spend spending
cet-4,spend,spending,derived,PDF第127页 · spend spending
cet-4,sphere,sphere,canonical,PDF第127页 · sphere spherical
cet-4,sphere,spherical,derived,PDF第127页 · sphere spherical
cet-4,spill,spill,canonical,PDF第127页 · spill
cet-4,spin,spin,canonical,PDF第127页 · spin
cet-4,spirit,spirit,canonical,PDF第127页 · spirit spiritual
cet-4,spirit,spiritual,derived,PDF第127页 · spirit spiritual
cet-4,spit,spit,canonical,PDF第127页 · spit
cet-4,spite,spite,canonical,PDF第127页 · spite
cet-4,splash,splash,canonical,PDF第127页 · splash
cet-4,splendid,splendid,canonical,PDF第127页 · splendid splendo(u)r
cet-4,splendid,splendor,derived,PDF第127页 · splendid splendo(u)r
cet-4,splendid,splendour,derived_variant,PDF第127页 · splendid splendo(u)r
cet-4,split,split,canonical,PDF第127页 · split
cet-4,spoil,spoil,canonical,PDF第127页 · spoil
cet-4,spokesman,spokesman,canonical,PDF第127页 · spokesman/spokeswoman spokesperson
cet-4,spokesman,spokesperson,derived,PDF第127页 · spokesman/spokeswoman spokesperson
cet-4,spokesman,spokeswoman,canonical_variant,PDF第127页 · spokesman/spokeswoman spokesperson
cet-4,sponsor,sponsor,canonical,PDF第127页 · sponsor sponsorship
cet-4,sponsor,sponsorship,derived,PDF第127页 · sponsor sponsorship
cet-4,spontaneous,spontaneity,derived,PDF第128页 · spontaneous spontaneity
cet-4,spontaneous,spontaneous,canonical,PDF第128页 · spontaneous spontaneity
cet-4,spoon,spoon,canonical,PDF第128页 · spoon spoonful
cet-4,spoon,spoonful,derived,PDF第128页 · spoon spoonful
cet-4,sport,sport,canonical,PDF第128页 · sport
cet-4,sportsman,sportsman,canonical,PDF第128页 · sportsman/sportswoman
cet-4,sportsman,sportswoman,canonical_variant,PDF第128页 · sportsman/sportswoman
cet-4,spot,spot,canonical,PDF第128页 · spot
cet-4,spouse,spouse,canonical,PDF第128页 · spouse
cet-4,spray,spray,canonical,PDF第128页 · spray
cet-4,spread,spread,canonical,PDF第128页 · spread
cet-4,spring,spring,canonical,PDF第128页 · spring
cet-4,spur,spur,canonical,PDF第128页 · spur
cet-4,spy,spy,canonical,PDF第128页 · spy
cet-4,square,square,canonical,PDF第128页 · square
cet-4,squeeze,squeeze,canonical,PDF第128页 · squeeze
cet-4,stable,stabilise,derived_variant,PDF第128页 · stable stability stabilize/Ｇise
cet-4,stable,stability,derived,PDF第128页 · stable stability stabilize/Ｇise
cet-4,stable,stabilize,derived,PDF第128页 · stable stability stabilize/Ｇise
cet-4,stable,stable,canonical,PDF第128页 · stable stability stabilize/Ｇise
cet-4,stack,stack,canonical,PDF第128页 · stack
cet-4,stadium,stadium,canonical,PDF第128页 · stadium
cet-4,staff,staff,canonical,PDF第128页 · staff
cet-4,stage,stage,canonical,PDF第128页 · stage
cet-4,stain,stain,canonical,PDF第128页 · stain stainless
cet-4,stain,stainless,derived,PDF第128页 · stain stainless
cet-4,stair,stair,canonical,PDF第128页 · stair
cet-4,staircase,staircase,canonical,PDF第128页 · staircase
cet-4,stake,stake,canonical,PDF第128页 · stake
cet-4,stale,stale,canonical,PDF第128页 · stale
cet-4,stamp,stamp,canonical · 同形异义1 · 同形异义2,PDF第128页 · stamp１
cet-4,stand,stand,canonical,PDF第128页 · stand
cet-4,standard,standard,canonical,PDF第128页 · standard standardize/Ｇise standardization/Ｇsation
cet-4,standard,standardisation,derived_variant,PDF第128页 · standard standardize/Ｇise standardization/Ｇsation
cet-4,standard,standardise,derived_variant,PDF第128页 · standard standardize/Ｇise standardization/Ｇsation
cet-4,standard,standardization,derived,PDF第128页 · standard standardize/Ｇise standardization/Ｇsation
cet-4,standard,standardize,derived,PDF第128页 · standard standardize/Ｇise standardization/Ｇsation
cet-4,standpoint,standpoint,canonical,PDF第128页 · standpoint
cet-4,staple,staple,canonical · 同形异义1,PDF第128页 · staple１
cet-4,star,star,canonical,PDF第129页 · star starry
cet-4,stare,stare,canonical,PDF第129页 · stare
cet-4,star,starry,derived,PDF第129页 · star starry
cet-4,start,start,canonical,PDF第129页 · start starter
cet-4,start,starter,derived,PDF第129页 · start starter
cet-4,startle,startle,canonical,PDF第129页 · startle
cet-4,starve,starvation,derived,PDF第129页 · starve starvation
cet-4,starve,starve,canonical,PDF第129页 · starve starvation
cet-4,state,state,canonical,PDF第129页 · state statement
cet-4,state,statement,derived,PDF第129页 · state statement
cet-4,statesman,statesman,canonical,PDF第129页 · statesman
cet-4,station,station,canonical,PDF第129页 · station stationary
cet-4,station,stationary,derived,PDF第129页 · station stationary
cet-4,statistic,statistic,canonical,PDF第129页 · statistic statistical
cet-4,statistic,statistical,derived,PDF第129页 · statistic statistical
cet-4,statue,statue,canonical,PDF第129页 · statue
cet-4,status,status,canonical,PDF第129页 · status
cet-4,stay,stay,canonical,PDF第129页 · stay
cet-4,steady,steadily,derived,PDF第129页 · steady steadily
cet-4,steady,steady,canonical,PDF第129页 · steady steadily
cet-4,steak,steak,canonical,PDF第129页 · steak
cet-4,steal,steal,canonical,PDF第129页 · steal
cet-4,steam,steam,canonical,PDF第129页 · steam steamy steamer
cet-4,steam,steamer,derived,PDF第129页 · steam steamy steamer
cet-4,steam,steamy,derived,PDF第129页 · steam steamy steamer
cet-4,steel,steel,canonical,PDF第129页 · steel
cet-4,steep,steep,canonical,PDF第129页 · steep
cet-4,steer,steer,canonical,PDF第129页 · steer
cet-4,stem,stem,canonical · 同形异义1 · 同形异义2,PDF第129页 · stem１
cet-4,step,step,canonical,PDF第129页 · step
cet-4,stick,stick,canonical · 同形异义1 · 同形异义2,PDF第129页 · stick１
cet-4,stiff,stiff,canonical,PDF第129页 · stiff stiffen
cet-4,stiff,stiffen,derived,PDF第129页 · stiff stiffen
cet-4,still,still,canonical · 同形异义1 · 同形异义2,PDF第129页 · still１
cet-4,stimulate,stimulant,derived,PDF第129页 · stimulate stimulation stimulus stimulant
cet-4,stimulate,stimulate,canonical,PDF第129页 · stimulate stimulation stimulus stimulant
cet-4,stimulate,stimulation,derived,PDF第129页 · stimulate stimulation stimulus stimulant
cet-4,stimulate,stimulus,derived,PDF第129页 · stimulate stimulation stimulus stimulant
cet-4,sting,sting,canonical,PDF第129页 · sting
cet-4,stir,stir,canonical,PDF第129页 · stir
cet-4,stock,stock,canonical,PDF第129页 · stock
cet-4,stocking,stocking,canonical,PDF第130页 · stocking
cet-4,stomach,stomach,canonical,PDF第130页 · stomach
cet-4,stone,stone,canonical,PDF第130页 · stone stony
cet-4,stone,stony,derived,PDF第130页 · stone stony
cet-4,stool,stool,canonical,PDF第130页 · stool
cet-4,stop,stop,canonical,PDF第130页 · stop stoppage
cet-4,stop,stoppage,derived,PDF第130页 · stop stoppage
cet-4,store,store,canonical · 同形异义1 · 同形异义2,PDF第130页 · store１
cet-4,story,storey,canonical_variant · 同形异义2,PDF第130页 · stor(e)y２
cet-4,storm,storm,canonical,PDF第130页 · storm stormy
cet-4,storm,stormy,derived,PDF第130页 · storm stormy
cet-4,story,story,canonical · 同形异义1 · 同形异义2,PDF第130页 · story１
cet-4,stove,stove,canonical,PDF第130页 · stove
cet-4,straight,straight,canonical,PDF第130页 · straight straighten
cet-4,straight,straighten,derived,PDF第130页 · straight straighten
cet-4,straightforward,straightforward,canonical,PDF第130页 · straightforward
cet-4,strain,strain,canonical · 同形异义1 · 同形异义2,PDF第130页 · strain１
cet-4,strange,strange,canonical,PDF第130页 · strange stranger
cet-4,strange,stranger,derived,PDF第130页 · strange stranger
cet-4,strap,strap,canonical,PDF第130页 · strap
cet-4,strategy,strategic,derived,PDF第130页 · strategy strategic
cet-4,strategy,strategy,canonical,PDF第130页 · strategy strategic
cet-4,straw,straw,canonical,PDF第130页 · straw
cet-4,stream,stream,canonical,PDF第130页 · stream
cet-4,street,street,canonical,PDF第130页 · street
cet-4,strong,strength,derived,PDF第130页 · strong strength strengthen
cet-4,strong,strengthen,derived,PDF第130页 · strong strength strengthen
cet-4,stress,stress,canonical,PDF第130页 · stress stressful
cet-4,stress,stressful,derived,PDF第130页 · stress stressful
cet-4,stretch,stretch,canonical,PDF第130页 · stretch
cet-4,strict,strict,canonical,PDF第130页 · strict
cet-4,stride,stride,canonical,PDF第130页 · stride
cet-4,strike,strike,canonical,PDF第130页 · strike striking
cet-4,strike,striking,derived,PDF第130页 · strike striking
cet-4,string,string,canonical,PDF第130页 · string
cet-4,strip,strip,canonical,PDF第130页 · strip
cet-4,stripe,stripe,canonical,PDF第130页 · stripe
cet-4,strive,strive,canonical,PDF第130页 · strive
cet-4,stroke,stroke,canonical · 同形异义1 · 同形异义2,PDF第130页 · stroke１
cet-4,strong,strong,canonical,PDF第130页 · strong strength strengthen
cet-4,structure,structural,derived,PDF第131页 · structure structural
cet-4,structure,structure,canonical,PDF第131页 · structure structural
cet-4,struggle,struggle,canonical,PDF第131页 · struggle
cet-4,student,student,canonical,PDF第131页 · student
cet-4,studio,studio,canonical,PDF第131页 · studio
cet-4,study,study,canonical,PDF第131页 · study
cet-4,stuff,stuff,canonical,PDF第131页 · stuff stuffy stuffing
cet-4,stuff,stuffing,derived,PDF第131页 · stuff stuffy stuffing
cet-4,stuff,stuffy,derived,PDF第131页 · stuff stuffy stuffing
cet-4,stupid,stupid,canonical,PDF第131页 · stupid stupidity
cet-4,stupid,stupidity,derived,PDF第131页 · stupid stupidity
cet-4,style,style,canonical,PDF第131页 · style stylish
cet-4,style,stylish,derived,PDF第131页 · style stylish
cet-4,subject,subject,canonical · 同形异义1 · 同形异义2,PDF第131页 · subject１
cet-4,subjective,subjective,canonical,PDF第131页 · subjective
cet-4,submit,submission,derived,PDF第131页 · submit submission submissive
cet-4,submit,submissive,derived,PDF第131页 · submit submission submissive
cet-4,submit,submit,canonical,PDF第131页 · submit submission submissive
cet-4,subsequent,subsequent,canonical,PDF第131页 · subsequent
cet-4,substance,substance,canonical,PDF第131页 · substance substantial
cet-4,substance,substantial,derived,PDF第131页 · substance substantial
cet-4,substitute,substitute,canonical,PDF第131页 · substitute substitution
cet-4,substitute,substitution,derived,PDF第131页 · substitute substitution
cet-4,subtract,subtract,canonical,PDF第131页 · subtract subtraction
cet-4,subtract,subtraction,derived,PDF第131页 · subtract subtraction
cet-4,suburb,suburb,canonical,PDF第131页 · suburb suburban
cet-4,suburb,suburban,derived,PDF第131页 · suburb suburban
cet-4,subway,subway,canonical,PDF第131页 · subway
cet-4,succeed,succeed,canonical,PDF第131页 · succeed successor succession successive
cet-4,success,success,canonical,PDF第131页 · success successful
cet-4,success,successful,derived,PDF第131页 · success successful
cet-4,succeed,succession,derived,PDF第131页 · succeed successor succession successive
cet-4,succeed,successive,derived,PDF第131页 · succeed successor succession successive
cet-4,succeed,successor,derived,PDF第131页 · succeed successor succession successive
cet-4,such,such,canonical,PDF第131页 · such
cet-4,suck,suck,canonical,PDF第131页 · suck
cet-4,sudden,sudden,canonical,PDF第131页 · sudden suddenly
cet-4,sudden,suddenly,derived,PDF第131页 · sudden suddenly
cet-4,suffer,suffer,canonical,PDF第131页 · suffer suffering
cet-4,suffer,suffering,derived,PDF第131页 · suffer suffering
cet-4,sufficient,sufficient,canonical,PDF第131页 · sufficient
cet-4,sugar,sugar,canonical,PDF第131页 · sugar
cet-4,suggest,suggest,canonical,PDF第131页 · suggest suggestion suggestive
cet-4,suggest,suggestion,derived,PDF第131页 · suggest suggestion suggestive
cet-4,suggest,suggestive,derived,PDF第131页 · suggest suggestion suggestive
cet-4,suit,suit,canonical · 同形异义1 · 同形异义2,PDF第132页 · suit１
cet-4,suitcase,suitcase,canonical,PDF第132页 · suitcase
cet-4,sum,sum,canonical,PDF第132页 · sum
cet-4,summary,summarise,derived_variant,PDF第132页 · summary summarize/Ｇise
cet-4,summary,summarize,derived,PDF第132页 · summary summarize/Ｇise
cet-4,summary,summary,canonical,PDF第132页 · summary summarize/Ｇise
cet-4,summer,summer,canonical,PDF第132页 · summer
cet-4,summit,summit,canonical,PDF第132页 · summit
cet-4,sun,sun,canonical,PDF第132页 · sun sunny
cet-4,sunday,sunday,canonical,PDF第132页 · Sunday
cet-4,sunlight,sunlight,canonical,PDF第132页 · sunlight
cet-4,sun,sunny,derived,PDF第132页 · sun sunny
cet-4,sunrise,sunrise,canonical,PDF第132页 · sunrise
cet-4,sunset,sunset,canonical,PDF第132页 · sunset
cet-4,sunshine,sunshine,canonical,PDF第132页 · sunshine
cet-4,super,super,canonical,PDF第132页 · super
cet-4,superb,superb,canonical,PDF第132页 · superb
cet-4,superficial,superficial,canonical,PDF第132页 · superficial
cet-4,superior,superior,canonical,PDF第132页 · superior superiority
cet-4,superior,superiority,derived,PDF第132页 · superior superiority
cet-4,supermarket,supermarket,canonical,PDF第132页 · supermarket
cet-4,supervise,supervise,canonical,PDF第132页 · supervise supervision supervisor
cet-4,supervise,supervision,derived,PDF第132页 · supervise supervision supervisor
cet-4,supervise,supervisor,derived,PDF第132页 · supervise supervision supervisor
cet-4,supper,supper,canonical,PDF第132页 · supper
cet-4,supplement,supplement,canonical,PDF第132页 · supplement supplementary
cet-4,supplement,supplementary,derived,PDF第132页 · supplement supplementary
cet-4,supply,supplier,derived,PDF第132页 · supply supplier
cet-4,supply,supply,canonical,PDF第132页 · supply supplier
cet-4,support,support,canonical,PDF第132页 · support supportive supporter
cet-4,support,supporter,derived,PDF第132页 · support supportive supporter
cet-4,support,supportive,derived,PDF第132页 · support supportive supporter
cet-4,suppose,suppose,canonical,PDF第132页 · suppose supposition supposedly
cet-4,suppose,supposedly,derived,PDF第132页 · suppose supposition supposedly
cet-4,suppose,supposition,derived,PDF第132页 · suppose supposition supposedly
cet-4,supreme,supremacy,derived,PDF第132页 · supreme supremacy
cet-4,supreme,supreme,canonical,PDF第132页 · supreme supremacy
cet-4,sure,sure,canonical,PDF第132页 · sure
cet-4,surf,surf,canonical,PDF第132页 · surf surfing
cet-4,surface,surface,canonical,PDF第132页 · surface
cet-4,surf,surfing,derived,PDF第132页 · surf surfing
cet-4,surge,surge,canonical,PDF第132页 · surge
cet-4,surgery,surgeon,derived,PDF第132页 · surgery surgical surgeon
cet-4,surgery,surgery,canonical,PDF第132页 · surgery surgical surgeon
cet-4,surgery,surgical,derived,PDF第132页 · surgery surgical surgeon
cet-4,surname,surname,canonical,PDF第132页 · surname
cet-4,surplus,surplus,canonical,PDF第132页 · surplus
cet-4,surprise,surprise,canonical,PDF第132页 · surprise
cet-4,surrender,surrender,canonical,PDF第132页 · surrender
cet-4,surround,surround,canonical,PDF第132页 · surround surroundings
cet-4,surround,surroundings,derived,PDF第132页 · surround surroundings
cet-4,survey,survey,canonical,PDF第133页 · survey
cet-4,survive,survival,derived,PDF第133页 · survive survival survivor
cet-4,survive,survive,canonical,PDF第133页 · survive survival survivor
cet-4,survive,survivor,derived,PDF第133页 · survive survival survivor
cet-4,suspect,suspect,canonical,PDF第133页 · suspect
cet-4,suspend,suspend,canonical,PDF第133页 · suspend suspension suspense
cet-4,suspend,suspense,derived,PDF第133页 · suspend suspension suspense
cet-4,suspend,suspension,derived,PDF第133页 · suspend suspension suspense
cet-4,suspicion,suspicion,canonical,PDF第133页 · suspicion suspicious
cet-4,suspicion,suspicious,derived,PDF第133页 · suspicion suspicious
cet-4,sustain,sustain,canonical,PDF第133页 · sustain sustainable sustainability
cet-4,sustain,sustainability,derived,PDF第133页 · sustain sustainable sustainability
cet-4,sustain,sustainable,derived,PDF第133页 · sustain sustainable sustainability
cet-4,swallow,swallow,canonical · 同形异义1 · 同形异义2,PDF第133页 · swallow１
cet-4,sway,sway,canonical,PDF第133页 · sway
cet-4,swear,swear,canonical,PDF第133页 · swear
cet-4,sweat,sweat,canonical,PDF第133页 · sweat sweater
cet-4,sweat,sweater,derived,PDF第133页 · sweat sweater
cet-4,sweep,sweep,canonical,PDF第133页 · sweep
cet-4,sweet,sweet,canonical,PDF第133页 · sweet
cet-4,swell,swell,canonical,PDF第133页 · swell
cet-4,swift,swift,canonical,PDF第133页 · swift
cet-4,swim,swim,canonical,PDF第133页 · swim swimming swimmer
cet-4,swim,swimmer,derived,PDF第133页 · swim swimming swimmer
cet-4,swim,swimming,derived,PDF第133页 · swim swimming swimmer
cet-4,swing,swing,canonical,PDF第133页 · swing
cet-4,swipe,swipe,canonical,PDF第133页 · swipe
cet-4,switch,switch,canonical,PDF第133页 · switch
cet-4,sword,sword,canonical,PDF第133页 · sword
cet-4,symbol,symbol,canonical,PDF第133页 · symbol symbolic(al)
cet-4,symbol,symbolic,derived,PDF第133页 · symbol symbolic(al)
cet-4,symbol,symbolical,derived_variant,PDF第133页 · symbol symbolic(al)
cet-4,sympathy,sympathetic,derived,PDF第133页 · sympathy sympathetic sympathize/Ｇise
cet-4,sympathy,sympathise,derived_variant,PDF第133页 · sympathy sympathetic sympathize/Ｇise
cet-4,sympathy,sympathize,derived,PDF第133页 · sympathy sympathetic sympathize/Ｇise
cet-4,sympathy,sympathy,canonical,PDF第133页 · sympathy sympathetic sympathize/Ｇise
cet-4,symptom,symptom,canonical,PDF第133页 · symptom
cet-4,system,system,canonical,PDF第133页 · system systematic systematically
cet-4,system,systematic,derived,PDF第133页 · system systematic systematically
cet-4,system,systematically,derived,PDF第133页 · system systematic systematically
cet-4,table,table,canonical,PDF第133页 · table
cet-4,tablet,tablet,canonical,PDF第133页 · tablet
cet-4,tackle,tackle,canonical,PDF第133页 · tackle
cet-4,tag,tag,canonical,PDF第134页 · tag
cet-4,tail,tail,canonical,PDF第134页 · tail
cet-4,tailor,tailor,canonical,PDF第134页 · tailor
cet-4,take,take,canonical,PDF第134页 · take
cet-4,takeoff,takeoff,canonical,PDF第134页 · takeoff
cet-4,tale,tale,canonical,PDF第134页 · tale
cet-4,talent,talent,canonical,PDF第134页 · talent talented
cet-4,talent,talented,derived,PDF第134页 · talent talented
cet-4,talk,talk,canonical,PDF第134页 · talk talkative
cet-4,talk,talkative,derived,PDF第134页 · talk talkative
cet-4,tall,tall,canonical,PDF第134页 · tall
cet-4,tame,tame,canonical,PDF第134页 · tame
cet-4,tangible,tangible,canonical,PDF第134页 · tangible
cet-4,tank,tank,canonical,PDF第134页 · tank
cet-4,tap,tap,canonical,PDF第134页 · tap
cet-4,tape,tape,canonical,PDF第134页 · tape
cet-4,target,target,canonical,PDF第134页 · target
cet-4,task,task,canonical,PDF第134页 · task
cet-4,taste,taste,canonical,PDF第134页 · taste tasty
cet-4,taste,tasty,derived,PDF第134页 · taste tasty
cet-4,tax,tax,canonical,PDF第134页 · tax taxation
cet-4,tax,taxation,derived,PDF第134页 · tax taxation
cet-4,taxi,taxi,canonical,PDF第134页 · taxi
cet-4,tea,tea,canonical,PDF第134页 · tea
cet-4,teach,teach,canonical,PDF第134页 · teach teacher teaching
cet-4,teach,teacher,derived,PDF第134页 · teach teacher teaching
cet-4,teach,teaching,derived,PDF第134页 · teach teacher teaching
cet-4,team,team,canonical,PDF第134页 · team
cet-4,tear,tear,canonical · 同形异义1 · 同形异义2,PDF第134页 · tear１
cet-4,technology,tech,canonical_variant,PDF第134页 · technology/tech technological
cet-4,technical,technical,canonical,PDF第134页 · technical technician
cet-4,technical,technician,derived,PDF第134页 · technical technician
cet-4,technique,technique,canonical,PDF第134页 · technique
cet-4,technology,technological,derived,PDF第134页 · technology/tech technological
cet-4,technology,technology,canonical,PDF第134页 · technology/tech technological
cet-4,tedious,tedious,canonical,PDF第134页 · tedious
cet-4,teen,teen,canonical,PDF第134页 · teen
cet-4,teenager,teenager,canonical,PDF第134页 · teenager
cet-4,telecommunications,telecommunications,canonical,PDF第134页 · telecommunications
cet-4,telephone,telephone,canonical,PDF第134页 · telephone/phone
cet-4,telescope,telescope,canonical,PDF第134页 · telescope telescopic
cet-4,telescope,telescopic,derived,PDF第134页 · telescope telescopic
cet-4,television,television,canonical,PDF第134页 · television/TV
cet-4,tell,tell,canonical,PDF第134页 · tell telling
cet-4,teller,teller,canonical,PDF第134页 · teller
cet-4,tell,telling,derived,PDF第134页 · tell telling
cet-4,temper,temper,canonical,PDF第134页 · temper
cet-4,temperature,temperature,canonical,PDF第135页 · temperature
cet-4,temple,temple,canonical,PDF第135页 · temple
cet-4,temporary,temporarily,derived,PDF第135页 · temporary temporarily
cet-4,temporary,temporary,canonical,PDF第135页 · temporary temporarily
cet-4,ten,ten,canonical,PDF第135页 · ten
cet-4,tend,tend,canonical,PDF第135页 · tend tendency
cet-4,tend,tendency,derived,PDF第135页 · tend tendency
cet-4,tender,tender,canonical,PDF第135页 · tender
cet-4,tennis,tennis,canonical,PDF第135页 · tennis
cet-4,tense,tense,canonical · 同形异义1 · 同形异义2,PDF第135页 · tense１
cet-4,tent,tent,canonical,PDF第135页 · tent
cet-4,term,term,canonical,PDF第135页 · term
cet-4,terminal,terminal,canonical,PDF第135页 · terminal
cet-4,terrible,terrible,canonical,PDF第135页 · terrible terribly
cet-4,terrible,terribly,derived,PDF第135页 · terrible terribly
cet-4,terrific,terrific,canonical,PDF第135页 · terrific
cet-4,terror,terrify,derived,PDF第135页 · terror terrify terrorism terrorist
cet-4,territory,territorial,derived,PDF第135页 · territory territorial
cet-4,territory,territory,canonical,PDF第135页 · territory territorial
cet-4,terror,terror,canonical,PDF第135页 · terror terrify terrorism terrorist
cet-4,terror,terrorism,derived,PDF第135页 · terror terrify terrorism terrorist
cet-4,terror,terrorist,derived,PDF第135页 · terror terrify terrorism terrorist
cet-4,test,test,canonical,PDF第135页 · test
cet-4,text,text,canonical,PDF第135页 · text
cet-4,textbook,textbook,canonical,PDF第135页 · textbook
cet-4,textile,textile,canonical,PDF第135页 · textile
cet-4,than,than,canonical,PDF第135页 · than
cet-4,thank,thank,canonical,PDF第135页 · thank thankful
cet-4,thank,thankful,derived,PDF第135页 · thank thankful
cet-4,thanksgiving,thanksgiving,canonical,PDF第135页 · Thanksgiving
cet-4,that,that,canonical,PDF第135页 · that
cet-4,the,the,canonical,PDF第135页 · the
cet-4,theater,theater,canonical,PDF第135页 · theater/Ｇtre theatrical
cet-4,theater,theatre,canonical_variant,PDF第135页 · theater/Ｇtre theatrical
cet-4,theater,theatrical,derived,PDF第135页 · theater/Ｇtre theatrical
cet-4,theft,theft,canonical,PDF第135页 · theft
cet-4,their,their,canonical,PDF第135页 · their
cet-4,theirs,theirs,canonical,PDF第136页 · theirs
cet-4,them,them,canonical,PDF第136页 · them
cet-4,theme,theme,canonical,PDF第136页 · theme
cet-4,themselves,themselves,canonical,PDF第136页 · themselves
cet-4,then,then,canonical,PDF第136页 · then
cet-4,theory,theoretical,derived,PDF第136页 · theory theoretical
cet-4,theory,theory,canonical,PDF第136页 · theory theoretical
cet-4,therapy,therapeutic,derived,PDF第136页 · therapy therapist therapeutic(al)
cet-4,therapy,therapeutical,derived_variant,PDF第136页 · therapy therapist therapeutic(al)
cet-4,therapy,therapist,derived,PDF第136页 · therapy therapist therapeutic(al)
cet-4,therapy,therapy,canonical,PDF第136页 · therapy therapist therapeutic(al)
cet-4,there,there,canonical,PDF第136页 · there
cet-4,thereby,thereby,canonical,PDF第136页 · thereby
cet-4,therefore,therefore,canonical,PDF第136页 · therefore
cet-4,thermometer,thermometer,canonical,PDF第136页 · thermometer
cet-4,these,these,canonical,PDF第136页 · these
cet-4,thesis,thesis,canonical,PDF第136页 · thesis
cet-4,they,they,canonical,PDF第136页 · they
cet-4,thick,thick,canonical,PDF第136页 · thick
cet-4,thief,thief,canonical,PDF第136页 · thief
cet-4,thin,thin,canonical,PDF第136页 · thin
cet-4,thing,thing,canonical,PDF第136页 · thing
cet-4,think,think,canonical,PDF第136页 · think thinking
cet-4,think,thinking,derived,PDF第136页 · think thinking
cet-4,third,third,canonical,PDF第136页 · third
cet-4,thirst,thirst,canonical,PDF第136页 · thirst thirsty
cet-4,thirst,thirsty,derived,PDF第136页 · thirst thirsty
cet-4,thirteen,thirteen,canonical,PDF第136页 · thirteen
cet-4,thirty,thirty,canonical,PDF第136页 · thirty
cet-4,this,this,canonical,PDF第136页 · this
cet-4,thorough,thorough,canonical,PDF第136页 · thorough
cet-4,those,those,canonical,PDF第136页 · those
cet-4,though,though,canonical,PDF第136页 · though
cet-4,thought,thought,canonical,PDF第136页 · thought thoughtful
cet-4,thought,thoughtful,derived,PDF第136页 · thought thoughtful
cet-4,thousand,thousand,canonical,PDF第136页 · thousand
cet-4,thread,thread,canonical,PDF第136页 · thread
cet-4,threat,threat,canonical,PDF第136页 · threat threaten
cet-4,threat,threaten,derived,PDF第136页 · threat threaten
cet-4,three,three,canonical,PDF第136页 · three
cet-4,thrive,thrive,canonical,PDF第136页 · thrive
cet-4,throat,throat,canonical,PDF第136页 · throat
cet-4,through,through,canonical,PDF第136页 · through
cet-4,throughout,throughout,canonical,PDF第137页 · throughout
cet-4,throw,throw,canonical,PDF第137页 · throw
cet-4,thrust,thrust,canonical,PDF第137页 · thrust
cet-4,thumb,thumb,canonical,PDF第137页 · thumb
cet-4,thunder,thunder,canonical,PDF第137页 · thunder thunderous
cet-4,thunder,thunderous,derived,PDF第137页 · thunder thunderous
cet-4,thursday,thursday,canonical,PDF第137页 · Thursday
cet-4,thus,thus,canonical,PDF第137页 · thus
cet-4,tick,tick,canonical,PDF第137页 · tick
cet-4,ticket,ticket,canonical,PDF第137页 · ticket
cet-4,tide,tidal,derived,PDF第137页 · tide tidal
cet-4,tide,tide,canonical,PDF第137页 · tide tidal
cet-4,tidy,tidy,canonical,PDF第137页 · tidy
cet-4,tie,tie,canonical,PDF第137页 · tie
cet-4,tiger,tiger,canonical,PDF第137页 · tiger tigress
cet-4,tight,tight,canonical,PDF第137页 · tight tighten
cet-4,tight,tighten,derived,PDF第137页 · tight tighten
cet-4,tiger,tigress,derived,PDF第137页 · tiger tigress
cet-4,till,till,canonical,PDF第137页 · till
cet-4,timber,timber,canonical,PDF第137页 · timber
cet-4,time,time,canonical,PDF第137页 · time timely timing
cet-4,time,timely,derived,PDF第137页 · time timely timing
cet-4,time,timing,derived,PDF第137页 · time timely timing
cet-4,tin,tin,canonical,PDF第137页 · tin
cet-4,tiny,tiny,canonical,PDF第137页 · tiny
cet-4,tip,tip,canonical,PDF第137页 · tip
cet-4,tire,tire,canonical,PDF第137页 · tire tired tiring tireless tiresome
cet-4,tyre,tire,canonical_variant,PDF第140页 · tyre/tire
cet-4,tire,tired,derived,PDF第137页 · tire tired tiring tireless tiresome
cet-4,tire,tireless,derived,PDF第137页 · tire tired tiring tireless tiresome
cet-4,tire,tiresome,derived,PDF第137页 · tire tired tiring tireless tiresome
cet-4,tire,tiring,derived,PDF第137页 · tire tired tiring tireless tiresome
cet-4,tissue,tissue,canonical,PDF第137页 · tissue
cet-4,title,title,canonical,PDF第137页 · title
cet-4,to,to,canonical,PDF第137页 · to
cet-4,toast,toast,canonical,PDF第137页 · toast
cet-4,tobacco,tobacco,canonical,PDF第137页 · tobacco
cet-4,today,today,canonical,PDF第137页 · today
cet-4,toe,toe,canonical,PDF第137页 · toe
cet-4,together,together,canonical,PDF第137页 · together
cet-4,toilet,toilet,canonical,PDF第137页 · toilet
cet-4,token,token,canonical,PDF第137页 · token
cet-4,tolerate,tolerable,derived,PDF第137页 · tolerate tolerance tolerant tolerable
cet-4,tolerate,tolerance,derived,PDF第137页 · tolerate tolerance tolerant tolerable
cet-4,tolerate,tolerant,derived,PDF第137页 · tolerate tolerance tolerant tolerable
cet-4,tolerate,tolerate,canonical,PDF第137页 · tolerate tolerance tolerant tolerable
cet-4,toll,toll,canonical,PDF第137页 · toll
cet-4,tomato,tomato,canonical,PDF第137页 · tomato
cet-4,tomorrow,tomorrow,canonical,PDF第137页 · tomorrow
cet-4,ton,ton,canonical,PDF第137页 · ton tonnage
cet-4,tone,tone,canonical,PDF第137页 · tone
cet-4,tongue,tongue,canonical,PDF第138页 · tongue
cet-4,tonight,tonight,canonical,PDF第138页 · tonight
cet-4,ton,tonnage,derived,PDF第137页 · ton tonnage
cet-4,too,too,canonical,PDF第138页 · too
cet-4,tool,tool,canonical,PDF第138页 · tool
cet-4,tooth,tooth,canonical,PDF第138页 · tooth
cet-4,top,top,canonical,PDF第138页 · top
cet-4,topic,topic,canonical,PDF第138页 · topic topical
cet-4,topic,topical,derived,PDF第138页 · topic topical
cet-4,torch,torch,canonical,PDF第138页 · torch
cet-4,torture,torture,canonical,PDF第138页 · torture
cet-4,toss,toss,canonical,PDF第138页 · toss
cet-4,total,total,canonical,PDF第138页 · total
cet-4,touch,touch,canonical,PDF第138页 · touch
cet-4,tough,tough,canonical,PDF第138页 · tough
cet-4,tour,tour,canonical,PDF第138页 · tour tourism tourist
cet-4,tour,tourism,derived,PDF第138页 · tour tourism tourist
cet-4,tour,tourist,derived,PDF第138页 · tour tourism tourist
cet-4,toward,toward,canonical,PDF第138页 · toward(s)
cet-4,toward,towards,canonical_variant,PDF第138页 · toward(s)
cet-4,towel,towel,canonical,PDF第138页 · towel
cet-4,tower,tower,canonical,PDF第138页 · tower
cet-4,town,town,canonical,PDF第138页 · town township
cet-4,town,township,derived,PDF第138页 · town township
cet-4,toy,toy,canonical,PDF第138页 · toy
cet-4,trace,trace,canonical,PDF第138页 · trace
cet-4,track,track,canonical,PDF第138页 · track
cet-4,tractor,tractor,canonical,PDF第138页 · tractor
cet-4,trade,trade,canonical,PDF第138页 · trade
cet-4,trademark,trademark,canonical,PDF第138页 · trademark
cet-4,tradition,tradition,canonical,PDF第138页 · tradition traditional
cet-4,tradition,traditional,derived,PDF第138页 · tradition traditional
cet-4,traffic,traffic,canonical,PDF第138页 · traffic trafficking
cet-4,traffic,trafficking,derived,PDF第138页 · traffic trafficking
cet-4,tragedy,tragedy,canonical,PDF第138页 · tragedy tragic tragically
cet-4,tragedy,tragic,derived,PDF第138页 · tragedy tragic tragically
cet-4,tragedy,tragically,derived,PDF第138页 · tragedy tragic tragically
cet-4,trail,trail,canonical,PDF第138页 · trail trailer
cet-4,trail,trailer,derived,PDF第138页 · trail trailer
cet-4,train,train,canonical,PDF第138页 · train trainer trainee training
cet-4,train,trainee,derived,PDF第138页 · train trainer trainee training
cet-4,train,trainer,derived,PDF第138页 · train trainer trainee training
cet-4,train,training,derived,PDF第138页 · train trainer trainee training
cet-4,tram,tram,canonical,PDF第138页 · tram
cet-4,transaction,transaction,canonical,PDF第138页 · transaction
cet-4,transcript,transcript,canonical,PDF第138页 · transcript
cet-4,transfer,transfer,canonical,PDF第138页 · transfer transference
cet-4,transfer,transference,derived,PDF第138页 · transfer transference
cet-4,transform,transform,canonical,PDF第139页 · transform transformation
cet-4,transform,transformation,derived,PDF第139页 · transform transformation
cet-4,transit,transit,canonical,PDF第139页 · transit
cet-4,translate,translate,canonical,PDF第139页 · translate translation translator
cet-4,translate,translation,derived,PDF第139页 · translate translation translator
cet-4,translate,translator,derived,PDF第139页 · translate translation translator
cet-4,transmit,transmission,derived,PDF第139页 · transmit transmission transmitter
cet-4,transmit,transmit,canonical,PDF第139页 · transmit transmission transmitter
cet-4,transmit,transmitter,derived,PDF第139页 · transmit transmission transmitter
cet-4,transparent,transparency,derived,PDF第139页 · transparent transparency
cet-4,transparent,transparent,canonical,PDF第139页 · transparent transparency
cet-4,transplant,transplant,canonical,PDF第139页 · transplant transplantation
cet-4,transplant,transplantation,derived,PDF第139页 · transplant transplantation
cet-4,transport,transport,canonical,PDF第139页 · transport transportation
cet-4,transport,transportation,derived,PDF第139页 · transport transportation
cet-4,trap,trap,canonical,PDF第139页 · trap
cet-4,trash,trash,canonical,PDF第139页 · trash
cet-4,travel,travel,canonical,PDF第139页 · travel
cet-4,tray,tray,canonical,PDF第139页 · tray
cet-4,treasure,treasure,canonical,PDF第139页 · treasure
cet-4,treat,treat,canonical,PDF第139页 · treat treatment
cet-4,treat,treatment,derived,PDF第139页 · treat treatment
cet-4,treaty,treaty,canonical,PDF第139页 · treaty
cet-4,tree,tree,canonical,PDF第139页 · tree
cet-4,tremble,tremble,canonical,PDF第139页 · tremble
cet-4,tremendous,tremendous,canonical,PDF第139页 · tremendous
cet-4,trend,trend,canonical,PDF第139页 · trend
cet-4,trial,trial,canonical,PDF第139页 · trial
cet-4,try,trial,derived,PDF第140页 · try trial trying
cet-4,triangle,triangle,canonical,PDF第139页 · triangle triangular
cet-4,triangle,triangular,derived,PDF第139页 · triangle triangular
cet-4,trick,trick,canonical,PDF第139页 · trick tricky
cet-4,trick,tricky,derived,PDF第139页 · trick tricky
cet-4,trifle,trifle,canonical,PDF第139页 · trifle
cet-4,trigger,trigger,canonical,PDF第139页 · trigger
cet-4,trip,trip,canonical,PDF第139页 · trip
cet-4,triple,triple,canonical,PDF第139页 · triple
cet-4,triumph,triumph,canonical,PDF第139页 · triumph triumphant
cet-4,triumph,triumphant,derived,PDF第139页 · triumph triumphant
cet-4,trolley,trolley,canonical,PDF第139页 · trolley
cet-4,troop,troop,canonical,PDF第140页 · troop
cet-4,trouble,trouble,canonical,PDF第140页 · trouble troublesome
cet-4,trouble,troublesome,derived,PDF第140页 · trouble troublesome
cet-4,trousers,trousers,canonical,PDF第140页 · trousers
cet-4,truck,truck,canonical,PDF第140页 · truck
cet-4,true,true,canonical,PDF第140页 · true truly
cet-4,true,truly,derived,PDF第140页 · true truly
cet-4,trunk,trunk,canonical,PDF第140页 · trunk
cet-4,trust,trust,canonical,PDF第140页 · trust trustee
cet-4,trust,trustee,derived,PDF第140页 · trust trustee
cet-4,truth,truth,canonical,PDF第140页 · truth truthful
cet-4,truth,truthful,derived,PDF第140页 · truth truthful
cet-4,try,try,canonical,PDF第140页 · try trial trying
cet-4,try,trying,derived,PDF第140页 · try trial trying
cet-4,tube,tube,canonical,PDF第140页 · tube
cet-4,tuesday,tuesday,canonical,PDF第140页 · Tuesday
cet-4,tuition,tuition,canonical,PDF第140页 · tuition
cet-4,tumor,tumor,canonical,PDF第140页 · tumo(u)r
cet-4,tumor,tumour,canonical_variant,PDF第140页 · tumo(u)r
cet-4,tune,tune,canonical,PDF第140页 · tune
cet-4,tunnel,tunnel,canonical,PDF第140页 · tunnel
cet-4,turkey,turkey,canonical,PDF第140页 · turkey
cet-4,turn,turn,canonical,PDF第140页 · turn
cet-4,tutor,tutor,canonical,PDF第140页 · tutor tutorial
cet-4,tutor,tutorial,derived,PDF第140页 · tutor tutorial
cet-4,television,tv,canonical_variant,PDF第134页 · television/TV
cet-4,twelve,twelfth,derived,PDF第140页 · twelve twelfth
cet-4,twelve,twelve,canonical,PDF第140页 · twelve twelfth
cet-4,twenty,twentieth,derived,PDF第140页 · twenty twentieth
cet-4,twenty,twenty,canonical,PDF第140页 · twenty twentieth
cet-4,twice,twice,canonical,PDF第140页 · twice
cet-4,twin,twin,canonical,PDF第140页 · twin
cet-4,twist,twist,canonical,PDF第140页 · twist
cet-4,two,two,canonical,PDF第140页 · two
cet-4,type,type,canonical,PDF第140页 · type typist
cet-4,typewriter,typewriter,canonical,PDF第140页 · typewriter
cet-4,typical,typical,canonical,PDF第140页 · typical
cet-4,type,typist,derived,PDF第140页 · type typist
cet-4,tyre,tyre,canonical,PDF第140页 · tyre/tire
cet-4,ugly,ugliness,derived,PDF第140页 · ugly ugliness
cet-4,ugly,ugly,canonical,PDF第140页 · ugly ugliness
cet-4,ultimate,ultimate,canonical,PDF第140页 · ultimate ultimately
cet-4,ultimate,ultimately,derived,PDF第140页 · ultimate ultimately
cet-4,umbrella,umbrella,canonical,PDF第141页 · umbrella
cet-4,uncertain,uncertain,canonical,PDF第141页 · uncertain uncertainty
cet-4,uncertain,uncertainty,derived,PDF第141页 · uncertain uncertainty
cet-4,uncle,uncle,canonical,PDF第141页 · uncle
cet-4,uncover,uncover,canonical,PDF第141页 · uncover
cet-4,under,under,canonical,PDF第141页 · under
cet-4,underdeveloped,underdeveloped,canonical,PDF第141页 · underdeveloped
cet-4,underestimate,underestimate,canonical,PDF第141页 · underestimate
cet-4,undergo,undergo,canonical,PDF第141页 · undergo
cet-4,undergraduate,undergraduate,canonical,PDF第141页 · undergraduate
cet-4,underground,underground,canonical,PDF第141页 · underground
cet-4,underline,underline,canonical,PDF第141页 · underline
cet-4,undermine,undermine,canonical,PDF第141页 · undermine
cet-4,underneath,underneath,canonical,PDF第141页 · underneath
cet-4,understand,understand,canonical,PDF第141页 · understand understanding
cet-4,understand,understanding,derived,PDF第141页 · understand understanding
cet-4,undertake,undertake,canonical,PDF第141页 · undertake undertaking
cet-4,undertake,undertaking,derived,PDF第141页 · undertake undertaking
cet-4,underwear,underwear,canonical,PDF第141页 · underwear
cet-4,undo,undo,canonical,PDF第141页 · undo
cet-4,undoubtedly,undoubtedly,canonical,PDF第141页 · undoubtedly
cet-4,uneasy,uneasy,canonical,PDF第141页 · uneasy
cet-4,unemployed,unemployed,canonical,PDF第141页 · unemployed unemployment
cet-4,unemployed,unemployment,derived,PDF第141页 · unemployed unemployment
cet-4,uniform,uniform,canonical,PDF第141页 · uniform uniformity
cet-4,uniform,uniformity,derived,PDF第141页 · uniform uniformity
cet-4,union,union,canonical,PDF第141页 · union
cet-4,unique,unique,canonical,PDF第141页 · unique
cet-4,unit,unit,canonical,PDF第141页 · unit
cet-4,unite,unite,canonical,PDF第141页 · unite unity
cet-4,unite,unity,derived,PDF第141页 · unite unity
cet-4,universe,universal,derived,PDF第141页 · universe universal
cet-4,universe,universe,canonical,PDF第141页 · universe universal
cet-4,university,university,canonical,PDF第141页 · university
cet-4,unless,unless,canonical,PDF第141页 · unless
cet-4,until,until,canonical,PDF第141页 · until
cet-4,up,up,canonical,PDF第141页 · up
cet-4,up-to-date,up to date,canonical,PDF第142页 · upＧtoＧdate
cet-4,up-to-date,up-to-date,canonical,PDF第142页 · upＧtoＧdate
cet-4,update,update,canonical,PDF第141页 · update
cet-4,upgrade,upgrade,canonical,PDF第141页 · upgrade
cet-4,upload,upload,canonical,PDF第142页 · upload
cet-4,upon,upon,canonical,PDF第142页 · upon
cet-4,upper,upper,canonical,PDF第142页 · upper
cet-4,upright,upright,canonical,PDF第142页 · upright
cet-4,upset,upset,canonical,PDF第142页 · upset
cet-4,upstairs,upstairs,canonical,PDF第142页 · upstairs
cet-4,upward,upward,canonical,PDF第142页 · upward upwards
cet-4,upward,upwards,derived,PDF第142页 · upward upwards
cet-4,urban,urban,canonical,PDF第142页 · urban urbanize/Ｇise urbanization/Ｇsation
cet-4,urban,urbanisation,derived_variant,PDF第142页 · urban urbanize/Ｇise urbanization/Ｇsation
cet-4,urban,urbanise,derived_variant,PDF第142页 · urban urbanize/Ｇise urbanization/Ｇsation
cet-4,urban,urbanization,derived,PDF第142页 · urban urbanize/Ｇise urbanization/Ｇsation
cet-4,urban,urbanize,derived,PDF第142页 · urban urbanize/Ｇise urbanization/Ｇsation
cet-4,urge,urge,canonical,PDF第142页 · urge
cet-4,urgent,urgency,derived,PDF第142页 · urgent urgency
cet-4,urgent,urgent,canonical,PDF第142页 · urgent urgency
cet-4,us,us,canonical,PDF第142页 · us
cet-4,usage,usage,canonical,PDF第142页 · usage
cet-4,use,use,canonical,PDF第142页 · use user useful useless
cet-4,used,used,canonical,PDF第142页 · used
cet-4,use,useful,derived,PDF第142页 · use user useful useless
cet-4,use,useless,derived,PDF第142页 · use user useful useless
cet-4,use,user,derived,PDF第142页 · use user useful useless
cet-4,usual,usual,canonical,PDF第142页 · usual usually
cet-4,usual,usually,derived,PDF第142页 · usual usually
cet-4,utilize,utilisation,derived_variant,PDF第142页 · utilize/Ｇise utilization/Ｇsation
cet-4,utilize,utilise,canonical_variant,PDF第142页 · utilize/Ｇise utilization/Ｇsation
cet-4,utility,utility,canonical,PDF第142页 · utility
cet-4,utilize,utilization,derived,PDF第142页 · utilize/Ｇise utilization/Ｇsation
cet-4,utilize,utilize,canonical,PDF第142页 · utilize/Ｇise utilization/Ｇsation
cet-4,utmost,utmost,canonical,PDF第142页 · utmost
cet-4,utter,utter,canonical · 同形异义1 · 同形异义2,PDF第142页 · utter１
cet-4,vacant,vacancy,derived,PDF第142页 · vacant vacancy
cet-4,vacant,vacant,canonical,PDF第142页 · vacant vacancy
cet-4,vacation,vacation,canonical,PDF第142页 · vacation
cet-4,vacuum,vacuum,canonical,PDF第142页 · vacuum
cet-4,vague,vague,canonical,PDF第142页 · vague
cet-4,vain,vain,canonical,PDF第142页 · vain vanity
cet-4,valid,valid,canonical,PDF第142页 · valid validate validity
cet-4,valid,validate,derived,PDF第142页 · valid validate validity
cet-4,valid,validity,derived,PDF第142页 · valid validate validity
cet-4,valley,valley,canonical,PDF第142页 · valley
cet-4,value,valuable,derived,PDF第142页 · value valuable
cet-4,value,value,canonical,PDF第142页 · value valuable
cet-4,van,van,canonical,PDF第142页 · van
cet-4,vanish,vanish,canonical,PDF第142页 · vanish
cet-4,vain,vanity,derived,PDF第142页 · vain vanity
cet-4,vapor,vapor,canonical,PDF第142页 · vapo(u)r
cet-4,vapor,vapour,canonical_variant,PDF第142页 · vapo(u)r
cet-4,vary,variable,derived,PDF第142页 · vary variation variable variant
cet-4,vary,variant,derived,PDF第142页 · vary variation variable variant
cet-4,vary,variation,derived,PDF第142页 · vary variation variable variant
cet-4,various,variety,derived,PDF第142页 · various variety
cet-4,various,various,canonical,PDF第142页 · various variety
cet-4,vary,vary,canonical,PDF第142页 · vary variation variable variant
cet-4,vast,vast,canonical,PDF第142页 · vast
cet-4,vegetable,vegetable,canonical,PDF第142页 · vegetable vegetarian
cet-4,vegetable,vegetarian,derived,PDF第142页 · vegetable vegetarian
cet-4,vehicle,vehicle,canonical,PDF第143页 · vehicle
cet-4,veil,veil,canonical,PDF第143页 · veil
cet-4,vendor,vendor,canonical,PDF第143页 · vendor
cet-4,venture,venture,canonical,PDF第143页 · venture
cet-4,verb,verb,canonical,PDF第143页 · verb verbal
cet-4,verb,verbal,derived,PDF第143页 · verb verbal
cet-4,verify,verification,derived,PDF第143页 · verify verification
cet-4,verify,verify,canonical,PDF第143页 · verify verification
cet-4,version,version,canonical,PDF第143页 · version
cet-4,versus,versus,canonical,PDF第143页 · versus
cet-4,vertical,vertical,canonical,PDF第143页 · vertical
cet-4,very,very,canonical,PDF第143页 · very
cet-4,vessel,vessel,canonical,PDF第143页 · vessel
cet-4,veteran,veteran,canonical,PDF第143页 · veteran
cet-4,veto,veto,canonical,PDF第143页 · veto
cet-4,via,via,canonical,PDF第143页 · via
cet-4,victim,victim,canonical,PDF第143页 · victim victimize
cet-4,victim,victimize,derived,PDF第143页 · victim victimize
cet-4,victory,victorious,derived,PDF第143页 · victory victorious
cet-4,victory,victory,canonical,PDF第143页 · victory victorious
cet-4,video,video,canonical,PDF第143页 · video
cet-4,view,view,canonical,PDF第143页 · view
cet-4,viewpoint,viewpoint,canonical,PDF第143页 · viewpoint
cet-4,vigor,vigor,canonical,PDF第143页 · vigor vigorous
cet-4,vigor,vigorous,derived,PDF第143页 · vigor vigorous
cet-4,village,village,canonical,PDF第143页 · village villager
cet-4,village,villager,derived,PDF第143页 · village villager
cet-4,vinegar,vinegar,canonical,PDF第143页 · vinegar
cet-4,violate,violate,canonical,PDF第143页 · violate violation
cet-4,violate,violation,derived,PDF第143页 · violate violation
cet-4,violent,violence,derived,PDF第143页 · violent violence
cet-4,violent,violent,canonical,PDF第143页 · violent violence
cet-4,violin,violin,canonical,PDF第143页 · violin violinist
cet-4,violin,violinist,derived,PDF第143页 · violin violinist
cet-4,virtual,virtual,canonical,PDF第144页 · virtual virtually
cet-4,virtual,virtually,derived,PDF第144页 · virtual virtually
cet-4,virtue,virtue,canonical,PDF第144页 · virtue virtuous
cet-4,virtue,virtuous,derived,PDF第144页 · virtue virtuous
cet-4,virus,virus,canonical,PDF第144页 · virus
cet-4,visa,visa,canonical,PDF第144页 · visa
cet-4,visible,visibility,derived,PDF第144页 · visible visibility
cet-4,visible,visible,canonical,PDF第144页 · visible visibility
cet-4,vision,vision,canonical,PDF第144页 · vision visionary
cet-4,vision,visionary,derived,PDF第144页 · vision visionary
cet-4,visit,visit,canonical,PDF第144页 · visit visitor
cet-4,visit,visitor,derived,PDF第144页 · visit visitor
cet-4,visual,visual,canonical,PDF第144页 · visual visualize/Ｇise
cet-4,visual,visualise,derived_variant,PDF第144页 · visual visualize/Ｇise
cet-4,visual,visualize,derived,PDF第144页 · visual visualize/Ｇise
cet-4,vital,vital,canonical,PDF第144页 · vital vitality
cet-4,vital,vitality,derived,PDF第144页 · vital vitality
cet-4,vitamin,vitamin,canonical,PDF第144页 · vitamin
cet-4,vivid,vivid,canonical,PDF第144页 · vivid
cet-4,vocabulary,vocabulary,canonical,PDF第144页 · vocabulary
cet-4,vocation,vocation,canonical,PDF第144页 · vocation vocational
cet-4,vocation,vocational,derived,PDF第144页 · vocation vocational
cet-4,voice,voice,canonical,PDF第144页 · voice
cet-4,volcano,volcanic,derived,PDF第144页 · volcano volcanic
cet-4,volcano,volcano,canonical,PDF第144页 · volcano volcanic
cet-4,volleyball,volleyball,canonical,PDF第144页 · volleyball
cet-4,volt,volt,canonical,PDF第144页 · volt voltage
cet-4,volt,voltage,derived,PDF第144页 · volt voltage
cet-4,volume,volume,canonical,PDF第144页 · volume voluminous
cet-4,volume,voluminous,derived,PDF第144页 · volume voluminous
cet-4,volunteer,voluntary,derived,PDF第144页 · volunteer voluntary
cet-4,volunteer,volunteer,canonical,PDF第144页 · volunteer voluntary
cet-4,vote,vote,canonical,PDF第144页 · vote voter
cet-4,vote,voter,derived,PDF第144页 · vote voter
cet-4,voyage,voyage,canonical,PDF第144页 · voyage
cet-4,vulnerable,vulnerability,derived,PDF第144页 · vulnerable vulnerability
cet-4,vulnerable,vulnerable,canonical,PDF第144页 · vulnerable vulnerability
cet-4,wage,wage,canonical,PDF第144页 · wage
cet-4,wagon,waggon,canonical_variant,PDF第144页 · wag(g)on
cet-4,wagon,wagon,canonical,PDF第144页 · wag(g)on
cet-4,waist,waist,canonical,PDF第144页 · waist
cet-4,wait,wait,canonical,PDF第144页 · wait waiter/waitress
cet-4,wait,waiter,derived,PDF第144页 · wait waiter/waitress
cet-4,wait,waitress,derived_variant,PDF第144页 · wait waiter/waitress
cet-4,wake,wake,canonical,PDF第144页 · wake waken
cet-4,wake,waken,derived,PDF第144页 · wake waken
cet-4,walk,walk,canonical,PDF第144页 · walk
cet-4,wall,wall,canonical,PDF第144页 · wall
cet-4,wallet,wallet,canonical,PDF第144页 · wallet
cet-4,wander,wander,canonical,PDF第144页 · wander
cet-4,want,want,canonical,PDF第144页 · want
cet-4,war,war,canonical,PDF第144页 · war
cet-4,ward,ward,canonical,PDF第144页 · ward
cet-4,ware,ware,canonical,PDF第145页 · ware
cet-4,warehouse,warehouse,canonical,PDF第145页 · warehouse
cet-4,warfare,warfare,canonical,PDF第145页 · warfare
cet-4,warm,warm,canonical,PDF第145页 · warm warmth
cet-4,warm,warmth,derived,PDF第145页 · warm warmth
cet-4,warn,warn,canonical,PDF第145页 · warn warning
cet-4,warn,warning,derived,PDF第145页 · warn warning
cet-4,warrior,warrior,canonical,PDF第145页 · warrior
cet-4,wary,wary,canonical,PDF第145页 · wary
cet-4,wash,wash,canonical,PDF第145页 · wash washing
cet-4,wash,washing,derived,PDF第145页 · wash washing
cet-4,waste,waste,canonical,PDF第145页 · waste wasteful
cet-4,waste,wasteful,derived,PDF第145页 · waste wasteful
cet-4,watch,watch,canonical,PDF第145页 · watch watchful
cet-4,watch,watchful,derived,PDF第145页 · watch watchful
cet-4,water,water,canonical,PDF第145页 · water
cet-4,waterproof,waterproof,canonical,PDF第145页 · waterproof
cet-4,watertight,watertight,canonical,PDF第145页 · watertight
cet-4,wave,wave,canonical,PDF第145页 · wave wavy
cet-4,wave,wavy,derived,PDF第145页 · wave wavy
cet-4,wax,wax,canonical,PDF第145页 · wax
cet-4,way,way,canonical,PDF第145页 · way
cet-4,we,we,canonical,PDF第145页 · we
cet-4,weak,weak,canonical,PDF第145页 · weak weaken weakness
cet-4,weak,weaken,derived,PDF第145页 · weak weaken weakness
cet-4,weak,weakness,derived,PDF第145页 · weak weaken weakness
cet-4,wealth,wealth,canonical,PDF第145页 · wealth wealthy
cet-4,wealth,wealthy,derived,PDF第145页 · wealth wealthy
cet-4,weapon,weapon,canonical,PDF第145页 · weapon
cet-4,wear,wear,canonical,PDF第145页 · wear
cet-4,weather,weather,canonical,PDF第145页 · weather
cet-4,weave,weave,canonical,PDF第145页 · weave
cet-4,web,web,canonical,PDF第145页 · web
cet-4,webcast,webcast,canonical,PDF第145页 · webcast
cet-4,website,website,canonical,PDF第145页 · website
cet-4,wed,wed,canonical,PDF第145页 · wed wedding
cet-4,wed,wedding,derived,PDF第145页 · wed wedding
cet-4,wednesday,wednesday,canonical,PDF第145页 · Wednesday
cet-4,weed,weed,canonical,PDF第145页 · weed
cet-4,week,week,canonical,PDF第145页 · week weekly
cet-4,weekday,weekday,canonical,PDF第145页 · weekday
cet-4,weekend,weekend,canonical,PDF第145页 · weekend
cet-4,week,weekly,derived,PDF第145页 · week weekly
cet-4,weep,weep,canonical,PDF第145页 · weep
cet-4,weigh,weigh,canonical,PDF第145页 · weigh weight
cet-4,weigh,weight,derived,PDF第145页 · weigh weight
cet-4,weird,weird,canonical,PDF第145页 · weird
cet-4,welcome,welcome,canonical,PDF第145页 · welcome
cet-4,welfare,welfare,canonical,PDF第146页 · welfare
cet-4,well,well,canonical · 同形异义1 · 同形异义2,PDF第146页 · well１
cet-4,well-being,well being,canonical,PDF第146页 · wellＧbeing
cet-4,well-known,well known,canonical,PDF第146页 · wellＧknown
cet-4,well-off,well off,canonical,PDF第146页 · wellＧoff
cet-4,well-being,well-being,canonical,PDF第146页 · wellＧbeing
cet-4,well-known,well-known,canonical,PDF第146页 · wellＧknown
cet-4,well-off,well-off,canonical,PDF第146页 · wellＧoff
cet-4,west,west,canonical,PDF第146页 · west western westerner
cet-4,west,western,derived,PDF第146页 · west western westerner
cet-4,west,westerner,derived,PDF第146页 · west western westerner
cet-4,wet,wet,canonical,PDF第146页 · wet
cet-4,whale,whale,canonical,PDF第146页 · whale
cet-4,what,what,canonical,PDF第146页 · what whatever whatsoever
cet-4,what,whatever,derived,PDF第146页 · what whatever whatsoever
cet-4,what,whatsoever,derived,PDF第146页 · what whatever whatsoever
cet-4,wheat,wheat,canonical,PDF第146页 · wheat
cet-4,wheel,wheel,canonical,PDF第146页 · wheel
cet-4,when,when,canonical,PDF第146页 · when whenever
cet-4,when,whenever,derived,PDF第146页 · when whenever
cet-4,where,where,canonical,PDF第146页 · where wherever
cet-4,whereas,whereas,canonical,PDF第146页 · whereas
cet-4,where,wherever,derived,PDF第146页 · where wherever
cet-4,whether,whether,canonical,PDF第146页 · whether
cet-4,which,which,canonical,PDF第146页 · which whichever
cet-4,which,whichever,derived,PDF第146页 · which whichever
cet-4,while,while,canonical,PDF第146页 · while/whilst
cet-4,while,whilst,canonical_variant,PDF第146页 · while/whilst
cet-4,whip,whip,canonical,PDF第146页 · whip
cet-4,whisky,whisky,canonical,PDF第146页 · whisky
cet-4,whisper,whisper,canonical,PDF第146页 · whisper
cet-4,whistle,whistle,canonical,PDF第146页 · whistle
cet-4,white,white,canonical,PDF第146页 · white
cet-4,who,who,canonical,PDF第146页 · who whoever
cet-4,who,whoever,derived,PDF第146页 · who whoever
cet-4,whole,whole,canonical,PDF第146页 · whole wholly
cet-4,whole,wholly,derived,PDF第146页 · whole wholly
cet-4,whom,whom,canonical,PDF第146页 · whom
cet-4,whose,whose,canonical,PDF第146页 · whose
cet-4,why,why,canonical,PDF第146页 · why
cet-4,wide,wide,canonical,PDF第146页 · wide width widen
cet-4,wide,widen,derived,PDF第146页 · wide width widen
cet-4,widespread,widespread,canonical,PDF第146页 · widespread
cet-4,widow,widow,canonical,PDF第146页 · widow widower
cet-4,widow,widower,derived,PDF第146页 · widow widower
cet-4,wide,width,derived,PDF第146页 · wide width widen
cet-4,wife,wife,canonical,PDF第146页 · wife
cet-4,wild,wild,canonical,PDF第146页 · wild
cet-4,wilderness,wilderness,canonical,PDF第146页 · wilderness
cet-4,wildlife,wildlife,canonical,PDF第147页 · wildlife
cet-4,will,will,canonical,PDF第147页 · will willing willingness
cet-4,will,willing,derived,PDF第147页 · will willing willingness
cet-4,will,willingness,derived,PDF第147页 · will willing willingness
cet-4,willpower,willpower,canonical,PDF第147页 · willpower
cet-4,win,win,canonical,PDF第147页 · win winner
cet-4,wind,wind,canonical · 同形异义1 · 同形异义2,PDF第147页 · wind１
cet-4,window,window,canonical,PDF第147页 · window
cet-4,wine,wine,canonical,PDF第147页 · wine winery
cet-4,wine,winery,derived,PDF第147页 · wine winery
cet-4,wing,wing,canonical,PDF第147页 · wing
cet-4,win,winner,derived,PDF第147页 · win winner
cet-4,winter,winter,canonical,PDF第147页 · winter
cet-4,wipe,wipe,canonical,PDF第147页 · wipe
cet-4,wire,wire,canonical,PDF第147页 · wire wireless
cet-4,wire,wireless,derived,PDF第147页 · wire wireless
cet-4,wise,wisdom,derived,PDF第147页 · wise wisdom
cet-4,wise,wise,canonical,PDF第147页 · wise wisdom
cet-4,wish,wish,canonical,PDF第147页 · wish
cet-4,wit,wit,canonical,PDF第147页 · wit witty
cet-4,with,with,canonical,PDF第147页 · with
cet-4,withdraw,withdraw,canonical,PDF第147页 · withdraw withdrawal
cet-4,withdraw,withdrawal,derived,PDF第147页 · withdraw withdrawal
cet-4,within,within,canonical,PDF第147页 · within
cet-4,without,without,canonical,PDF第147页 · without
cet-4,withstand,withstand,canonical,PDF第147页 · withstand
cet-4,witness,witness,canonical,PDF第147页 · witness
cet-4,wit,witty,derived,PDF第147页 · wit witty
cet-4,wolf,wolf,canonical,PDF第147页 · wolf
cet-4,woman,woman,canonical,PDF第147页 · woman
cet-4,wonder,wonder,canonical,PDF第147页 · wonder wonderful
cet-4,wonder,wonderful,derived,PDF第147页 · wonder wonderful
cet-4,wood,wood,canonical,PDF第147页 · wood wooden
cet-4,wood,wooden,derived,PDF第147页 · wood wooden
cet-4,wool,wool,canonical,PDF第147页 · wool wool(l)en
cet-4,wool,woolen,derived,PDF第147页 · wool wool(l)en
cet-4,wool,woollen,derived_variant,PDF第147页 · wool wool(l)en
cet-4,word,word,canonical,PDF第147页 · word wording
cet-4,word,wording,derived,PDF第147页 · word wording
cet-4,work,work,canonical,PDF第147页 · work worker
cet-4,work,worker,derived,PDF第147页 · work worker
cet-4,workforce,workforce,canonical,PDF第147页 · workforce
cet-4,workout,workout,canonical,PDF第147页 · workout
cet-4,workshop,workshop,canonical,PDF第147页 · workshop
cet-4,world,world,canonical,PDF第147页 · world
cet-4,worldwide,worldwide,canonical,PDF第147页 · worldwide
cet-4,worm,worm,canonical,PDF第147页 · worm
cet-4,worry,worried,derived,PDF第147页 · worry worried
cet-4,worry,worry,canonical,PDF第147页 · worry worried
cet-4,worse,worse,canonical,PDF第147页 · worse
cet-4,worship,worship,canonical,PDF第147页 · worship
cet-4,worst,worst,canonical,PDF第147页 · worst
cet-4,worth,worth,canonical,PDF第148页 · worth worthless
cet-4,worthy,worthiness,derived,PDF第148页 · worthy worthiness
cet-4,worth,worthless,derived,PDF第148页 · worth worthless
cet-4,worthwhile,worthwhile,canonical,PDF第148页 · worthwhile
cet-4,worthy,worthy,canonical,PDF第148页 · worthy worthiness
cet-4,would,would,canonical,PDF第148页 · would
cet-4,wound,wound,canonical,PDF第148页 · wound
cet-4,wrap,wrap,canonical,PDF第148页 · wrap wrapping
cet-4,wrap,wrapping,derived,PDF第148页 · wrap wrapping
cet-4,wreck,wreck,canonical,PDF第148页 · wreck wreckage
cet-4,wreck,wreckage,derived,PDF第148页 · wreck wreckage
cet-4,wrinkle,wrinkle,canonical,PDF第148页 · wrinkle
cet-4,wrist,wrist,canonical,PDF第148页 · wrist
cet-4,write,write,canonical,PDF第148页 · write writer writing
cet-4,write,writer,derived,PDF第148页 · write writer writing
cet-4,write,writing,derived,PDF第148页 · write writer writing
cet-4,wrong,wrong,canonical,PDF第148页 · wrong
cet-4,x-ray,x ray,canonical,PDF第148页 · xＧray
cet-4,x-ray,x-ray,canonical,PDF第148页 · xＧray
cet-4,yard,yard,canonical,PDF第148页 · yard
cet-4,yes,yeah,derived,PDF第148页 · yes yeah
cet-4,year,year,canonical,PDF第148页 · year yearly
cet-4,year,yearly,derived,PDF第148页 · year yearly
cet-4,yell,yell,canonical,PDF第148页 · yell
cet-4,yellow,yellow,canonical,PDF第148页 · yellow
cet-4,yes,yes,canonical,PDF第148页 · yes yeah
cet-4,yesterday,yesterday,canonical,PDF第148页 · yesterday
cet-4,yet,yet,canonical,PDF第148页 · yet
cet-4,yield,yield,canonical,PDF第148页 · yield
cet-4,yoga,yoga,canonical,PDF第148页 · yoga
cet-4,yoghurt,yoghurt,canonical,PDF第148页 · yoghurt
cet-4,you,you,canonical,PDF第148页 · you
cet-4,young,young,canonical,PDF第148页 · young
cet-4,youngster,youngster,canonical,PDF第148页 · youngster
cet-4,your,your,canonical,PDF第148页 · your
cet-4,yours,yours,canonical,PDF第148页 · yours
cet-4,yourself,yourself,canonical,PDF第148页 · yourself yourselves
cet-4,yourself,yourselves,derived,PDF第148页 · yourself yourselves
cet-4,youth,youth,canonical,PDF第148页 · youth youthful
cet-4,youth,youthful,derived,PDF第148页 · youth youthful
cet-4,zero,zero,canonical,PDF第148页 · zero
cet-4,zone,zone,canonical,PDF第148页 · zone
cet-4,zoo,zoo,canonical,PDF第148页 · zoo
cet-4,zoology,zoological,derived,PDF第148页 · zoology zoological
cet-4,zoology,zoology,canonical,PDF第148页 · zoology zoological
cet-6,abbreviation,abbreviation,canonical,PDF第21页 · abbreviation
cet-6,abide,abide,canonical,PDF第21页 · abide
cet-6,abnormal,abnormal,canonical,PDF第21页 · abnormal
cet-6,abort,abort,canonical,PDF第21页 · abort abortion
cet-6,abort,abortion,derived,PDF第21页 · abort abortion
cet-6,abreast,abreast,canonical,PDF第21页 · abreast
cet-6,abrupt,abrupt,canonical,PDF第21页 · abrupt
cet-6,absurd,absurd,canonical,PDF第21页 · absurd absurdity
cet-6,absurd,absurdity,derived,PDF第21页 · absurd absurdity
cet-6,accessory,accessory,canonical,PDF第21页 · accessory
cet-6,acclaim,acclaim,canonical,PDF第21页 · acclaim
cet-6,activate,activate,canonical,PDF第22页 · activate
cet-6,acupuncture,acupuncture,canonical,PDF第22页 · acupuncture
cet-6,adhere,adhere,canonical,PDF第22页 · adhere adherence
cet-6,adhere,adherence,derived,PDF第22页 · adhere adherence
cet-6,adjacent,adjacent,canonical,PDF第22页 · adjacent
cet-6,adolescent,adolescence,derived,PDF第22页 · adolescent adolescence
cet-6,adolescent,adolescent,canonical,PDF第22页 · adolescent adolescence
cet-6,adore,adorable,derived,PDF第22页 · adore adorable
cet-6,adore,adore,canonical,PDF第22页 · adore adorable
cet-6,advent,advent,canonical,PDF第22页 · advent
cet-6,adversary,adversary,canonical,PDF第22页 · adversary
cet-6,adverse,adverse,canonical,PDF第22页 · adverse adversity
cet-6,adverse,adversity,derived,PDF第22页 · adverse adversity
cet-6,aesthetic,aesthetic,canonical,PDF第23页 · aesthetic aesthetics
cet-6,esthetic,aesthetic,canonical_variant,PDF第63页 · esthetic/aesthetic esthetics/aesthetics
cet-6,aesthetic,aesthetics,derived,PDF第23页 · aesthetic aesthetics
cet-6,esthetic,aesthetics,derived_variant,PDF第63页 · esthetic/aesthetic esthetics/aesthetics
cet-6,affiliate,affiliate,canonical,PDF第23页 · affiliate affiliation
cet-6,affiliate,affiliation,derived,PDF第23页 · affiliate affiliation
cet-6,affirm,affirm,canonical,PDF第23页 · affirm affirmation affirmative
cet-6,affirm,affirmation,derived,PDF第23页 · affirm affirmation affirmative
cet-6,affirm,affirmative,derived,PDF第23页 · affirm affirmation affirmative
cet-6,affix,affix,canonical,PDF第23页 · affix affixation
cet-6,affix,affixation,derived,PDF第23页 · affix affixation
cet-6,afloat,afloat,canonical,PDF第23页 · afloat
cet-6,aftermath,aftermath,canonical,PDF第23页 · aftermath
cet-6,aggravate,aggravate,canonical,PDF第23页 · aggravate aggravation
cet-6,aggravate,aggravation,derived,PDF第23页 · aggravate aggravation
cet-6,aggregate,aggregate,canonical,PDF第23页 · aggregate
cet-6,agitate,agitate,canonical,PDF第23页 · agitate agitation
cet-6,agitate,agitation,derived,PDF第23页 · agitate agitation
cet-6,agony,agony,canonical,PDF第23页 · agony
cet-6,aide,aide,canonical,PDF第23页 · aide
cet-6,ail,ail,canonical,PDF第23页 · ail ailment
cet-6,ail,ailment,derived,PDF第23页 · ail ailment
cet-6,airborne,airborne,canonical,PDF第23页 · airborne
cet-6,akin,akin,canonical,PDF第24页 · akin
cet-6,ale,ale,canonical,PDF第24页 · ale
cet-6,alien,alien,canonical,PDF第24页 · alien alienate alienation
cet-6,alien,alienate,derived,PDF第24页 · alien alienate alienation
cet-6,alien,alienation,derived,PDF第24页 · alien alienate alienation
cet-6,align,align,canonical,PDF第24页 · align alignment
cet-6,align,alignment,derived,PDF第24页 · align alignment
cet-6,allergic,allergic,canonical,PDF第24页 · allergic allergy
cet-6,allergic,allergy,derived,PDF第24页 · allergic allergy
cet-6,alleviate,alleviate,canonical,PDF第24页 · alleviate alleviation
cet-6,alleviate,alleviation,derived,PDF第24页 · alleviate alleviation
cet-6,allocate,allocate,canonical,PDF第24页 · allocate allocation
cet-6,allocate,allocation,derived,PDF第24页 · allocate allocation
cet-6,allot,allot,canonical,PDF第24页 · allot allotment
cet-6,allot,allotment,derived,PDF第24页 · allot allotment
cet-6,alloy,alloy,canonical,PDF第24页 · alloy
cet-6,allude,allude,canonical,PDF第24页 · allude allusion
cet-6,allure,allure,canonical,PDF第24页 · allure allurement
cet-6,allure,allurement,derived,PDF第24页 · allure allurement
cet-6,allude,allusion,derived,PDF第24页 · allude allusion
cet-6,almighty,almighty,canonical,PDF第24页 · almighty
cet-6,aloft,aloft,canonical,PDF第24页 · aloft
cet-6,alternate,alternate,canonical,PDF第24页 · alternate alternation alternately
cet-6,alternate,alternately,derived,PDF第24页 · alternate alternation alternately
cet-6,alternate,alternation,derived,PDF第24页 · alternate alternation alternately
cet-6,amass,amass,canonical,PDF第25页 · amass
cet-6,ambiguous,ambiguity,derived,PDF第25页 · ambiguous ambiguity
cet-6,ambiguous,ambiguous,canonical,PDF第25页 · ambiguous ambiguity
cet-6,amend,amend,canonical,PDF第25页 · amend amendment
cet-6,amend,amendment,derived,PDF第25页 · amend amendment
cet-6,amiable,amiable,canonical,PDF第25页 · amiable
cet-6,ammunition,ammunition,canonical,PDF第25页 · ammunition
cet-6,amplify,amplification,derived,PDF第25页 · amplify amplification
cet-6,amplify,amplify,canonical,PDF第25页 · amplify amplification
cet-6,analogue,analogous,derived,PDF第25页 · analogue analogous
cet-6,analogue,analogue,canonical,PDF第25页 · analogue analogous
cet-6,analogy,analogy,canonical,PDF第25页 · analogy
cet-6,anecdote,anecdotal,derived,PDF第25页 · anecdote anecdotal
cet-6,anecdote,anecdote,canonical,PDF第25页 · anecdote anecdotal
cet-6,anguish,anguish,canonical,PDF第25页 · anguish
cet-6,animate,animate,canonical,PDF第25页 · animate animated animation
cet-6,animate,animated,derived,PDF第25页 · animate animated animation
cet-6,animate,animation,derived,PDF第25页 · animate animated animation
cet-6,annex,annex,canonical,PDF第25页 · annex annexation
cet-6,annex,annexation,derived,PDF第25页 · annex annexation
cet-6,anonymous,anonymity,derived,PDF第25页 · anonymous anonymity
cet-6,anonymous,anonymous,canonical,PDF第25页 · anonymous anonymity
cet-6,antagonism,antagonism,canonical,PDF第26页 · antagonism antagonist antagonistic antagonistically
cet-6,antagonism,antagonist,derived,PDF第26页 · antagonism antagonist antagonistic antagonistically
cet-6,antagonism,antagonistic,derived,PDF第26页 · antagonism antagonist antagonistic antagonistically
cet-6,antagonism,antagonistically,derived,PDF第26页 · antagonism antagonist antagonistic antagonistically
cet-6,antenna,antenna,canonical,PDF第26页 · antenna
cet-6,antibiotic,antibiotic,canonical,PDF第26页 · antibiotic
cet-6,antonym,antonym,canonical,PDF第26页 · antonym
cet-6,ape,ape,canonical,PDF第26页 · ape
cet-6,appal,appal,canonical,PDF第26页 · appal(l) appalling
cet-6,appal,appall,canonical_variant,PDF第26页 · appal(l) appalling
cet-6,appal,appalling,derived,PDF第26页 · appal(l) appalling
cet-6,appease,appease,canonical,PDF第26页 · appease appeasement
cet-6,appease,appeasement,derived,PDF第26页 · appease appeasement
cet-6,appendix,appendix,canonical,PDF第26页 · appendix
cet-6,appraise,appraisal,derived,PDF第26页 · appraise appraisal
cet-6,appraise,appraise,canonical,PDF第26页 · appraise appraisal
cet-6,apprentice,apprentice,canonical,PDF第26页 · apprentice
cet-6,appropriate,appropriate,canonical · 同形异义2,PDF第26页 · appropriate２
cet-6,apron,apron,canonical,PDF第27页 · apron
cet-6,apt,apt,canonical,PDF第27页 · apt aptly
cet-6,apt,aptly,derived,PDF第27页 · apt aptly
cet-6,arbitrate,arbitrate,canonical,PDF第27页 · arbitrate arbitration
cet-6,arbitrate,arbitration,derived,PDF第27页 · arbitrate arbitration
cet-6,arc,arc,canonical,PDF第27页 · arc
cet-6,arch,arch,canonical,PDF第27页 · arch
cet-6,archive,archive,canonical,PDF第27页 · archive
cet-6,ardent,ardent,canonical,PDF第27页 · ardent
cet-6,arena,arena,canonical,PDF第27页 · arena
cet-6,aristocrat,aristocracy,derived,PDF第27页 · aristocrat aristocratic aristocracy
cet-6,aristocrat,aristocrat,canonical,PDF第27页 · aristocrat aristocratic aristocracy
cet-6,aristocrat,aristocratic,derived,PDF第27页 · aristocrat aristocratic aristocracy
cet-6,armor,armor,canonical,PDF第27页 · armo(u)r
cet-6,armor,armour,canonical_variant,PDF第27页 · armo(u)r
cet-6,array,array,canonical,PDF第27页 · array
cet-6,arrogant,arrogance,derived,PDF第27页 · arrogant arrogance
cet-6,arrogant,arrogant,canonical,PDF第27页 · arrogant arrogance
cet-6,artery,artery,canonical,PDF第27页 · artery
cet-6,articulate,articulate,canonical,PDF第27页 · articulate articulation
cet-6,articulate,articulation,derived,PDF第27页 · articulate articulation
cet-6,artifact,artifact,canonical,PDF第27页 · artifact
cet-6,artillery,artillery,canonical,PDF第27页 · artillery
cet-6,ascend,ascend,canonical,PDF第27页 · ascend ascendance
cet-6,ascend,ascendance,derived,PDF第27页 · ascend ascendance
cet-6,ascertain,ascertain,canonical,PDF第27页 · ascertain
cet-6,ascribe,ascribe,canonical,PDF第27页 · ascribe
cet-6,aspire,aspiration,derived,PDF第28页 · aspire aspiration
cet-6,aspire,aspire,canonical,PDF第28页 · aspire aspiration
cet-6,assassinate,assassin,derived,PDF第28页 · assassinate assassination assassin
cet-6,assassinate,assassinate,canonical,PDF第28页 · assassinate assassination assassin
cet-6,assassinate,assassination,derived,PDF第28页 · assassinate assassination assassin
cet-6,assault,assault,canonical,PDF第28页 · assault
cet-6,assert,assert,canonical,PDF第28页 · assert assertion assertive
cet-6,assert,assertion,derived,PDF第28页 · assert assertion assertive
cet-6,assert,assertive,derived,PDF第28页 · assert assertion assertive
cet-6,assimilate,assimilate,canonical,PDF第28页 · assimilate assimilation
cet-6,assimilate,assimilation,derived,PDF第28页 · assimilate assimilation
cet-6,assorted,assorted,canonical,PDF第28页 · assorted
cet-6,assortment,assortment,canonical,PDF第28页 · assortment
cet-6,astray,astray,canonical,PDF第28页 · astray
cet-6,asylum,asylum,canonical,PDF第28页 · asylum
cet-6,atlas,atlas,canonical,PDF第28页 · atlas
cet-6,atrocity,atrocious,derived,PDF第28页 · atrocity atrocious
cet-6,atrocity,atrocity,canonical,PDF第28页 · atrocity atrocious
cet-6,auction,auction,canonical,PDF第29页 · auction auctioneer
cet-6,auction,auctioneer,derived,PDF第29页 · auction auctioneer
cet-6,audit,audit,canonical,PDF第29页 · audit auditing auditor
cet-6,audit,auditing,derived,PDF第29页 · audit auditing auditor
cet-6,audit,auditor,derived,PDF第29页 · audit auditing auditor
cet-6,augment,augment,canonical,PDF第29页 · augment augmentation
cet-6,augment,augmentation,derived,PDF第29页 · augment augmentation
cet-6,autobiography,autobiographic,derived,PDF第29页 · autobiography autobiographic(al)
cet-6,autobiography,autobiographical,derived_variant,PDF第29页 · autobiography autobiographic(al)
cet-6,autobiography,autobiography,canonical,PDF第29页 · autobiography autobiographic(al)
cet-6,autonomous,autonomous,canonical,PDF第29页 · autonomous autonomy
cet-6,autonomous,autonomy,derived,PDF第29页 · autonomous autonomy
cet-6,auxiliary,auxiliary,canonical,PDF第29页 · auxiliary
cet-6,avail,avail,canonical,PDF第29页 · avail
cet-6,avenge,avenge,canonical,PDF第29页 · avenge
cet-6,avert,aversion,derived,PDF第29页 · avert aversion
cet-6,avert,avert,canonical,PDF第29页 · avert aversion
cet-6,baffle,baffle,canonical,PDF第30页 · baffle
cet-6,bald,bald,canonical,PDF第30页 · bald
cet-6,barge,barge,canonical,PDF第30页 · barge
cet-6,barn,barn,canonical,PDF第31页 · barn
cet-6,barometer,barometer,canonical,PDF第31页 · barometer
cet-6,barracks,barracks,canonical,PDF第31页 · barracks
cet-6,barren,barren,canonical,PDF第31页 · barren
cet-6,bass,bass,canonical,PDF第31页 · bass
cet-6,batter,batter,canonical,PDF第31页 · batter
cet-6,bead,bead,canonical,PDF第31页 · bead
cet-6,beak,beak,canonical,PDF第31页 · beak
cet-6,beckon,beckon,canonical,PDF第31页 · beckon
cet-6,beetle,beetle,canonical,PDF第32页 · beetle
cet-6,benevolent,benevolence,derived,PDF第32页 · benevolent benevolence
cet-6,benevolent,benevolent,canonical,PDF第32页 · benevolent benevolence
cet-6,benign,benign,canonical,PDF第32页 · benign
cet-6,beset,beset,canonical,PDF第32页 · beset
cet-6,besiege,besiege,canonical,PDF第32页 · besiege
cet-6,beware,beware,canonical,PDF第32页 · beware
cet-6,bewilder,bewilder,canonical,PDF第32页 · bewilder bewilderment
cet-6,bewilder,bewilderment,derived,PDF第32页 · bewilder bewilderment
cet-6,bibliography,bibliography,canonical,PDF第33页 · bibliography
cet-6,bilateral,bilateral,canonical,PDF第33页 · bilateral
cet-6,binoculars,binoculars,canonical,PDF第33页 · binoculars
cet-6,bishop,bishop,canonical,PDF第33页 · bishop
cet-6,bizarre,bizarre,canonical,PDF第33页 · bizarre
cet-6,blackmail,blackmail,canonical,PDF第33页 · blackmail
cet-6,blaze,blaze,canonical,PDF第33页 · blaze
cet-6,bleach,bleach,canonical,PDF第33页 · bleach
cet-6,bleak,bleak,canonical,PDF第33页 · bleak
cet-6,blink,blink,canonical,PDF第33页 · blink
cet-6,bloc,bloc,canonical,PDF第33页 · bloc
cet-6,bluff,bluff,canonical,PDF第34页 · bluff
cet-6,blunder,blunder,canonical,PDF第34页 · blunder
cet-6,blunt,blunt,canonical,PDF第34页 · blunt
cet-6,blush,blush,canonical,PDF第34页 · blush
cet-6,bolster,bolster,canonical,PDF第34页 · bolster
cet-6,botany,botanical,derived,PDF第34页 · botany botanical
cet-6,botany,botany,canonical,PDF第34页 · botany botanical
cet-6,bouquet,bouquet,canonical,PDF第35页 · bouquet
cet-6,bout,bout,canonical,PDF第35页 · bout
cet-6,boycott,boycott,canonical,PDF第35页 · boycott
cet-6,brace,brace,canonical,PDF第35页 · brace
cet-6,breach,breach,canonical,PDF第35页 · breach
cet-6,brew,brew,canonical,PDF第35页 · brew brewery
cet-6,brew,brewery,derived,PDF第35页 · brew brewery
cet-6,brigade,brigade,canonical,PDF第36页 · brigade
cet-6,brink,brink,canonical,PDF第36页 · brink
cet-6,brisk,brisk,canonical,PDF第36页 · brisk
cet-6,bronze,bronze,canonical,PDF第36页 · bronze
cet-6,brood,brood,canonical,PDF第36页 · brood
cet-6,bruise,bruise,canonical,PDF第36页 · bruise
cet-6,buddhism,buddhism,canonical,PDF第36页 · Buddhism Buddhist
cet-6,buddhism,buddhist,derived,PDF第36页 · Buddhism Buddhist
cet-6,buffalo,buffalo,canonical,PDF第36页 · buffalo
cet-6,buffer,buffer,canonical,PDF第36页 · buffer
cet-6,bureaucrat,bureaucracy,derived,PDF第37页 · bureaucrat bureaucratic bureaucracy
cet-6,bureaucrat,bureaucrat,canonical,PDF第37页 · bureaucrat bureaucratic bureaucracy
cet-6,bureaucrat,bureaucratic,derived,PDF第37页 · bureaucrat bureaucratic bureaucracy
cet-6,burglar,burglar,canonical,PDF第37页 · burglar burglary
cet-6,burglar,burglary,derived,PDF第37页 · burglar burglary
cet-6,bust,bust,canonical,PDF第37页 · bust
cet-6,butt,butt,canonical,PDF第37页 · butt
cet-6,buzz,buzz,canonical,PDF第37页 · buzz
cet-6,calcium,calcium,canonical,PDF第37页 · calcium
cet-6,cannon,cannon,canonical,PDF第38页 · cannon
cet-6,canoe,canoe,canonical,PDF第38页 · canoe
cet-6,canvas,canvas,canonical,PDF第38页 · canvas
cet-6,cape,cape,canonical,PDF第38页 · cape
cet-6,capsule,capsule,canonical,PDF第38页 · capsule
cet-6,caption,caption,canonical,PDF第38页 · caption
cet-6,captive,captive,canonical,PDF第38页 · captive
cet-6,caravan,caravan,canonical,PDF第38页 · caravan
cet-6,carbohydrate,carbohydrate,canonical,PDF第38页 · carbohydrate
cet-6,cardinal,cardinal,canonical,PDF第38页 · cardinal
cet-6,carton,carton,canonical,PDF第39页 · carton
cet-6,carve,carve,canonical,PDF第39页 · carve carving
cet-6,carve,carving,derived,PDF第39页 · carve carving
cet-6,casino,casino,canonical,PDF第39页 · casino
cet-6,casualty,casualty,canonical,PDF第39页 · casualty
cet-6,catastrophe,catastrophe,canonical,PDF第39页 · catastrophe catastrophic
cet-6,catastrophe,catastrophic,derived,PDF第39页 · catastrophe catastrophic
cet-6,cathedral,cathedral,canonical,PDF第39页 · cathedral
cet-6,catholic,catholic,canonical,PDF第39页 · Catholic
cet-6,cauliflower,cauliflower,canonical,PDF第39页 · cauliflower
cet-6,cavity,cavity,canonical,PDF第39页 · cavity
cet-6,celebrity,celebrity,canonical,PDF第39页 · celebrity
cet-6,cemetery,cemetery,canonical,PDF第40页 · cemetery
cet-6,censor,censor,canonical,PDF第40页 · censor censorship
cet-6,censor,censorship,derived,PDF第40页 · censor censorship
cet-6,census,census,canonical,PDF第40页 · census
cet-6,ceramic,ceramic,canonical,PDF第40页 · ceramic
cet-6,certify,certification,derived,PDF第40页 · certify certification
cet-6,certify,certify,canonical,PDF第40页 · certify certification
cet-6,chamber,chamber,canonical,PDF第40页 · chamber
cet-6,chancellor,chancellor,canonical,PDF第40页 · chancellor
cet-6,chant,chant,canonical,PDF第40页 · chant
cet-6,chapel,chapel,canonical,PDF第40页 · chapel
cet-6,choir,choir,canonical,PDF第41页 · choir
cet-6,chord,chord,canonical,PDF第41页 · chord
cet-6,chronic,chronic,canonical,PDF第41页 · chronic chronically
cet-6,chronic,chronically,derived,PDF第41页 · chronic chronically
cet-6,chronicle,chronicle,canonical,PDF第41页 · chronicle
cet-6,chunk,chunk,canonical,PDF第41页 · chunk
cet-6,civic,civic,canonical,PDF第42页 · civic
cet-6,clamp,clamp,canonical,PDF第42页 · clamp
cet-6,clan,clan,canonical,PDF第42页 · clan
cet-6,clasp,clasp,canonical,PDF第42页 · clasp
cet-6,cleanse,cleanse,canonical,PDF第42页 · cleanse
cet-6,clearance,clearance,canonical,PDF第42页 · clearance
cet-6,clearing,clearing,canonical,PDF第42页 · clearing
cet-6,clench,clench,canonical,PDF第42页 · clench
cet-6,clergy,clergy,canonical,PDF第42页 · clergy
cet-6,cliché,cliche,canonical,PDF第42页 · cliché
cet-6,cliché,cliché,canonical,PDF第42页 · cliché
cet-6,cloak,cloak,canonical,PDF第42页 · cloak
cet-6,clog,clog,canonical,PDF第43页 · clog
cet-6,closet,closet,canonical,PDF第43页 · closet
cet-6,cluster,cluster,canonical,PDF第43页 · cluster
cet-6,clutch,clutch,canonical,PDF第43页 · clutch
cet-6,coalition,coalition,canonical,PDF第43页 · coalition
cet-6,cocaine,cocaine,canonical,PDF第43页 · cocaine
cet-6,cockpit,cockpit,canonical,PDF第43页 · cockpit
cet-6,cocktail,cocktail,canonical,PDF第43页 · cocktail
cet-6,coconut,coconut,canonical,PDF第43页 · coconut
cet-6,coexist,coexist,canonical,PDF第43页 · coexist coexistence
cet-6,coexist,coexistence,derived,PDF第43页 · coexist coexistence
cet-6,cognitive,cognition,derived,PDF第43页 · cognitive cognition
cet-6,cognitive,cognitive,canonical,PDF第43页 · cognitive cognition
cet-6,coincide,coincide,canonical,PDF第43页 · coincide coincidence
cet-6,coincide,coincidence,derived,PDF第43页 · coincide coincidence
cet-6,collide,collide,canonical,PDF第44页 · collide collision
cet-6,collide,collision,derived,PDF第44页 · collide collision
cet-6,colonel,colonel,canonical,PDF第44页 · colonel
cet-6,comet,comet,canonical,PDF第44页 · comet
cet-6,comic,comic,canonical,PDF第44页 · comic
cet-6,commemorate,commemorate,canonical,PDF第44页 · commemorate commemoration
cet-6,commemorate,commemoration,derived,PDF第44页 · commemorate commemoration
cet-6,commend,commend,canonical,PDF第44页 · commend commendation
cet-6,commend,commendation,derived,PDF第44页 · commend commendation
cet-6,commonwealth,commonwealth,canonical,PDF第44页 · commonwealth
cet-6,compartment,compartment,canonical,PDF第44页 · compartment
cet-6,compassion,compassion,canonical,PDF第44页 · compassion compassionate
cet-6,compassion,compassionate,derived,PDF第44页 · compassion compassionate
cet-6,compile,compilation,derived,PDF第45页 · compile compilation
cet-6,compile,compile,canonical,PDF第45页 · compile compilation
cet-6,complacent,complacency,derived,PDF第45页 · complacent complacency
cet-6,complacent,complacent,canonical,PDF第45页 · complacent complacency
cet-6,complement,complement,canonical,PDF第45页 · complement complementary
cet-6,complement,complementary,derived,PDF第45页 · complement complementary
cet-6,complexion,complexion,canonical,PDF第45页 · complexion
cet-6,compliment,compliment,canonical,PDF第45页 · compliment complimentary
cet-6,compliment,complimentary,derived,PDF第45页 · compliment complimentary
cet-6,composite,composite,canonical,PDF第45页 · composite
cet-6,compress,compress,canonical,PDF第45页 · compress compression
cet-6,compress,compression,derived,PDF第45页 · compress compression
cet-6,concede,concede,canonical,PDF第45页 · concede concession
cet-6,conceit,conceit,canonical,PDF第45页 · conceit conceited
cet-6,conceit,conceited,derived,PDF第45页 · conceit conceited
cet-6,conceive,conceive,canonical,PDF第45页 · conceive conception
cet-6,conceive,conception,derived,PDF第45页 · conceive conception
cet-6,concede,concession,derived,PDF第45页 · concede concession
cet-6,concise,concise,canonical,PDF第45页 · concise
cet-6,concurrent,concurrent,canonical,PDF第45页 · concurrent
cet-6,condolence,condolence,canonical,PDF第46页 · condolence
cet-6,conducive,conducive,canonical,PDF第46页 · conducive
cet-6,confederation,confederate,derived,PDF第46页 · confederation confederate
cet-6,confederation,confederation,canonical,PDF第46页 · confederation confederate
cet-6,confer,confer,canonical,PDF第46页 · confer
cet-6,confide,confide,canonical,PDF第46页 · confide
cet-6,configuration,configuration,canonical,PDF第46页 · configuration
cet-6,congregate,congregate,canonical,PDF第46页 · congregate congregation
cet-6,congregate,congregation,derived,PDF第46页 · congregate congregation
cet-6,connotation,connotation,canonical,PDF第46页 · connotation
cet-6,consecutive,consecutive,canonical,PDF第46页 · consecutive
cet-6,conserve,conservation,derived,PDF第46页 · conserve conservation
cet-6,conserve,conserve,canonical,PDF第46页 · conserve conservation
cet-6,console,consolation,derived,PDF第46页 · console consolation
cet-6,console,console,canonical,PDF第46页 · console consolation
cet-6,conspicuous,conspicuous,canonical,PDF第46页 · conspicuous
cet-6,conspire,conspiracy,derived,PDF第46页 · conspire conspiracy
cet-6,conspire,conspire,canonical,PDF第46页 · conspire conspiracy
cet-6,constituent,constituency,derived,PDF第47页 · constituent constituency
cet-6,constituent,constituent,canonical,PDF第47页 · constituent constituency
cet-6,constrain,constrain,canonical,PDF第47页 · constrain constraint
cet-6,constrain,constraint,derived,PDF第47页 · constrain constraint
cet-6,consulate,consul,derived,PDF第47页 · consulate consul
cet-6,consulate,consulate,canonical,PDF第47页 · consulate consul
cet-6,contagious,contagious,canonical,PDF第47页 · contagious
cet-6,contemplate,contemplate,canonical,PDF第47页 · contemplate contemplation contemplative
cet-6,contemplate,contemplation,derived,PDF第47页 · contemplate contemplation contemplative
cet-6,contemplate,contemplative,derived,PDF第47页 · contemplate contemplation contemplative
cet-6,contingent,contingent,canonical,PDF第47页 · contingent
cet-6,contrive,contrive,canonical,PDF第47页 · contrive
cet-6,convene,convene,canonical,PDF第47页 · convene
cet-6,converge,converge,canonical,PDF第47页 · converge convergence
cet-6,converge,convergence,derived,PDF第47页 · converge convergence
cet-6,converse,converse,canonical · 同形异义2,PDF第47页 · converse２
cet-6,convict,convict,canonical,PDF第47页 · convict conviction
cet-6,convict,conviction,derived,PDF第47页 · convict conviction
cet-6,convoy,convoy,canonical,PDF第48页 · convoy
cet-6,coral,coral,canonical,PDF第48页 · coral
cet-6,cordial,cordial,canonical,PDF第48页 · cordial cordiality
cet-6,cordial,cordiality,derived,PDF第48页 · cordial cordiality
cet-6,cork,cork,canonical,PDF第48页 · cork
cet-6,corporal,corporal,canonical,PDF第48页 · corporal
cet-6,corpse,corpse,canonical,PDF第48页 · corpse
cet-6,correlate,correlate,canonical,PDF第48页 · correlate correlation correlative
cet-6,correlate,correlation,derived,PDF第48页 · correlate correlation correlative
cet-6,correlate,correlative,derived,PDF第48页 · correlate correlation correlative
cet-6,corrode,corrode,canonical,PDF第48页 · corrode corrosion
cet-6,corrode,corrosion,derived,PDF第48页 · corrode corrosion
cet-6,cosmetic,cosmetic,canonical,PDF第48页 · cosmetic
cet-6,cosmopolitan,cosmopolitan,canonical,PDF第48页 · cosmopolitan
cet-6,cozy,cosy,canonical_variant,PDF第49页 · cozy/Ｇsy
cet-6,counteract,counteract,canonical,PDF第49页 · counteract counteraction
cet-6,counteract,counteraction,derived,PDF第49页 · counteract counteraction
cet-6,counterfeit,counterfeit,canonical,PDF第49页 · counterfeit
cet-6,coup,coup,canonical,PDF第49页 · coup(d􀆳état)
cet-6,coup,coup d'etat,canonical_variant,PDF第49页 · coup(d􀆳état)
cet-6,coup,coup d'état,canonical_variant,PDF第49页 · coup(d􀆳état)
cet-6,coup,coup-d'état,canonical_variant,PDF第49页 · coup(d􀆳état)
cet-6,courtesy,courtesy,canonical,PDF第49页 · courtesy
cet-6,cozy,cozy,canonical,PDF第49页 · cozy/Ｇsy
cet-6,crackdown,crackdown,canonical,PDF第49页 · crackdown
cet-6,cradle,cradle,canonical,PDF第49页 · cradle
cet-6,cram,cram,canonical,PDF第49页 · cram
cet-6,crate,crate,canonical,PDF第49页 · crate
cet-6,crave,crave,canonical,PDF第49页 · crave
cet-6,credential,credential,canonical,PDF第49页 · credential
cet-6,credible,credibility,derived,PDF第49页 · credible credibility
cet-6,credible,credible,canonical,PDF第49页 · credible credibility
cet-6,cricket,cricket,canonical,PDF第50页 · cricket
cet-6,cripple,cripple,canonical,PDF第50页 · cripple
cet-6,crisp,crisp,canonical,PDF第50页 · crisp
cet-6,crouch,crouch,canonical,PDF第50页 · crouch
cet-6,crow,crow,canonical,PDF第50页 · crow
cet-6,crude,crude,canonical,PDF第50页 · crude
cet-6,crumble,crumble,canonical,PDF第50页 · crumble
cet-6,crunch,crunch,canonical,PDF第50页 · crunch
cet-6,crust,crust,canonical,PDF第50页 · crust
cet-6,cub,cub,canonical,PDF第50页 · cub
cet-6,cuisine,cuisine,canonical,PDF第50页 · cuisine
cet-6,culminate,culminate,canonical,PDF第50页 · culminate culmination
cet-6,culminate,culmination,derived,PDF第50页 · culminate culmination
cet-6,cult,cult,canonical,PDF第50页 · cult
cet-6,cumulative,cumulative,canonical,PDF第50页 · cumulative
cet-6,cunning,cunning,canonical,PDF第50页 · cunning
cet-6,curfew,curfew,canonical,PDF第51页 · curfew
cet-6,curtail,curtail,canonical,PDF第51页 · curtail
cet-6,custody,custody,canonical,PDF第51页 · custody
cet-6,cylinder,cylinder,canonical,PDF第51页 · cylinder
cet-6,cynical,cynical,canonical,PDF第51页 · cynical cynicism
cet-6,cynical,cynicism,derived,PDF第51页 · cynical cynicism
cet-6,dart,dart,canonical,PDF第51页 · dart
cet-6,dazzle,dazzle,canonical,PDF第52页 · dazzle
cet-6,deadlock,deadlock,canonical,PDF第52页 · deadlock
cet-6,debris,debris,canonical,PDF第52页 · debris
cet-6,debut,debut,canonical,PDF第52页 · debut
cet-6,decimal,decimal,canonical,PDF第52页 · decimal
cet-6,decree,decree,canonical,PDF第52页 · decree
cet-6,dedicate,dedicate,canonical,PDF第52页 · dedicate dedication
cet-6,dedicate,dedication,derived,PDF第52页 · dedicate dedication
cet-6,deduce,deduce,canonical,PDF第52页 · deduce deducible
cet-6,deduce,deducible,derived,PDF第52页 · deduce deducible
cet-6,deduct,deduct,canonical,PDF第52页 · deduct deduction deductive deductible
cet-6,deduct,deductible,derived,PDF第52页 · deduct deduction deductive deductible
cet-6,deduct,deduction,derived,PDF第52页 · deduct deduction deductive deductible
cet-6,deduct,deductive,derived,PDF第52页 · deduct deduction deductive deductible
cet-6,default,default,canonical,PDF第52页 · default
cet-6,defer,defer,canonical,PDF第52页 · defer
cet-6,degenerate,degenerate,canonical,PDF第53页 · degenerate degeneration
cet-6,degenerate,degeneration,derived,PDF第53页 · degenerate degeneration
cet-6,degrade,degradation,derived,PDF第53页 · degrade degradation
cet-6,degrade,degrade,canonical,PDF第53页 · degrade degradation
cet-6,delicacy,delicacy,canonical,PDF第53页 · delicacy
cet-6,delude,delude,canonical,PDF第53页 · delude delusion
cet-6,delude,delusion,derived,PDF第53页 · delude delusion
cet-6,demographic,demographic,canonical,PDF第53页 · demographic
cet-6,denote,denotation,derived,PDF第53页 · denote denotation
cet-6,denote,denote,canonical,PDF第53页 · denote denotation
cet-6,denounce,denounce,canonical,PDF第53页 · denounce denunciation
cet-6,denounce,denunciation,derived,PDF第53页 · denounce denunciation
cet-6,depict,depict,canonical,PDF第53页 · depict depiction
cet-6,depict,depiction,derived,PDF第53页 · depict depiction
cet-6,deplete,deplete,canonical,PDF第53页 · deplete depletion
cet-6,deplete,depletion,derived,PDF第53页 · deplete depletion
cet-6,deplore,deplore,canonical,PDF第53页 · deplore
cet-6,deploy,deploy,canonical,PDF第53页 · deploy deployment
cet-6,deploy,deployment,derived,PDF第53页 · deploy deployment
cet-6,deport,deport,canonical,PDF第53页 · deport deportation
cet-6,deport,deportation,derived,PDF第53页 · deport deportation
cet-6,depot,depot,canonical,PDF第53页 · depot
cet-6,depreciate,depreciate,canonical,PDF第53页 · depreciate depreciation
cet-6,depreciate,depreciation,derived,PDF第53页 · depreciate depreciation
cet-6,derail,derail,canonical,PDF第54页 · derail derailment
cet-6,derail,derailment,derived,PDF第54页 · derail derailment
cet-6,deregulate,deregulate,canonical,PDF第54页 · deregulate deregulation
cet-6,deregulate,deregulation,derived,PDF第54页 · deregulate deregulation
cet-6,designate,designate,canonical,PDF第54页 · designate designation
cet-6,designate,designation,derived,PDF第54页 · designate designation
cet-6,desolate,desolate,canonical,PDF第54页 · desolate
cet-6,dispatch,despatch,canonical_variant,PDF第56页 · dispatch/despatch
cet-6,despise,despise,canonical,PDF第54页 · despise
cet-6,destiny,destined,derived,PDF第54页 · destiny destined
cet-6,destiny,destiny,canonical,PDF第54页 · destiny destined
cet-6,detach,detach,canonical,PDF第54页 · detach detached detachment
cet-6,detach,detached,derived,PDF第54页 · detach detached detachment
cet-6,detach,detachment,derived,PDF第54页 · detach detached detachment
cet-6,detain,detain,canonical,PDF第54页 · detain detention
cet-6,detain,detention,derived,PDF第54页 · detain detention
cet-6,deter,deter,canonical,PDF第54页 · deter deterrent
cet-6,detergent,detergent,canonical,PDF第54页 · detergent
cet-6,deter,deterrent,derived,PDF第54页 · deter deterrent
cet-6,detriment,detriment,canonical,PDF第54页 · detriment detrimental
cet-6,detriment,detrimental,derived,PDF第54页 · detriment detrimental
cet-6,devastate,devastate,canonical,PDF第54页 · devastate devastating devastation
cet-6,devastate,devastating,derived,PDF第54页 · devastate devastating devastation
cet-6,devastate,devastation,derived,PDF第54页 · devastate devastating devastation
cet-6,deviate,deviate,canonical,PDF第54页 · deviate deviation
cet-6,deviate,deviation,derived,PDF第54页 · deviate deviation
cet-6,devour,devour,canonical,PDF第54页 · devour
cet-6,diesel,diesel,canonical,PDF第55页 · diesel
cet-6,differentiate,differentiate,canonical,PDF第55页 · differentiate differentiation
cet-6,differentiate,differentiation,derived,PDF第55页 · differentiate differentiation
cet-6,diffuse,diffuse,canonical,PDF第55页 · diffuse diffusion
cet-6,diffuse,diffusion,derived,PDF第55页 · diffuse diffusion
cet-6,dilute,dilute,canonical,PDF第55页 · dilute dilution
cet-6,dilute,dilution,derived,PDF第55页 · dilute dilution
cet-6,diminish,diminish,canonical,PDF第55页 · diminish
cet-6,dinosaur,dinosaur,canonical,PDF第55页 · dinosaur
cet-6,directory,directory,canonical,PDF第55页 · directory
cet-6,disarm,disarm,canonical,PDF第56页 · disarm disarmament
cet-6,disarm,disarmament,derived,PDF第56页 · disarm disarmament
cet-6,discern,discern,canonical,PDF第56页 · discern
cet-6,disclose,disclose,canonical,PDF第56页 · disclose disclosure
cet-6,disclose,disclosure,derived,PDF第56页 · disclose disclosure
cet-6,discord,discord,canonical,PDF第56页 · discord
cet-6,discourse,discourse,canonical,PDF第56页 · discourse
cet-6,discreet,discreet,canonical,PDF第56页 · discreet
cet-6,discrepancy,discrepancy,canonical,PDF第56页 · discrepancy
cet-6,dismantle,dismantle,canonical,PDF第56页 · dismantle
cet-6,dismay,dismay,canonical,PDF第56页 · dismay
cet-6,dispatch,dispatch,canonical,PDF第56页 · dispatch/despatch
cet-6,dispense,dispense,canonical,PDF第56页 · dispense
cet-6,disperse,disperse,canonical,PDF第56页 · disperse
cet-6,displace,displace,canonical,PDF第56页 · displace displacement
cet-6,displace,displacement,derived,PDF第56页 · displace displacement
cet-6,disposition,disposition,canonical,PDF第56页 · disposition
cet-6,disregard,disregard,canonical,PDF第56页 · disregard
cet-6,dissent,dissent,canonical,PDF第56页 · dissent
cet-6,dissertation,dissertation,canonical,PDF第56页 · dissertation
cet-6,dissident,dissident,canonical,PDF第57页 · dissident
cet-6,distil,distil,canonical,PDF第57页 · distil(l)
cet-6,distil,distill,canonical_variant,PDF第57页 · distil(l)
cet-6,distort,distort,canonical,PDF第57页 · distort distortion
cet-6,distort,distortion,derived,PDF第57页 · distort distortion
cet-6,divert,diversion,derived,PDF第57页 · divert diversion
cet-6,divert,divert,canonical,PDF第57页 · divert diversion
cet-6,dividend,dividend,canonical,PDF第57页 · dividend
cet-6,divine,divine,canonical,PDF第57页 · divine
cet-6,doctrine,doctrine,canonical,PDF第57页 · doctrine
cet-6,dodge,dodge,canonical,PDF第57页 · dodge
cet-6,dogma,dogma,canonical,PDF第57页 · dogma
cet-6,dole,dole,canonical,PDF第57页 · dole
cet-6,domain,domain,canonical,PDF第57页 · domain
cet-6,dome,dome,canonical,PDF第57页 · dome
cet-6,dough,dough,canonical,PDF第58页 · dough
cet-6,downgrade,downgrade,canonical,PDF第58页 · downgrade
cet-6,doze,doze,canonical,PDF第58页 · doze
cet-6,drawback,drawback,canonical,PDF第58页 · drawback
cet-6,dread,dread,canonical,PDF第58页 · dread dreadful
cet-6,dread,dreadful,derived,PDF第58页 · dread dreadful
cet-6,dressing,dressing,canonical,PDF第58页 · dressing
cet-6,dub,dub,canonical,PDF第58页 · dub
cet-6,dubious,dubious,canonical,PDF第59页 · dubious
cet-6,duplicate,duplicate,canonical,PDF第59页 · duplicate duplication
cet-6,duplicate,duplication,derived,PDF第59页 · duplicate duplication
cet-6,dwarf,dwarf,canonical,PDF第59页 · dwarf
cet-6,dwell,dwell,canonical,PDF第59页 · dwell dweller dwelling
cet-6,dwell,dweller,derived,PDF第59页 · dwell dweller dwelling
cet-6,dwell,dwelling,derived,PDF第59页 · dwell dweller dwelling
cet-6,easter,easter,canonical,PDF第59页 · Easter
cet-6,eccentric,eccentric,canonical,PDF第59页 · eccentric
cet-6,eclipse,eclipse,canonical,PDF第59页 · eclipse
cet-6,ecosystem,ecosystem,canonical,PDF第59页 · ecosystem
cet-6,edible,edible,canonical,PDF第59页 · edible
cet-6,ego,ego,canonical,PDF第60页 · ego egoism egoist
cet-6,ego,egoism,derived,PDF第60页 · ego egoism egoist
cet-6,ego,egoist,derived,PDF第60页 · ego egoism egoist
cet-6,eject,eject,canonical,PDF第60页 · eject ejection
cet-6,eject,ejection,derived,PDF第60页 · eject ejection
cet-6,elaborate,elaborate,canonical,PDF第60页 · elaborate elaboration
cet-6,elaborate,elaboration,derived,PDF第60页 · elaborate elaboration
cet-6,elapse,elapse,canonical,PDF第60页 · elapse
cet-6,elastic,elastic,canonical,PDF第60页 · elastic elasticity
cet-6,elastic,elasticity,derived,PDF第60页 · elastic elasticity
cet-6,electoral,electoral,canonical,PDF第60页 · electoral electorate
cet-6,electoral,electorate,derived,PDF第60页 · electoral electorate
cet-6,elicit,elicit,canonical,PDF第60页 · elicit
cet-6,eligible,eligibility,derived,PDF第60页 · eligible eligibility
cet-6,eligible,eligible,canonical,PDF第60页 · eligible eligibility
cet-6,eloquent,eloquence,derived,PDF第60页 · eloquent eloquence
cet-6,eloquent,eloquent,canonical,PDF第60页 · eloquent eloquence
cet-6,emancipate,emancipate,canonical,PDF第60页 · emancipate emancipation
cet-6,emancipate,emancipation,derived,PDF第60页 · emancipate emancipation
cet-6,embargo,embargo,canonical,PDF第60页 · embargo
cet-6,embark,embark,canonical,PDF第60页 · embark
cet-6,embed,embed,canonical,PDF第61页 · embed
cet-6,embody,embodiment,derived,PDF第61页 · embody embodiment
cet-6,embody,embody,canonical,PDF第61页 · embody embodiment
cet-6,embroidery,embroidery,canonical,PDF第61页 · embroidery
cet-6,emigrate,emigrant,derived,PDF第61页 · emigrate emigration emigrant
cet-6,emigrate,emigrate,canonical,PDF第61页 · emigrate emigration emigrant
cet-6,emigrate,emigration,derived,PDF第61页 · emigrate emigration emigrant
cet-6,eminent,eminence,derived,PDF第61页 · eminent eminence
cet-6,eminent,eminent,canonical,PDF第61页 · eminent eminence
cet-6,empirical,empirical,canonical,PDF第61页 · empirical
cet-6,emulate,emulate,canonical,PDF第61页 · emulate emulation
cet-6,emulate,emulation,derived,PDF第61页 · emulate emulation
cet-6,enact,enact,canonical,PDF第61页 · enact enactment
cet-6,enact,enactment,derived,PDF第61页 · enact enactment
cet-6,enclose,enclose,canonical,PDF第61页 · enclose enclosure
cet-6,enclose,enclosure,derived,PDF第61页 · enclose enclosure
cet-6,encyclopedia,encyclopaedia,canonical_variant,PDF第61页 · encyclop(a)edia
cet-6,encyclopedia,encyclopedia,canonical,PDF第61页 · encyclop(a)edia
cet-6,endeavor,endeavor,canonical,PDF第61页 · endeavo(u)r
cet-6,endeavor,endeavour,canonical_variant,PDF第61页 · endeavo(u)r
cet-6,endorse,endorse,canonical,PDF第61页 · endorse endorsement
cet-6,endorse,endorsement,derived,PDF第61页 · endorse endorsement
cet-6,endow,endow,canonical,PDF第61页 · endow endowment
cet-6,endow,endowment,derived,PDF第61页 · endow endowment
cet-6,enlist,enlist,canonical,PDF第61页 · enlist
cet-6,ensue,ensue,canonical,PDF第62页 · ensue
cet-6,entail,entail,canonical,PDF第62页 · entail
cet-6,entity,entity,canonical,PDF第62页 · entity
cet-6,entrust,entrust,canonical,PDF第62页 · entrust
cet-6,envelop,envelop,canonical,PDF第62页 · envelop
cet-6,envisage,envisage,canonical,PDF第62页 · envisage
cet-6,envoy,envoy,canonical,PDF第62页 · envoy
cet-6,epic,epic,canonical,PDF第62页 · epic
cet-6,epidemic,epidemic,canonical,PDF第62页 · epidemic
cet-6,epoch,epoch,canonical,PDF第62页 · epoch
cet-6,equate,equate,canonical,PDF第62页 · equate equation
cet-6,equate,equation,derived,PDF第62页 · equate equation
cet-6,equator,equator,canonical,PDF第62页 · equator
cet-6,equity,equitable,derived,PDF第62页 · equity equitable
cet-6,equity,equity,canonical,PDF第62页 · equity equitable
cet-6,eradicate,eradicate,canonical,PDF第62页 · eradicate eradication
cet-6,eradicate,eradication,derived,PDF第62页 · eradicate eradication
cet-6,erect,erect,canonical,PDF第62页 · erect erection
cet-6,erect,erection,derived,PDF第62页 · erect erection
cet-6,erode,erode,canonical,PDF第62页 · erode erosion erosive
cet-6,erode,erosion,derived,PDF第62页 · erode erosion erosive
cet-6,erode,erosive,derived,PDF第62页 · erode erosion erosive
cet-6,errand,errand,canonical,PDF第62页 · errand
cet-6,erupt,erupt,canonical,PDF第62页 · erupt eruption
cet-6,erupt,eruption,derived,PDF第62页 · erupt eruption
cet-6,escalate,escalate,canonical,PDF第62页 · escalate escalation escalator
cet-6,escalate,escalation,derived,PDF第62页 · escalate escalation escalator
cet-6,escalate,escalator,derived,PDF第62页 · escalate escalation escalator
cet-6,escort,escort,canonical,PDF第63页 · escort
cet-6,esteem,esteem,canonical,PDF第63页 · esteem
cet-6,esthetic,esthetic,canonical,PDF第63页 · esthetic/aesthetic esthetics/aesthetics
cet-6,esthetic,esthetics,derived,PDF第63页 · esthetic/aesthetic esthetics/aesthetics
cet-6,etiquette,etiquette,canonical,PDF第63页 · etiquette
cet-6,evacuate,evacuate,canonical,PDF第63页 · evacuate evacuation
cet-6,evacuate,evacuation,derived,PDF第63页 · evacuate evacuation
cet-6,evade,evade,canonical,PDF第63页 · evade evasive evasion
cet-6,evaporate,evaporate,canonical,PDF第63页 · evaporate evaporation
cet-6,evaporate,evaporation,derived,PDF第63页 · evaporate evaporation
cet-6,evade,evasion,derived,PDF第63页 · evade evasive evasion
cet-6,evade,evasive,derived,PDF第63页 · evade evasive evasion
cet-6,evoke,evoke,canonical,PDF第63页 · evoke
cet-6,excerpt,excerpt,canonical,PDF第64页 · excerpt
cet-6,exempt,exempt,canonical,PDF第64页 · exempt exemption
cet-6,exempt,exemption,derived,PDF第64页 · exempt exemption
cet-6,exotic,exotic,canonical,PDF第64页 · exotic
cet-6,expedition,expedition,canonical,PDF第64页 · expedition
cet-6,expire,expiration,derived,PDF第64页 · expire expiration
cet-6,expire,expire,canonical,PDF第64页 · expire expiration
cet-6,exponent,exponent,canonical,PDF第64页 · exponent
cet-6,exposition,exposition,canonical,PDF第64页 · exposition
cet-6,exquisite,exquisite,canonical,PDF第64页 · exquisite
cet-6,extinct,extinct,canonical,PDF第65页 · extinct extinction
cet-6,extinct,extinction,derived,PDF第65页 · extinct extinction
cet-6,extract,extract,canonical,PDF第65页 · extract extraction
cet-6,extract,extraction,derived,PDF第65页 · extract extraction
cet-6,extravagant,extravagance,derived,PDF第65页 · extravagant extravagance
cet-6,extravagant,extravagant,canonical,PDF第65页 · extravagant extravagance
cet-6,fabricate,fabricate,canonical,PDF第65页 · fabricate fabrication
cet-6,fabricate,fabrication,derived,PDF第65页 · fabricate fabrication
cet-6,fabulous,fabulous,canonical,PDF第65页 · fabulous
cet-6,facet,facet,canonical,PDF第65页 · facet
cet-6,faction,faction,canonical,PDF第65页 · faction
cet-6,fascist,fascism,derived,PDF第66页 · fascist fascism
cet-6,fascist,fascist,canonical,PDF第66页 · fascist fascism
cet-6,feast,feast,canonical,PDF第66页 · feast
cet-6,feat,feat,canonical,PDF第66页 · feat
cet-6,feeble,feeble,canonical,PDF第66页 · feeble
cet-6,feminine,feminine,canonical,PDF第66页 · feminine feminism feminist
cet-6,feminine,feminism,derived,PDF第66页 · feminine feminism feminist
cet-6,feminine,feminist,derived,PDF第66页 · feminine feminism feminist
cet-6,finite,finite,canonical,PDF第67页 · finite
cet-6,fiscal,fiscal,canonical,PDF第67页 · fiscal
cet-6,flank,flank,canonical,PDF第67页 · flank
cet-6,flap,flap,canonical,PDF第67页 · flap
cet-6,flare,flare,canonical,PDF第67页 · flare
cet-6,flatter,flatter,canonical,PDF第68页 · flatter flattery
cet-6,flatter,flattery,derived,PDF第68页 · flatter flattery
cet-6,fling,fling,canonical,PDF第68页 · fling
cet-6,flip,flip,canonical,PDF第68页 · flip
cet-6,flirt,flirt,canonical,PDF第68页 · flirt flirtation
cet-6,flirt,flirtation,derived,PDF第68页 · flirt flirtation
cet-6,flush,flush,canonical,PDF第68页 · flush
cet-6,flutter,flutter,canonical,PDF第68页 · flutter
cet-6,foam,foam,canonical,PDF第68页 · foam
cet-6,foe,foe,canonical,PDF第68页 · foe
cet-6,foil,foil,canonical,PDF第68页 · foil
cet-6,folklore,folklore,canonical,PDF第68页 · folklore
cet-6,foretell,foretell,canonical,PDF第69页 · foretell
cet-6,forfeit,forfeit,canonical,PDF第69页 · forfeit
cet-6,formidable,formidable,canonical,PDF第69页 · formidable
cet-6,fort,fort,canonical,PDF第69页 · fort
cet-6,fortify,fortification,derived,PDF第69页 · fortify fortification
cet-6,fortify,fortify,canonical,PDF第69页 · fortify fortification
cet-6,fortnight,fortnight,canonical,PDF第69页 · fortnight
cet-6,foster,foster,canonical,PDF第69页 · foster
cet-6,foul,foul,canonical,PDF第69页 · foul
cet-6,fracture,fracture,canonical,PDF第70页 · fracture
cet-6,fragile,fragile,canonical,PDF第70页 · fragile fragility
cet-6,fragile,fragility,derived,PDF第70页 · fragile fragility
cet-6,fragrant,fragrance,derived,PDF第70页 · fragrant fragrance
cet-6,fragrant,fragrant,canonical,PDF第70页 · fragrant fragrance
cet-6,franchise,franchise,canonical,PDF第70页 · franchise
cet-6,frantic,frantic,canonical,PDF第70页 · frantic frantically
cet-6,frantic,frantically,derived,PDF第70页 · frantic frantically
cet-6,fraud,fraud,canonical,PDF第70页 · fraud fraudulent
cet-6,fraud,fraudulent,derived,PDF第70页 · fraud fraudulent
cet-6,friction,friction,canonical,PDF第70页 · friction
cet-6,fringe,fringe,canonical,PDF第70页 · fringe
cet-6,frown,frown,canonical,PDF第70页 · frown
cet-6,fury,furious,derived,PDF第71页 · fury furious
cet-6,fury,fury,canonical,PDF第71页 · fury furious
cet-6,fuse,fuse,canonical,PDF第71页 · fuse
cet-6,fusion,fusion,canonical,PDF第71页 · fusion
cet-6,futile,futile,canonical,PDF第71页 · futile futility
cet-6,futile,futility,derived,PDF第71页 · futile futility
cet-6,galaxy,galaxy,canonical,PDF第71页 · galaxy
cet-6,garlic,garlic,canonical,PDF第71页 · garlic
cet-6,gasp,gasp,canonical,PDF第71页 · gasp
cet-6,gauge,gauge,canonical,PDF第71页 · gauge
cet-6,genre,genre,canonical,PDF第72页 · genre
cet-6,giggle,giggle,canonical,PDF第72页 · giggle
cet-6,glacier,glacier,canonical,PDF第72页 · glacier
cet-6,glamor,glamor,canonical,PDF第72页 · glamo(u)r glamo(u)rous
cet-6,glamor,glamorous,derived,PDF第72页 · glamo(u)r glamo(u)rous
cet-6,glamor,glamour,canonical_variant,PDF第72页 · glamo(u)r glamo(u)rous
cet-6,glamor,glamourous,derived_variant,PDF第72页 · glamo(u)r glamo(u)rous
cet-6,gland,gland,canonical,PDF第72页 · gland
cet-6,glare,glare,canonical,PDF第72页 · glare
cet-6,gleam,gleam,canonical,PDF第72页 · gleam
cet-6,glide,glide,canonical,PDF第72页 · glide glider
cet-6,glide,glider,derived,PDF第72页 · glide glider
cet-6,glitter,glitter,canonical,PDF第72页 · glitter
cet-6,glossary,glossary,canonical,PDF第72页 · glossary
cet-6,gorge,gorge,canonical,PDF第73页 · gorge
cet-6,gospel,gospel,canonical,PDF第73页 · gospel
cet-6,graze,graze,canonical,PDF第73页 · graze
cet-6,grease,grease,canonical,PDF第73页 · grease greasy
cet-6,grease,greasy,derived,PDF第73页 · grease greasy
cet-6,greed,greed,canonical,PDF第73页 · greed greedy
cet-6,greed,greedy,derived,PDF第73页 · greed greedy
cet-6,grid,grid,canonical,PDF第73页 · grid
cet-6,grill,grill,canonical,PDF第74页 · grill
cet-6,grim,grim,canonical,PDF第74页 · grim
cet-6,groan,groan,canonical,PDF第74页 · groan
cet-6,groove,groove,canonical,PDF第74页 · groove
cet-6,grope,grope,canonical,PDF第74页 · grope
cet-6,hamper,hamper,canonical,PDF第74页 · hamper
cet-6,handicraft,handicraft,canonical,PDF第75页 · handicraft
cet-6,harass,harass,canonical,PDF第75页 · harass harassment
cet-6,harass,harassment,derived,PDF第75页 · harass harassment
cet-6,hardy,hardy,canonical,PDF第75页 · hardy
cet-6,haven,haven,canonical,PDF第75页 · haven
cet-6,havoc,havoc,canonical,PDF第75页 · havoc
cet-6,hawk,hawk,canonical,PDF第75页 · hawk
cet-6,heave,heave,canonical,PDF第76页 · heave
cet-6,hectic,hectic,canonical,PDF第76页 · hectic
cet-6,helmet,helmet,canonical,PDF第76页 · helmet
cet-6,hemisphere,hemisphere,canonical,PDF第76页 · hemisphere
cet-6,henceforth,henceforth,canonical,PDF第76页 · henceforth
cet-6,herald,herald,canonical,PDF第76页 · herald
cet-6,herb,herb,canonical,PDF第76页 · herb herbal
cet-6,herb,herbal,derived,PDF第76页 · herb herbal
cet-6,heroin,heroin,canonical,PDF第76页 · heroin
cet-6,hibernate,hibernate,canonical,PDF第76页 · hibernate hibernation
cet-6,hibernate,hibernation,derived,PDF第76页 · hibernate hibernation
cet-6,hierarchy,hierarchical,derived,PDF第76页 · hierarchy hierarchical
cet-6,hierarchy,hierarchy,canonical,PDF第76页 · hierarchy hierarchical
cet-6,hike,hike,canonical,PDF第77页 · hike
cet-6,hinge,hinge,canonical,PDF第77页 · hinge
cet-6,hitherto,hitherto,canonical,PDF第77页 · hitherto
cet-6,hive,hive,canonical,PDF第77页 · hive
cet-6,hockey,hockey,canonical,PDF第77页 · hockey
cet-6,hoist,hoist,canonical,PDF第77页 · hoist
cet-6,homogeneous,homogeneous,canonical,PDF第77页 · homogeneous
cet-6,hop,hop,canonical,PDF第77页 · hop
cet-6,hose,hose,canonical,PDF第78页 · hose
cet-6,hostage,hostage,canonical,PDF第78页 · hostage
cet-6,hound,hound,canonical,PDF第78页 · hound
cet-6,hover,hover,canonical,PDF第78页 · hover
cet-6,howl,howl,canonical,PDF第78页 · howl
cet-6,huddle,huddle,canonical,PDF第78页 · huddle
cet-6,hum,hum,canonical,PDF第78页 · hum
cet-6,humane,humane,canonical,PDF第78页 · humane humanism humanist humanitarian
cet-6,humane,humanism,derived,PDF第78页 · humane humanism humanist humanitarian
cet-6,humane,humanist,derived,PDF第78页 · humane humanism humanist humanitarian
cet-6,humane,humanitarian,derived,PDF第78页 · humane humanism humanist humanitarian
cet-6,humid,humid,canonical,PDF第78页 · humid humidity
cet-6,humid,humidity,derived,PDF第78页 · humid humidity
cet-6,humiliate,humiliate,canonical,PDF第78页 · humiliate humiliation
cet-6,humiliate,humiliation,derived,PDF第78页 · humiliate humiliation
cet-6,hurdle,hurdle,canonical,PDF第78页 · hurdle
cet-6,hurl,hurl,canonical,PDF第78页 · hurl
cet-6,hurricane,hurricane,canonical,PDF第78页 · hurricane
cet-6,hybrid,hybrid,canonical,PDF第79页 · hybrid
cet-6,hygiene,hygiene,canonical,PDF第79页 · hygiene hygienic
cet-6,hygiene,hygienic,derived,PDF第79页 · hygiene hygienic
cet-6,hypocrisy,hypocrisy,canonical,PDF第79页 · hypocrisy hypocritical hypocrite
cet-6,hypocrisy,hypocrite,derived,PDF第79页 · hypocrisy hypocritical hypocrite
cet-6,hypocrisy,hypocritical,derived,PDF第79页 · hypocrisy hypocritical hypocrite
cet-6,hypothesis,hypothesis,canonical,PDF第79页 · hypothesis hypothetical
cet-6,hypothesis,hypothetical,derived,PDF第79页 · hypothesis hypothetical
cet-6,hysterical,hysteria,derived,PDF第79页 · hysterical hysteria
cet-6,hysterical,hysterical,canonical,PDF第79页 · hysterical hysteria
cet-6,iceberg,iceberg,canonical,PDF第79页 · iceberg
cet-6,icon,icon,canonical,PDF第79页 · icon
cet-6,ideology,ideological,derived,PDF第79页 · ideology ideological
cet-6,ideology,ideology,canonical,PDF第79页 · ideology ideological
cet-6,idiot,idiot,canonical,PDF第79页 · idiot idiotic
cet-6,idiot,idiotic,derived,PDF第79页 · idiot idiotic
cet-6,idol,idol,canonical,PDF第79页 · idol
cet-6,ignite,ignite,canonical,PDF第79页 · ignite ignition
cet-6,ignite,ignition,derived,PDF第79页 · ignite ignition
cet-6,illicit,illicit,canonical,PDF第79页 · illicit
cet-6,illiterate,illiteracy,derived,PDF第79页 · illiterate illiteracy
cet-6,illiterate,illiterate,canonical,PDF第79页 · illiterate illiteracy
cet-6,illuminate,illuminate,canonical,PDF第79页 · illuminate illumination
cet-6,illuminate,illumination,derived,PDF第79页 · illuminate illumination
cet-6,immerse,immerse,canonical,PDF第79页 · immerse immersion
cet-6,immerse,immersion,derived,PDF第79页 · immerse immersion
cet-6,imminent,imminent,canonical,PDF第79页 · imminent
cet-6,impair,impair,canonical,PDF第80页 · impair
cet-6,impart,impart,canonical,PDF第80页 · impart
cet-6,imperative,imperative,canonical,PDF第80页 · imperative
cet-6,impetus,impetus,canonical,PDF第80页 · impetus
cet-6,imprison,imprison,canonical,PDF第80页 · imprison imprisonment
cet-6,imprison,imprisonment,derived,PDF第80页 · imprison imprisonment
cet-6,impromptu,impromptu,canonical,PDF第80页 · impromptu
cet-6,inaugurate,inaugurate,canonical,PDF第80页 · inaugurate inauguration
cet-6,inaugurate,inauguration,derived,PDF第80页 · inaugurate inauguration
cet-6,inborn,inborn,canonical,PDF第80页 · inborn
cet-6,incorporate,incorporate,canonical,PDF第80页 · incorporate incorporation
cet-6,incorporate,incorporation,derived,PDF第80页 · incorporate incorporation
cet-6,incumbent,incumbent,canonical,PDF第80页 · incumbent
cet-6,incur,incur,canonical,PDF第80页 · incur
cet-6,indebted,indebted,canonical,PDF第80页 · indebted
cet-6,indefinite,indefinite,canonical,PDF第80页 · indefinite
cet-6,indict,indict,canonical,PDF第80页 · indict indictment
cet-6,indict,indictment,derived,PDF第80页 · indict indictment
cet-6,indigenous,indigenous,canonical,PDF第81页 · indigenous
cet-6,indignant,indignant,canonical,PDF第81页 · indignant indignation
cet-6,indignant,indignation,derived,PDF第81页 · indignant indignation
cet-6,indulge,indulge,canonical,PDF第81页 · indulge indulgence indulgent
cet-6,indulge,indulgence,derived,PDF第81页 · indulge indulgence indulgent
cet-6,indulge,indulgent,derived,PDF第81页 · indulge indulgence indulgent
cet-6,inertia,inertia,canonical,PDF第81页 · inertia
cet-6,inflict,inflict,canonical,PDF第81页 · inflict infliction
cet-6,inflict,infliction,derived,PDF第81页 · inflict infliction
cet-6,infringe,infringe,canonical,PDF第81页 · infringe infringement
cet-6,infringe,infringement,derived,PDF第81页 · infringe infringement
cet-6,ingenious,ingenious,canonical,PDF第81页 · ingenious ingenuity
cet-6,ingenious,ingenuity,derived,PDF第81页 · ingenious ingenuity
cet-6,inherent,inherent,canonical,PDF第81页 · inherent
cet-6,inhibit,inhibit,canonical,PDF第81页 · inhibit inhibition
cet-6,inhibit,inhibition,derived,PDF第81页 · inhibit inhibition
cet-6,inject,inject,canonical,PDF第81页 · inject injection
cet-6,inject,injection,derived,PDF第81页 · inject injection
cet-6,inmate,inmate,canonical,PDF第81页 · inmate
cet-6,innumerable,innumerable,canonical,PDF第81页 · innumerable
cet-6,insulate,insulate,canonical,PDF第82页 · insulate insulation insulator
cet-6,insulate,insulation,derived,PDF第82页 · insulate insulation insulator
cet-6,insulate,insulator,derived,PDF第82页 · insulate insulation insulator
cet-6,integral,integral,canonical,PDF第82页 · integral
cet-6,intellect,intellect,canonical,PDF第82页 · intellect
cet-6,intelligible,intelligible,canonical,PDF第82页 · intelligible
cet-6,intercourse,intercourse,canonical,PDF第82页 · intercourse
cet-6,interim,interim,canonical,PDF第82页 · interim
cet-6,intermittent,intermittent,canonical,PDF第82页 · intermittent
cet-6,interrogate,interrogate,canonical,PDF第83页 · interrogate interrogation
cet-6,interrogate,interrogation,derived,PDF第83页 · interrogate interrogation
cet-6,intervene,intervene,canonical,PDF第83页 · intervene intervention
cet-6,intervene,intervention,derived,PDF第83页 · intervene intervention
cet-6,intimidate,intimidate,canonical,PDF第83页 · intimidate intimidation
cet-6,intimidate,intimidation,derived,PDF第83页 · intimidate intimidation
cet-6,intricate,intricacy,derived,PDF第83页 · intricate intricacy
cet-6,intricate,intricate,canonical,PDF第83页 · intricate intricacy
cet-6,intrigue,intrigue,canonical,PDF第83页 · intrigue
cet-6,intrinsic,intrinsic,canonical,PDF第83页 · intrinsic intrinsically
cet-6,intrinsic,intrinsically,derived,PDF第83页 · intrinsic intrinsically
cet-6,intuition,intuition,canonical,PDF第83页 · intuition intuitive
cet-6,intuition,intuitive,derived,PDF第83页 · intuition intuitive
cet-6,invalid,invalid,canonical · 同形异义1,PDF第83页 · invalid１
cet-6,inventory,inventory,canonical,PDF第83页 · inventory
cet-6,invert,inversion,derived,PDF第83页 · invert inversion
cet-6,invert,invert,canonical,PDF第83页 · invert inversion
cet-6,irrespective,irrespective,canonical,PDF第83页 · irrespective
cet-6,irritate,irritable,derived,PDF第83页 · irritate irritation irritating irritable
cet-6,irritate,irritate,canonical,PDF第83页 · irritate irritation irritating irritable
cet-6,irritate,irritating,derived,PDF第83页 · irritate irritation irritating irritable
cet-6,irritate,irritation,derived,PDF第83页 · irritate irritation irritating irritable
cet-6,isle,isle,canonical,PDF第83页 · isle
cet-6,ivory,ivory,canonical,PDF第84页 · ivory
cet-6,jack,jack,canonical,PDF第84页 · jack
cet-6,jargon,jargon,canonical,PDF第84页 · jargon
cet-6,jelly,jelly,canonical,PDF第84页 · jelly
cet-6,jeopardize,jeopardise,canonical_variant,PDF第84页 · jeopardize/Ｇise jeopardy
cet-6,jeopardize,jeopardize,canonical,PDF第84页 · jeopardize/Ｇise jeopardy
cet-6,jeopardize,jeopardy,derived,PDF第84页 · jeopardize/Ｇise jeopardy
cet-6,jerk,jerk,canonical,PDF第84页 · jerk
cet-6,jockey,jockey,canonical,PDF第84页 · jockey
cet-6,jolly,jolly,canonical,PDF第84页 · jolly
cet-6,judicial,judicial,canonical,PDF第84页 · judicial
cet-6,judiciary,judiciary,canonical,PDF第84页 · judiciary
cet-6,junction,junction,canonical,PDF第85页 · junction
cet-6,jurisdiction,jurisdiction,canonical,PDF第85页 · jurisdiction
cet-6,juvenile,juvenile,canonical,PDF第85页 · juvenile
cet-6,kidnap,kidnap,canonical,PDF第85页 · kidnap
cet-6,kidney,kidney,canonical,PDF第85页 · kidney
cet-6,knight,knight,canonical,PDF第85页 · knight
cet-6,knob,knob,canonical,PDF第85页 · knob
cet-6,lad,lad,canonical,PDF第86页 · lad
cet-6,landmark,landmark,canonical,PDF第86页 · landmark
cet-6,lash,lash,canonical,PDF第86页 · lash
cet-6,latitude,latitude,canonical,PDF第86页 · latitude
cet-6,lavish,lavish,canonical,PDF第86页 · lavish
cet-6,lawsuit,lawsuit,canonical,PDF第86页 · lawsuit
cet-6,layman,layman,canonical,PDF第87页 · layman
cet-6,leaflet,leaflet,canonical,PDF第87页 · leaflet
cet-6,legacy,legacy,canonical,PDF第87页 · legacy
cet-6,legitimate,legitimacy,derived,PDF第87页 · legitimate legitimacy
cet-6,legitimate,legitimate,canonical,PDF第87页 · legitimate legitimacy
cet-6,lenient,leniency,derived,PDF第87页 · lenient leniency
cet-6,lenient,lenient,canonical,PDF第87页 · lenient leniency
cet-6,lesbian,lesbian,canonical,PDF第87页 · lesbian
cet-6,lever,lever,canonical,PDF第87页 · lever leverage
cet-6,lever,leverage,derived,PDF第87页 · lever leverage
cet-6,levy,levy,canonical,PDF第87页 · levy
cet-6,lieutenant,lieutenant,canonical,PDF第88页 · lieutenant
cet-6,lime,lime,canonical,PDF第88页 · lime
cet-6,limelight,limelight,canonical,PDF第88页 · limelight
cet-6,limp,limp,canonical,PDF第88页 · limp
cet-6,linen,linen,canonical,PDF第88页 · linen
cet-6,liner,liner,canonical,PDF第88页 · liner
cet-6,linger,linger,canonical,PDF第88页 · linger
cet-6,linguistic,linguistic,canonical,PDF第88页 · linguistic linguistics
cet-6,linguistic,linguistics,derived,PDF第88页 · linguistic linguistics
cet-6,lipstick,lipstick,canonical,PDF第88页 · lipstick
cet-6,livestock,livestock,canonical,PDF第89页 · livestock
cet-6,locomotive,locomotive,canonical,PDF第89页 · locomotive
cet-6,lofty,lofty,canonical,PDF第89页 · lofty
cet-6,logistics,logistic,derived,PDF第89页 · logistics logistic(al)
cet-6,logistics,logistical,derived_variant,PDF第89页 · logistics logistic(al)
cet-6,logistics,logistics,canonical,PDF第89页 · logistics logistic(al)
cet-6,longevity,longevity,canonical,PDF第89页 · longevity
cet-6,longitude,longitude,canonical,PDF第89页 · longitude longitudinal
cet-6,longitude,longitudinal,derived,PDF第89页 · longitude longitudinal
cet-6,loom,loom,canonical,PDF第89页 · loom
cet-6,loop,loop,canonical,PDF第89页 · loop
cet-6,loot,loot,canonical,PDF第89页 · loot
cet-6,lotion,lotion,canonical,PDF第89页 · lotion
cet-6,lottery,lottery,canonical,PDF第89页 · lottery
cet-6,lounge,lounge,canonical,PDF第89页 · lounge
cet-6,lubricate,lubricate,canonical,PDF第90页 · lubricate lubrication
cet-6,lubricate,lubrication,derived,PDF第90页 · lubricate lubrication
cet-6,lucrative,lucrative,canonical,PDF第90页 · lucrative
cet-6,luminous,luminous,canonical,PDF第90页 · luminous
cet-6,lure,lure,canonical,PDF第90页 · lure
cet-6,lyric,lyric,canonical,PDF第90页 · lyric lyrical
cet-6,lyric,lyrical,derived,PDF第90页 · lyric lyrical
cet-6,magistrate,magistrate,canonical,PDF第90页 · magistrate
cet-6,magnify,magnify,canonical,PDF第90页 · magnify
cet-6,magnitude,magnitude,canonical,PDF第90页 · magnitude
cet-6,majesty,majestic,derived,PDF第90页 · majesty majestic
cet-6,majesty,majesty,canonical,PDF第90页 · majesty majestic
cet-6,malice,malice,canonical,PDF第90页 · malice malicious
cet-6,malice,malicious,derived,PDF第90页 · malice malicious
cet-6,malignant,malignant,canonical,PDF第90页 · malignant
cet-6,malpractice,malpractice,canonical,PDF第90页 · malpractice
cet-6,mandate,mandate,canonical,PDF第90页 · mandate mandatory
cet-6,mandate,mandatory,derived,PDF第90页 · mandate mandatory
cet-6,maneuver,maneuver,canonical,PDF第91页 · maneuver/manoeuvre
cet-6,manifest,manifest,canonical,PDF第91页 · manifest manifestation
cet-6,manifest,manifestation,derived,PDF第91页 · manifest manifestation
cet-6,maneuver,manoeuvre,canonical_variant,PDF第91页 · maneuver/manoeuvre
cet-6,mansion,mansion,canonical,PDF第91页 · mansion
cet-6,manuscript,manuscript,canonical,PDF第91页 · manuscript
cet-6,mar,mar,canonical,PDF第91页 · mar
cet-6,marble,marble,canonical,PDF第91页 · marble
cet-6,maritime,maritime,canonical,PDF第91页 · maritime
cet-6,martyr,martyr,canonical,PDF第91页 · martyr martyrdom
cet-6,martyr,martyrdom,derived,PDF第91页 · martyr martyrdom
cet-6,masculine,masculine,canonical,PDF第91页 · masculine masculinity
cet-6,masculine,masculinity,derived,PDF第91页 · masculine masculinity
cet-6,massacre,massacre,canonical,PDF第91页 · massacre
cet-6,maternal,maternal,canonical,PDF第91页 · maternal maternity
cet-6,maternal,maternity,derived,PDF第91页 · maternal maternity
cet-6,meadow,meadow,canonical,PDF第92页 · meadow
cet-6,mediate,mediate,canonical,PDF第92页 · mediate mediation mediator
cet-6,mediate,mediation,derived,PDF第92页 · mediate mediation mediator
cet-6,mediate,mediator,derived,PDF第92页 · mediate mediation mediator
cet-6,medication,medication,canonical,PDF第92页 · medication
cet-6,medieval,medieval,canonical,PDF第92页 · medieval
cet-6,melody,melodious,derived,PDF第92页 · melody melodious
cet-6,melody,melody,canonical,PDF第92页 · melody melodious
cet-6,menace,menace,canonical,PDF第92页 · menace
cet-6,mentor,mentor,canonical,PDF第92页 · mentor
cet-6,merchandise,merchandise,canonical,PDF第92页 · merchandise
cet-6,mercury,mercury,canonical,PDF第93页 · mercury
cet-6,merge,merge,canonical,PDF第93页 · merge merger
cet-6,merge,merger,derived,PDF第93页 · merge merger
cet-6,metabolism,metabolic,derived,PDF第93页 · metabolism metabolic
cet-6,metabolism,metabolism,canonical,PDF第93页 · metabolism metabolic
cet-6,metaphor,metaphor,canonical,PDF第93页 · metaphor metaphorical
cet-6,metaphor,metaphorical,derived,PDF第93页 · metaphor metaphorical
cet-6,meticulous,meticulous,canonical,PDF第93页 · meticulous
cet-6,metropolitan,metropolitan,canonical,PDF第93页 · metropolitan
cet-6,midst,midst,canonical,PDF第93页 · midst
cet-6,midwife,midwife,canonical,PDF第93页 · midwife
cet-6,milestone,milestone,canonical,PDF第93页 · milestone
cet-6,militant,militancy,derived,PDF第93页 · militant militancy
cet-6,militant,militant,canonical,PDF第93页 · militant militancy
cet-6,militia,militia,canonical,PDF第93页 · militia
cet-6,mindset,mindset,canonical,PDF第93页 · mindset
cet-6,mingle,mingle,canonical,PDF第94页 · mingle
cet-6,miniature,miniature,canonical,PDF第94页 · miniature
cet-6,mint,mint,canonical,PDF第94页 · mint
cet-6,missionary,missionary,canonical,PDF第94页 · missionary
cet-6,moan,moan,canonical,PDF第94页 · moan
cet-6,mobilize,mobilise,canonical_variant,PDF第94页 · mobilize/Ｇise
cet-6,mobilize,mobilize,canonical,PDF第94页 · mobilize/Ｇise
cet-6,mock,mock,canonical,PDF第94页 · mock
cet-6,molecule,molecular,derived,PDF第94页 · molecule molecular
cet-6,molecule,molecule,canonical,PDF第94页 · molecule molecular
cet-6,momentum,momentous,derived,PDF第95页 · momentum momentous
cet-6,momentum,momentum,canonical,PDF第95页 · momentum momentous
cet-6,monarchy,monarch,derived,PDF第95页 · monarchy monarch
cet-6,monarchy,monarchy,canonical,PDF第95页 · monarchy monarch
cet-6,monopoly,monopolise,derived_variant,PDF第95页 · monopoly monopolize/Ｇise
cet-6,monopoly,monopolize,derived,PDF第95页 · monopoly monopolize/Ｇise
cet-6,monopoly,monopoly,canonical,PDF第95页 · monopoly monopolize/Ｇise
cet-6,monotony,monotonous,derived,PDF第95页 · monotony monotonous
cet-6,monotony,monotony,canonical,PDF第95页 · monotony monotonous
cet-6,morale,morale,canonical,PDF第95页 · morale
cet-6,mortal,mortal,canonical,PDF第95页 · mortal mortality
cet-6,mortal,mortality,derived,PDF第95页 · mortal mortality
cet-6,mosquito,mosquito,canonical,PDF第95页 · mosquito
cet-6,mourn,mourn,canonical,PDF第95页 · mourn mourning
cet-6,mourn,mourning,derived,PDF第95页 · mourn mourning
cet-6,mow,mow,canonical,PDF第95页 · mow
cet-6,multilateral,multilateral,canonical,PDF第96页 · multilateral
cet-6,multitude,multitude,canonical,PDF第96页 · multitude
cet-6,murmur,murmur,canonical,PDF第96页 · murmur
cet-6,mute,mute,canonical,PDF第96页 · mute
cet-6,mutter,mutter,canonical,PDF第96页 · mutter
cet-6,naive,naive,canonical,PDF第96页 · naive naivety
cet-6,naive,naivety,derived,PDF第96页 · naive naivety
cet-6,navigate,navigate,canonical,PDF第96页 · navigate navigation
cet-6,navigate,navigation,derived,PDF第96页 · navigate navigation
cet-6,negligent,negligence,derived,PDF第97页 · negligent negligence
cet-6,negligent,negligent,canonical,PDF第97页 · negligent negligence
cet-6,negligible,negligible,canonical,PDF第97页 · negligible
cet-6,nickname,nickname,canonical,PDF第97页 · nickname
cet-6,nil,nil,canonical,PDF第97页 · nil
cet-6,nitrogen,nitrogen,canonical,PDF第97页 · nitrogen
cet-6,nominal,nominal,canonical,PDF第97页 · nominal
cet-6,nominate,nominate,canonical,PDF第97页 · nominate nomination nominee
cet-6,nominate,nomination,derived,PDF第97页 · nominate nomination nominee
cet-6,nominate,nominee,derived,PDF第97页 · nominate nomination nominee
cet-6,nonetheless,nonetheless,canonical,PDF第98页 · nonetheless
cet-6,noteworthy,noteworthy,canonical,PDF第98页 · noteworthy
cet-6,notorious,notoriety,derived,PDF第98页 · notorious notoriety
cet-6,notorious,notorious,canonical,PDF第98页 · notorious notoriety
cet-6,notwithstanding,notwithstanding,canonical,PDF第98页 · notwithstanding
cet-6,numb,numb,canonical,PDF第98页 · numb
cet-6,numerical,numerical,canonical,PDF第98页 · numerical
cet-6,nurture,nurture,canonical,PDF第98页 · nurture
cet-6,oak,oak,canonical,PDF第98页 · oak
cet-6,oar,oar,canonical,PDF第99页 · oar
cet-6,oath,oath,canonical,PDF第99页 · oath
cet-6,obscene,obscene,canonical,PDF第99页 · obscene obscenity
cet-6,obscene,obscenity,derived,PDF第99页 · obscene obscenity
cet-6,obscure,obscure,canonical,PDF第99页 · obscure obscurity
cet-6,obscure,obscurity,derived,PDF第99页 · obscure obscurity
cet-6,observatory,observatory,canonical,PDF第99页 · observatory
cet-6,obsess,obsess,canonical,PDF第99页 · obsess obsession obsessive
cet-6,obsess,obsession,derived,PDF第99页 · obsess obsession obsessive
cet-6,obsess,obsessive,derived,PDF第99页 · obsess obsession obsessive
cet-6,obstruct,obstruct,canonical,PDF第99页 · obstruct obstruction
cet-6,obstruct,obstruction,derived,PDF第99页 · obstruct obstruction
cet-6,offset,offset,canonical,PDF第99页 · offset
cet-6,offspring,offspring,canonical,PDF第99页 · offspring
cet-6,olive,olive,canonical,PDF第99页 · olive
cet-6,onset,onset,canonical,PDF第100页 · onset
cet-6,opaque,opaque,canonical,PDF第100页 · opaque
cet-6,operative,operative,canonical,PDF第100页 · operative
cet-6,oppress,oppress,canonical,PDF第100页 · oppress oppression oppressive
cet-6,oppress,oppression,derived,PDF第100页 · oppress oppression oppressive
cet-6,oppress,oppressive,derived,PDF第100页 · oppress oppression oppressive
cet-6,optic,optic,canonical,PDF第100页 · optic optical
cet-6,optic,optical,derived,PDF第100页 · optic optical
cet-6,optimum,optimal,derived,PDF第100页 · optimum optimal
cet-6,optimum,optimum,canonical,PDF第100页 · optimum optimal
cet-6,ordeal,ordeal,canonical,PDF第100页 · ordeal
cet-6,orthodox,orthodox,canonical,PDF第101页 · orthodox
cet-6,outfit,outfit,canonical,PDF第101页 · outfit
cet-6,outlaw,outlaw,canonical,PDF第101页 · outlaw
cet-6,outrage,outrage,canonical,PDF第101页 · outrage outrageous
cet-6,outrage,outrageous,derived,PDF第101页 · outrage outrageous
cet-6,overflow,overflow,canonical,PDF第101页 · overflow
cet-6,overhaul,overhaul,canonical,PDF第101页 · overhaul
cet-6,overlap,overlap,canonical,PDF第102页 · overlap
cet-6,override,override,canonical,PDF第102页 · override
cet-6,overstate,overstate,canonical,PDF第102页 · overstate
cet-6,overt,overt,canonical,PDF第102页 · overt
cet-6,overturn,overturn,canonical,PDF第102页 · overturn
cet-6,owl,owl,canonical,PDF第102页 · owl
cet-6,oxide,oxide,canonical,PDF第102页 · oxide
cet-6,pact,pact,canonical,PDF第102页 · pact
cet-6,pamphlet,pamphlet,canonical,PDF第102页 · pamphlet
cet-6,panorama,panorama,canonical,PDF第102页 · panorama panoramic
cet-6,panorama,panoramic,derived,PDF第102页 · panorama panoramic
cet-6,pant,pant,canonical,PDF第102页 · pant
cet-6,parachute,parachute,canonical,PDF第103页 · parachute
cet-6,paradigm,paradigm,canonical,PDF第103页 · paradigm
cet-6,paradise,paradise,canonical,PDF第103页 · paradise
cet-6,paralyze,paralyse,canonical_variant,PDF第103页 · paralyze/Ｇyse paralysis
cet-6,paralyze,paralysis,derived,PDF第103页 · paralyze/Ｇyse paralysis
cet-6,paralyze,paralyze,canonical,PDF第103页 · paralyze/Ｇyse paralysis
cet-6,parameter,parameter,canonical,PDF第103页 · parameter
cet-6,parasite,parasite,canonical,PDF第103页 · parasite
cet-6,parish,parish,canonical,PDF第103页 · parish
cet-6,parole,parole,canonical,PDF第103页 · parole
cet-6,parrot,parrot,canonical,PDF第103页 · parrot
cet-6,partisan,partisan,canonical,PDF第103页 · partisan
cet-6,partition,partition,canonical,PDF第103页 · partition
cet-6,passerby,passerby,canonical,PDF第103页 · passerby
cet-6,pasta,pasta,canonical,PDF第103页 · pasta
cet-6,pastry,pastry,canonical,PDF第104页 · pastry
cet-6,pasture,pasture,canonical,PDF第104页 · pasture
cet-6,pathetic,pathetic,canonical,PDF第104页 · pathetic
cet-6,patriot,patriot,canonical,PDF第104页 · patriot patriotic patriotism
cet-6,patriot,patriotic,derived,PDF第104页 · patriot patriotic patriotism
cet-6,patriot,patriotism,derived,PDF第104页 · patriot patriotic patriotism
cet-6,patrol,patrol,canonical,PDF第104页 · patrol
cet-6,patron,patron,canonical,PDF第104页 · patron patronize/Ｇise patronage
cet-6,patron,patronage,derived,PDF第104页 · patron patronize/Ｇise patronage
cet-6,patron,patronise,derived_variant,PDF第104页 · patron patronize/Ｇise patronage
cet-6,patron,patronize,derived,PDF第104页 · patron patronize/Ｇise patronage
cet-6,peck,peck,canonical,PDF第104页 · peck
cet-6,pedal,pedal,canonical,PDF第104页 · pedal
cet-6,peddle,peddle,canonical,PDF第104页 · peddle
cet-6,peel,peel,canonical,PDF第104页 · peel
cet-6,peep,peep,canonical,PDF第104页 · peep
cet-6,peg,peg,canonical,PDF第104页 · peg
cet-6,pending,pending,canonical,PDF第104页 · pending
cet-6,pendulum,pendulum,canonical,PDF第104页 · pendulum
cet-6,penguin,penguin,canonical,PDF第105页 · penguin
cet-6,peninsula,peninsula,canonical,PDF第105页 · peninsula
cet-6,perch,perch,canonical,PDF第105页 · perch
cet-6,perfume,perfume,canonical,PDF第105页 · perfume
cet-6,perish,perish,canonical,PDF第105页 · perish
cet-6,permeate,permeate,canonical,PDF第105页 · permeate permeation
cet-6,permeate,permeation,derived,PDF第105页 · permeate permeation
cet-6,perpetual,perpetual,canonical,PDF第105页 · perpetual perpetuate
cet-6,perpetual,perpetuate,derived,PDF第105页 · perpetual perpetuate
cet-6,perplex,perplex,canonical,PDF第105页 · perplex perplexity
cet-6,perplex,perplexity,derived,PDF第105页 · perplex perplexity
cet-6,persecute,persecute,canonical,PDF第105页 · persecute persecution
cet-6,persecute,persecution,derived,PDF第105页 · persecute persecution
cet-6,pest,pest,canonical,PDF第105页 · pest
cet-6,pesticide,pesticide,canonical,PDF第105页 · pesticide
cet-6,petition,petition,canonical,PDF第105页 · petition petitioner
cet-6,petition,petitioner,derived,PDF第105页 · petition petitioner
cet-6,petrochemical,petrochemical,canonical,PDF第105页 · petrochemical
cet-6,pharmacy,pharmaceutical,derived,PDF第105页 · pharmacy pharmaceutical
cet-6,pharmacy,pharmacy,canonical,PDF第105页 · pharmacy pharmaceutical
cet-6,physiological,physiological,canonical,PDF第106页 · physiological
cet-6,pilgrim,pilgrim,canonical,PDF第106页 · pilgrim pilgrimage
cet-6,pilgrim,pilgrimage,derived,PDF第106页 · pilgrim pilgrimage
cet-6,plaintiff,plaintiff,canonical,PDF第106页 · plaintiff
cet-6,plateau,plateau,canonical,PDF第107页 · plateau
cet-6,plausible,plausible,canonical,PDF第107页 · plausible
cet-6,plaza,plaza,canonical,PDF第107页 · plaza
cet-6,plea,plea,canonical,PDF第107页 · plea
cet-6,plead,plead,canonical,PDF第107页 · plead
cet-6,plight,plight,canonical,PDF第107页 · plight
cet-6,plumber,plumber,canonical,PDF第107页 · plumber
cet-6,plumbing,plumbing,canonical,PDF第107页 · plumbing
cet-6,poise,poise,canonical,PDF第107页 · poise poised
cet-6,poise,poised,derived,PDF第107页 · poise poised
cet-6,poke,poke,canonical,PDF第107页 · poke
cet-6,polytechnic,polytechnic,canonical,PDF第107页 · polytechnic
cet-6,ponder,ponder,canonical,PDF第107页 · ponder
cet-6,porcelain,porcelain,canonical,PDF第108页 · porcelain
cet-6,porch,porch,canonical,PDF第108页 · porch
cet-6,porridge,porridge,canonical,PDF第108页 · porridge
cet-6,portfolio,portfolio,canonical,PDF第108页 · portfolio
cet-6,portray,portrait,derived,PDF第108页 · portray portrayal portrait
cet-6,portray,portray,canonical,PDF第108页 · portray portrayal portrait
cet-6,portray,portrayal,derived,PDF第108页 · portray portrayal portrait
cet-6,potent,potent,canonical,PDF第108页 · potent
cet-6,pottery,pottery,canonical,PDF第108页 · pottery
cet-6,poultry,poultry,canonical,PDF第108页 · poultry
cet-6,practitioner,practitioner,canonical,PDF第108页 · practitioner
cet-6,precede,precede,canonical,PDF第108页 · precede preceding precedent
cet-6,precede,precedent,derived,PDF第108页 · precede preceding precedent
cet-6,precede,preceding,derived,PDF第108页 · precede preceding precedent
cet-6,predator,predator,canonical,PDF第109页 · predator predatory
cet-6,predator,predatory,derived,PDF第109页 · predator predatory
cet-6,predecessor,predecessor,canonical,PDF第109页 · predecessor
cet-6,predominate,predominance,derived,PDF第109页 · predominate predominance predominant
cet-6,predominate,predominant,derived,PDF第109页 · predominate predominance predominant
cet-6,predominate,predominate,canonical,PDF第109页 · predominate predominance predominant
cet-6,premature,premature,canonical,PDF第109页 · premature
cet-6,premise,premise,canonical,PDF第109页 · premise
cet-6,premium,premium,canonical,PDF第109页 · premium
cet-6,preoccupy,preoccupied,derived,PDF第109页 · preoccupy preoccupied
cet-6,preoccupy,preoccupy,canonical,PDF第109页 · preoccupy preoccupied
cet-6,prerequisite,prerequisite,canonical,PDF第109页 · prerequisite
cet-6,preside,preside,canonical,PDF第109页 · preside
cet-6,prestige,prestige,canonical,PDF第109页 · prestige prestigious
cet-6,prestige,prestigious,derived,PDF第109页 · prestige prestigious
cet-6,presume,presumably,derived,PDF第109页 · presume presumption presumably
cet-6,presume,presume,canonical,PDF第109页 · presume presumption presumably
cet-6,presume,presumption,derived,PDF第109页 · presume presumption presumably
cet-6,pretext,pretext,canonical,PDF第109页 · pretext
cet-6,prey,prey,canonical,PDF第109页 · prey
cet-6,probe,probe,canonical,PDF第110页 · probe
cet-6,profile,profile,canonical,PDF第110页 · profile
cet-6,prolong,prolong,canonical,PDF第110页 · prolong
cet-6,prone,prone,canonical,PDF第110页 · prone
cet-6,proofread,proofread,canonical,PDF第110页 · proofread
cet-6,prop,prop,canonical,PDF第110页 · prop
cet-6,propaganda,propaganda,canonical,PDF第111页 · propaganda
cet-6,propagate,propagate,canonical,PDF第111页 · propagate propagation
cet-6,propagate,propagation,derived,PDF第111页 · propagate propagation
cet-6,propel,propel,canonical,PDF第111页 · propel propeller
cet-6,propel,propeller,derived,PDF第111页 · propel propeller
cet-6,prosecute,prosecute,canonical,PDF第111页 · prosecute prosecution
cet-6,prosecute,prosecution,derived,PDF第111页 · prosecute prosecution
cet-6,prosper,prosper,canonical,PDF第111页 · prosper prosperity prosperous
cet-6,prosper,prosperity,derived,PDF第111页 · prosper prosperity prosperous
cet-6,prosper,prosperous,derived,PDF第111页 · prosper prosperity prosperous
cet-6,protocol,protocol,canonical,PDF第111页 · protocol
cet-6,prototype,prototype,canonical,PDF第111页 · prototype
cet-6,proximate,proximate,canonical,PDF第111页 · proximate proximity
cet-6,proximate,proximity,derived,PDF第111页 · proximate proximity
cet-6,psychiatry,psychiatric,derived,PDF第111页 · psychiatry psychiatric psychiatrist
cet-6,psychiatry,psychiatrist,derived,PDF第111页 · psychiatry psychiatric psychiatrist
cet-6,psychiatry,psychiatry,canonical,PDF第111页 · psychiatry psychiatric psychiatrist
cet-6,pudding,pudding,canonical,PDF第111页 · pudding
cet-6,pumpkin,pumpkin,canonical,PDF第111页 · pumpkin
cet-6,pyramid,pyramid,canonical,PDF第112页 · pyramid
cet-6,quart,quart,canonical,PDF第112页 · quart
cet-6,query,query,canonical,PDF第112页 · query
cet-6,quest,quest,canonical,PDF第112页 · quest
cet-6,quiver,quiver,canonical,PDF第112页 · quiver
cet-6,radiate,radiant,derived,PDF第112页 · radiate radiation radiator radiant
cet-6,radiate,radiate,canonical,PDF第112页 · radiate radiation radiator radiant
cet-6,radiate,radiation,derived,PDF第112页 · radiate radiation radiator radiant
cet-6,radiate,radiator,derived,PDF第112页 · radiate radiation radiator radiant
cet-6,radioactive,radioactive,canonical,PDF第112页 · radioactive radioactivity
cet-6,radioactive,radioactivity,derived,PDF第112页 · radioactive radioactivity
cet-6,ranch,ranch,canonical,PDF第113页 · ranch
cet-6,random,random,canonical,PDF第113页 · random
cet-6,rap,rap,canonical,PDF第113页 · rap
cet-6,rape,rape,canonical,PDF第113页 · rape
cet-6,rash,rash,canonical,PDF第113页 · rash
cet-6,ratify,ratification,derived,PDF第113页 · ratify ratification
cet-6,ratify,ratify,canonical,PDF第113页 · ratify ratification
cet-6,ration,ration,canonical,PDF第113页 · ration
cet-6,rattle,rattle,canonical,PDF第113页 · rattle
cet-6,reassure,reassurance,derived,PDF第113页 · reassure reassurance
cet-6,reassure,reassure,canonical,PDF第113页 · reassure reassurance
cet-6,recede,recede,canonical,PDF第113页 · recede
cet-6,recipe,recipe,canonical,PDF第113页 · recipe
cet-6,reciprocal,reciprocal,canonical,PDF第114页 · reciprocal
cet-6,reckless,reckless,canonical,PDF第114页 · reckless
cet-6,reconcile,reconcile,canonical,PDF第114页 · reconcile reconciliation reconciliatory
cet-6,reconcile,reconciliation,derived,PDF第114页 · reconcile reconciliation reconciliatory
cet-6,reconcile,reconciliatory,derived,PDF第114页 · reconcile reconciliation reconciliatory
cet-6,rectify,rectification,derived,PDF第114页 · rectify rectification
cet-6,rectify,rectify,canonical,PDF第114页 · rectify rectification
cet-6,recur,recur,canonical,PDF第114页 · recur recurrence
cet-6,recur,recurrence,derived,PDF第114页 · recur recurrence
cet-6,redundant,redundancy,derived,PDF第114页 · redundant redundancy
cet-6,redundant,redundant,canonical,PDF第114页 · redundant redundancy
cet-6,reel,reel,canonical,PDF第114页 · reel
cet-6,referee,referee,canonical,PDF第114页 · referee
cet-6,referendum,referendum,canonical,PDF第114页 · referendum
cet-6,refuge,refuge,canonical,PDF第114页 · refuge refugee
cet-6,refuge,refugee,derived,PDF第114页 · refuge refugee
cet-6,refund,refund,canonical,PDF第114页 · refund
cet-6,refute,refutation,derived,PDF第114页 · refute refutation
cet-6,refute,refute,canonical,PDF第114页 · refute refutation
cet-6,regime,regime,canonical,PDF第114页 · regime
cet-6,regiment,regiment,canonical,PDF第114页 · regiment regimental
cet-6,regiment,regimental,derived,PDF第114页 · regiment regimental
cet-6,rehabilitate,rehabilitate,canonical,PDF第115页 · rehabilitate rehabilitation
cet-6,rehabilitate,rehabilitation,derived,PDF第115页 · rehabilitate rehabilitation
cet-6,rehearse,rehearsal,derived,PDF第115页 · rehearse rehearsal
cet-6,rehearse,rehearse,canonical,PDF第115页 · rehearse rehearsal
cet-6,reign,reign,canonical,PDF第115页 · reign
cet-6,rein,rein,canonical,PDF第115页 · rein
cet-6,rejoice,rejoice,canonical,PDF第115页 · rejoice rejoicing
cet-6,rejoice,rejoicing,derived,PDF第115页 · rejoice rejoicing
cet-6,relentless,relentless,canonical,PDF第115页 · relentless
cet-6,relic,relic,canonical,PDF第115页 · relic
cet-6,relish,relish,canonical,PDF第115页 · relish
cet-6,reminiscent,reminiscence,derived,PDF第115页 · reminiscent reminiscence
cet-6,reminiscent,reminiscent,canonical,PDF第115页 · reminiscent reminiscence
cet-6,remnant,remnant,canonical,PDF第115页 · remnant
cet-6,renaissance,renaissance,canonical,PDF第115页 · renaissance
cet-6,renown,renown,canonical,PDF第115页 · renown renowned
cet-6,renown,renowned,derived,PDF第115页 · renown renowned
cet-6,repel,repel,canonical,PDF第115页 · repel
cet-6,repertoire,repertoire,canonical,PDF第115页 · repertoire
cet-6,repress,repress,canonical,PDF第116页 · repress repression repressive
cet-6,repress,repression,derived,PDF第116页 · repress repression repressive
cet-6,repress,repressive,derived,PDF第116页 · repress repression repressive
cet-6,reproach,reproach,canonical,PDF第116页 · reproach
cet-6,repute,reputable,derived,PDF第116页 · repute reputable
cet-6,repute,repute,canonical,PDF第116页 · repute reputable
cet-6,reservoir,reservoir,canonical,PDF第116页 · reservoir
cet-6,reshuffle,reshuffle,canonical,PDF第116页 · reshuffle
cet-6,restless,restless,canonical,PDF第116页 · restless
cet-6,retaliate,retaliate,canonical,PDF第116页 · retaliate retaliation
cet-6,retaliate,retaliation,derived,PDF第116页 · retaliate retaliation
cet-6,retarded,retarded,canonical,PDF第116页 · retarded
cet-6,retort,retort,canonical,PDF第117页 · retort
cet-6,retrieve,retrieval,derived,PDF第117页 · retrieve retrieval
cet-6,retrieve,retrieve,canonical,PDF第117页 · retrieve retrieval
cet-6,retrospect,retrospect,canonical,PDF第117页 · retrospect retrospective
cet-6,retrospect,retrospective,derived,PDF第117页 · retrospect retrospective
cet-6,revenge,revenge,canonical,PDF第117页 · revenge revengeful
cet-6,revenge,revengeful,derived,PDF第117页 · revenge revengeful
cet-6,revive,revival,derived,PDF第117页 · revive revival
cet-6,revive,revive,canonical,PDF第117页 · revive revival
cet-6,revolt,revolt,canonical,PDF第117页 · revolt
cet-6,rhetoric,rhetoric,canonical,PDF第117页 · rhetoric rhetorical
cet-6,rhetoric,rhetorical,derived,PDF第117页 · rhetoric rhetorical
cet-6,ridge,ridge,canonical,PDF第117页 · ridge
cet-6,rig,rig,canonical,PDF第117页 · rig
cet-6,rigid,rigid,canonical,PDF第117页 · rigid rigidity
cet-6,rigid,rigidity,derived,PDF第117页 · rigid rigidity
cet-6,rigor,rigor,canonical,PDF第117页 · rigo(u)r rigorous
cet-6,rigor,rigorous,derived,PDF第117页 · rigo(u)r rigorous
cet-6,rigor,rigour,canonical_variant,PDF第117页 · rigo(u)r rigorous
cet-6,rim,rim,canonical,PDF第117页 · rim
cet-6,ritual,ritual,canonical,PDF第118页 · ritual
cet-6,robust,robust,canonical,PDF第118页 · robust
cet-6,rot,rot,canonical,PDF第118页 · rot rotten
cet-6,rotate,rotate,canonical,PDF第118页 · rotate rotation
cet-6,rotate,rotation,derived,PDF第118页 · rotate rotation
cet-6,rot,rotten,derived,PDF第118页 · rot rotten
cet-6,rust,rust,canonical,PDF第119页 · rust rusty
cet-6,rust,rusty,derived,PDF第119页 · rust rusty
cet-6,ruthless,ruthless,canonical,PDF第119页 · ruthless
cet-6,sacred,sacred,canonical,PDF第119页 · sacred
cet-6,saddle,saddle,canonical,PDF第119页 · saddle
cet-6,safeguard,safeguard,canonical,PDF第119页 · safeguard
cet-6,salmon,salmon,canonical,PDF第119页 · salmon
cet-6,salon,salon,canonical,PDF第119页 · salon
cet-6,salute,salutation,derived,PDF第119页 · salute salutation
cet-6,salute,salute,canonical,PDF第119页 · salute salutation
cet-6,salvage,salvage,canonical,PDF第119页 · salvage
cet-6,salvation,salvation,canonical,PDF第119页 · salvation
cet-6,sanction,sanction,canonical,PDF第119页 · sanction
cet-6,sanctuary,sanctuary,canonical,PDF第119页 · sanctuary
cet-6,sanitation,sanitary,derived,PDF第119页 · sanitation sanitary
cet-6,sanitation,sanitation,canonical,PDF第119页 · sanitation sanitary
cet-6,sarcasm,sarcasm,canonical,PDF第119页 · sarcasm sarcastic
cet-6,sarcasm,sarcastic,derived,PDF第119页 · sarcasm sarcastic
cet-6,satire,satire,canonical,PDF第119页 · satire satirical satirist
cet-6,satire,satirical,derived,PDF第119页 · satire satirical satirist
cet-6,satire,satirist,derived,PDF第119页 · satire satirical satirist
cet-6,saturate,saturate,canonical,PDF第119页 · saturate saturation
cet-6,saturate,saturation,derived,PDF第119页 · saturate saturation
cet-6,savage,savage,canonical,PDF第119页 · savage
cet-6,scenario,scenario,canonical,PDF第120页 · scenario
cet-6,skeptical,sceptic,derived_variant,PDF第124页 · skeptical/sceptical skeptic/sceptic skepticism/scepticism
cet-6,skeptical,sceptical,canonical_variant,PDF第124页 · skeptical/sceptical skeptic/sceptic skepticism/scepticism
cet-6,skeptical,scepticism,derived_variant,PDF第124页 · skeptical/sceptical skeptic/sceptic skepticism/scepticism
cet-6,scorn,scorn,canonical,PDF第120页 · scorn scornful
cet-6,scorn,scornful,derived,PDF第120页 · scorn scornful
cet-6,scramble,scramble,canonical,PDF第120页 · scramble
cet-6,scrap,scrap,canonical,PDF第120页 · scrap
cet-6,scrape,scrape,canonical,PDF第120页 · scrape
cet-6,scrub,scrub,canonical,PDF第120页 · scrub
cet-6,scrutiny,scrutinise,derived_variant,PDF第120页 · scrutiny scrutinize/Ｇise
cet-6,scrutiny,scrutinize,derived,PDF第120页 · scrutiny scrutinize/Ｇise
cet-6,scrutiny,scrutiny,canonical,PDF第120页 · scrutiny scrutinize/Ｇise
cet-6,sculpture,sculpture,canonical,PDF第120页 · sculpture
cet-6,secular,secular,canonical,PDF第121页 · secular
cet-6,seduce,seduce,canonical,PDF第121页 · seduce seduction seductive
cet-6,seduce,seduction,derived,PDF第121页 · seduce seduction seductive
cet-6,seduce,seductive,derived,PDF第121页 · seduce seduction seductive
cet-6,segregate,segregate,canonical,PDF第121页 · segregate segregation
cet-6,segregate,segregation,derived,PDF第121页 · segregate segregation
cet-6,sensation,sensation,canonical,PDF第121页 · sensation sensational
cet-6,sensation,sensational,derived,PDF第121页 · sensation sensational
cet-6,sentiment,sentiment,canonical,PDF第121页 · sentiment sentimental
cet-6,sentiment,sentimental,derived,PDF第121页 · sentiment sentimental
cet-6,sergeant,sergeant,canonical,PDF第121页 · sergeant
cet-6,serial,serial,canonical,PDF第121页 · serial
cet-6,shabby,shabby,canonical,PDF第122页 · shabby
cet-6,shaft,shaft,canonical,PDF第122页 · shaft
cet-6,shark,shark,canonical,PDF第122页 · shark
cet-6,shatter,shatter,canonical,PDF第122页 · shatter
cet-6,shepherd,shepherd,canonical,PDF第122页 · shepherd
cet-6,shield,shield,canonical,PDF第122页 · shield
cet-6,shipyard,shipyard,canonical,PDF第122页 · shipyard
cet-6,shorthand,shorthand,canonical,PDF第123页 · shorthand
cet-6,shove,shove,canonical,PDF第123页 · shove
cet-6,showcase,showcase,canonical,PDF第123页 · showcase
cet-6,shred,shred,canonical,PDF第123页 · shred
cet-6,shrewd,shrewd,canonical,PDF第123页 · shrewd
cet-6,shrub,shrub,canonical,PDF第123页 · shrub shrubbery
cet-6,shrub,shrubbery,derived,PDF第123页 · shrub shrubbery
cet-6,signify,signify,canonical,PDF第123页 · signify
cet-6,simulate,simulate,canonical,PDF第123页 · simulate simulation
cet-6,simulate,simulation,derived,PDF第123页 · simulate simulation
cet-6,simultaneous,simultaneous,canonical,PDF第123页 · simultaneous
cet-6,sinister,sinister,canonical,PDF第124页 · sinister
cet-6,skeptical,skeptic,derived,PDF第124页 · skeptical/sceptical skeptic/sceptic skepticism/scepticism
cet-6,skeptical,skeptical,canonical,PDF第124页 · skeptical/sceptical skeptic/sceptic skepticism/scepticism
cet-6,skeptical,skepticism,derived,PDF第124页 · skeptical/sceptical skeptic/sceptic skepticism/scepticism
cet-6,skim,skim,canonical,PDF第124页 · skim
cet-6,skull,skull,canonical,PDF第124页 · skull
cet-6,slack,slack,canonical,PDF第124页 · slack
cet-6,slam,slam,canonical,PDF第124页 · slam
cet-6,slash,slash,canonical,PDF第124页 · slash
cet-6,slaughter,slaughter,canonical,PDF第124页 · slaughter
cet-6,slot,slot,canonical,PDF第125页 · slot
cet-6,slum,slum,canonical,PDF第125页 · slum
cet-6,slump,slump,canonical,PDF第125页 · slump
cet-6,smuggle,smuggle,canonical,PDF第125页 · smuggle smuggling smuggler
cet-6,smuggle,smuggler,derived,PDF第125页 · smuggle smuggling smuggler
cet-6,smuggle,smuggling,derived,PDF第125页 · smuggle smuggling smuggler
cet-6,snail,snail,canonical,PDF第125页 · snail
cet-6,snap,snap,canonical,PDF第125页 · snap
cet-6,snatch,snatch,canonical,PDF第125页 · snatch
cet-6,sneak,sneak,canonical,PDF第125页 · sneak
cet-6,sniff,sniff,canonical,PDF第125页 · sniff
cet-6,snob,snob,canonical,PDF第125页 · snob snobbish
cet-6,snob,snobbish,derived,PDF第125页 · snob snobbish
cet-6,sob,sob,canonical,PDF第125页 · sob
cet-6,sober,sober,canonical,PDF第125页 · sober/Ｇre
cet-6,sober,sobre,canonical_variant,PDF第125页 · sober/Ｇre
cet-6,socket,socket,canonical,PDF第125页 · socket
cet-6,sodium,sodium,canonical,PDF第125页 · sodium
cet-6,solicit,solicit,canonical,PDF第126页 · solicit solicitor
cet-6,solicit,solicitor,derived,PDF第126页 · solicit solicitor
cet-6,solidarity,solidarity,canonical,PDF第126页 · solidarity
cet-6,solitary,solitary,canonical,PDF第126页 · solitary solitude
cet-6,solitary,solitude,derived,PDF第126页 · solitary solitude
cet-6,solo,solo,canonical,PDF第126页 · solo
cet-6,soothe,soothe,canonical,PDF第126页 · soothe
cet-6,sovereign,sovereign,canonical,PDF第126页 · sovereign sovereignty
cet-6,sovereign,sovereignty,derived,PDF第126页 · sovereign sovereignty
cet-6,spaghetti,spaghetti,canonical,PDF第127页 · spaghetti
cet-6,spear,spear,canonical,PDF第127页 · spear
cet-6,specialty,speciality,canonical_variant,PDF第127页 · specialty/speciality
cet-6,specialty,specialty,canonical,PDF第127页 · specialty/speciality
cet-6,spectacle,spectacle,canonical,PDF第127页 · spectacle spectacular
cet-6,spectacle,spectacular,derived,PDF第127页 · spectacle spectacular
cet-6,spectator,spectator,canonical,PDF第127页 · spectator
cet-6,spectrum,spectrum,canonical,PDF第127页 · spectrum
cet-6,spice,spice,canonical,PDF第127页 · spice spicy
cet-6,spice,spicy,derived,PDF第127页 · spice spicy
cet-6,spider,spider,canonical,PDF第127页 · spider
cet-6,spine,spinal,derived,PDF第127页 · spine spinal
cet-6,spine,spine,canonical,PDF第127页 · spine spinal
cet-6,spiral,spiral,canonical,PDF第127页 · spiral
cet-6,sponge,sponge,canonical,PDF第127页 · sponge spongy
cet-6,sponge,spongy,derived,PDF第127页 · sponge spongy
cet-6,spotlight,spotlight,canonical,PDF第128页 · spotlight
cet-6,sprawl,sprawl,canonical,PDF第128页 · sprawl
cet-6,sprinkle,sprinkle,canonical,PDF第128页 · sprinkle
cet-6,squad,squad,canonical,PDF第128页 · squad
cet-6,stab,stab,canonical,PDF第128页 · stab
cet-6,stagger,stagger,canonical,PDF第128页 · stagger
cet-6,stagnate,stagnant,derived,PDF第128页 · stagnate stagnation stagnant
cet-6,stagnate,stagnate,canonical,PDF第128页 · stagnate stagnation stagnant
cet-6,stagnate,stagnation,derived,PDF第128页 · stagnate stagnation stagnant
cet-6,stalk,stalk,canonical,PDF第128页 · stalk
cet-6,stall,stall,canonical,PDF第128页 · stall
cet-6,stammer,stammer,canonical,PDF第128页 · stammer
cet-6,stance,stance,canonical,PDF第128页 · stance
cet-6,standby,standby,canonical,PDF第128页 · standby
cet-6,staple,staple,canonical · 同形异义2,PDF第128页 · staple２
cet-6,stark,stark,canonical,PDF第129页 · stark
cet-6,static,static,canonical,PDF第129页 · static
cet-6,stationery,stationery,canonical,PDF第129页 · stationery
cet-6,statute,statute,canonical,PDF第129页 · statute statutory
cet-6,statute,statutory,derived,PDF第129页 · statute statutory
cet-6,stereotype,stereotype,canonical,PDF第129页 · stereotype
cet-6,stern,stern,canonical,PDF第129页 · stern
cet-6,steward,steward,canonical,PDF第129页 · steward(ess)
cet-6,steward,stewardess,canonical_variant,PDF第129页 · steward(ess)
cet-6,stifle,stifle,canonical,PDF第129页 · stifle
cet-6,stigma,stigma,canonical,PDF第129页 · stigma
cet-6,stipulate,stipulate,canonical,PDF第129页 · stipulate stipulation
cet-6,stipulate,stipulation,derived,PDF第129页 · stipulate stipulation
cet-6,stitch,stitch,canonical,PDF第129页 · stitch
cet-6,stoop,stoop,canonical,PDF第130页 · stoop
cet-6,stout,stout,canonical,PDF第130页 · stout
cet-6,strait,strait,canonical,PDF第130页 · strait
cet-6,strand,strand,canonical,PDF第130页 · strand
cet-6,strangle,strangle,canonical,PDF第130页 · strangle
cet-6,stray,stray,canonical,PDF第130页 · stray
cet-6,streak,streak,canonical,PDF第130页 · streak
cet-6,streamline,streamline,canonical,PDF第130页 · streamline
cet-6,stroll,stroll,canonical,PDF第130页 · stroll
cet-6,stubborn,stubborn,canonical,PDF第131页 · stubborn
cet-6,stumble,stumble,canonical,PDF第131页 · stumble
cet-6,stump,stump,canonical,PDF第131页 · stump
cet-6,stun,stun,canonical,PDF第131页 · stun stunning
cet-6,stun,stunning,derived,PDF第131页 · stun stunning
cet-6,sturdy,sturdy,canonical,PDF第131页 · sturdy
cet-6,submarine,submarine,canonical,PDF第131页 · submarine
cet-6,submerge,submerge,canonical,PDF第131页 · submerge
cet-6,subordinate,subordinate,canonical,PDF第131页 · subordinate subordination
cet-6,subordinate,subordination,derived,PDF第131页 · subordinate subordination
cet-6,subscribe,subscribe,canonical,PDF第131页 · subscribe subscription subscriber
cet-6,subscribe,subscriber,derived,PDF第131页 · subscribe subscription subscriber
cet-6,subscribe,subscription,derived,PDF第131页 · subscribe subscription subscriber
cet-6,subsidy,subsidise,derived_variant,PDF第131页 · subsidy subsidize/Ｇise
cet-6,subsidy,subsidize,derived,PDF第131页 · subsidy subsidize/Ｇise
cet-6,subsidy,subsidy,canonical,PDF第131页 · subsidy subsidize/Ｇise
cet-6,subsistence,subsistence,canonical,PDF第131页 · subsistence
cet-6,subtle,subtle,canonical,PDF第131页 · subtle subtlety
cet-6,subtle,subtlety,derived,PDF第131页 · subtle subtlety
cet-6,sue,sue,canonical,PDF第131页 · sue
cet-6,suffice,suffice,canonical,PDF第131页 · suffice
cet-6,suicide,suicidal,derived,PDF第131页 · suicide suicidal
cet-6,suicide,suicide,canonical,PDF第131页 · suicide suicidal
cet-6,suite,suite,canonical,PDF第132页 · suite
cet-6,sulfur,sulfur,canonical,PDF第132页 · sulfur/sulphur
cet-6,sulfur,sulphur,canonical_variant,PDF第132页 · sulfur/sulphur
cet-6,summon,summon,canonical,PDF第132页 · summon
cet-6,superintendent,superintendent,canonical,PDF第132页 · superintendent
cet-6,superstition,superstition,canonical,PDF第132页 · superstition superstitious
cet-6,superstition,superstitious,derived,PDF第132页 · superstition superstitious
cet-6,suppress,suppress,canonical,PDF第132页 · suppress suppression suppressive
cet-6,suppress,suppression,derived,PDF第132页 · suppress suppression suppressive
cet-6,suppress,suppressive,derived,PDF第132页 · suppress suppression suppressive
cet-6,surpass,surpass,canonical,PDF第132页 · surpass
cet-6,surveillance,surveillance,canonical,PDF第133页 · surveillance
cet-6,susceptible,susceptible,canonical,PDF第133页 · susceptible
cet-6,swamp,swamp,canonical,PDF第133页 · swamp
cet-6,swap,swap,canonical,PDF第133页 · swap
cet-6,symmetry,symmetric,derived,PDF第133页 · symmetry symmetric(al)
cet-6,symmetry,symmetrical,derived_variant,PDF第133页 · symmetry symmetric(al)
cet-6,symmetry,symmetry,canonical,PDF第133页 · symmetry symmetric(al)
cet-6,symphony,symphony,canonical,PDF第133页 · symphony
cet-6,symposium,symposium,canonical,PDF第133页 · symposium
cet-6,syndicate,syndicate,canonical,PDF第133页 · syndicate
cet-6,syndrome,syndrome,canonical,PDF第133页 · syndrome
cet-6,synonym,synonym,canonical,PDF第133页 · synonym
cet-6,synthesis,synthesis,canonical,PDF第133页 · synthesis synthetic synthesize/Ｇise
cet-6,synthesis,synthesise,derived_variant,PDF第133页 · synthesis synthetic synthesize/Ｇise
cet-6,synthesis,synthesize,derived,PDF第133页 · synthesis synthetic synthesize/Ｇise
cet-6,synthesis,synthetic,derived,PDF第133页 · synthesis synthetic synthesize/Ｇise
cet-6,taboo,taboo,canonical,PDF第133页 · taboo
cet-6,tack,tack,canonical,PDF第133页 · tack
cet-6,tact,tact,canonical,PDF第133页 · tact tactful
cet-6,tact,tactful,derived,PDF第133页 · tact tactful
cet-6,tactic,tactic,canonical,PDF第133页 · tactic
cet-6,tan,tan,canonical,PDF第134页 · tan
cet-6,tangle,tangle,canonical,PDF第134页 · tangle
cet-6,tanker,tanker,canonical,PDF第134页 · tanker
cet-6,tariff,tariff,canonical,PDF第134页 · tariff
cet-6,tease,tease,canonical,PDF第134页 · tease
cet-6,temperament,temperament,canonical,PDF第135页 · temperament
cet-6,tempo,tempo,canonical,PDF第135页 · tempo
cet-6,temporal,temporal,canonical,PDF第135页 · temporal
cet-6,tempt,tempt,canonical,PDF第135页 · tempt temptation
cet-6,tempt,temptation,derived,PDF第135页 · tempt temptation
cet-6,tenant,tenant,canonical,PDF第135页 · tenant
cet-6,tentative,tentative,canonical,PDF第135页 · tentative
cet-6,tenure,tenure,canonical,PDF第135页 · tenure
cet-6,terminate,terminate,canonical,PDF第135页 · terminate termination
cet-6,terminate,termination,derived,PDF第135页 · terminate termination
cet-6,terrace,terrace,canonical,PDF第135页 · terrace
cet-6,terrain,terrain,canonical,PDF第135页 · terrain
cet-6,tertiary,tertiary,canonical,PDF第135页 · tertiary
cet-6,testify,testify,canonical,PDF第135页 · testify
cet-6,testimony,testimony,canonical,PDF第135页 · testimony
cet-6,texture,texture,canonical,PDF第135页 · texture
cet-6,thermal,thermal,canonical,PDF第136页 · thermal
cet-6,thigh,thigh,canonical,PDF第136页 · thigh
cet-6,thorn,thorn,canonical,PDF第136页 · thorn thorny
cet-6,thorn,thorny,derived,PDF第136页 · thorn thorny
cet-6,threshold,threshold,canonical,PDF第136页 · threshold
cet-6,thrift,thrift,canonical,PDF第136页 · thrift thrifty
cet-6,thrift,thrifty,derived,PDF第136页 · thrift thrifty
cet-6,thrill,thrill,canonical,PDF第136页 · thrill thriller
cet-6,thrill,thriller,derived,PDF第136页 · thrill thriller
cet-6,throne,throne,canonical,PDF第136页 · throne
cet-6,tickle,tickle,canonical,PDF第137页 · tickle
cet-6,tile,tile,canonical,PDF第137页 · tile
cet-6,tilt,tilt,canonical,PDF第137页 · tilt
cet-6,timid,timid,canonical,PDF第137页 · timid
cet-6,toil,toil,canonical,PDF第137页 · toil
cet-6,topple,topple,canonical,PDF第138页 · topple
cet-6,tornado,tornado,canonical,PDF第138页 · tornado
cet-6,tournament,tournament,canonical,PDF第138页 · tournament
cet-6,tow,tow,canonical,PDF第138页 · tow
cet-6,toxic,toxic,canonical,PDF第138页 · toxic
cet-6,tract,tract,canonical,PDF第138页 · tract
cet-6,trait,trait,canonical,PDF第138页 · trait
cet-6,tranquil,tranquil,canonical,PDF第138页 · tranquil tranquility
cet-6,tranquil,tranquility,derived,PDF第138页 · tranquil tranquility
cet-6,transcend,transcend,canonical,PDF第138页 · transcend
cet-6,transient,transient,canonical,PDF第139页 · transient
cet-6,transistor,transistor,canonical,PDF第139页 · transistor
cet-6,transition,transition,canonical,PDF第139页 · transition transitional
cet-6,transition,transitional,derived,PDF第139页 · transition transitional
cet-6,trauma,trauma,canonical,PDF第139页 · trauma traumatic
cet-6,trauma,traumatic,derived,PDF第139页 · trauma traumatic
cet-6,tread,tread,canonical,PDF第139页 · tread
cet-6,treasury,treasurer,derived,PDF第139页 · treasury treasurer
cet-6,treasury,treasury,canonical,PDF第139页 · treasury treasurer
cet-6,trek,trek,canonical,PDF第139页 · trek
cet-6,trench,trench,canonical,PDF第139页 · trench
cet-6,tribe,tribal,derived,PDF第139页 · tribe tribal
cet-6,tribe,tribe,canonical,PDF第139页 · tribe tribal
cet-6,tribune,tribune,canonical,PDF第139页 · tribune
cet-6,tribute,tribute,canonical,PDF第139页 · tribute
cet-6,trickle,trickle,canonical,PDF第139页 · trickle
cet-6,trillion,trillion,canonical,PDF第139页 · trillion
cet-6,trim,trim,canonical,PDF第139页 · trim
cet-6,trivial,trivial,canonical,PDF第139页 · trivial
cet-6,trophy,trophy,canonical,PDF第140页 · trophy
cet-6,tropic,tropic,canonical,PDF第140页 · tropic tropical
cet-6,tropic,tropical,derived,PDF第140页 · tropic tropical
cet-6,trumpet,trumpet,canonical,PDF第140页 · trumpet
cet-6,tub,tub,canonical,PDF第140页 · tub
cet-6,tuck,tuck,canonical,PDF第140页 · tuck
cet-6,tug,tug,canonical,PDF第140页 · tug
cet-6,tumble,tumble,canonical,PDF第140页 · tumble
cet-6,turbulent,turbulence,derived,PDF第140页 · turbulent turbulence
cet-6,turbulent,turbulent,canonical,PDF第140页 · turbulent turbulence
cet-6,turmoil,turmoil,canonical,PDF第140页 · turmoil
cet-6,turnout,turnout,canonical,PDF第140页 · turnout
cet-6,turnover,turnover,canonical,PDF第140页 · turnover
cet-6,turtle,turtle,canonical,PDF第140页 · turtle
cet-6,ultra,ultra,canonical,PDF第141页 · ultra
cet-6,unanimous,unanimous,canonical,PDF第141页 · unanimous
cet-6,underlie,underlie,canonical,PDF第141页 · underlie underlying
cet-6,underlie,underlying,derived,PDF第141页 · underlie underlying
cet-6,unfold,unfold,canonical,PDF第141页 · unfold
cet-6,unify,unification,derived,PDF第141页 · unify unification
cet-6,unify,unify,canonical,PDF第141页 · unify unification
cet-6,unilateral,unilateral,canonical,PDF第141页 · unilateral
cet-6,unleash,unleash,canonical,PDF第141页 · unleash
cet-6,unprecedented,unprecedented,canonical,PDF第141页 · unprecedented
cet-6,unveil,unveil,canonical,PDF第141页 · unveil
cet-6,uphold,uphold,canonical,PDF第141页 · uphold
cet-6,uprising,uprising,canonical,PDF第142页 · uprising
cet-6,uranium,uranium,canonical,PDF第142页 · uranium
cet-6,urine,urinate,derived,PDF第142页 · urine urinate
cet-6,urine,urine,canonical,PDF第142页 · urine urinate
cet-6,vaccine,vaccinate,derived,PDF第142页 · vaccine vaccinate vaccination
cet-6,vaccine,vaccination,derived,PDF第142页 · vaccine vaccinate vaccination
cet-6,vaccine,vaccine,canonical,PDF第142页 · vaccine vaccinate vaccination
cet-6,valve,valve,canonical,PDF第142页 · valve
cet-6,vegetation,vegetation,canonical,PDF第142页 · vegetation
cet-6,vein,vein,canonical,PDF第143页 · vein
cet-6,velocity,velocity,canonical,PDF第143页 · velocity
cet-6,velvet,velvet,canonical,PDF第143页 · velvet
cet-6,vent,vent,canonical,PDF第143页 · vent
cet-6,ventilate,ventilate,canonical,PDF第143页 · ventilate ventilation
cet-6,ventilate,ventilation,derived,PDF第143页 · ventilate ventilation
cet-6,venue,venue,canonical,PDF第143页 · venue
cet-6,verdict,verdict,canonical,PDF第143页 · verdict
cet-6,verge,verge,canonical,PDF第143页 · verge
cet-6,versatile,versatile,canonical,PDF第143页 · versatile
cet-6,verse,verse,canonical,PDF第143页 · verse
cet-6,vest,vest,canonical,PDF第143页 · vest
cet-6,viable,viable,canonical,PDF第143页 · viable
cet-6,vibrate,vibrate,canonical,PDF第143页 · vibrate vibration
cet-6,vibrate,vibration,derived,PDF第143页 · vibrate vibration
cet-6,vice,vice,canonical,PDF第143页 · vice
cet-6,vicinity,vicinity,canonical,PDF第143页 · vicinity
cet-6,vicious,vicious,canonical,PDF第143页 · vicious
cet-6,virgin,virgin,canonical,PDF第143页 · virgin virginity
cet-6,virgin,virginity,derived,PDF第143页 · virgin virginity
cet-6,vocal,vocal,canonical,PDF第144页 · vocal
cet-6,vogue,vogue,canonical,PDF第144页 · vogue
cet-6,void,void,canonical,PDF第144页 · void
cet-6,volatile,volatile,canonical,PDF第144页 · volatile volatility
cet-6,volatile,volatility,derived,PDF第144页 · volatile volatility
cet-6,voucher,voucher,canonical,PDF第144页 · voucher
cet-6,vow,vow,canonical,PDF第144页 · vow
cet-6,vulgar,vulgar,canonical,PDF第144页 · vulgar
cet-6,waive,waive,canonical,PDF第144页 · waive waiver
cet-6,waive,waiver,derived,PDF第144页 · waive waiver
cet-6,wardrobe,wardrobe,canonical,PDF第145页 · wardrobe
cet-6,warrant,warrant,canonical,PDF第145页 · warrant
cet-6,warranty,warranty,canonical,PDF第145页 · warranty
cet-6,watt,watt,canonical,PDF第145页 · watt
cet-6,weary,weariness,derived,PDF第145页 · weary weariness
cet-6,weary,weary,canonical,PDF第145页 · weary weariness
cet-6,wedge,wedge,canonical,PDF第145页 · wedge
cet-6,wharf,wharf,canonical,PDF第146页 · wharf
cet-6,whereabouts,whereabouts,canonical,PDF第146页 · whereabouts
cet-6,whereby,whereby,canonical,PDF第146页 · whereby
cet-6,whirl,whirl,canonical,PDF第146页 · whirl
cet-6,wholesale,wholesale,canonical,PDF第146页 · wholesale
cet-6,wholesome,wholesome,canonical,PDF第146页 · wholesome
cet-6,wicked,wicked,canonical,PDF第146页 · wicked
cet-6,wield,wield,canonical,PDF第146页 · wield
cet-6,wink,wink,canonical,PDF第147页 · wink
cet-6,witch,witch,canonical,PDF第147页 · witch
cet-6,wither,wither,canonical,PDF第147页 · wither
cet-6,withhold,withhold,canonical,PDF第147页 · withhold
cet-6,wrench,wrench,canonical,PDF第148页 · wrench
cet-6,wrestle,wrestle,canonical,PDF第148页 · wrestle wrestling
cet-6,wrestle,wrestling,derived,PDF第148页 · wrestle wrestling
cet-6,wretched,wretched,canonical,PDF第148页 · wretched
cet-6,yacht,yacht,canonical,PDF第148页 · yacht
cet-6,yawn,yawn,canonical,PDF第148页 · yawn
cet-6,yearn,yearn,canonical,PDF第148页 · yearn yearning
cet-6,yearn,yearning,derived,PDF第148页 · yearn yearning
cet-6,zeal,zeal,canonical,PDF第148页 · zeal zealous
cet-6,zeal,zealous,derived,PDF第148页 · zeal zealous
cet-6,zigzag,zigzag,canonical,PDF第148页 · zigzag
cet-6,zip,zip,canonical,PDF第148页 · zip zipper
cet-6,zip,zipper,derived,PDF第148页 · zip zipper
cet-6,zoom,zoom,canonical,PDF第149页 · zoom
